{
	"credit": "Made with Blockbench",
	"textures": {
		"2": "block/bus_autonomous/cyan_concrete",
		"4": "block/bus_autonomous/display_interior/next_m5u12",
		"17": "block/bus_autonomous/gray_concrete",
		"23": "block/bus_autonomous/display_interior/pancard_m5u12",
		"particle": "block/bus_autonomous/coal_block"
	},
	"elements": [
		{
			"from": [6, 14, 10.5],
			"to": [10, 17, 10.75],
			"rotation": {"angle": 0, "axis": "y", "origin": [4.75, -0.25, 14.75]},
			"faces": {
				"north": {"uv": [0, 0, 9.5, 0.75], "texture": "#17"},
				"east": {"uv": [0, 0, 16, 0.75], "texture": "#17"},
				"south": {"uv": [0, 0, 16, 16], "texture": "#4"},
				"west": {"uv": [0, 0, 16, 0.75], "texture": "#17"},
				"up": {"uv": [0, 0, 9.5, 16], "texture": "#17"},
				"down": {"uv": [0, 0, 9.5, 16], "texture": "#17"}
			}
		},
		{
			"from": [6, 11.25, -4.5],
			"to": [10, 14.25, -4.25],
			"rotation": {"angle": 0, "axis": "y", "origin": [4.75, -3, -0.25]},
			"faces": {
				"north": {"uv": [0, 0, 9.5, 0.75], "texture": "#17"},
				"east": {"uv": [0, 0, 16, 0.75], "texture": "#17"},
				"south": {"uv": [0, 0, 16, 16], "texture": "#4"},
				"west": {"uv": [0, 0, 16, 0.75], "texture": "#17"},
				"up": {"uv": [0, 0, 9.5, 16], "texture": "#17"},
				"down": {"uv": [0, 0, 9.5, 16], "texture": "#17"}
			}
		},
		{
			"from": [4.75, 9.5, 2.51],
			"to": [6.5, 10.75, 3.01],
			"rotation": {"angle": 0, "axis": "y", "origin": [11.25, 2.25, -2]},
			"faces": {
				"north": {"uv": [9.5, 0, 0, 0.75], "texture": "#2"},
				"east": {"uv": [16, 0, 0, 0.75], "texture": "#2"},
				"south": {"uv": [0, 0, 16, 16], "texture": "#23"},
				"west": {"uv": [16, 0, 0, 0.75], "texture": "#2"},
				"up": {"uv": [9.5, 0, 0, 16], "texture": "#2"},
				"down": {"uv": [9.5, 0, 0, 16], "texture": "#2"}
			}
		}
	],
	"display": {
		"head": {
			"scale": [4, 4, 4]
		}
	}
}