{
	"credit": "Made with Blockbench",
	"textures": {
		"2": "block/bus_autonomous/cyan_concrete",
		"4": "block/bus_autonomous/display_interior/next_m5u2",
		"17": "block/bus_autonomous/gray_concrete",
		"23": "block/bus_autonomous/display_interior/pancard_m5u2",
		"particle": "block/bus_autonomous/coal_block"
	},
	"elements": [
		{
			"from": [4.5, 11.1, -11.05],
			"to": [4.75, 14.1, -7.05],
			"rotation": {"angle": -22.5, "axis": "y", "origin": [-7.25, -8.15, -8.8]},
			"faces": {
				"north": {"uv": [0, 0, 16, 0.75], "texture": "#17"},
				"east": {"uv": [0, 0, 16, 16], "texture": "#4"},
				"south": {"uv": [0, 0, 16, 0.75], "texture": "#17"},
				"west": {"uv": [0, 0, 9.5, 0.75], "texture": "#17"},
				"up": {"uv": [0, 0, 9.5, 16], "rotation": 270, "texture": "#17"},
				"down": {"uv": [0, 0, 9.5, 16], "rotation": 90, "texture": "#17"}
			}
		},
		{
			"from": [2.6, 11, 2.25],
			"to": [6.6, 14, 2.5],
			"rotation": {"angle": 0, "axis": "y", "origin": [1.35, -3.25, 6.5]},
			"faces": {
				"north": {"uv": [0, 0, 9.5, 0.75], "texture": "#17"},
				"east": {"uv": [0, 0, 16, 0.75], "texture": "#17"},
				"south": {"uv": [0, 0, 16, 16], "texture": "#4"},
				"west": {"uv": [0, 0, 16, 0.75], "texture": "#17"},
				"up": {"uv": [0, 0, 9.5, 16], "texture": "#17"},
				"down": {"uv": [0, 0, 9.5, 16], "texture": "#17"}
			}
		},
		{
			"from": [4.75, 9.1, 2.51],
			"to": [6.5, 10.35, 3.01],
			"rotation": {"angle": 0, "axis": "y", "origin": [11.25, 1.85, -2]},
			"faces": {
				"north": {"uv": [9.5, 0, 0, 0.75], "texture": "#2"},
				"east": {"uv": [16, 0, 0, 0.75], "texture": "#2"},
				"south": {"uv": [0, 0, 16, 16], "texture": "#23"},
				"west": {"uv": [16, 0, 0, 0.75], "texture": "#2"},
				"up": {"uv": [9.5, 0, 0, 16], "texture": "#2"},
				"down": {"uv": [9.5, 0, 0, 16], "texture": "#2"}
			}
		}
	],
	"display": {
		"head": {
			"scale": [4, 4, 4]
		}
	}
}