{
  "parent": "item/generated",
  "textures": {
    "layer0": "item/firework_star",
    "layer1": "item/firework_star_overlay"
  },
  "overrides": [
    {
      "predicate": {
        "custom_model_data": 10000
      },
      "model": "tce:vehicles/tmc-pickup_4door"
    },
	{
      "predicate": {
        "custom_model_data": 10001
      },
      "model": "tce:vehicles/tmc-clarion"
    },
	{
      "predicate": {
        "custom_model_data": 10002
      },
      "model": "tce:vehicles/tmc-pickup"
    },
	{
      "predicate": {
        "custom_model_data": 10003
      },
      "model": "tce:vehicles/tmc-transbox"
    },
	{
      "predicate": {
        "custom_model_data": 10004
      },
      "model": "tce:vehicles/chestler-lr"
    },


    {
      "predicate": {
        "custom_model_data": 15000
      },
      "model": "item/busmodel/noodle/noodle"
    },
    {
      "predicate": {
        "custom_model_data": 20000
      },
      "model": "tce:wheels/wheel_1"
    },
    {
      "predicate": {
        "custom_model_data": 20001
      },
      "model": "tce:wheels/wheel_2"
    }
  ]
}