{
	"parent": "item/handheld",
	"textures": {
		"layer0": "item/golden_hoe"
	},
	"overrides": [
		{ "predicate": { "damage": 0 }, "model": "item/golden_hoe" },
		{ "predicate": { "damaged": 0, "damage": 0.03125 }, "model": "item/trainmodel/entetsu/pan_contact" },
		{ "predicate": { "damaged": 0, "damage": 0.0625 }, "model": "item/trainmodel/entetsu/pan_arm" },
		{ "predicate": { "damaged": 0, "damage": 0.09375 }, "model": "item/trainmodel/misc/pantograph" },
		{ "predicate": { "damaged": 0, "damage": 0.125 }, "model": "item/trainmodel/misc/bogie" },
		{ "predicate": { "damaged": 0, "damage": 0.15625 }, "model": "item/trainmodel/entetsu/pan_base" },
		{ "predicate": { "damaged": 0, "damage": 0.1875 }, "model": "item/rollsignmodel/500_metrocoderollsign" },
		{ "predicate": { "damaged": 0, "damage": 0.21875 }, "model": "item/rollsignmodel/500_metrolinerollsign" },
		{ "predicate": { "damaged": 0, "damage": 0.25 }, "model": "block/lift_rail" },
		{ "predicate": { "damaged": 0, "damage": 0.28125 }, "model": "item/golden_hoe" },
		{ "predicate": { "damaged": 0, "damage": 0.3125 }, "model": "item/trainmodel/misc/lipan_typelfbogie" },
		{ "predicate": { "damaged": 0, "damage": 0.34375 }, "model": "item/trainmodel/misc/co_bogie" },
		{ "predicate": { "damaged": 0, "damage": 0.375 }, "model": "item/trainmodel/misc/ycm_bogie" },
		{ "predicate": { "damaged": 0, "damage": 0.40625 }, "model": "item/busmodel/ycm_door" },
		{ "predicate": { "damaged": 0, "damage": 0.4375 }, "model": "item/busmodel/ycm_b100_front" },
		{ "predicate": { "damaged": 0, "damage": 0.46875 }, "model": "item/trainmodel/misc/ycm_door" },
		{ "predicate": { "damaged": 0, "damage": 0.5 }, "model": "item/trainmodel/misc/lhsp_heads" },
		{ "predicate": { "damaged": 0, "damage": 0.53125 }, "model": "item/trainmodel/misc/lhsp_lowerarm" },
		{ "predicate": { "damaged": 0, "damage": 0.5625 }, "model": "item/trainmodel/misc/lhsp_upperarm" },
		{ "predicate": { "damaged": 0, "damage": 0.59375 }, "model": "item/trainmodel/misc/lhsp_base" },
		{ "predicate": { "damaged": 0, "damage": 0.625 }, "model": "item/golden_hoe" },
		{ "predicate": { "damaged": 0, "damage": 0.65625 }, "model": "item/golden_hoe" },
		{ "predicate": { "damaged": 0, "damage": 0.6875 }, "model": "item/golden_hoe" },
		{ "predicate": { "damaged": 0, "damage": 0.71875 }, "model": "item/golden_hoe" },
		{ "predicate": { "damaged": 0, "damage": 0.75 }, "model": "item/golden_hoe" },
		{ "predicate": { "damaged": 0, "damage": 0.78125 }, "model": "item/golden_hoe" },
		{ "predicate": { "damaged": 0, "damage": 0.8125 }, "model": "item/golden_hoe" },
		{ "predicate": { "damaged": 0, "damage": 0.84375 }, "model": "item/golden_hoe" },
		{ "predicate": { "damaged": 0, "damage": 0.875 }, "model": "item/golden_hoe" },
		{ "predicate": { "damaged": 0, "damage": 0.90625 }, "model": "item/golden_hoe" },
		{ "predicate": { "damaged": 0, "damage": 0.9375 }, "model": "item/golden_hoe" },
		{ "predicate": { "damaged": 0, "damage": 0.96875 }, "model": "item/golden_hoe" },
		{ "predicate": { "damaged": 1 }, "model": "item/golden_hoe" }
	]
}
