{
	"credit": "Made with Blockbench",
	"textures": {
		"0": "block/bus_autonomous/gray_concrete",
		"3": "block/bus_autonomous/coal_block",
		"5": "block/bus_autonomous/quartz_block_bottom",
		"11": "block/bus_autonomous/glass",
		"12": "block/bus_autonomous/black_concrete",
		"particle": "block/bus_autonomous/gray_concrete"
	},
	"elements": [
		{
			"from": [15.1, 2, -13.5],
			"to": [15.9, 7.25, -9.5],
			"rotation": {"angle": 0, "axis": "y", "origin": [16, 0, -11]},
			"faces": {
				"north": {"uv": [14, 0, 0, 1], "texture": "#12"},
				"east": {"uv": [16, 0, 0, 1], "texture": "#12"},
				"south": {"uv": [14, 0, 0, 1], "texture": "#12"},
				"west": {"uv": [16, 0, 0, 1], "texture": "#5"},
				"up": {"uv": [16, 0, 0, 16], "texture": "#3"},
				"down": {"uv": [14, 0, 0, 16], "texture": "#12"}
			}
		},
		{
			"from": [15, 5.5, -11.25],
			"to": [15.95, 5.75, -10.25],
			"rotation": {"angle": 0, "axis": "y", "origin": [13.95, 1.5, -15.5]},
			"faces": {
				"north": {"uv": [0, 0, 0.95, 0.25], "texture": "#0"},
				"east": {"uv": [0, 0, 1, 0.25], "texture": "#0"},
				"south": {"uv": [0, 0, 0.95, 0.25], "texture": "#0"},
				"west": {"uv": [0, 0, 1, 0.25], "texture": "#0"},
				"up": {"uv": [0, 0, 0.95, 1], "texture": "#0"},
				"down": {"uv": [0, 0, 0.95, 1], "texture": "#0"}
			}
		},
		{
			"from": [15.1, 7.25, -13.5],
			"to": [15.9, 17, -9.5],
			"rotation": {"angle": 0, "axis": "y", "origin": [16, 0, -11]},
			"faces": {
				"north": {"uv": [14, 0, 0, 1], "texture": "#12"},
				"east": {"uv": [16, 0, 0, 16], "texture": "#11"},
				"south": {"uv": [14, 0, 0, 1], "texture": "#12"},
				"west": {"uv": [16, 0, 0, 16], "texture": "#11"},
				"up": {"uv": [16, 0, 0, 16], "texture": "#12"},
				"down": {"uv": [14, 0, 0, 16], "texture": "#11"}
			}
		}
	],
	"display": {
		"head": {
			"scale": [4, 4, 4]
		}
	}
}