{
	"credit": "Made with Blockbench",
	"textures": {
		"0": "block/bus_autonomous/gray_concrete",
		"12": "block/bus_autonomous/black_concrete",
		"13": "block/bus_autonomous/cyan_concrete",
		"20": "block/bus_autonomous/display_exterior/nm46_twyf",
		"21": "block/bus_autonomous/display_interior/m46_in",
		"particle": "block/bus_autonomous/gray_concrete"
	},
	"elements": [
		{
			"from": [-0.01, 17, -8.3],
			"to": [0.29, 19, 1.2],
			"rotation": {"angle": 0, "axis": "y", "origin": [7.75, 14.75, 4.45]},
			"faces": {
				"north": {"uv": [0, 0, 16, 0.75], "texture": "#12"},
				"east": {"uv": [0, 0, 9.5, 0.75], "texture": "#12"},
				"south": {"uv": [0, 0, 16, 0.75], "texture": "#12"},
				"west": {"uv": [0, 0, 16, 16], "texture": "#20"},
				"up": {"uv": [0, 0, 9.5, 16], "rotation": 270, "texture": "#12"},
				"down": {"uv": [0, 0, 9.5, 16], "rotation": 90, "texture": "#12"}
			}
		},
		{
			"from": [3.25, 15, -15.06],
			"to": [12.75, 17, -14.76],
			"rotation": {"angle": 0, "axis": "y", "origin": [0, 12.75, -7.3]},
			"faces": {
				"north": {"uv": [0, 0, 16, 16], "texture": "#20"},
				"east": {"uv": [0, 0, 16, 0.75], "texture": "#12"},
				"south": {"uv": [0, 0, 9.5, 0.75], "texture": "#12"},
				"west": {"uv": [0, 0, 16, 0.75], "texture": "#12"},
				"up": {"uv": [0, 0, 9.5, 16], "texture": "#12"},
				"down": {"uv": [0, 0, 9.5, 16], "texture": "#12"}
			}
		},
		{
			"from": [15.71, 17, -8.3],
			"to": [16.01, 19, 1.2],
			"rotation": {"angle": 0, "axis": "y", "origin": [8.25, 14.75, 4.45]},
			"faces": {
				"north": {"uv": [16, 0, 0, 0.75], "texture": "#12"},
				"east": {"uv": [0, 0, 16, 16], "texture": "#20"},
				"south": {"uv": [16, 0, 0, 0.75], "texture": "#12"},
				"west": {"uv": [9.5, 0, 0, 0.75], "texture": "#12"},
				"up": {"uv": [0, 16, 9.5, 0], "rotation": 270, "texture": "#12"},
				"down": {"uv": [0, 16, 9.5, 0], "rotation": 90, "texture": "#12"}
			}
		},
		{
			"from": [3.25, 17, 30.76],
			"to": [12.75, 19, 31.06],
			"rotation": {"angle": 0, "axis": "y", "origin": [0, 14.75, 23.3]},
			"faces": {
				"north": {"uv": [9.5, 0, 0, 0.75], "texture": "#12"},
				"east": {"uv": [16, 0, 0, 0.75], "texture": "#12"},
				"south": {"uv": [0, 0, 16, 16], "texture": "#20"},
				"west": {"uv": [16, 0, 0, 0.75], "texture": "#12"},
				"up": {"uv": [0, 16, 9.5, 0], "texture": "#12"},
				"down": {"uv": [0, 16, 9.5, 0], "texture": "#12"}
			}
		},
		{
			"from": [1.6, 10.85, 4.85],
			"to": [5.4, 13.2, 4.95],
			"rotation": {"angle": 0, "axis": "y", "origin": [-3.45, 1.75, -24.15]},
			"faces": {
				"north": {"uv": [0, 0, 14, 1], "texture": "#0"},
				"east": {"uv": [0, 0, 16, 1], "texture": "#13"},
				"south": {"uv": [0, 0, 16, 16], "texture": "#21"},
				"west": {"uv": [0, 0, 16, 1], "texture": "#13"},
				"up": {"uv": [0, 0, 16, 16], "texture": "#13"},
				"down": {"uv": [0, 0, 14, 16], "texture": "#13"}
			}
		},
		{
			"from": [10.45, 10.4, -6.9],
			"to": [14.25, 12.75, -6.8],
			"rotation": {"angle": 0, "axis": "y", "origin": [5.4, 1.3, -35.9]},
			"faces": {
				"north": {"uv": [0, 0, 14, 1], "texture": "#0"},
				"east": {"uv": [0, 0, 16, 1], "texture": "#13"},
				"south": {"uv": [0, 0, 16, 16], "texture": "#21"},
				"west": {"uv": [0, 0, 16, 1], "texture": "#13"},
				"up": {"uv": [0, 0, 16, 16], "texture": "#13"},
				"down": {"uv": [0, 0, 14, 16], "texture": "#13"}
			}
		}
	],
	"display": {
		"head": {
			"scale": [4, 4, 4]
		}
	}
}