{
	"credit": "Made with Blockbench",
	"textures": {
		"19": "block/ktb/konno_blue",
		"23": "block/black_wool",
		"30": "block/bus_autonomous/display_exterior/47_twyf",
		"31": "block/bus_autonomous/display_exterior/47_twyf_side",
		"particle": "block/black_concrete"
	},
	"elements": [
		{
			"from": [1.5, 15.75, -15.4],
			"to": [14.5, 18, -15.15],
			"faces": {
				"north": {"uv": [0, 0, 16, 16], "texture": "#30"},
				"east": {"uv": [0, 0, 16, 0.75], "texture": "#19"},
				"south": {"uv": [0, 0, 16, 16], "texture": "#23"},
				"west": {"uv": [0, 0, 16, 0.75], "texture": "#19"},
				"up": {"uv": [0, 0, 9.5, 16], "texture": "#19"},
				"down": {"uv": [0, 0, 9.5, 16], "texture": "#19"}
			}
		},
		{
			"from": [1, 15.5, -6.15],
			"to": [1.75, 17.75, 3.35],
			"faces": {
				"north": {"uv": [0, 0, 16, 16], "texture": "#23"},
				"east": {"uv": [0, 0, 16, 16], "texture": "#23"},
				"south": {"uv": [0, 0, 16, 16], "texture": "#23"},
				"west": {"uv": [0, 0, 16, 16], "texture": "#31"},
				"up": {"uv": [0, 0, 9.5, 16], "texture": "#23"},
				"down": {"uv": [0, 0, 9.5, 16], "texture": "#23"}
			}
		},
		{
			"from": [1.5, 15.75, 31.1],
			"to": [14.5, 18, 31.35],
			"faces": {
				"north": {"uv": [0, 0, 9.5, 0.75], "texture": "#19"},
				"east": {"uv": [0, 0, 16, 0.75], "texture": "#19"},
				"south": {"uv": [0, 0, 16, 16], "texture": "#30"},
				"west": {"uv": [0, 0, 16, 0.75], "texture": "#19"},
				"up": {"uv": [0, 0, 9.5, 16], "texture": "#19"},
				"down": {"uv": [0, 0, 9.5, 16], "texture": "#19"}
			}
		}
	],
	"display": {
		"head": {
			"scale": [4, 4, 4]
		}
	}
}