{
	"format_version": "1.21.6",
	"credit": "Made with Blockbench",
	"textures": {
		"3": "block/bus_autonomous/coal_block",
		"4": "block/bus_autonomous/light_gray_concrete",
		"5": "block/bus_autonomous/quartz_block_bottom",
		"10": "block/bus_autonomous/black_wool",
		"11": "block/bus_autonomous/glass",
		"12": "block/bus_autonomous/black_concrete",
		"particle": "block/bus_autonomous/gray_concrete"
	},
	"elements": [
		{
			"from": [0.1, 2, 9],
			"to": [0.9, 17, 9.05],
			"rotation": {"angle": 0, "axis": "y", "origin": [0, 6.25, -3.45]},
			"faces": {
				"north": {"uv": [0, 0, 14, 1], "texture": "#10"},
				"east": {"uv": [0, 0, 16, 1], "texture": "#10"},
				"south": {"uv": [0, 0, 14, 1], "texture": "#10"},
				"west": {"uv": [0, 0, 16, 1], "texture": "#10"},
				"up": {"uv": [0, 0, 16, 16], "texture": "#10"},
				"down": {"uv": [0, 0, 14, 16], "texture": "#10"}
			}
		},
		{
			"from": [0.1, 2, 9.05],
			"to": [0.9, 3.5, 13],
			"rotation": {"angle": 0, "axis": "y", "origin": [0, 0, 4]},
			"faces": {
				"north": {"uv": [0, 0, 14, 1], "texture": "#12"},
				"east": {"uv": [0, 0, 16, 1], "texture": "#5"},
				"south": {"uv": [0, 0, 14, 1], "texture": "#12"},
				"west": {"uv": [0, 0, 16, 1], "texture": "#12"},
				"up": {"uv": [0, 0, 16, 16], "texture": "#3"},
				"down": {"uv": [0, 0, 14, 16], "texture": "#12"}
			}
		},
		{
			"from": [0.1, 3.5, 9.5],
			"to": [0.9, 16.25, 12.5],
			"rotation": {"angle": 0, "axis": "y", "origin": [0, 0, 4]},
			"faces": {
				"north": {"uv": [0, 0, 14, 1], "texture": "#11"},
				"east": {"uv": [0, 0, 16, 16], "texture": "#11"},
				"south": {"uv": [0, 0, 14, 1], "texture": "#11"},
				"west": {"uv": [0, 0, 16, 16], "texture": "#11"},
				"up": {"uv": [0, 0, 16, 16], "texture": "#11"},
				"down": {"uv": [0, 0, 14, 16], "texture": "#11"}
			}
		},
		{
			"from": [0.1, 3.5, 12.5],
			"to": [0.9, 16.25, 13],
			"rotation": {"angle": 0, "axis": "y", "origin": [0, 6.25, 0.5]},
			"faces": {
				"north": {"uv": [0, 0, 14, 1], "texture": "#3"},
				"east": {"uv": [0, 0, 16, 1], "texture": "#5"},
				"south": {"uv": [0, 0, 14, 1], "texture": "#12"},
				"west": {"uv": [0, 0, 16, 1], "texture": "#12"},
				"up": {"uv": [0, 0, 16, 16], "texture": "#12"},
				"down": {"uv": [0, 0, 14, 16], "texture": "#3"}
			}
		},
		{
			"from": [0.1, 3.5, 9.05],
			"to": [0.9, 16.25, 9.5],
			"rotation": {"angle": 0, "axis": "y", "origin": [0, 6.25, -3]},
			"faces": {
				"north": {"uv": [0, 0, 14, 1], "texture": "#12"},
				"east": {"uv": [0, 0, 16, 1], "texture": "#5"},
				"south": {"uv": [0, 0, 14, 1], "texture": "#3"},
				"west": {"uv": [0, 0, 16, 1], "texture": "#12"},
				"up": {"uv": [0, 0, 16, 16], "texture": "#12"},
				"down": {"uv": [0, 0, 14, 16], "texture": "#3"}
			}
		},
		{
			"from": [0.1, 16.25, 9.05],
			"to": [0.9, 17, 13],
			"rotation": {"angle": 0, "axis": "y", "origin": [0, 8.5, 4]},
			"faces": {
				"north": {"uv": [0, 0, 14, 1], "texture": "#12"},
				"east": {"uv": [0, 0, 16, 1], "texture": "#5"},
				"south": {"uv": [0, 0, 14, 1], "texture": "#12"},
				"west": {"uv": [0, 0, 16, 1], "texture": "#12"},
				"up": {"uv": [0, 0, 16, 16], "texture": "#12"},
				"down": {"uv": [0, 0, 14, 16], "texture": "#3"}
			}
		},
		{
			"from": [0.9, 5, 10.45],
			"to": [1.05, 5.15, 14.1],
			"rotation": {"angle": -22.5, "axis": "x", "origin": [0.2, 3, 5.5]},
			"faces": {
				"north": {"uv": [0, 0, 14, 1], "texture": "#4"},
				"east": {"uv": [0, 0, 16, 1], "texture": "#4"},
				"south": {"uv": [0, 0, 14, 1], "texture": "#4"},
				"west": {"uv": [0, 0, 16, 1], "texture": "#4"},
				"up": {"uv": [0, 0, 16, 16], "texture": "#4"},
				"down": {"uv": [0, 0, 14, 16], "texture": "#4"}
			}
		},
		{
			"from": [0.9, 7.5, 10.45],
			"to": [1.05, 7.65, 14.1],
			"rotation": {"angle": -22.5, "axis": "x", "origin": [0.2, 5.5, 5.5]},
			"faces": {
				"north": {"uv": [0, 0, 14, 1], "texture": "#4"},
				"east": {"uv": [0, 0, 16, 1], "texture": "#4"},
				"south": {"uv": [0, 0, 14, 1], "texture": "#4"},
				"west": {"uv": [0, 0, 16, 1], "texture": "#4"},
				"up": {"uv": [0, 0, 16, 16], "texture": "#4"},
				"down": {"uv": [0, 0, 14, 16], "texture": "#4"}
			}
		},
		{
			"from": [0.9, 10, 10.45],
			"to": [1.05, 10.15, 14.1],
			"rotation": {"angle": -22.5, "axis": "x", "origin": [0.2, 8, 5.5]},
			"faces": {
				"north": {"uv": [0, 0, 14, 1], "texture": "#4"},
				"east": {"uv": [0, 0, 16, 1], "texture": "#4"},
				"south": {"uv": [0, 0, 14, 1], "texture": "#4"},
				"west": {"uv": [0, 0, 16, 1], "texture": "#4"},
				"up": {"uv": [0, 0, 16, 16], "texture": "#4"},
				"down": {"uv": [0, 0, 14, 16], "texture": "#4"}
			}
		}
	],
	"display": {
		"head": {
			"scale": [4, 4, 4]
		}
	}
}