{
	"credit": "Made with Blockbench",
	"textures": {
		"3": "block/s-trec/b37/transparency",
		"12": "block/s-trec/b37/interior_wall",
		"15": "block/s-trec/b37/compartment",
		"particle": "block/s-trec/b37/yellow"
	},
	"elements": [
		{
			"from": [5.6, 4.6, 14.55],
			"to": [10.4, 9.55, 14.7],
			"rotation": {"angle": 0, "axis": "y", "origin": [0, -1.95, -14.7]},
			"faces": {
				"north": {"uv": [0, 0, 16, 16], "texture": "#12"},
				"east": {"uv": [0, 5.024, 16, 7.786], "texture": "#15"},
				"south": {"uv": [0, 0, 1, 6.25], "texture": "#15"},
				"west": {"uv": [0, 6.112, 16, 9.834], "texture": "#15"},
				"up": {"uv": [0, 0, 1, 16], "texture": "#15"},
				"down": {"uv": [0, 0, 1, 16], "texture": "#15"}
			}
		},
		{
			"from": [9.35, 9.55, 14.55],
			"to": [10.4, 16.35, 14.7],
			"rotation": {"angle": 0, "axis": "y", "origin": [0.25, -1.95, -14.7]},
			"faces": {
				"north": {"uv": [0, 0, 16, 16], "texture": "#12"},
				"east": {"uv": [0, 5.024, 16, 7.786], "texture": "#15"},
				"south": {"uv": [0, 0, 1, 6.25], "texture": "#15"},
				"west": {"uv": [0, 6.112, 16, 9.834], "texture": "#15"},
				"up": {"uv": [0, 0, 1, 16], "texture": "#15"},
				"down": {"uv": [0, 0, 1, 16], "texture": "#15"}
			}
		},
		{
			"from": [6.65, 9.55, 14.55],
			"to": [9.35, 16.35, 14.7],
			"rotation": {"angle": 0, "axis": "y", "origin": [0.2, -1.95, -14.7]},
			"faces": {
				"north": {"uv": [0, 0, 16, 16], "texture": "#3"},
				"east": {"uv": [0, 5.024, 16, 7.786], "texture": "#3"},
				"south": {"uv": [0, 0, 1, 6.25], "texture": "#3"},
				"west": {"uv": [0, 6.112, 16, 9.834], "texture": "#3"},
				"up": {"uv": [0, 0, 1, 16], "texture": "#3"},
				"down": {"uv": [0, 0, 1, 16], "texture": "#3"}
			}
		},
		{
			"from": [5.6, 16.35, 14.55],
			"to": [10.4, 17.25, 14.7],
			"rotation": {"angle": 0, "axis": "y", "origin": [0, -1.95, -14.7]},
			"faces": {
				"north": {"uv": [0, 0, 16, 16], "texture": "#12"},
				"east": {"uv": [0, 5.024, 16, 7.786], "texture": "#15"},
				"south": {"uv": [0, 0, 1, 6.25], "texture": "#15"},
				"west": {"uv": [0, 6.112, 16, 9.834], "texture": "#15"},
				"up": {"uv": [0, 0, 1, 16], "texture": "#15"},
				"down": {"uv": [0, 0, 1, 16], "texture": "#15"}
			}
		},
		{
			"from": [5.6, 9.55, 14.55],
			"to": [6.65, 16.35, 14.7],
			"rotation": {"angle": 0, "axis": "y", "origin": [0, -1.95, -14.7]},
			"faces": {
				"north": {"uv": [0, 0, 16, 16], "texture": "#12"},
				"east": {"uv": [0, 5.024, 16, 7.786], "texture": "#15"},
				"south": {"uv": [0, 0, 1, 6.25], "texture": "#15"},
				"west": {"uv": [0, 6.112, 16, 9.834], "texture": "#15"},
				"up": {"uv": [0, 0, 1, 16], "texture": "#15"},
				"down": {"uv": [0, 0, 1, 16], "texture": "#15"}
			}
		}
	],
	"display": {
		"thirdperson_righthand": {
			"scale": [4, 4, 4]
		},
		"head": {
			"scale": [4, 4, 4]
		}
	}
}