{
	"format_version": "1.21.6",
	"credit": "Made with Blockbench",
	"textures": {
		"3": "block/lipan/lili/lili_white_plastic",
		"6": "block/ent/c13/c13_floor",
		"7": "block/lipan/lili/lili_brass_brushed",
		"8": "block/ent/c13/light_holder",
		"12": "block/lipan/lili/lilo_light_metal_brushed",
		"27": "block/ent/c13/c13_fluting",
		"29": "block/lipan/lili/lilo_light_glass_white",
		"30": "block/ent/c13/c13_panel",
		"particle": "block/lipan/lili/lili_black_rubber"
	},
	"elements": [
		{
			"name": "main_floor",
			"from": [3.875, -1.375, -6.25],
			"to": [12.125, -0.875, 23],
			"rotation": {"angle": 0, "axis": "y", "origin": [8, -1.125, 8]},
			"faces": {
				"north": {"uv": [0, 0, 16, 16], "rotation": 90, "texture": "#6"},
				"east": {"uv": [0, 0, 16, 16], "rotation": 90, "texture": "#6"},
				"south": {"uv": [0, 0, 16, 16], "rotation": 90, "texture": "#6"},
				"west": {"uv": [0, 0, 16, 16], "rotation": 90, "texture": "#6"},
				"up": {"uv": [0, 0, 16, 16], "rotation": 90, "texture": "#6"},
				"down": {"uv": [0, 0, 16, 16], "rotation": 90, "texture": "#6"}
			}
		},
		{
			"name": "sideplate_e",
			"from": [12.125, -2.375, 2],
			"to": [13.125, -0.875, 14],
			"rotation": {"angle": 0, "axis": "y", "origin": [12.875, -0.625, 8]},
			"faces": {
				"north": {"uv": [0, 0, 16, 16], "texture": "#3"},
				"east": {"uv": [0, 0, 16, 16], "texture": "#3"},
				"south": {"uv": [0, 0, 16, 16], "texture": "#3"},
				"west": {"uv": [0, 0, 16, 16], "texture": "#3"},
				"up": {"uv": [0, 0, 16, 16], "texture": "#3"},
				"down": {"uv": [0, 0, 16, 16], "texture": "#3"}
			}
		},
		{
			"name": "sideplate_e",
			"from": [12.125, -2.375, -2],
			"to": [13.625, -1.875, 2],
			"rotation": {"angle": 0, "axis": "y", "origin": [12.875, -0.625, 3]},
			"faces": {
				"north": {"uv": [0, 0, 16, 16], "texture": "#3"},
				"east": {"uv": [0, 0, 16, 16], "texture": "#3"},
				"south": {"uv": [0, 0, 16, 16], "texture": "#3"},
				"west": {"uv": [0, 0, 16, 16], "texture": "#3"},
				"up": {"uv": [0, 0, 16, 16], "texture": "#3"},
				"down": {"uv": [0, 0, 16, 16], "texture": "#3"}
			}
		},
		{
			"name": "sideplate_e",
			"from": [12.125, -1.875, -2],
			"to": [12.375, -0.875, 2],
			"rotation": {"angle": 0, "axis": "y", "origin": [12.875, -0.125, 3]},
			"faces": {
				"north": {"uv": [0, 0, 16, 16], "texture": "#3"},
				"east": {"uv": [0, 0, 16, 16], "texture": "#3"},
				"south": {"uv": [0, 0, 16, 16], "texture": "#3"},
				"west": {"uv": [0, 0, 16, 16], "texture": "#3"},
				"up": {"uv": [0, 0, 16, 16], "texture": "#7"},
				"down": {"uv": [0, 0, 16, 16], "texture": "#3"}
			}
		},
		{
			"name": "sideplate_e",
			"from": [12.125, -1.875, 14],
			"to": [12.375, -0.875, 18],
			"rotation": {"angle": 0, "axis": "y", "origin": [12.875, -0.125, 18]},
			"faces": {
				"north": {"uv": [0, 0, 16, 16], "texture": "#3"},
				"east": {"uv": [0, 0, 16, 16], "texture": "#3"},
				"south": {"uv": [0, 0, 16, 16], "texture": "#3"},
				"west": {"uv": [0, 0, 16, 16], "texture": "#3"},
				"up": {"uv": [0, 0, 16, 16], "texture": "#7"},
				"down": {"uv": [0, 0, 16, 16], "texture": "#3"}
			}
		},
		{
			"name": "sideplate_e",
			"from": [12.125, -2.375, 14],
			"to": [13.625, -1.875, 18],
			"rotation": {"angle": 0, "axis": "y", "origin": [12.875, -0.625, 18]},
			"faces": {
				"north": {"uv": [0, 0, 16, 16], "texture": "#3"},
				"east": {"uv": [0, 0, 16, 16], "texture": "#3"},
				"south": {"uv": [0, 0, 16, 16], "texture": "#3"},
				"west": {"uv": [0, 0, 16, 16], "texture": "#3"},
				"up": {"uv": [0, 0, 16, 16], "texture": "#3"},
				"down": {"uv": [0, 0, 16, 16], "texture": "#3"}
			}
		},
		{
			"name": "doorback_w",
			"from": [3.625, -1.875, 14],
			"to": [3.875, -0.875, 18],
			"rotation": {"angle": 0, "axis": "y", "origin": [3.125, -0.125, 18]},
			"faces": {
				"north": {"uv": [0, 0, 16, 16], "texture": "#3"},
				"east": {"uv": [0, 0, 16, 16], "texture": "#3"},
				"south": {"uv": [0, 0, 16, 16], "texture": "#3"},
				"west": {"uv": [0, 0, 16, 16], "texture": "#3"},
				"up": {"uv": [0, 0, 16, 16], "texture": "#7"},
				"down": {"uv": [0, 0, 16, 16], "texture": "#3"}
			}
		},
		{
			"name": "doorstep_w",
			"from": [2.375, -2.375, 14],
			"to": [3.875, -1.875, 18],
			"rotation": {"angle": 0, "axis": "y", "origin": [3.125, -0.625, 18]},
			"faces": {
				"north": {"uv": [0, 0, 16, 16], "texture": "#3"},
				"east": {"uv": [0, 0, 16, 16], "texture": "#3"},
				"south": {"uv": [0, 0, 16, 16], "texture": "#3"},
				"west": {"uv": [0, 0, 16, 16], "texture": "#3"},
				"up": {"uv": [0, 0, 16, 16], "texture": "#3"},
				"down": {"uv": [0, 0, 16, 16], "texture": "#3"}
			}
		},
		{
			"name": "doorstep_w",
			"from": [2.375, -2.375, -2],
			"to": [3.875, -0.875, 2],
			"rotation": {"angle": 0, "axis": "y", "origin": [3.125, -0.625, 3]},
			"faces": {
				"north": {"uv": [0, 0, 16, 16], "texture": "#3"},
				"east": {"uv": [0, 0, 16, 16], "texture": "#3"},
				"south": {"uv": [0, 0, 16, 16], "texture": "#3"},
				"west": {"uv": [0, 0, 16, 16], "texture": "#3"},
				"up": {"uv": [0, 0, 16, 16], "texture": "#3"},
				"down": {"uv": [0, 0, 16, 16], "texture": "#3"}
			}
		},
		{
			"name": "sideplate_e",
			"from": [2.875, -2.375, 2],
			"to": [3.875, -0.875, 14],
			"rotation": {"angle": 0, "axis": "y", "origin": [3.125, -0.625, 8]},
			"faces": {
				"north": {"uv": [0, 0, 16, 16], "texture": "#3"},
				"east": {"uv": [0, 0, 16, 16], "texture": "#3"},
				"south": {"uv": [0, 0, 16, 16], "texture": "#3"},
				"west": {"uv": [0, 0, 16, 16], "texture": "#3"},
				"up": {"uv": [0, 0, 16, 16], "texture": "#3"},
				"down": {"uv": [0, 0, 16, 16], "texture": "#3"}
			}
		},
		{
			"name": "sideplate_e",
			"from": [2.875, -2.375, 18],
			"to": [3.875, -0.875, 23],
			"rotation": {"angle": 0, "axis": "y", "origin": [3.125, -0.625, 21]},
			"faces": {
				"north": {"uv": [0, 0, 16, 16], "texture": "#3"},
				"east": {"uv": [0, 0, 16, 16], "texture": "#3"},
				"south": {"uv": [0, 0, 16, 16], "texture": "#3"},
				"west": {"uv": [0, 0, 16, 16], "texture": "#3"},
				"up": {"uv": [0, 0, 16, 16], "texture": "#3"},
				"down": {"uv": [0, 0, 16, 16], "texture": "#3"}
			}
		},
		{
			"name": "sideplate_e",
			"from": [12.125, -2.375, 18],
			"to": [13.125, -0.875, 23],
			"rotation": {"angle": 0, "axis": "y", "origin": [12.875, -0.625, 21]},
			"faces": {
				"north": {"uv": [0, 0, 16, 16], "texture": "#3"},
				"east": {"uv": [0, 0, 16, 16], "texture": "#3"},
				"south": {"uv": [0, 0, 16, 16], "texture": "#3"},
				"west": {"uv": [0, 0, 16, 16], "texture": "#3"},
				"up": {"uv": [0, 0, 16, 16], "texture": "#3"},
				"down": {"uv": [0, 0, 16, 16], "texture": "#3"}
			}
		},
		{
			"name": "sideplate_e",
			"from": [2.875, -2.375, -6.125],
			"to": [3.875, -0.875, -2],
			"rotation": {"angle": 0, "axis": "y", "origin": [3.125, -0.625, -5]},
			"faces": {
				"north": {"uv": [0, 0, 16, 16], "texture": "#3"},
				"east": {"uv": [0, 0, 16, 16], "texture": "#3"},
				"south": {"uv": [0, 0, 16, 16], "texture": "#3"},
				"west": {"uv": [0, 0, 16, 16], "texture": "#3"},
				"up": {"uv": [0, 0, 16, 16], "texture": "#3"},
				"down": {"uv": [0, 0, 16, 16], "texture": "#3"}
			}
		},
		{
			"name": "sideplate_e",
			"from": [12.125, -2.375, -6.125],
			"to": [13.125, -0.875, -2],
			"rotation": {"angle": 0, "axis": "y", "origin": [12.875, -0.625, -5]},
			"faces": {
				"north": {"uv": [0, 0, 16, 16], "texture": "#3"},
				"east": {"uv": [0, 0, 16, 16], "texture": "#3"},
				"south": {"uv": [0, 0, 16, 16], "texture": "#3"},
				"west": {"uv": [0, 0, 16, 16], "texture": "#3"},
				"up": {"uv": [0, 0, 16, 16], "texture": "#3"},
				"down": {"uv": [0, 0, 16, 16], "texture": "#3"}
			}
		},
		{
			"name": "equipment",
			"from": [3.875, -3.875, 3],
			"to": [12.125, -1.375, 13],
			"rotation": {"angle": 0, "axis": "y", "origin": [8, -2.375, 8]},
			"color": 8,
			"faces": {
				"north": {"uv": [0, 0, 0.5, 0.5], "texture": "#missing"},
				"east": {"uv": [0, 0, 0.5, 0.5], "texture": "#missing"},
				"south": {"uv": [0, 0, 0.5, 0.5], "texture": "#missing"},
				"west": {"uv": [0, 0, 0.5, 0.5], "texture": "#missing"},
				"up": {"uv": [0, 0, 0.5, 0.5], "texture": "#missing"},
				"down": {"uv": [0, 0, 0.5, 0.5], "texture": "#missing"}
			}
		},
		{
			"name": "wall_w",
			"from": [2.375, -2.375, 2],
			"to": [2.875, 2.625, 14],
			"rotation": {"angle": 0, "axis": "y", "origin": [3.125, -0.625, 8]},
			"faces": {
				"north": {"uv": [0, 0, 1, 16], "texture": "#27"},
				"east": {"uv": [0, 0, 16, 16], "texture": "#30"},
				"south": {"uv": [0, 0, 1, 16], "texture": "#27"},
				"west": {"uv": [0, 0, 16, 16], "texture": "#27"},
				"up": {"uv": [0, 0, 16, 1], "rotation": 90, "texture": "#27"},
				"down": {"uv": [0, 0, 0.5, 0.5], "texture": "#missing"}
			}
		},
		{
			"name": "wall_w",
			"from": [2.375, -2.375, -5],
			"to": [2.875, 2.625, -2],
			"rotation": {"angle": 0, "axis": "y", "origin": [3.125, -0.625, -2]},
			"faces": {
				"north": {"uv": [0, 0, 0.5, 0.5], "texture": "#missing"},
				"east": {"uv": [0, 0, 16, 16], "texture": "#30"},
				"south": {"uv": [0, 0, 1, 16], "texture": "#27"},
				"west": {"uv": [0, 0, 16, 16], "texture": "#27"},
				"up": {"uv": [0, 0, 16, 1], "rotation": 90, "texture": "#27"},
				"down": {"uv": [0, 0, 0.5, 0.5], "texture": "#missing"}
			}
		},
		{
			"name": "wall_w",
			"from": [2.375, 2.625, 11.5],
			"to": [2.875, 7.625, 14],
			"rotation": {"angle": 0, "axis": "y", "origin": [3.125, 5.375, 13]},
			"faces": {
				"north": {"uv": [1, 0, 2, 16], "texture": "#30"},
				"east": {"uv": [0, 0, 8, 16], "texture": "#30"},
				"south": {"uv": [0, 0, 1, 16], "texture": "#30"},
				"west": {"uv": [8, 0, 16, 16], "texture": "#30"},
				"up": {"uv": [0, 0, 0.5, 0.5], "texture": "#missing"},
				"down": {"uv": [0, 0, 0.5, 0.5], "texture": "#missing"}
			}
		},
		{
			"name": "wall_w",
			"from": [2.375, 6.625, 4.5],
			"to": [2.875, 7.625, 11.5],
			"rotation": {"angle": 0, "axis": "y", "origin": [3.125, 4.375, 11.5]},
			"faces": {
				"north": {"uv": [0, 0, 0.5, 0.5], "texture": "#missing"},
				"east": {"uv": [8.2, 0, 9.2, 3.2], "texture": "#30"},
				"south": {"uv": [0, 0, 0.5, 0.5], "texture": "#missing"},
				"west": {"uv": [8.2, 0, 9.2, 3.2], "texture": "#30"},
				"up": {"uv": [0, 0, 0.5, 0.5], "texture": "#missing"},
				"down": {"uv": [0, 0, 1, 1], "texture": "#30"}
			}
		},
		{
			"name": "wall_w",
			"from": [2.5, 6.375, 19],
			"to": [2.875, 7.125, 22],
			"rotation": {"angle": 0, "axis": "y", "origin": [3.125, 4.125, 14.5]},
			"faces": {
				"north": {"uv": [0, 0, 0.5, 0.5], "texture": "#missing"},
				"east": {"uv": [8.2, 5.2, 11.2, 5.45], "texture": "#30"},
				"south": {"uv": [0, 0, 0.5, 0.5], "texture": "#missing"},
				"west": {"uv": [15, 0, 16, 3], "texture": "#particle"},
				"up": {"uv": [0, 0, 0.5, 0.5], "texture": "#missing"},
				"down": {"uv": [0, 0, 0.5, 0.5], "texture": "#missing"}
			}
		},
		{
			"name": "wall_w",
			"from": [2.375, 6.125, 19],
			"to": [2.875, 6.375, 22],
			"rotation": {"angle": 0, "axis": "y", "origin": [3.125, 1.625, 24]},
			"faces": {
				"north": {"uv": [0, 0, 0.5, 0.5], "texture": "#missing"},
				"east": {"uv": [8.2, 5.2, 11.2, 5.45], "texture": "#30"},
				"south": {"uv": [0, 0, 0.5, 0.5], "texture": "#missing"},
				"west": {"uv": [8.2, 5.2, 11.2, 5.45], "texture": "#30"},
				"up": {"uv": [8.5, 6.5, 9, 9.5], "texture": "#30"},
				"down": {"uv": [0, 0, 0.5, 0.5], "texture": "#missing"}
			}
		},
		{
			"name": "wall_w",
			"from": [2.375, 7.125, 19],
			"to": [2.875, 7.625, 22],
			"rotation": {"angle": 0, "axis": "y", "origin": [3.125, 5.375, 24]},
			"faces": {
				"north": {"uv": [0, 0, 0.5, 0.5], "texture": "#missing"},
				"east": {"uv": [8.2, 0, 9.2, 1.625], "texture": "#30"},
				"south": {"uv": [0, 0, 0.5, 0.5], "texture": "#missing"},
				"west": {"uv": [8.2, 0, 9.2, 1.625], "texture": "#30"},
				"up": {"uv": [0, 0, 0.5, 0.5], "texture": "#missing"},
				"down": {"uv": [8.2, 3.5, 9.2, 5.5], "texture": "#30"}
			}
		},
		{
			"name": "wall_w",
			"from": [2.375, 2.625, -3],
			"to": [2.875, 7.625, -2],
			"rotation": {"angle": 0, "axis": "y", "origin": [3.125, 5.375, -2]},
			"faces": {
				"north": {"uv": [15.5, 0, 16, 5], "texture": "#30"},
				"east": {"uv": [0, 0, 3.2, 16], "texture": "#30"},
				"south": {"uv": [0, 0, 0.5, 5], "texture": "#30"},
				"west": {"uv": [12.8, 0, 16, 16], "texture": "#30"},
				"up": {"uv": [0, 0, 0.5, 1], "texture": "#30"},
				"down": {"uv": [12.8, 0, 16, 16], "texture": "#30"}
			}
		},
		{
			"name": "wall_w",
			"from": [2.375, 6.625, -5],
			"to": [2.875, 7.625, -3],
			"rotation": {"angle": 0, "axis": "y", "origin": [3.125, 4.375, -2]},
			"faces": {
				"north": {"uv": [4.5, 0, 12.5, 3.2], "texture": "#30"},
				"east": {"uv": [4.5, 0, 12.5, 3.2], "texture": "#30"},
				"south": {"uv": [4.5, 0, 12.5, 3.2], "texture": "#30"},
				"west": {"uv": [4.5, 0, 12.5, 3.2], "texture": "#30"},
				"up": {"uv": [0, 0, 0.5, 2.5], "texture": "#30"},
				"down": {"uv": [0, 0, 0.5, 2.5], "texture": "#30"}
			}
		},
		{
			"name": "wall_w",
			"from": [2.375, 4.625, -5],
			"to": [2.875, 6.625, -3],
			"rotation": {"angle": 0, "axis": "y", "origin": [3.125, 3.375, -2]},
			"faces": {
				"north": {"uv": [0, 0, 8, 8], "texture": "#29"},
				"east": {"uv": [8, 0, 16, 8], "texture": "#29"},
				"south": {"uv": [0, 0, 8, 8], "texture": "#29"},
				"west": {"uv": [0, 0, 8, 8], "texture": "#29"},
				"up": {"uv": [0, 0, 8, 8], "texture": "#29"},
				"down": {"uv": [0, 8, 8, 16], "texture": "#29"}
			}
		},
		{
			"name": "wall_w",
			"from": [13.125, 2.625, -5],
			"to": [13.625, 6.625, -3],
			"rotation": {"angle": 0, "axis": "y", "origin": [12.875, 4.375, -2]},
			"faces": {
				"north": {"uv": [8, 0, 0, 8], "texture": "#29"},
				"east": {"uv": [8, 0, 0, 8], "texture": "#29"},
				"south": {"uv": [8, 0, 0, 8], "texture": "#29"},
				"west": {"uv": [16, 0, 8, 8], "texture": "#29"},
				"up": {"uv": [8, 0, 0, 8], "texture": "#29"},
				"down": {"uv": [8, 8, 0, 16], "texture": "#29"}
			}
		},
		{
			"name": "wall_w",
			"from": [13.125, 6.625, -5],
			"to": [13.625, 7.625, -3],
			"rotation": {"angle": 0, "axis": "y", "origin": [12.875, 4.375, -2]},
			"faces": {
				"north": {"uv": [12.5, 0, 4.5, 3.2], "texture": "#30"},
				"east": {"uv": [12.5, 0, 4.5, 3.2], "texture": "#30"},
				"south": {"uv": [12.5, 0, 4.5, 3.2], "texture": "#30"},
				"west": {"uv": [12.5, 0, 4.5, 3.2], "texture": "#30"},
				"up": {"uv": [0.5, 0, 0, 2.5], "texture": "#30"},
				"down": {"uv": [0.5, 0, 0, 2.5], "texture": "#30"}
			}
		},
		{
			"name": "wall_w",
			"from": [13.125, 2.625, -3],
			"to": [13.625, 7.625, -2],
			"rotation": {"angle": 0, "axis": "y", "origin": [12.875, 5.375, -2]},
			"faces": {
				"north": {"uv": [16, 0, 15.5, 5], "texture": "#30"},
				"east": {"uv": [16, 0, 12.8, 16], "texture": "#30"},
				"south": {"uv": [0.5, 0, 0, 5], "texture": "#30"},
				"west": {"uv": [3.2, 0, 0, 16], "texture": "#30"},
				"up": {"uv": [0.5, 0, 0, 1], "texture": "#30"},
				"down": {"uv": [16, 0, 12.8, 16], "texture": "#30"}
			}
		},
		{
			"name": "wall_w",
			"from": [2.375, 2.625, 2],
			"to": [2.875, 7.625, 4.5],
			"rotation": {"angle": 0, "axis": "y", "origin": [3.125, 5.375, 3.5]},
			"faces": {
				"north": {"uv": [0, 0, 1, 16], "texture": "#30"},
				"east": {"uv": [8, 0, 16, 16], "texture": "#30"},
				"south": {"uv": [1, 0, 2, 16], "texture": "#30"},
				"west": {"uv": [0, 0, 8, 16], "texture": "#30"},
				"up": {"uv": [0, 0, 0.5, 0.5], "texture": "#missing"},
				"down": {"uv": [0, 0, 0.5, 0.5], "texture": "#missing"}
			}
		},
		{
			"name": "wall_w",
			"from": [2.375, 2.625, 18],
			"to": [2.875, 7.625, 19],
			"rotation": {"angle": 0, "axis": "y", "origin": [3.125, 5.375, 19.5]},
			"faces": {
				"north": {"uv": [0, 0, 1, 16], "texture": "#30"},
				"east": {"uv": [12.8, 0, 16, 16], "texture": "#30"},
				"south": {"uv": [1, 0, 2, 16], "texture": "#30"},
				"west": {"uv": [0, 0, 3.2, 16], "texture": "#30"},
				"up": {"uv": [0, 0, 0.5, 0.5], "texture": "#missing"},
				"down": {"uv": [0, 0, 0.5, 0.5], "texture": "#missing"}
			}
		},
		{
			"name": "wall_w",
			"from": [2.375, 2.625, 22],
			"to": [2.875, 7.625, 23],
			"rotation": {"angle": 0, "axis": "y", "origin": [3.125, 5.375, 23.5]},
			"faces": {
				"north": {"uv": [1, 0, 2, 16], "texture": "#30"},
				"east": {"uv": [0, 0, 3.2, 16], "texture": "#30"},
				"south": {"uv": [0, 0, 1, 16], "texture": "#30"},
				"west": {"uv": [12.8, 0, 16, 16], "texture": "#30"},
				"up": {"uv": [0, 0, 0.5, 0.5], "texture": "#missing"},
				"down": {"uv": [0, 0, 0.5, 0.5], "texture": "#missing"}
			}
		},
		{
			"name": "wall_w",
			"from": [13.125, 2.625, 18],
			"to": [13.625, 7.625, 19],
			"rotation": {"angle": 0, "axis": "y", "origin": [12.875, 5.375, 19.5]},
			"faces": {
				"north": {"uv": [0, 0, 1, 16], "texture": "#30"},
				"east": {"uv": [3.2, 0, 0, 16], "texture": "#30"},
				"south": {"uv": [1, 0, 2, 16], "texture": "#30"},
				"west": {"uv": [16, 0, 12.8, 16], "texture": "#30"},
				"up": {"uv": [0.5, 0, 0, 0.5], "texture": "#missing"},
				"down": {"uv": [0.5, 0, 0, 0.5], "texture": "#missing"}
			}
		},
		{
			"name": "wall_w",
			"from": [13.125, 6.625, 19],
			"to": [13.625, 7.625, 22],
			"rotation": {"angle": 0, "axis": "y", "origin": [12.875, 4.375, 24]},
			"faces": {
				"north": {"uv": [0.5, 0, 0, 0.5], "texture": "#missing"},
				"east": {"uv": [9.2, 0, 8.2, 3.2], "texture": "#30"},
				"south": {"uv": [0.5, 0, 0, 0.5], "texture": "#missing"},
				"west": {"uv": [9.2, 0, 8.2, 3.2], "texture": "#30"},
				"up": {"uv": [0.5, 0, 0, 0.5], "texture": "#missing"},
				"down": {"uv": [0.5, 0, 0, 0.5], "texture": "#missing"}
			}
		},
		{
			"name": "wall_w",
			"from": [13.125, 2.625, 22],
			"to": [13.625, 7.625, 23],
			"rotation": {"angle": 0, "axis": "y", "origin": [12.875, 5.375, 23.5]},
			"faces": {
				"north": {"uv": [1, 0, 2, 16], "texture": "#30"},
				"east": {"uv": [16, 0, 12.8, 16], "texture": "#30"},
				"south": {"uv": [0, 0, 1, 16], "texture": "#30"},
				"west": {"uv": [3.2, 0, 0, 16], "texture": "#30"},
				"up": {"uv": [0.5, 0, 0, 0.5], "texture": "#missing"},
				"down": {"uv": [0.5, 0, 0, 0.5], "texture": "#missing"}
			}
		},
		{
			"name": "wall_w",
			"from": [13.125, 2.625, 2],
			"to": [13.625, 7.625, 4.5],
			"rotation": {"angle": 0, "axis": "y", "origin": [12.875, 5.375, 3.5]},
			"faces": {
				"north": {"uv": [0, 0, 1, 16], "texture": "#30"},
				"east": {"uv": [8, 0, 16, 16], "texture": "#30"},
				"south": {"uv": [1, 0, 2, 16], "texture": "#30"},
				"west": {"uv": [0, 0, 8, 16], "texture": "#30"},
				"up": {"uv": [0.5, 0, 0, 0.5], "texture": "#missing"},
				"down": {"uv": [0.5, 0, 0, 0.5], "texture": "#missing"}
			}
		},
		{
			"name": "wall_w",
			"from": [13.125, 6.625, 4.5],
			"to": [13.625, 7.625, 11.5],
			"rotation": {"angle": 0, "axis": "y", "origin": [12.875, 4.375, 11.5]},
			"faces": {
				"north": {"uv": [0.5, 0, 0, 0.5], "texture": "#missing"},
				"east": {"uv": [8.2, 0, 9.2, 3.2], "texture": "#30"},
				"south": {"uv": [0.5, 0, 0, 0.5], "texture": "#missing"},
				"west": {"uv": [8.2, 0, 9.2, 3.2], "texture": "#30"},
				"up": {"uv": [0.5, 0, 0, 0.5], "texture": "#missing"},
				"down": {"uv": [0, 0, 1, 1], "texture": "#30"}
			}
		},
		{
			"name": "wall_w",
			"from": [13.125, 4.625, 4.5],
			"to": [13.625, 6.625, 11.5],
			"rotation": {"angle": 0, "axis": "y", "origin": [12.875, 5.375, 11.5]},
			"faces": {
				"north": {"uv": [0.5, 0, 0, 0.5], "texture": "#missing"},
				"east": {"uv": [0, 5, 8, 8], "texture": "#29"},
				"south": {"uv": [0.5, 0, 0, 0.5], "texture": "#missing"},
				"west": {"uv": [8, 5, 16, 8], "texture": "#29"},
				"up": {"uv": [0.5, 0, 0, 0.5], "texture": "#29"},
				"down": {"uv": [0.5, 0, 0, 0.5], "texture": "#29"}
			}
		},
		{
			"name": "wall_w",
			"from": [2.375, 4.625, 4.5],
			"to": [2.875, 6.625, 11.5],
			"rotation": {"angle": 0, "axis": "y", "origin": [3.125, 5.375, 11.5]},
			"faces": {
				"north": {"uv": [0, 0, 0.5, 0.5], "texture": "#missing"},
				"east": {"uv": [8, 5, 16, 8], "texture": "#29"},
				"south": {"uv": [0, 0, 0.5, 0.5], "texture": "#missing"},
				"west": {"uv": [0, 5, 8, 8], "texture": "#29"},
				"up": {"uv": [0, 0, 0.5, 0.5], "texture": "#29"},
				"down": {"uv": [0, 0, 0.5, 0.5], "texture": "#29"}
			}
		},
		{
			"name": "wall_w",
			"from": [13.125, 2.625, 19],
			"to": [13.625, 6.625, 22],
			"rotation": {"angle": 0, "axis": "y", "origin": [12.875, 4.375, 23]},
			"faces": {
				"north": {"uv": [0.5, 0, 0, 0.5], "texture": "#missing"},
				"east": {"uv": [0, 0, 8, 8], "texture": "#29"},
				"south": {"uv": [0.5, 0, 0, 0.5], "texture": "#missing"},
				"west": {"uv": [8, 0, 16, 8], "texture": "#29"},
				"up": {"uv": [0.5, 0, 0, 0.5], "texture": "#missing"},
				"down": {"uv": [0.5, 0, 0, 0.5], "texture": "#missing"}
			}
		},
		{
			"name": "wall_w",
			"from": [2.375, 2.625, 19],
			"to": [2.875, 6.125, 22],
			"rotation": {"angle": 0, "axis": "y", "origin": [3.125, 4.375, 23]},
			"faces": {
				"north": {"uv": [0, 0, 0.5, 0.5], "texture": "#missing"},
				"east": {"uv": [8, 0, 16, 8], "texture": "#29"},
				"south": {"uv": [0, 0, 0.5, 0.5], "texture": "#missing"},
				"west": {"uv": [0, 0, 8, 8], "texture": "#29"},
				"up": {"uv": [0, 0, 0.5, 0.5], "texture": "#missing"},
				"down": {"uv": [0, 0, 0.5, 0.5], "texture": "#missing"}
			}
		},
		{
			"name": "wall_w",
			"from": [13.125, 2.625, 11.5],
			"to": [13.625, 7.625, 14],
			"rotation": {"angle": 0, "axis": "y", "origin": [12.875, 5.375, 13]},
			"faces": {
				"north": {"uv": [1, 0, 2, 16], "texture": "#30"},
				"east": {"uv": [0, 0, 8, 16], "texture": "#30"},
				"south": {"uv": [0, 0, 1, 16], "texture": "#30"},
				"west": {"uv": [8, 0, 16, 16], "texture": "#30"},
				"up": {"uv": [0.5, 0, 0, 0.5], "texture": "#missing"},
				"down": {"uv": [0.5, 0, 0, 0.5], "texture": "#missing"}
			}
		},
		{
			"name": "wall_w",
			"from": [2.375, -2.375, 18],
			"to": [2.875, 2.625, 23],
			"rotation": {"angle": 0, "axis": "y", "origin": [3.125, -0.625, 23]},
			"faces": {
				"north": {"uv": [0, 0, 1, 16], "texture": "#27"},
				"east": {"uv": [0, 0, 16, 16], "texture": "#30"},
				"south": {"uv": [0, 0, 1, 16], "texture": "#27"},
				"west": {"uv": [0, 0, 16, 16], "texture": "#27"},
				"up": {"uv": [0, 0, 16, 1], "rotation": 90, "texture": "#27"},
				"down": {"uv": [0, 0, 0.5, 0.5], "texture": "#missing"}
			}
		},
		{
			"name": "wall_e",
			"from": [13.125, -2.375, 2],
			"to": [13.625, 2.625, 14],
			"rotation": {"angle": 0, "axis": "y", "origin": [12.875, 1.375, 8]},
			"faces": {
				"north": {"uv": [0, 0, 1, 16], "texture": "#27"},
				"east": {"uv": [0, 0, 16, 16], "texture": "#27"},
				"south": {"uv": [0, 0, 1, 16], "texture": "#27"},
				"west": {"uv": [0, 0, 16, 16], "texture": "#30"},
				"up": {"uv": [0, 0, 16, 1], "rotation": 90, "texture": "#27"},
				"down": {"uv": [0.5, 0, 0, 0.5], "texture": "#missing"}
			}
		},
		{
			"name": "wall_e",
			"from": [13.125, -2.375, 18],
			"to": [13.625, 2.625, 23],
			"rotation": {"angle": 0, "axis": "y", "origin": [12.875, 1.375, 23]},
			"faces": {
				"north": {"uv": [0, 0, 1, 16], "texture": "#27"},
				"east": {"uv": [0, 0, 16, 16], "texture": "#27"},
				"south": {"uv": [0, 0, 1, 16], "texture": "#27"},
				"west": {"uv": [0, 0, 16, 16], "texture": "#30"},
				"up": {"uv": [0, 0, 16, 1], "rotation": 90, "texture": "#27"},
				"down": {"uv": [0.5, 0, 0, 0.5], "texture": "#missing"}
			}
		},
		{
			"name": "wall_e",
			"from": [13.125, -2.375, -5],
			"to": [13.625, 2.625, -2],
			"rotation": {"angle": 0, "axis": "y", "origin": [12.875, 1.375, -2]},
			"faces": {
				"north": {"uv": [0, 5, 0.5, 10], "texture": "#27"},
				"east": {"uv": [16, 0, 0, 16], "texture": "#27"},
				"south": {"uv": [0, 0, 1, 16], "texture": "#27"},
				"west": {"uv": [0, 0, 16, 16], "texture": "#30"},
				"up": {"uv": [0, 0, 16, 1], "rotation": 90, "texture": "#27"},
				"down": {"uv": [3.5, 5, 3, 8.5], "texture": "#27"}
			}
		},
		{
			"name": "bumper",
			"from": [2.5, -2.5, -7.25],
			"to": [6, -1.5, -5.5],
			"rotation": {"angle": 0, "axis": "y", "origin": [2.5, 0, -8.5]},
			"faces": {
				"north": {"uv": [0, 0, 16, 16], "texture": "#particle"},
				"east": {"uv": [0, 0, 16, 16], "texture": "#particle"},
				"south": {"uv": [0, 0, 16, 16], "texture": "#particle"},
				"west": {"uv": [0, 0, 16, 16], "texture": "#particle"},
				"up": {"uv": [0, 0, 16, 16], "texture": "#particle"},
				"down": {"uv": [0, 0, 16, 16], "texture": "#particle"}
			}
		},
		{
			"name": "bumper",
			"from": [4.5, 1.375, -6.75],
			"to": [5.5, 2.375, -6.625],
			"rotation": {"angle": 0, "axis": "y", "origin": [3, 2.875, -8.5]},
			"faces": {
				"north": {"uv": [0, 0, 16, 16], "texture": "#8"},
				"east": {"uv": [1.25, 0.25, 1.75, 0.75], "texture": "#8"},
				"south": {"uv": [2.25, 0.25, 2.75, 0.75], "texture": "#8"},
				"west": {"uv": [3.25, 0.25, 3.75, 0.75], "texture": "#8"},
				"up": {"uv": [4.25, 0.25, 4.75, 0.75], "texture": "#8"},
				"down": {"uv": [5.25, 0.25, 5.75, 0.75], "texture": "#8"}
			}
		},
		{
			"name": "bumper",
			"from": [10.5, 1.375, -6.75],
			"to": [11.5, 2.375, -6.625],
			"rotation": {"angle": 0, "axis": "y", "origin": [9, 2.875, -8.5]},
			"faces": {
				"north": {"uv": [0, 0, 16, 16], "texture": "#8"},
				"east": {"uv": [1.25, 0.25, 1.75, 0.75], "texture": "#8"},
				"south": {"uv": [2.25, 0.25, 2.75, 0.75], "texture": "#8"},
				"west": {"uv": [3.25, 0.25, 3.75, 0.75], "texture": "#8"},
				"up": {"uv": [4.25, 0.25, 4.75, 0.75], "texture": "#8"},
				"down": {"uv": [5.25, 0.25, 5.75, 0.75], "texture": "#8"}
			}
		},
		{
			"name": "bumper",
			"from": [7.625, 6.75, -6.75],
			"to": [8.375, 7.5, -6.625],
			"rotation": {"angle": 0, "axis": "y", "origin": [6, 8.125, -8.5]},
			"faces": {
				"north": {"uv": [0, 0, 16, 16], "texture": "#8"},
				"east": {"uv": [1.25, 0.25, 1.75, 0.75], "texture": "#8"},
				"south": {"uv": [2.25, 0.25, 2.75, 0.75], "texture": "#8"},
				"west": {"uv": [3.25, 0.25, 3.75, 0.75], "texture": "#8"},
				"up": {"uv": [4.25, 0.25, 4.75, 0.75], "texture": "#8"},
				"down": {"uv": [5.25, 0.25, 5.75, 0.75], "texture": "#8"}
			}
		},
		{
			"name": "bumper",
			"from": [10, -2.5, -7.25],
			"to": [13.5, -1.5, -5.5],
			"rotation": {"angle": 0, "axis": "y", "origin": [10, 0, -8.5]},
			"faces": {
				"north": {"uv": [0, 0, 16, 16], "texture": "#particle"},
				"east": {"uv": [0, 0, 16, 16], "texture": "#particle"},
				"south": {"uv": [0, 0, 16, 16], "texture": "#particle"},
				"west": {"uv": [0, 0, 16, 16], "texture": "#particle"},
				"up": {"uv": [0, 0, 16, 16], "texture": "#particle"},
				"down": {"uv": [0, 0, 16, 16], "texture": "#particle"}
			}
		},
		{
			"name": "front",
			"from": [9.5, -1.5, -6.75],
			"to": [10, 6.625, -6.25],
			"rotation": {"angle": 0, "axis": "y", "origin": [-1, 2, -8.25]},
			"faces": {
				"north": {"uv": [0, 0, 7, 0.5], "rotation": 90, "texture": "#27"},
				"east": {"uv": [0, 0, 7, 0.5], "rotation": 90, "texture": "#27"},
				"south": {"uv": [0, 0, 7, 0.5], "rotation": 90, "texture": "#27"},
				"west": {"uv": [0, 0, 7, 0.5], "rotation": 90, "texture": "#27"},
				"up": {"uv": [0, 0, 7, 0.5], "rotation": 90, "texture": "#27"},
				"down": {"uv": [0, 0, 7, 0.5], "rotation": 90, "texture": "#27"}
			}
		},
		{
			"name": "front",
			"from": [6.5, 6.125, -6.75],
			"to": [9.5, 6.625, -6.25],
			"rotation": {"angle": 0, "axis": "y", "origin": [-1.5, -0.25, -8.25]},
			"faces": {
				"north": {"uv": [0, 0, 3, 0.5], "texture": "#27"},
				"east": {"uv": [0, 0, 3, 0.5], "texture": "#27"},
				"south": {"uv": [0, 0, 3, 0.5], "texture": "#27"},
				"west": {"uv": [0, 0, 3, 0.5], "texture": "#27"},
				"up": {"uv": [0, 0, 3, 0.5], "texture": "#27"},
				"down": {"uv": [0, 0, 3, 0.5], "texture": "#27"}
			}
		},
		{
			"name": "front",
			"from": [6, -2.875, -6.875],
			"to": [10, -0.875, -6.25],
			"rotation": {"angle": 0, "axis": "y", "origin": [-1.5, -7.75, -8.25]},
			"faces": {
				"north": {"uv": [0, 0, 16, 16], "texture": "#12"},
				"east": {"uv": [0, 0, 3, 0.5], "texture": "#27"},
				"south": {"uv": [0, 0, 3, 0.5], "texture": "#27"},
				"west": {"uv": [0, 0, 3, 0.5], "texture": "#27"},
				"up": {"uv": [0, 0, 3, 0.5], "texture": "#27"},
				"down": {"uv": [0, 0, 3, 0.5], "texture": "#27"}
			}
		},
		{
			"name": "front",
			"from": [6, -1.5, -6.75],
			"to": [6.5, 6.625, -6.25],
			"rotation": {"angle": 0, "axis": "y", "origin": [-4.5, 2, -8.25]},
			"faces": {
				"north": {"uv": [0, 0, 7, 0.5], "rotation": 90, "texture": "#27"},
				"east": {"uv": [0, 0, 7, 0.5], "rotation": 90, "texture": "#27"},
				"south": {"uv": [0, 0, 7, 0.5], "rotation": 90, "texture": "#27"},
				"west": {"uv": [0, 0, 7, 0.5], "rotation": 90, "texture": "#27"},
				"up": {"uv": [0, 0, 7, 0.5], "rotation": 90, "texture": "#27"},
				"down": {"uv": [0, 0, 7, 0.5], "rotation": 90, "texture": "#27"}
			}
		},
		{
			"name": "front",
			"from": [2.375, -2.5, -5.5],
			"to": [2.875, 7.625, -5],
			"rotation": {"angle": 0, "axis": "y", "origin": [-8.125, 2, -7]},
			"faces": {
				"north": {"uv": [0, 0, 7, 0.5], "rotation": 90, "texture": "#27"},
				"east": {"uv": [0, 0, 7, 0.5], "rotation": 90, "texture": "#27"},
				"south": {"uv": [0, 0, 7, 0.5], "rotation": 90, "texture": "#27"},
				"west": {"uv": [0, 0, 7, 0.5], "rotation": 90, "texture": "#27"},
				"up": {"uv": [0, 0, 7, 0.5], "rotation": 90, "texture": "#27"},
				"down": {"uv": [0, 0, 7, 0.5], "rotation": 90, "texture": "#27"}
			}
		},
		{
			"name": "wall_e",
			"from": [3.5, -1.5, -6.625],
			"to": [6, 3.625, -6.125],
			"rotation": {"angle": 0, "axis": "y", "origin": [1.5, 1.25, -6.875]},
			"faces": {
				"north": {"uv": [0, 0, 16, 16], "texture": "#27"},
				"east": {"uv": [0.5, 0, 0.85714, 0.5], "texture": "#27"},
				"south": {"uv": [0.5, 0, 0.85714, 0.5], "texture": "#27"},
				"west": {"uv": [0.5, 0, 0.85714, 0.5], "texture": "#27"},
				"up": {"uv": [0, 0, 16, 1], "rotation": 90, "texture": "#27"},
				"down": {"uv": [0.5, 0, 0.85714, 0.5], "texture": "#27"}
			}
		},
		{
			"name": "wall_e",
			"from": [3.5, 3.625, -6.625],
			"to": [6, 6.625, -6.125],
			"rotation": {"angle": 0, "axis": "y", "origin": [1.5, 5.375, -6.875]},
			"faces": {
				"north": {"uv": [0, 0, 5, 8], "texture": "#29"},
				"east": {"uv": [0.5, 0, 0.85714, 0.5], "texture": "#27"},
				"south": {"uv": [11, 0, 16, 8], "texture": "#29"},
				"up": {"uv": [0.5, 0, 0.85714, 0.5], "texture": "#27"},
				"down": {"uv": [0.5, 0, 0.85714, 0.5], "texture": "#27"}
			}
		},
		{
			"name": "wall_e",
			"from": [3.05657, -1.5, -5.8406],
			"to": [3.55657, 3.625, -5.3406],
			"rotation": {"angle": 22.5, "axis": "y", "origin": [1.55657, 1.25, -6.0906]},
			"faces": {
				"north": {"uv": [0, 0, 16, 16], "texture": "#27"},
				"east": {"uv": [0.5, 0, 0.85714, 0.5], "texture": "#27"},
				"south": {"uv": [0.5, 0, 0.85714, 0.5], "texture": "#27"},
				"west": {"uv": [0.5, 0, 0.85714, 0.5], "texture": "#27"},
				"up": {"uv": [0, 0, 16, 1], "rotation": 90, "texture": "#27"},
				"down": {"uv": [0.5, 0, 0.85714, 0.5], "texture": "#27"}
			}
		},
		{
			"name": "wall_e",
			"from": [2.94707, -1.5, -4.94622],
			"to": [3.44707, 3.625, -4.44622],
			"rotation": {"angle": 45, "axis": "y", "origin": [1.44707, 1.25, -5.19622]},
			"faces": {
				"north": {"uv": [0.5, 0, 16, 16], "texture": "#27"},
				"east": {"uv": [0.5, 0, 0, 0.5], "texture": "#missing"},
				"south": {"uv": [0.5, 0, 0.85714, 0.5], "texture": "#27"},
				"west": {"uv": [0.5, 0, 0, 0.5], "texture": "#27"},
				"up": {"uv": [0, 0, 16, 1], "rotation": 90, "texture": "#27"},
				"down": {"uv": [0.5, 0, 0, 0.5], "rotation": 270, "texture": "#missing"}
			}
		},
		{
			"name": "wall_e",
			"from": [1.93817, -1.5, -6.32802],
			"to": [2.43817, 3.625, -5.57802],
			"rotation": {"angle": -22.5, "axis": "y", "origin": [1.68817, 1.25, -4.32802]},
			"faces": {
				"north": {"uv": [0.5, 0, 0, 0.5], "texture": "#missing"},
				"east": {"uv": [0.5, 0, 0.85714, 0.5], "texture": "#27"},
				"south": {"uv": [0.5, 0, 0, 0.5], "texture": "#missing"},
				"west": {"uv": [0, 0, 16, 16], "texture": "#27"},
				"up": {"uv": [0, 0, 16, 1], "rotation": 90, "texture": "#27"},
				"down": {"uv": [0.5, 0, 0, 0.5], "texture": "#missing"}
			}
		},
		{
			"name": "wall_e",
			"from": [3.05657, 6.625, -5.8406],
			"to": [3.55657, 7.625, -5.3406],
			"rotation": {"angle": 22.5, "axis": "y", "origin": [1.55657, 8.375, -6.0906]},
			"faces": {
				"north": {"uv": [0, 0, 16, 3], "texture": "#27"},
				"east": {"uv": [0.5, 0, 0.85714, 0.5], "texture": "#27"},
				"south": {"uv": [0.5, 0, 0.85714, 0.5], "texture": "#27"},
				"west": {"uv": [0.5, 0, 0.85714, 0.5], "texture": "#27"},
				"up": {"uv": [0.5, 0, 0.85714, 0.5], "texture": "#27"},
				"down": {"uv": [0.5, 0, 0.85714, 0.5], "texture": "#27"}
			}
		},
		{
			"name": "wall_e",
			"from": [2.94707, 6.625, -4.94622],
			"to": [3.44707, 7.625, -4.44622],
			"rotation": {"angle": 45, "axis": "y", "origin": [1.44707, 8.375, -5.19622]},
			"faces": {
				"north": {"uv": [0.5, 0, 16, 3], "texture": "#27"},
				"east": {"uv": [0.5, 0, 0, 0.5], "texture": "#missing"},
				"south": {"uv": [0.5, 0, 0.85714, 0.5], "texture": "#27"},
				"west": {"uv": [0.5, 0, 0, 0.5], "texture": "#27"},
				"up": {"uv": [0.5, 0, 0, 0.5], "rotation": 90, "texture": "#missing"},
				"down": {"uv": [0.5, 0, 0, 0.5], "rotation": 270, "texture": "#missing"}
			}
		},
		{
			"name": "wall_e",
			"from": [1.93817, 6.625, -6.32802],
			"to": [2.43817, 7.625, -5.57802],
			"rotation": {"angle": -22.5, "axis": "y", "origin": [1.68817, 8.375, -4.32802]},
			"faces": {
				"north": {"uv": [0.5, 0, 0, 3], "texture": "#missing"},
				"east": {"uv": [0.5, 0, 0.85714, 0.5], "texture": "#27"},
				"south": {"uv": [0.5, 0, 0, 0.5], "texture": "#missing"},
				"west": {"uv": [0, 0, 16, 3], "texture": "#27"},
				"up": {"uv": [0.5, 0, 0, 0.5], "texture": "#missing"},
				"down": {"uv": [0.5, 0, 0, 0.5], "texture": "#missing"}
			}
		},
		{
			"name": "wall_e",
			"from": [3.05657, 3.625, -5.8406],
			"to": [3.55657, 6.625, -5.3406],
			"rotation": {"angle": 22.5, "axis": "y", "origin": [1.55657, 5.375, -6.0906]},
			"faces": {
				"north": {"uv": [5, 0, 6, 8], "texture": "#29"},
				"south": {"uv": [10, 0, 11, 8], "texture": "#29"},
				"up": {"uv": [0.5, 0, 0.85714, 0.5], "texture": "#27"},
				"down": {"uv": [0.5, 0, 0.85714, 0.5], "texture": "#27"}
			}
		},
		{
			"name": "wall_e",
			"from": [2.94707, 3.625, -4.94622],
			"to": [3.44707, 6.625, -4.44622],
			"rotation": {"angle": 45, "axis": "y", "origin": [1.44707, 5.375, -5.19622]},
			"faces": {
				"north": {"uv": [6, 0, 7, 8], "texture": "#29"},
				"south": {"uv": [9, 0, 10, 8], "texture": "#29"},
				"up": {"uv": [0.5, 0, 0, 0.5], "rotation": 90, "texture": "#missing"},
				"down": {"uv": [0.5, 0, 0, 0.5], "rotation": 270, "texture": "#missing"}
			}
		},
		{
			"name": "wall_e",
			"from": [1.93817, 3.625, -6.32802],
			"to": [2.43817, 6.625, -5.57802],
			"rotation": {"angle": -22.5, "axis": "y", "origin": [1.68817, 5.375, -4.32802]},
			"faces": {
				"east": {"uv": [8, 0, 9, 8], "texture": "#29"},
				"west": {"uv": [7, 0, 8, 8], "texture": "#29"},
				"up": {"uv": [0.5, 0, 0, 0.5], "texture": "#missing"},
				"down": {"uv": [0.5, 0, 0, 0.5], "texture": "#missing"}
			}
		},
		{
			"name": "wall_e",
			"from": [10, 3.625, -6.625],
			"to": [12.5, 6.625, -6.125],
			"rotation": {"angle": 0, "axis": "y", "origin": [14.5, 5.375, -6.875]},
			"faces": {
				"north": {"uv": [3, 0, 8, 8], "texture": "#29"},
				"south": {"uv": [8, 0, 13, 8], "texture": "#29"},
				"west": {"uv": [0.85714, 0, 0.5, 0.5], "texture": "#27"},
				"up": {"uv": [0.85714, 0, 0.5, 0.5], "texture": "#27"},
				"down": {"uv": [0.85714, 0, 0.5, 0.5], "texture": "#27"}
			}
		},
		{
			"name": "wall_e",
			"from": [12.55293, 3.625, -4.94622],
			"to": [13.05293, 6.625, -4.44622],
			"rotation": {"angle": -45, "axis": "y", "origin": [14.55293, 5.375, -5.19622]},
			"faces": {
				"north": {"uv": [1, 0, 2, 8], "texture": "#29"},
				"south": {"uv": [14, 0, 15, 8], "texture": "#29"},
				"up": {"uv": [0.5, 0.5, 0, 0], "rotation": 90, "texture": "#missing"},
				"down": {"uv": [0.5, 0.5, 0, 0], "rotation": 270, "texture": "#missing"}
			}
		},
		{
			"name": "wall_e",
			"from": [12.44343, 3.625, -5.8406],
			"to": [12.94343, 6.625, -5.3406],
			"rotation": {"angle": -22.5, "axis": "y", "origin": [14.44343, 5.375, -6.0906]},
			"faces": {
				"north": {"uv": [2, 0, 3, 8], "texture": "#29"},
				"south": {"uv": [13, 0, 14, 8], "texture": "#29"},
				"up": {"uv": [0.85714, 0, 0.5, 0.5], "texture": "#27"},
				"down": {"uv": [0.85714, 0, 0.5, 0.5], "texture": "#27"}
			}
		},
		{
			"name": "wall_e",
			"from": [13.56183, 3.625, -6.32802],
			"to": [14.06183, 6.625, -5.57802],
			"rotation": {"angle": 22.5, "axis": "y", "origin": [14.31183, 5.375, -4.32802]},
			"faces": {
				"east": {"uv": [0, 0, 1, 8], "texture": "#29"},
				"west": {"uv": [15, 0, 16, 8], "texture": "#29"},
				"up": {"uv": [0, 0, 0.5, 0.5], "texture": "#missing"},
				"down": {"uv": [0, 0, 0.5, 0.5], "texture": "#missing"}
			}
		},
		{
			"name": "wall_e",
			"from": [6.5, -1, -6.625],
			"to": [9.5, 3, -6.375],
			"rotation": {"angle": 0, "axis": "y", "origin": [5, 1.25, -6.875]},
			"faces": {
				"north": {"uv": [0, 2, 16, 16], "texture": "#27"},
				"east": {"uv": [0.5, 0, 0.85714, 0.5], "texture": "#27"},
				"south": {"uv": [0.5, 0, 0.85714, 0.5], "texture": "#27"},
				"west": {"uv": [0.5, 0, 0.85714, 0.5], "texture": "#27"},
				"up": {"uv": [0, 0, 16, 1], "rotation": 90, "texture": "#27"},
				"down": {"uv": [0.5, 0, 0.85714, 0.5], "texture": "#27"}
			}
		},
		{
			"name": "wall_e",
			"from": [6.5, 3, -6.625],
			"to": [9.5, 6.125, -6.375],
			"rotation": {"angle": 0, "axis": "y", "origin": [5, 4.75, -6.875]},
			"faces": {
				"north": {"uv": [0, 0, 8, 8], "texture": "#29"},
				"east": {"uv": [0.5, 0, 0.85714, 0.5], "texture": "#27"},
				"south": {"uv": [8, 0, 16, 8], "texture": "#29"},
				"west": {"uv": [0.5, 0, 0.85714, 0.5], "texture": "#27"},
				"up": {"uv": [0.5, 0, 0.85714, 0.5], "texture": "#27"},
				"down": {"uv": [0.5, 0, 0.85714, 0.5], "texture": "#27"}
			}
		},
		{
			"name": "wall_e",
			"from": [10, -1.5, -6.625],
			"to": [12.5, 3.625, -6.125],
			"rotation": {"angle": 0, "axis": "y", "origin": [14.5, 1.25, -6.875]},
			"faces": {
				"north": {"uv": [0, 0, 16, 16], "texture": "#27"},
				"east": {"uv": [0.5, 0, 0.85714, 0.5], "texture": "#27"},
				"south": {"uv": [0.5, 0, 0.85714, 0.5], "texture": "#27"},
				"west": {"uv": [0.5, 0, 0.85714, 0.5], "texture": "#27"},
				"up": {"uv": [0, 0, 16, 1], "rotation": 90, "texture": "#27"},
				"down": {"uv": [0.5, 0, 0.85714, 0.5], "texture": "#27"}
			}
		},
		{
			"name": "wall_e",
			"from": [12.44343, -1.5, -5.8406],
			"to": [12.94343, 3.625, -5.3406],
			"rotation": {"angle": -22.5, "axis": "y", "origin": [14.44343, 1.25, -6.0906]},
			"faces": {
				"north": {"uv": [0, 0, 16, 16], "texture": "#27"},
				"east": {"uv": [0.5, 0, 0.85714, 0.5], "texture": "#27"},
				"south": {"uv": [0.5, 0, 0.85714, 0.5], "texture": "#27"},
				"west": {"uv": [0.5, 0, 0.85714, 0.5], "texture": "#27"},
				"up": {"uv": [0, 0, 16, 1], "rotation": 90, "texture": "#27"},
				"down": {"uv": [0.5, 0, 0.85714, 0.5], "texture": "#27"}
			}
		},
		{
			"name": "wall_e",
			"from": [12.55293, -1.5, -4.94622],
			"to": [13.05293, 3.625, -4.44622],
			"rotation": {"angle": -45, "axis": "y", "origin": [14.55293, 1.25, -5.19622]},
			"faces": {
				"north": {"uv": [0, 0, 16, 16], "texture": "#27"},
				"east": {"uv": [0, 0, 0.5, 0.5], "texture": "#missing"},
				"south": {"uv": [0.5, 0, 0.85714, 0.5], "texture": "#27"},
				"west": {"uv": [0, 0, 0.5, 0.5], "texture": "#missing"},
				"up": {"uv": [0, 0, 16, 1], "rotation": 90, "texture": "#27"},
				"down": {"uv": [0.5, 0.5, 0, 0], "rotation": 270, "texture": "#missing"}
			}
		},
		{
			"name": "wall_e",
			"from": [13.56183, -1.5, -6.32802],
			"to": [14.06183, 3.625, -5.57802],
			"rotation": {"angle": 22.5, "axis": "y", "origin": [14.31183, 1.25, -4.32802]},
			"faces": {
				"north": {"uv": [0, 0, 0.5, 0.5], "texture": "#missing"},
				"east": {"uv": [0, 0, 16, 16], "texture": "#27"},
				"south": {"uv": [0, 0, 0.5, 0.5], "texture": "#missing"},
				"west": {"uv": [0.5, 0, 0.85714, 0.5], "texture": "#27"},
				"up": {"uv": [0, 0, 16, 1], "rotation": 90, "texture": "#27"},
				"down": {"uv": [0, 0, 0.5, 0.5], "texture": "#missing"}
			}
		},
		{
			"name": "wall_e",
			"from": [13.56183, 6.625, -6.32802],
			"to": [14.06183, 7.625, -5.57802],
			"rotation": {"angle": 22.5, "axis": "y", "origin": [14.31183, 8.375, -4.32802]},
			"faces": {
				"north": {"uv": [0, 0, 0.5, 0.5], "texture": "#missing"},
				"east": {"uv": [0, 0, 16, 3], "texture": "#27"},
				"south": {"uv": [0, 0, 0.5, 0.5], "texture": "#missing"},
				"west": {"uv": [0.5, 0, 0.85714, 0.5], "texture": "#27"},
				"up": {"uv": [0, 0, 0.5, 0.5], "texture": "#missing"},
				"down": {"uv": [0, 0, 0.5, 0.5], "texture": "#missing"}
			}
		},
		{
			"name": "wall_e",
			"from": [12.55293, 6.625, -4.94622],
			"to": [13.05293, 7.625, -4.44622],
			"rotation": {"angle": -45, "axis": "y", "origin": [14.55293, 8.375, -5.19622]},
			"faces": {
				"north": {"uv": [0, 0, 16, 3], "texture": "#27"},
				"east": {"uv": [0, 0, 0.5, 0.5], "texture": "#missing"},
				"south": {"uv": [0.5, 0, 0.85714, 0.5], "texture": "#27"},
				"west": {"uv": [0, 0, 0.5, 0.5], "texture": "#missing"},
				"up": {"uv": [0.5, 0.5, 0, 0], "rotation": 90, "texture": "#missing"},
				"down": {"uv": [0.5, 0.5, 0, 0], "rotation": 270, "texture": "#missing"}
			}
		},
		{
			"name": "wall_e",
			"from": [12.44343, 6.625, -5.8406],
			"to": [12.94343, 7.625, -5.3406],
			"rotation": {"angle": -22.5, "axis": "y", "origin": [14.44343, 8.375, -6.0906]},
			"faces": {
				"north": {"uv": [0, 0, 16, 3], "texture": "#27"},
				"east": {"uv": [0.5, 0, 0.85714, 0.5], "texture": "#27"},
				"south": {"uv": [0.5, 0, 0.85714, 0.5], "texture": "#27"},
				"west": {"uv": [0.5, 0, 0.85714, 0.5], "texture": "#27"},
				"up": {"uv": [0.5, 0, 0.85714, 0.5], "texture": "#27"},
				"down": {"uv": [0.5, 0, 0.85714, 0.5], "texture": "#27"}
			}
		},
		{
			"name": "wall_e",
			"from": [6.5, 6.625, -6.625],
			"to": [12.5, 7.625, -6.125],
			"rotation": {"angle": 0, "axis": "y", "origin": [14.5, 8.375, -6.875]},
			"faces": {
				"north": {"uv": [0, 0, 16, 3], "texture": "#27"},
				"east": {"uv": [0.5, 0, 0.85714, 0.5], "texture": "#27"},
				"south": {"uv": [0.5, 0, 0.85714, 0.5], "texture": "#27"},
				"west": {"uv": [0.5, 0, 0.85714, 0.5], "texture": "#27"},
				"up": {"uv": [0.5, 0, 0.85714, 0.5], "texture": "#27"},
				"down": {"uv": [0.5, 0, 0.85714, 0.5], "texture": "#27"}
			}
		},
		{
			"name": "wall_e",
			"from": [3.5, 6.625, -6.625],
			"to": [6.5, 6.875, -6.125],
			"rotation": {"angle": 0, "axis": "y", "origin": [11.5, 8.375, -6.875]},
			"faces": {
				"north": {"uv": [0, 0, 16, 0.75], "texture": "#27"},
				"east": {"uv": [0.5, 0, 0.85714, 0.5], "texture": "#27"},
				"south": {"uv": [0.5, 0, 0.85714, 0.5], "texture": "#27"},
				"west": {"uv": [0.5, 0, 0.85714, 0.5], "texture": "#27"},
				"up": {"uv": [0.5, 0, 0.85714, 0.5], "texture": "#27"},
				"down": {"uv": [0.5, 0, 0.85714, 0.5], "texture": "#27"}
			}
		},
		{
			"name": "wall_e",
			"from": [3.5, 6.875, -6.375],
			"to": [6.5, 7.625, -6.125],
			"rotation": {"angle": 0, "axis": "y", "origin": [11.5, 8.375, -6.875]},
			"faces": {
				"north": {"uv": [0, 0, 16, 3], "texture": "#particle"},
				"east": {"uv": [0.5, 0, 0.85714, 0.5], "texture": "#27"},
				"south": {"uv": [0.5, 0, 0.85714, 0.5], "texture": "#27"},
				"west": {"uv": [0.5, 0, 0.85714, 0.5], "texture": "#27"},
				"up": {"uv": [0.5, 0, 0.85714, 0.5], "texture": "#27"},
				"down": {"uv": [0.5, 0, 0.85714, 0.5], "texture": "#27"}
			}
		},
		{
			"name": "front",
			"from": [13.125, -2.5, -5.5],
			"to": [13.625, 7.625, -5],
			"rotation": {"angle": 0, "axis": "y", "origin": [24.125, 2, -7]},
			"faces": {
				"north": {"uv": [0, 0, 7, 0.5], "rotation": 90, "texture": "#27"},
				"east": {"uv": [0, 0, 7, 0.5], "rotation": 90, "texture": "#27"},
				"south": {"uv": [0, 0, 7, 0.5], "rotation": 90, "texture": "#27"},
				"west": {"uv": [0, 0, 7, 0.5], "rotation": 90, "texture": "#27"},
				"up": {"uv": [0, 0, 7, 0.5], "rotation": 90, "texture": "#27"},
				"down": {"uv": [0, 0, 7, 0.5], "rotation": 90, "texture": "#27"}
			}
		},
		{
			"name": "roof_top",
			"from": [3.84373, 8.82318, -6.75],
			"to": [12.15623, 9.32318, 23],
			"rotation": {"angle": 0, "axis": "z", "origin": [7.99998, 9.07318, 8.5]},
			"faces": {
				"north": {"uv": [0.5, 0, 0, 0.5], "rotation": 90, "texture": "#30"},
				"east": {"uv": [0.5, 0, 0, 0.5], "rotation": 270, "texture": "#missing"},
				"south": {"uv": [0.5, 0, 0, 0.5], "rotation": 270, "texture": "#missing"},
				"west": {"uv": [0.5, 0, 0, 0.5], "rotation": 270, "texture": "#missing"},
				"up": {"uv": [0, 0, 16, 16], "rotation": 270, "texture": "#12"},
				"down": {"uv": [0.5, 0, 0, 0.5], "rotation": 270, "texture": "#missing"}
			}
		},
		{
			"name": "wall_w",
			"from": [2.99654, 8.55519, -6.75],
			"to": [3.99654, 9.05519, 23],
			"rotation": {"angle": 22.5, "axis": "z", "origin": [3.24654, 8.80519, 8.5]},
			"faces": {
				"north": {"uv": [0.5, 0.5, 0, 0], "rotation": 90, "texture": "#30"},
				"east": {"uv": [0.5, 0.5, 0, 0], "rotation": 270, "texture": "#missing"},
				"south": {"uv": [0.5, 0.5, 0, 0], "rotation": 270, "texture": "#missing"},
				"west": {"uv": [0.5, 0.5, 0, 0], "rotation": 270, "texture": "#missing"},
				"up": {"uv": [16, 3, 15, 0], "rotation": 270, "texture": "#27"},
				"down": {"uv": [0.5, 0.5, 0, 0], "rotation": 270, "texture": "#missing"}
			}
		},
		{
			"name": "wall_w",
			"from": [2.6699, 8.33694, -6.75],
			"to": [3.1699, 8.83694, 23],
			"rotation": {"angle": -45, "axis": "z", "origin": [2.9199, 8.58694, 8.5]},
			"faces": {
				"north": {"uv": [0, 0, 0.5, 0.5], "texture": "#30"},
				"east": {"uv": [0, 0, 0.5, 0.5], "texture": "#missing"},
				"south": {"uv": [0, 0, 0.5, 0.5], "texture": "#missing"},
				"west": {"uv": [15, 0, 16, 3], "texture": "#27"},
				"up": {"uv": [0, 0, 0.5, 0.5], "texture": "#missing"},
				"down": {"uv": [0, 0, 0.5, 0.5], "texture": "#missing"}
			}
		},
		{
			"name": "wall_w",
			"from": [2.45164, 8.0103, -6.75],
			"to": [2.95164, 8.5103, 23],
			"rotation": {"angle": -22.5, "axis": "z", "origin": [2.70164, 8.2603, 8.5]},
			"faces": {
				"north": {"uv": [0, 0, 0.5, 0.5], "texture": "#30"},
				"east": {"uv": [0, 0, 0.5, 0.5], "texture": "#missing"},
				"south": {"uv": [0, 0, 0.5, 0.5], "texture": "#missing"},
				"west": {"uv": [15, 0, 16, 3], "texture": "#27"},
				"up": {"uv": [0, 0, 0.5, 0.5], "texture": "#missing"},
				"down": {"uv": [0, 0, 0.5, 0.5], "texture": "#missing"}
			}
		},
		{
			"name": "wall_w",
			"from": [2.375, 7.625, -6.75],
			"to": [2.875, 8.125, 23],
			"rotation": {"angle": 0, "axis": "y", "origin": [3.125, 4.875, 11.5]},
			"faces": {
				"north": {"uv": [0, 0, 0.5, 0.5], "texture": "#30"},
				"east": {"uv": [0, 0, 0.5, 0.5], "texture": "#missing"},
				"south": {"uv": [0, 0, 0.5, 0.5], "texture": "#missing"},
				"west": {"uv": [15, 0, 16, 3], "texture": "#27"},
				"up": {"uv": [0, 0, 0.5, 0.5], "texture": "#missing"},
				"down": {"uv": [0, 0, 0.5, 0.5], "texture": "#27"}
			}
		},
		{
			"name": "wall_w",
			"from": [12.00346, 8.55519, -6.75],
			"to": [13.00346, 9.05519, 23],
			"rotation": {"angle": -22.5, "axis": "z", "origin": [12.75346, 8.80519, 8.5]},
			"faces": {
				"north": {"uv": [0.5, 0, 0, 0.5], "rotation": 90, "texture": "#30"},
				"east": {"uv": [0.5, 0, 0, 0.5], "rotation": 270, "texture": "#missing"},
				"south": {"uv": [0.5, 0, 0, 0.5], "rotation": 270, "texture": "#missing"},
				"west": {"uv": [0.5, 0, 0, 0.5], "rotation": 270, "texture": "#missing"},
				"up": {"uv": [16, 0, 15, 3], "rotation": 270, "texture": "#27"},
				"down": {"uv": [0.5, 0, 0, 0.5], "rotation": 270, "texture": "#missing"}
			}
		},
		{
			"name": "wall_w",
			"from": [12.8301, 8.33694, -6.75],
			"to": [13.3301, 8.83694, 23],
			"rotation": {"angle": 45, "axis": "z", "origin": [13.0801, 8.58694, 8.5]},
			"faces": {
				"north": {"uv": [0.5, 0, 0, 0.5], "texture": "#30"},
				"east": {"uv": [16, 0, 15, 3], "texture": "#27"},
				"south": {"uv": [0.5, 0, 0, 0.5], "texture": "#missing"},
				"west": {"uv": [0.5, 0, 0, 0.5], "texture": "#missing"},
				"up": {"uv": [0.5, 0, 0, 0.5], "texture": "#missing"},
				"down": {"uv": [0.5, 0, 0, 0.5], "texture": "#missing"}
			}
		},
		{
			"name": "wall_w",
			"from": [13.04836, 8.0103, -6.75],
			"to": [13.54836, 8.5103, 23],
			"rotation": {"angle": 22.5, "axis": "z", "origin": [13.29836, 8.2603, 8.5]},
			"faces": {
				"north": {"uv": [0.5, 0, 0, 0.5], "texture": "#30"},
				"east": {"uv": [16, 0, 15, 3], "texture": "#27"},
				"south": {"uv": [0.5, 0, 0, 0.5], "texture": "#missing"},
				"west": {"uv": [0.5, 0, 0, 0.5], "texture": "#missing"},
				"up": {"uv": [0.5, 0, 0, 0.5], "texture": "#missing"},
				"down": {"uv": [0.5, 0, 0, 0.5], "texture": "#missing"}
			}
		},
		{
			"name": "wall_w",
			"from": [13.125, 7.625, -6.75],
			"to": [13.625, 8.125, 23],
			"rotation": {"angle": 0, "axis": "y", "origin": [12.875, 4.875, 11.5]},
			"faces": {
				"north": {"uv": [0.5, 0, 0, 0.5], "texture": "#30"},
				"east": {"uv": [16, 0, 15, 3], "texture": "#27"},
				"south": {"uv": [0.5, 0, 0, 0.5], "texture": "#missing"},
				"west": {"uv": [0.5, 0, 0, 0.5], "texture": "#missing"},
				"up": {"uv": [0.5, 0, 0, 0.5], "texture": "#missing"},
				"down": {"uv": [0.5, 0, 0, 0.5], "texture": "#27"}
			}
		},
		{
			"name": "front",
			"from": [2.5, 7.625, -6.75],
			"to": [13.5, 8.125, -5.25],
			"rotation": {"angle": 0, "axis": "y", "origin": [-1.5, 1.25, -8.75]},
			"faces": {
				"north": {"uv": [0, 0, 3, 0.5], "texture": "#30"},
				"east": {"uv": [0, 0, 3, 0.5], "texture": "#27"},
				"south": {"uv": [0, 0, 3, 0.5], "texture": "#27"},
				"west": {"uv": [0, 0, 3, 0.5], "texture": "#27"},
				"up": {"uv": [0, 0, 3, 0.5], "texture": "#27"},
				"down": {"uv": [0, 0, 3, 0.5], "texture": "#27"}
			}
		},
		{
			"name": "front",
			"from": [2.875, 8.125, -6.725],
			"to": [13.125, 8.875, -5.225],
			"rotation": {"angle": 0, "axis": "y", "origin": [-1.5, 1.25, -8.725]},
			"faces": {
				"north": {"uv": [1, 3.5, 15, 5.5], "texture": "#30"},
				"east": {"uv": [0, 0, 3, 0.5], "texture": "#27"},
				"south": {"uv": [0, 0, 3, 0.5], "texture": "#27"},
				"west": {"uv": [0, 0, 3, 0.5], "texture": "#27"},
				"up": {"uv": [0, 0, 3, 0.5], "texture": "#27"},
				"down": {"uv": [0, 0, 3, 0.5], "texture": "#27"}
			}
		}
	],
	"groups": [
		{
			"name": "frame",
			"origin": [8, 8, 8],
			"color": 0,
			"children": [0, 1, 2, 3, 4, 5, 6, 7, 8, 9, 10, 11, 12, 13, 14]
		},
		{
			"name": "wall_w",
			"origin": [3.125, -0.625, 8],
			"color": 0,
			"children": [15, 16, 17, 18, 19, 20, 21, 22, 23, 24, 25, 26, 27, 28, 29, 30, 31, 32, 33, 34, 35, 36, 37, 38, 39, 40, 41]
		},
		{
			"name": "wall_e",
			"origin": [3.125, -0.625, 8],
			"color": 0,
			"children": [42, 43, 44]
		},
		{
			"name": "wall_n",
			"origin": [8, 8, 8],
			"color": 0,
			"children": [45, 46, 47, 48, 49, 50, 51, 52, 53, 54, 55, 56, 57, 58, 59, 60, 61, 62, 63, 64, 65, 66, 67, 68, 69, 70, 71, 72, 73, 74, 75, 76, 77, 78, 79, 80, 81, 82]
		},
		{
			"name": "roof",
			"origin": [7.99998, 11.57318, 8.5],
			"color": 0,
			"children": [83, 84, 85, 86, 87, 88, 89, 90, 91, 92, 93]
		}
	]
}