{
	"format_version": "1.21.6",
	"credit": "Made with Blockbench",
	"textures": {
		"20": "block/lipan/lili_midori/lpn_midori_bmpz_door_fr",
		"particle": "block/lipan/lili/lili_black_rubber"
	},
	"elements": [
		{
			"from": [2.25, 0.005, -13.75],
			"to": [2.375, 3.13, -9.75],
			"rotation": {"angle": 0, "axis": "y", "origin": [13.75, 0.005, -28.75]},
			"faces": {
				"north": {"uv": [10, 8, 10.125, 11.125], "texture": "#20"},
				"east": {"uv": [0, 0, 4, 3.125], "texture": "#20"},
				"south": {"uv": [11, 0, 11.125, 3.125], "texture": "#20"},
				"west": {"uv": [0, 4, 4, 7.125], "texture": "#20"},
				"up": {"uv": [8.125, 8, 8, 4], "texture": "#20"},
				"down": {"uv": [5.125, 8, 5, 12], "texture": "#20"}
			}
		},
		{
			"from": [2.25, 3.13, -13.75],
			"to": [2.375, 6.755, -13.25],
			"rotation": {"angle": 0, "axis": "y", "origin": [13.75, 3.63, -28.75]},
			"faces": {
				"north": {"uv": [6, 8, 6.125, 11.625], "texture": "#20"},
				"east": {"uv": [7, 4, 7.5, 7.625], "texture": "#20"},
				"south": {"uv": [7, 8, 7.125, 11.625], "texture": "#20"},
				"west": {"uv": [0, 8, 0.5, 11.625], "texture": "#20"},
				"up": {"uv": [12.125, 0.5, 12, 0], "texture": "#20"},
				"down": {"uv": [1.125, 12, 1, 12.5], "texture": "#20"}
			}
		},
		{
			"from": [2.25, 3.13, -10.25],
			"to": [2.375, 6.755, -9.75],
			"rotation": {"angle": 0, "axis": "y", "origin": [13.75, 3.63, -25.25]},
			"faces": {
				"north": {"uv": [8, 8, 8.125, 11.625], "texture": "#20"},
				"east": {"uv": [1, 8, 1.5, 11.625], "texture": "#20"},
				"south": {"uv": [9, 4, 9.125, 7.625], "texture": "#20"},
				"west": {"uv": [2, 8, 2.5, 11.625], "texture": "#20"},
				"up": {"uv": [12.125, 1.5, 12, 1], "texture": "#20"},
				"down": {"uv": [2.125, 12, 2, 12.5], "texture": "#20"}
			}
		},
		{
			"from": [2.25, 3.13, -13.25],
			"to": [2.375, 6.755, -10.25],
			"rotation": {"angle": 0, "axis": "y", "origin": [13.75, 3.63, -28.25]},
			"faces": {
				"north": {"uv": [9, 8, 9.125, 11.625], "texture": "#20"},
				"east": {"uv": [4, 0, 7, 3.625], "texture": "#20"},
				"south": {"uv": [10, 4, 10.125, 7.625], "texture": "#20"},
				"west": {"uv": [4, 4, 7, 7.625], "texture": "#20"},
				"up": {"uv": [11.125, 7, 11, 4], "texture": "#20"},
				"down": {"uv": [11.125, 7, 11, 10], "texture": "#20"}
			}
		},
		{
			"from": [2.25, 6.755, -13.75],
			"to": [2.375, 8.005, -9.75],
			"rotation": {"angle": 0, "axis": "y", "origin": [13.75, 4.88, -28.75]},
			"faces": {
				"north": {"uv": [11, 10, 11.125, 11.25], "texture": "#20"},
				"east": {"uv": [7, 0, 11, 1.25], "texture": "#20"},
				"south": {"uv": [0, 12, 0.125, 13.25], "texture": "#20"},
				"west": {"uv": [7, 2, 11, 3.25], "texture": "#20"},
				"up": {"uv": [3.125, 12, 3, 8], "texture": "#20"},
				"down": {"uv": [4.125, 8, 4, 12], "texture": "#20"}
			}
		}
	],
	"groups": [
		{
			"name": "Carriage",
			"origin": [20, -4, -9],
			"color": 0,
			"children": [
				{
					"name": "Frame",
					"origin": [5.8, -5, -9],
					"color": 0,
					"children": [
						{
							"name": "Underframe",
							"origin": [5.8, -5, -9],
							"color": 0,
							"children": [
								{
									"name": "Hook",
									"origin": [5.8, -5, -9],
									"color": 0,
									"children": []
								},
								{
									"name": "Hook",
									"origin": [5.8, -5, -18.7],
									"color": 0,
									"children": []
								},
								{
									"name": "Hook",
									"origin": [5.8, -5, -9],
									"color": 0,
									"children": []
								},
								{
									"name": "Hook",
									"origin": [5.8, -5, -18.7],
									"color": 0,
									"children": []
								},
								{
									"name": "Pins",
									"origin": [5.8, -5, -9],
									"color": 0,
									"children": []
								}
							]
						}
					]
				},
				{
					"name": "Couplings",
					"origin": [5.8, -5, -9],
					"color": 0,
					"children": [
						{
							"name": "Gangways",
							"origin": [10.4, 8, 9],
							"color": 0,
							"children": [
								{
									"name": "GangwayF",
									"origin": [10.4, 8, 9],
									"color": 0,
									"children": [
										{
											"name": "TubeT",
											"origin": [10.4, 8, 9],
											"color": 0,
											"children": []
										},
										{
											"name": "TubeL",
											"origin": [10.4, 8, 9],
											"color": 0,
											"children": []
										},
										{
											"name": "TubeR",
											"origin": [10.4, 8, 9],
											"color": 0,
											"children": []
										},
										{
											"name": "Plate",
											"origin": [10.4, 8, 9],
											"color": 0,
											"children": []
										}
									]
								},
								{
									"name": "GangwayB",
									"origin": [10.4, 8, 9],
									"color": 0,
									"children": [
										{
											"name": "TubeT",
											"origin": [10.4, 8, 9],
											"color": 0,
											"children": []
										},
										{
											"name": "TubeL",
											"origin": [10.4, 8, 9],
											"color": 0,
											"children": []
										},
										{
											"name": "TubeR",
											"origin": [10.4, 8, 9],
											"color": 0,
											"children": []
										},
										{
											"name": "Plate",
											"origin": [10.4, 8, 9],
											"color": 0,
											"children": []
										}
									]
								}
							]
						},
						{
							"name": "Buffers",
							"origin": [10.4, 8, 9],
							"color": 0,
							"children": [
								{
									"name": "BuffersF",
									"origin": [10.4, 8, 9],
									"color": 0,
									"children": [
										{
											"name": "BufferL",
											"origin": [19.4, -11, -13],
											"color": 0,
											"children": []
										},
										{
											"name": "BufferR",
											"origin": [-12.6, -11, -13],
											"color": 0,
											"children": []
										}
									]
								},
								{
									"name": "BuffersB",
									"origin": [10.4, 8, 9],
									"color": 0,
									"children": [
										{
											"name": "BufferL",
											"origin": [19.4, -11, -13],
											"color": 0,
											"children": []
										},
										{
											"name": "BufferR",
											"origin": [-12.6, -11, -13],
											"color": 0,
											"children": []
										}
									]
								}
							]
						},
						{
							"name": "Airpipes",
							"origin": [10.4, 8, 9],
							"color": 0,
							"children": [
								{
									"name": "AirpipesF",
									"origin": [10.4, 8, 9],
									"color": 0,
									"children": [
										{
											"name": "AirPipe",
											"origin": [4.6, 2.4, 8.7],
											"color": 0,
											"children": []
										},
										{
											"name": "AirPipe",
											"origin": [4.6, 2.4, 8.7],
											"color": 0,
											"children": []
										},
										{
											"name": "AirPipe",
											"origin": [4.6, 2.4, 8.7],
											"color": 0,
											"children": []
										},
										{
											"name": "AirPipe",
											"origin": [4.6, 2.4, 8.7],
											"color": 0,
											"children": []
										}
									]
								},
								{
									"name": "AirpipesB",
									"origin": [10.4, 8, 9],
									"color": 0,
									"children": [
										{
											"name": "AirPipe",
											"origin": [4.6, 2.4, 8.7],
											"color": 0,
											"children": []
										},
										{
											"name": "AirPipe",
											"origin": [4.6, 2.4, 8.7],
											"color": 0,
											"children": []
										},
										{
											"name": "AirPipe",
											"origin": [4.6, 2.4, 8.7],
											"color": 0,
											"children": []
										},
										{
											"name": "AirPipe",
											"origin": [4.6, 2.4, 8.7],
											"color": 0,
											"children": []
										}
									]
								}
							]
						}
					]
				},
				{
					"name": "Busbar",
					"origin": [10.4, 8, 9],
					"color": 0,
					"children": [
						{
							"name": "ElectricalF",
							"origin": [14.4, -5.3, -13],
							"color": 0,
							"children": []
						},
						{
							"name": "ElectricalB",
							"origin": [14.4, -5.3, -13],
							"color": 0,
							"children": []
						}
					]
				},
				{
					"name": "Windows",
					"origin": [13.75, 3.13, -14.5],
					"color": 0,
					"children": []
				},
				{
					"name": "Body",
					"origin": [10.4, 8, 9],
					"color": 0,
					"children": [
						{
							"name": "Roof",
							"origin": [10.4, 8, 9],
							"color": 0,
							"children": []
						},
						{
							"name": "F",
							"origin": [10.4, 8, 9],
							"color": 0,
							"children": []
						},
						{
							"name": "B",
							"origin": [10.4, 8, 9],
							"color": 0,
							"children": []
						},
						{
							"name": "WR",
							"origin": [10.4, 8, 9],
							"color": 0,
							"children": []
						},
						{
							"name": "WL",
							"origin": [10.4, 8, 9],
							"color": 0,
							"children": []
						},
						{
							"name": "VestibuleDividerF",
							"origin": [10.4, 8, 9],
							"color": 0,
							"children": []
						},
						{
							"name": "VestibuleDividerB",
							"origin": [10.4, 8, 9],
							"color": 0,
							"children": []
						},
						{
							"name": "Toilet Divider",
							"origin": [10.4, 8, 9],
							"color": 0,
							"children": []
						},
						{
							"name": "Gutters",
							"origin": [10.4, 8, 9],
							"color": 0,
							"children": []
						}
					]
				},
				{
					"name": "Doors",
					"origin": [15, -4, -9],
					"color": 0,
					"children": [
						{
							"name": "Door",
							"origin": [10.4, 8, 9],
							"color": 0,
							"children": [0, 1, 2, 3, 4]
						},
						{
							"name": "Door",
							"origin": [10.4, 8, 9],
							"color": 0,
							"children": []
						},
						{
							"name": "Door",
							"origin": [10.4, 8, 9],
							"color": 0,
							"children": []
						},
						{
							"name": "Door",
							"origin": [10.4, 8, 9],
							"color": 0,
							"children": []
						},
						{
							"name": "ToiletDoor",
							"origin": [18.2, -4, 18.9],
							"color": 0,
							"children": []
						},
						{
							"name": "SaloonDoor",
							"origin": [15, -4, -9],
							"color": 0,
							"children": []
						},
						{
							"name": "SaloonDoorC",
							"origin": [15, -4, -9],
							"color": 0,
							"children": []
						},
						{
							"name": "GangwayDoorSet",
							"origin": [2.6, -10, -12.7],
							"color": 0,
							"children": [
								{
									"name": "GangwayDoor",
									"origin": [2.6, -10, -12.7],
									"color": 0,
									"children": []
								},
								{
									"name": "GangwayDoor",
									"origin": [2.6, -10, -12.7],
									"color": 0,
									"children": []
								}
							]
						},
						{
							"name": "GangwayDoorSet",
							"origin": [2.6, -10, -12.7],
							"color": 0,
							"children": [
								{
									"name": "GangwayDoor",
									"origin": [2.6, -10, -12.7],
									"color": 0,
									"children": []
								},
								{
									"name": "GangwayDoor",
									"origin": [2.6, -10, -12.7],
									"color": 0,
									"children": []
								}
							]
						}
					]
				},
				{
					"name": "Interior",
					"origin": [10.4, 8, 9],
					"color": 0,
					"children": [
						{
							"name": "Saloon",
							"origin": [10.4, 8, 9],
							"color": 0,
							"children": [
								{
									"name": "Tables",
									"origin": [10.4, 8, 9],
									"color": 0,
									"children": [
										{
											"name": "Table",
											"origin": [10.4, 8, 9],
											"color": 0,
											"children": []
										},
										{
											"name": "Table",
											"origin": [10.4, 8, 9],
											"color": 0,
											"children": []
										}
									]
								},
								{
									"name": "Seats",
									"origin": [17.02, 4.5, 17.9],
									"color": 0,
									"children": [
										{
											"name": "RowsF",
											"origin": [17.02, 4.5, 17.9],
											"color": 0,
											"children": [
												{
													"name": "Row",
													"origin": [17.02, 4.5, 17.9],
													"color": 0,
													"children": [
														{
															"name": "SeatPair",
															"origin": [17.02, 4.5, 17.9],
															"color": 0,
															"children": [
																{
																	"name": "Seat",
																	"origin": [17.02, 4.5, 17.9],
																	"color": 0,
																	"children": []
																},
																{
																	"name": "Seat",
																	"origin": [17.02, 4.5, 17.9],
																	"color": 0,
																	"children": []
																},
																{
																	"name": "Armrests",
																	"origin": [10.4, 8, 9],
																	"color": 0,
																	"children": []
																},
																{
																	"name": "Support",
																	"origin": [17.02, 4.5, 17.9],
																	"color": 0,
																	"children": []
																}
															]
														}
													]
												},
												{
													"name": "Row",
													"origin": [17.02, 4.5, 17.9],
													"color": 0,
													"children": [
														{
															"name": "SeatPair",
															"origin": [17.02, 4.5, 17.9],
															"color": 0,
															"children": [
																{
																	"name": "Seat",
																	"origin": [17.02, 4.5, 17.9],
																	"color": 0,
																	"children": []
																},
																{
																	"name": "Seat",
																	"origin": [17.02, 4.5, 17.9],
																	"color": 0,
																	"children": []
																},
																{
																	"name": "Armrests",
																	"origin": [10.4, 8, 9],
																	"color": 0,
																	"children": []
																},
																{
																	"name": "Support",
																	"origin": [17.02, 4.5, 17.9],
																	"color": 0,
																	"children": []
																}
															]
														}
													]
												},
												{
													"name": "Row",
													"origin": [17.02, 4.5, 17.9],
													"color": 0,
													"children": [
														{
															"name": "SeatPair",
															"origin": [17.02, 4.5, 17.9],
															"color": 0,
															"children": [
																{
																	"name": "Seat",
																	"origin": [17.02, 4.5, 17.9],
																	"color": 0,
																	"children": []
																},
																{
																	"name": "Seat",
																	"origin": [17.02, 4.5, 17.9],
																	"color": 0,
																	"children": []
																},
																{
																	"name": "Armrests",
																	"origin": [10.4, 8, 9],
																	"color": 0,
																	"children": []
																},
																{
																	"name": "Support",
																	"origin": [17.02, 4.5, 17.9],
																	"color": 0,
																	"children": []
																}
															]
														},
														{
															"name": "SeatPair",
															"origin": [17.02, 4.5, 17.9],
															"color": 0,
															"children": [
																{
																	"name": "Seat",
																	"origin": [17.02, 4.5, 17.9],
																	"color": 0,
																	"children": []
																},
																{
																	"name": "Seat",
																	"origin": [17.02, 4.5, 17.9],
																	"color": 0,
																	"children": []
																},
																{
																	"name": "Armrests",
																	"origin": [10.4, 8, 9],
																	"color": 0,
																	"children": []
																},
																{
																	"name": "Support",
																	"origin": [17.02, 4.5, 17.9],
																	"color": 0,
																	"children": []
																}
															]
														}
													]
												},
												{
													"name": "Row",
													"origin": [17.02, 4.5, 17.9],
													"color": 0,
													"children": [
														{
															"name": "SeatPair",
															"origin": [17.02, 4.5, 17.9],
															"color": 0,
															"children": [
																{
																	"name": "Seat",
																	"origin": [17.02, 4.5, 17.9],
																	"color": 0,
																	"children": []
																},
																{
																	"name": "Seat",
																	"origin": [17.02, 4.5, 17.9],
																	"color": 0,
																	"children": []
																},
																{
																	"name": "Armrests",
																	"origin": [10.4, 8, 9],
																	"color": 0,
																	"children": []
																},
																{
																	"name": "Support",
																	"origin": [17.02, 4.5, 17.9],
																	"color": 0,
																	"children": []
																}
															]
														},
														{
															"name": "SeatPair",
															"origin": [17.02, 4.5, 17.9],
															"color": 0,
															"children": [
																{
																	"name": "Seat",
																	"origin": [17.02, 4.5, 17.9],
																	"color": 0,
																	"children": []
																},
																{
																	"name": "Seat",
																	"origin": [17.02, 4.5, 17.9],
																	"color": 0,
																	"children": []
																},
																{
																	"name": "Armrests",
																	"origin": [10.4, 8, 9],
																	"color": 0,
																	"children": []
																},
																{
																	"name": "Support",
																	"origin": [17.02, 4.5, 17.9],
																	"color": 0,
																	"children": []
																}
															]
														}
													]
												},
												{
													"name": "Row",
													"origin": [17.02, 4.5, 17.9],
													"color": 0,
													"children": [
														{
															"name": "SeatPair",
															"origin": [17.02, 4.5, 17.9],
															"color": 0,
															"children": [
																{
																	"name": "Seat",
																	"origin": [17.02, 4.5, 17.9],
																	"color": 0,
																	"children": []
																},
																{
																	"name": "Seat",
																	"origin": [17.02, 4.5, 17.9],
																	"color": 0,
																	"children": []
																},
																{
																	"name": "Armrests",
																	"origin": [10.4, 8, 9],
																	"color": 0,
																	"children": []
																},
																{
																	"name": "Support",
																	"origin": [17.02, 4.5, 17.9],
																	"color": 0,
																	"children": []
																}
															]
														},
														{
															"name": "SeatPair",
															"origin": [17.02, 4.5, 17.9],
															"color": 0,
															"children": [
																{
																	"name": "Seat",
																	"origin": [17.02, 4.5, 17.9],
																	"color": 0,
																	"children": []
																},
																{
																	"name": "Seat",
																	"origin": [17.02, 4.5, 17.9],
																	"color": 0,
																	"children": []
																},
																{
																	"name": "Armrests",
																	"origin": [10.4, 8, 9],
																	"color": 0,
																	"children": []
																},
																{
																	"name": "Support",
																	"origin": [17.02, 4.5, 17.9],
																	"color": 0,
																	"children": []
																}
															]
														}
													]
												}
											]
										},
										{
											"name": "RowsB",
											"origin": [17.02, 4.5, 17.9],
											"color": 0,
											"children": [
												{
													"name": "Row",
													"origin": [17.02, 4.5, 17.9],
													"color": 0,
													"children": [
														{
															"name": "SeatPair",
															"origin": [17.02, 4.5, 17.9],
															"color": 0,
															"children": [
																{
																	"name": "Seat",
																	"origin": [17.02, 4.5, 17.9],
																	"color": 0,
																	"children": []
																},
																{
																	"name": "Armrests",
																	"origin": [10.4, 8, 9],
																	"color": 0,
																	"children": []
																},
																{
																	"name": "Support",
																	"origin": [17.02, 4.5, 17.9],
																	"color": 0,
																	"children": []
																}
															]
														},
														{
															"name": "Railing",
															"origin": [17.02, 4.5, 17.9],
															"color": 0,
															"children": []
														}
													]
												},
												{
													"name": "Row",
													"origin": [17.02, 4.5, 17.9],
													"color": 0,
													"children": [
														{
															"name": "SeatPair",
															"origin": [17.02, 4.5, 17.9],
															"color": 0,
															"children": [
																{
																	"name": "Seat",
																	"origin": [17.02, 4.5, 17.9],
																	"color": 0,
																	"children": []
																},
																{
																	"name": "Seat",
																	"origin": [17.02, 4.5, 17.9],
																	"color": 0,
																	"children": []
																},
																{
																	"name": "Armrests",
																	"origin": [10.4, 8, 9],
																	"color": 0,
																	"children": []
																},
																{
																	"name": "Support",
																	"origin": [17.02, 4.5, 17.9],
																	"color": 0,
																	"children": []
																}
															]
														},
														{
															"name": "SeatPair",
															"origin": [17.02, 4.5, 17.9],
															"color": 0,
															"children": [
																{
																	"name": "Seat",
																	"origin": [17.02, 4.5, 17.9],
																	"color": 0,
																	"children": []
																},
																{
																	"name": "Seat",
																	"origin": [17.02, 4.5, 17.9],
																	"color": 0,
																	"children": []
																},
																{
																	"name": "Armrests",
																	"origin": [10.4, 8, 9],
																	"color": 0,
																	"children": []
																},
																{
																	"name": "Support",
																	"origin": [17.02, 4.5, 17.9],
																	"color": 0,
																	"children": []
																}
															]
														}
													]
												},
												{
													"name": "Row",
													"origin": [17.02, 4.5, 17.9],
													"color": 0,
													"children": [
														{
															"name": "SeatPair",
															"origin": [17.02, 4.5, 17.9],
															"color": 0,
															"children": [
																{
																	"name": "Seat",
																	"origin": [17.02, 4.5, 17.9],
																	"color": 0,
																	"children": []
																},
																{
																	"name": "Seat",
																	"origin": [17.02, 4.5, 17.9],
																	"color": 0,
																	"children": []
																},
																{
																	"name": "Armrests",
																	"origin": [10.4, 8, 9],
																	"color": 0,
																	"children": []
																},
																{
																	"name": "Support",
																	"origin": [17.02, 4.5, 17.9],
																	"color": 0,
																	"children": []
																}
															]
														},
														{
															"name": "SeatPair",
															"origin": [17.02, 4.5, 17.9],
															"color": 0,
															"children": [
																{
																	"name": "Seat",
																	"origin": [17.02, 4.5, 17.9],
																	"color": 0,
																	"children": []
																},
																{
																	"name": "Seat",
																	"origin": [17.02, 4.5, 17.9],
																	"color": 0,
																	"children": []
																},
																{
																	"name": "Armrests",
																	"origin": [10.4, 8, 9],
																	"color": 0,
																	"children": []
																},
																{
																	"name": "Support",
																	"origin": [17.02, 4.5, 17.9],
																	"color": 0,
																	"children": []
																}
															]
														}
													]
												},
												{
													"name": "Row",
													"origin": [17.02, 4.5, 17.9],
													"color": 0,
													"children": [
														{
															"name": "SeatPair",
															"origin": [17.02, 4.5, 17.9],
															"color": 0,
															"children": [
																{
																	"name": "Seat",
																	"origin": [17.02, 4.5, 17.9],
																	"color": 0,
																	"children": []
																},
																{
																	"name": "Seat",
																	"origin": [17.02, 4.5, 17.9],
																	"color": 0,
																	"children": []
																},
																{
																	"name": "Armrests",
																	"origin": [10.4, 8, 9],
																	"color": 0,
																	"children": []
																},
																{
																	"name": "Support",
																	"origin": [17.02, 4.5, 17.9],
																	"color": 0,
																	"children": []
																}
															]
														},
														{
															"name": "SeatPair",
															"origin": [17.02, 4.5, 17.9],
															"color": 0,
															"children": [
																{
																	"name": "Seat",
																	"origin": [17.02, 4.5, 17.9],
																	"color": 0,
																	"children": []
																},
																{
																	"name": "Seat",
																	"origin": [17.02, 4.5, 17.9],
																	"color": 0,
																	"children": []
																},
																{
																	"name": "Armrests",
																	"origin": [10.4, 8, 9],
																	"color": 0,
																	"children": []
																},
																{
																	"name": "Support",
																	"origin": [17.02, 4.5, 17.9],
																	"color": 0,
																	"children": []
																}
															]
														}
													]
												}
											]
										}
									]
								},
								{
									"name": "LugguageRacks",
									"origin": [10.4, 8, 9],
									"color": 0,
									"children": [
										{
											"name": "RackL",
											"origin": [4.3, -0.5, -9],
											"color": 0,
											"children": []
										},
										{
											"name": "RackR",
											"origin": [4.3, -0.5, -9],
											"color": 0,
											"children": []
										},
										{
											"name": "group",
											"origin": [10.4, 8, 9],
											"color": 0,
											"children": []
										},
										{
											"name": "group",
											"origin": [10.4, 8, 9],
											"color": 0,
											"children": []
										}
									]
								}
							]
						},
						{
							"name": "WC",
							"origin": [10.4, 8, 9],
							"color": 0,
							"children": [
								{
									"name": "Railing",
									"origin": [15, -1.5, 10.8],
									"color": 0,
									"children": []
								},
								{
									"name": "Toilet",
									"origin": [15.2, -4, 10.8],
									"color": 0,
									"children": []
								},
								{
									"name": "Bidet",
									"origin": [10.4, 8, 9],
									"color": 0,
									"children": []
								},
								{
									"name": "Table",
									"origin": [10.4, 8, 9],
									"color": 0,
									"children": []
								}
							]
						},
						{
							"name": "Lights",
							"origin": [10.4, 8, 9],
							"color": 0,
							"children": []
						}
					]
				},
				{
					"name": "Posters",
					"origin": [8, 8, 8],
					"color": 0,
					"children": []
				}
			]
		}
	]
}