{
	"credit": "Made with Blockbench",
	"texture_size": [64, 64],
	"textures": {
		"0": "block/parkston/pk_metrotram_21d_connector",
		"particle": "block/parkston/pk_metrotram_21d_connector"
	},
	"elements": [
		{
			"from": [-5, -2, 4],
			"to": [21, -1, 12],
			"rotation": {"angle": 0, "axis": "y", "origin": [19, -2, 4]},
			"faces": {
				"north": {"uv": [2, 0, 8.5, 0.25], "texture": "#0"},
				"east": {"uv": [2.25, 2, 2.5, 2.25], "texture": "#0"},
				"south": {"uv": [2, 0.25, 8.5, 0.5], "texture": "#0"},
				"west": {"uv": [2.25, 2.25, 2.5, 2.5], "texture": "#0"},
				"up": {"uv": [8.5, 0.75, 2, 0.5], "texture": "#0"},
				"down": {"uv": [8.5, 0.75, 2, 1], "texture": "#0"}
			}
		},
		{
			"from": [-5, 31, 4],
			"to": [21, 32, 12],
			"rotation": {"angle": 0, "axis": "y", "origin": [19, 31, 4]},
			"faces": {
				"north": {"uv": [2, 1, 8.5, 1.25], "texture": "#0"},
				"east": {"uv": [2, 2.5, 2.25, 2.75], "texture": "#0"},
				"south": {"uv": [2, 1.25, 8.5, 1.5], "texture": "#0"},
				"west": {"uv": [2.5, 2, 2.75, 2.25], "texture": "#0"},
				"up": {"uv": [8.5, 1.75, 2, 1.5], "texture": "#0"},
				"down": {"uv": [8.5, 1.75, 2, 2], "texture": "#0"}
			}
		},
		{
			"from": [-5, -1, 4],
			"to": [-4, 31, 12],
			"rotation": {"angle": 0, "axis": "y", "origin": [19, -1, 4]},
			"faces": {
				"north": {"uv": [1, 0, 1.25, 8], "texture": "#0"},
				"east": {"uv": [1.25, 0, 1.5, 8], "texture": "#0"},
				"south": {"uv": [1.5, 0, 1.75, 8], "texture": "#0"},
				"west": {"uv": [1.75, 0, 2, 8], "texture": "#0"},
				"up": {"uv": [2.5, 2.75, 2.25, 2.5], "texture": "#0"},
				"down": {"uv": [2.75, 2.25, 2.5, 2.5], "texture": "#0"}
			}
		},
		{
			"from": [20, -1, 4],
			"to": [21, 31, 12],
			"rotation": {"angle": 0, "axis": "y", "origin": [44, -1, 4]},
			"faces": {
				"north": {"uv": [0, 0, 0.25, 8], "texture": "#0"},
				"east": {"uv": [0.25, 0, 0.5, 8], "texture": "#0"},
				"south": {"uv": [0.5, 0, 0.75, 8], "texture": "#0"},
				"west": {"uv": [0.75, 0, 1, 8], "texture": "#0"},
				"up": {"uv": [2.25, 2.25, 2, 2], "texture": "#0"},
				"down": {"uv": [2.25, 2.25, 2, 2.5], "texture": "#0"}
			}
		}
	],
	"display": {
		"thirdperson_righthand": {
			"translation": [0, 0, 5],
			"scale": [0.5, 0.5, 0.5]
		}
	}
}