{
	"credit": "Made with Blockbench",
	"texture_size": [256, 256],
	"textures": {
		"0": "block/parkston/pk_metrotram_21d_end",
		"particle": "block/parkston/pk_metrotram_21d_end"
	},
	"elements": [
		{
			"name": "floor",
			"from": [-16, -11, -8],
			"to": [32, -10, 24],
			"rotation": {"angle": 0, "axis": "y", "origin": [7, -11, 0]},
			"faces": {
				"north": {"uv": [6.75, 5.125, 9.75, 5.1875], "texture": "#0"},
				"east": {"uv": [7.375, 1.875, 9.375, 1.9375], "texture": "#0"},
				"south": {"uv": [6.75, 5.1875, 9.75, 5.25], "texture": "#0"},
				"west": {"uv": [7.375, 1.9375, 9.375, 2], "texture": "#0"},
				"up": {"uv": [3, 2, 0, 0], "texture": "#0"},
				"down": {"uv": [3, 2, 0, 4], "texture": "#0"}
			}
		},
		{
			"name": "pillar",
			"from": [31, -10, 23],
			"to": [32, 22, 24],
			"rotation": {"angle": 0, "axis": "y", "origin": [21, -10, 22]},
			"faces": {
				"north": {"uv": [3.875, 7.375, 3.9375, 9.375], "texture": "#0"},
				"east": {"uv": [2.625, 5.875, 2.875, 7.875], "texture": "#0"},
				"south": {"uv": [3.9375, 7.375, 4, 9.375], "texture": "#0"},
				"west": {"uv": [0, 6.625, 0.25, 8.625], "texture": "#0"},
				"up": {"uv": [7.4375, 7.125, 7.375, 6.875], "texture": "#0"},
				"down": {"uv": [7.5, 6.875, 7.4375, 7.125], "texture": "#0"}
			}
		},
		{
			"name": "wall",
			"from": [31, -10, -7],
			"to": [32, 22, 23],
			"rotation": {"angle": 0, "axis": "y", "origin": [21, -10, 21]},
			"faces": {
				"north": {"uv": [3.875, 7.375, 3.9375, 9.375], "texture": "#0"},
				"east": {"uv": [2.625, 5.875, 2.875, 7.875], "texture": "#0"},
				"south": {"uv": [3.9375, 7.375, 4, 9.375], "texture": "#0"},
				"west": {"uv": [0, 6.625, 0.25, 8.625], "texture": "#0"},
				"up": {"uv": [7.4375, 7.125, 7.375, 6.875], "texture": "#0"},
				"down": {"uv": [7.5, 6.875, 7.4375, 7.125], "texture": "#0"}
			}
		},
		{
			"name": "pillar",
			"from": [-16, -10, 20],
			"to": [-15, 22, 24],
			"rotation": {"angle": 0, "axis": "y", "origin": [-26, -10, 22]},
			"faces": {
				"north": {"uv": [4, 7.375, 4.0625, 9.375], "texture": "#0"},
				"east": {"uv": [0.25, 6.625, 0.5, 8.625], "texture": "#0"},
				"south": {"uv": [4.0625, 7.375, 4.125, 9.375], "texture": "#0"},
				"west": {"uv": [0.5, 6.625, 0.75, 8.625], "texture": "#0"},
				"up": {"uv": [7.125, 8.5625, 7.0625, 8.3125], "texture": "#0"},
				"down": {"uv": [7.5, 8.375, 7.4375, 8.625], "texture": "#0"}
			}
		},
		{
			"name": "doorframe",
			"from": [-1, -10, 23],
			"to": [0, 22, 24],
			"rotation": {"angle": 0, "axis": "y", "origin": [-11, -10, 22]},
			"faces": {
				"north": {"uv": [4.375, 7.375, 4.4375, 9.375], "texture": "#0"},
				"east": {"uv": [4.4375, 7.375, 4.5, 9.375], "texture": "#0"},
				"south": {"uv": [4.5, 7.375, 4.5625, 9.375], "texture": "#0"},
				"west": {"uv": [4.5625, 7.375, 4.625, 9.375], "texture": "#0"},
				"up": {"uv": [2.9375, 5.5625, 2.875, 5.5], "texture": "#0"},
				"down": {"uv": [3, 5.5, 2.9375, 5.5625], "texture": "#0"}
			}
		},
		{
			"name": "doorframe",
			"from": [16, -10, 23],
			"to": [17, 22, 24],
			"rotation": {"angle": 0, "axis": "y", "origin": [6, -10, 22]},
			"faces": {
				"north": {"uv": [4.625, 7.375, 4.6875, 9.375], "texture": "#0"},
				"east": {"uv": [4.6875, 7.375, 4.75, 9.375], "texture": "#0"},
				"south": {"uv": [4.75, 7.375, 4.8125, 9.375], "texture": "#0"},
				"west": {"uv": [4.8125, 7.375, 4.875, 9.375], "texture": "#0"},
				"up": {"uv": [2.9375, 5.625, 2.875, 5.5625], "texture": "#0"},
				"down": {"uv": [3, 5.5625, 2.9375, 5.625], "texture": "#0"}
			}
		},
		{
			"name": "doorframe",
			"from": [16, -10, -8],
			"to": [17, 22, -7],
			"rotation": {"angle": 0, "axis": "y", "origin": [6, -10, -9]},
			"faces": {
				"north": {"uv": [7.5, 6.875, 7.5625, 8.875], "texture": "#0"},
				"east": {"uv": [1.75, 7.5625, 1.8125, 9.5625], "texture": "#0"},
				"south": {"uv": [1.8125, 7.5625, 1.875, 9.5625], "texture": "#0"},
				"west": {"uv": [1.875, 7.5625, 1.9375, 9.5625], "texture": "#0"},
				"up": {"uv": [6.6875, 3.6875, 6.625, 3.625], "texture": "#0"},
				"down": {"uv": [6.6875, 3.6875, 6.625, 3.75], "texture": "#0"}
			}
		},
		{
			"name": "doorframe",
			"from": [-1, -10, -8],
			"to": [0, 22, -7],
			"rotation": {"angle": 0, "axis": "y", "origin": [-11, -10, -9]},
			"faces": {
				"north": {"uv": [1.9375, 7.5625, 2, 9.5625], "texture": "#0"},
				"east": {"uv": [2, 7.5625, 2.0625, 9.5625], "texture": "#0"},
				"south": {"uv": [2.0625, 7.5625, 2.125, 9.5625], "texture": "#0"},
				"west": {"uv": [2.125, 7.5625, 2.1875, 9.5625], "texture": "#0"},
				"up": {"uv": [6.75, 3.6875, 6.6875, 3.625], "texture": "#0"},
				"down": {"uv": [6.75, 3.6875, 6.6875, 3.75], "texture": "#0"}
			}
		},
		{
			"name": "doorframe",
			"from": [0, 21, -8],
			"to": [16, 22, -7],
			"rotation": {"angle": 0, "axis": "y", "origin": [-10, 21, -9]},
			"faces": {
				"north": {"uv": [7.75, 4.625, 8.75, 4.6875], "texture": "#0"},
				"east": {"uv": [7.375, 7.125, 7.4375, 7.1875], "texture": "#0"},
				"south": {"uv": [7.75, 4.6875, 8.75, 4.75], "texture": "#0"},
				"west": {"uv": [7.4375, 7.125, 7.5, 7.1875], "texture": "#0"},
				"up": {"uv": [8.75, 4.8125, 7.75, 4.75], "texture": "#0"},
				"down": {"uv": [8.75, 4.8125, 7.75, 4.875], "texture": "#0"}
			}
		},
		{
			"name": "doorframe",
			"from": [0, 21, 23],
			"to": [16, 22, 24],
			"rotation": {"angle": 0, "axis": "y", "origin": [-10, 21, 22]},
			"faces": {
				"north": {"uv": [7.75, 4.875, 8.75, 4.9375], "texture": "#0"},
				"east": {"uv": [2.75, 7.875, 2.8125, 7.9375], "texture": "#0"},
				"south": {"uv": [7.75, 4.9375, 8.75, 5], "texture": "#0"},
				"west": {"uv": [2.8125, 7.875, 2.875, 7.9375], "texture": "#0"},
				"up": {"uv": [8.75, 5.0625, 7.75, 5], "texture": "#0"},
				"down": {"uv": [8.75, 5.0625, 7.75, 5.125], "texture": "#0"}
			}
		},
		{
			"name": "pillar",
			"from": [-16, -10, -8],
			"to": [-15, 22, -4],
			"rotation": {"angle": 0, "axis": "y", "origin": [-26, -10, -9]},
			"faces": {
				"north": {"uv": [4.125, 7.375, 4.1875, 9.375], "texture": "#0"},
				"east": {"uv": [0.75, 6.625, 1, 8.625], "texture": "#0"},
				"south": {"uv": [4.1875, 7.375, 4.25, 9.375], "texture": "#0"},
				"west": {"uv": [1, 6.625, 1.25, 8.625], "texture": "#0"},
				"up": {"uv": [3.8125, 8.6875, 3.75, 8.4375], "texture": "#0"},
				"down": {"uv": [3.875, 8.4375, 3.8125, 8.6875], "texture": "#0"}
			}
		},
		{
			"name": "pillar",
			"from": [31, -10, -8],
			"to": [32, 22, -7],
			"rotation": {"angle": 0, "axis": "y", "origin": [21, -10, -9]},
			"faces": {
				"north": {"uv": [4.25, 7.375, 4.3125, 9.375], "texture": "#0"},
				"east": {"uv": [1.25, 6.625, 1.5, 8.625], "texture": "#0"},
				"south": {"uv": [4.3125, 7.375, 4.375, 9.375], "texture": "#0"},
				"west": {"uv": [1.5, 6.625, 1.75, 8.625], "texture": "#0"},
				"up": {"uv": [7, 8.75, 6.9375, 8.5], "texture": "#0"},
				"down": {"uv": [7.0625, 8.5, 7, 8.75], "texture": "#0"}
			}
		},
		{
			"name": "wallpanel",
			"from": [17, -10, 23],
			"to": [31, 2, 24],
			"rotation": {"angle": 0, "axis": "y", "origin": [17, -10, 22]},
			"faces": {
				"north": {"uv": [5.875, 4.5, 6.75, 5.25], "texture": "#0"},
				"east": {"uv": [3.75, 7.6875, 3.8125, 8.4375], "texture": "#0"},
				"south": {"uv": [6, 0, 6.875, 0.75], "texture": "#0"},
				"west": {"uv": [3.8125, 7.6875, 3.875, 8.4375], "texture": "#0"},
				"up": {"uv": [8.75, 0.8125, 7.875, 0.75], "texture": "#0"},
				"down": {"uv": [8.75, 0.8125, 7.875, 0.875], "texture": "#0"}
			}
		},
		{
			"name": "wallpanel",
			"from": [-15, -10, 23],
			"to": [-1, 2, 24],
			"rotation": {"angle": 0, "axis": "y", "origin": [-15, -10, 22]},
			"faces": {
				"north": {"uv": [5.875, 4.5, 6.75, 5.25], "texture": "#0"},
				"east": {"uv": [3.75, 7.6875, 3.8125, 8.4375], "texture": "#0"},
				"south": {"uv": [6, 0, 6.875, 0.75], "texture": "#0"},
				"west": {"uv": [3.8125, 7.6875, 3.875, 8.4375], "texture": "#0"},
				"up": {"uv": [8.75, 0.8125, 7.875, 0.75], "texture": "#0"},
				"down": {"uv": [8.75, 0.8125, 7.875, 0.875], "texture": "#0"}
			}
		},
		{
			"name": "wallpanel",
			"from": [17, -10, -8],
			"to": [31, 2, -7],
			"rotation": {"angle": 0, "axis": "y", "origin": [17, -10, -9]},
			"faces": {
				"north": {"uv": [1.75, 5.875, 2.625, 6.625], "texture": "#0"},
				"east": {"uv": [2.875, 4.75, 2.9375, 5.5], "texture": "#0"},
				"south": {"uv": [5.875, 3.75, 6.75, 4.5], "texture": "#0"},
				"west": {"uv": [2.9375, 4.75, 3, 5.5], "texture": "#0"},
				"up": {"uv": [8.75, 0.6875, 7.875, 0.625], "texture": "#0"},
				"down": {"uv": [8.75, 0.6875, 7.875, 0.75], "texture": "#0"}
			}
		},
		{
			"name": "wallpanel",
			"from": [-15, -10, -8],
			"to": [-1, 2, -7],
			"rotation": {"angle": 0, "axis": "y", "origin": [-15, -10, -9]},
			"faces": {
				"north": {"uv": [0, 5.875, 0.875, 6.625], "texture": "#0"},
				"east": {"uv": [2.875, 4, 2.9375, 4.75], "texture": "#0"},
				"south": {"uv": [0.875, 5.875, 1.75, 6.625], "texture": "#0"},
				"west": {"uv": [2.9375, 4, 3, 4.75], "texture": "#0"},
				"up": {"uv": [8.75, 0.5625, 7.875, 0.5], "texture": "#0"},
				"down": {"uv": [8.75, 0.5625, 7.875, 0.625], "texture": "#0"}
			}
		},
		{
			"name": "sides",
			"from": [-16, 22, 23],
			"to": [32, 25, 24],
			"rotation": {"angle": 0, "axis": "y", "origin": [0, 22, 22]},
			"faces": {
				"north": {"uv": [5.875, 5.25, 8.875, 5.4375], "texture": "#0"},
				"east": {"uv": [1.6875, 8.625, 1.75, 8.8125], "texture": "#0"},
				"south": {"uv": [5.875, 5.4375, 8.875, 5.625], "texture": "#0"},
				"west": {"uv": [2.625, 8.625, 2.6875, 8.8125], "texture": "#0"},
				"up": {"uv": [9.875, 2.0625, 6.875, 2], "texture": "#0"},
				"down": {"uv": [9.875, 2.0625, 6.875, 2.125], "texture": "#0"}
			}
		},
		{
			"name": "sides",
			"from": [-16, 24.5, 23],
			"to": [32, 27.5, 24],
			"rotation": {"angle": -22.5, "axis": "x", "origin": [0, 24.5, 23]},
			"faces": {
				"north": {"uv": [6, 3, 9, 3.1875], "texture": "#0"},
				"east": {"uv": [6.625, 8.625, 6.6875, 8.8125], "texture": "#0"},
				"south": {"uv": [6, 3.1875, 9, 3.375], "texture": "#0"},
				"west": {"uv": [6.6875, 8.625, 6.75, 8.8125], "texture": "#0"},
				"up": {"uv": [10.25, 6.5625, 7.25, 6.5], "texture": "#0"},
				"down": {"uv": [10.25, 6.5625, 7.25, 6.625], "texture": "#0"}
			}
		},
		{
			"name": "sides",
			"from": [-16, 22, -8],
			"to": [32, 25, -7],
			"rotation": {"angle": 0, "axis": "y", "origin": [0, 22, -9]},
			"faces": {
				"north": {"uv": [6, 2.25, 9, 2.4375], "texture": "#0"},
				"east": {"uv": [2.6875, 8.625, 2.75, 8.8125], "texture": "#0"},
				"south": {"uv": [6, 2.4375, 9, 2.625], "texture": "#0"},
				"west": {"uv": [3.3125, 8.625, 3.375, 8.8125], "texture": "#0"},
				"up": {"uv": [9.875, 2.1875, 6.875, 2.125], "texture": "#0"},
				"down": {"uv": [9.875, 2.1875, 6.875, 2.25], "texture": "#0"}
			}
		},
		{
			"name": "sides",
			"from": [-16, 24.5, -8],
			"to": [32, 27.5, -7],
			"rotation": {"angle": 22.5, "axis": "x", "origin": [0, 24.5, -7]},
			"faces": {
				"north": {"uv": [6, 2.625, 9, 2.8125], "texture": "#0"},
				"east": {"uv": [3.375, 8.625, 3.4375, 8.8125], "texture": "#0"},
				"south": {"uv": [6, 2.8125, 9, 3], "texture": "#0"},
				"west": {"uv": [3.6875, 8.625, 3.75, 8.8125], "texture": "#0"},
				"up": {"uv": [10.25, 6.4375, 7.25, 6.375], "texture": "#0"},
				"down": {"uv": [10.25, 6.4375, 7.25, 6.5], "texture": "#0"}
			}
		},
		{
			"name": "orthogonal",
			"from": [31, 22, -7],
			"to": [32, 27, 23],
			"rotation": {"angle": 0, "axis": "y", "origin": [0, 22, 21]},
			"faces": {
				"north": {"uv": [7.1875, 8.5, 7.25, 8.75], "texture": "#0"},
				"east": {"uv": [4.75, 6.625, 6.625, 6.875], "texture": "#0"},
				"south": {"uv": [3.4375, 8.5625, 3.5, 8.8125], "texture": "#0"},
				"west": {"uv": [6.625, 5.625, 8.5, 5.875], "texture": "#0"},
				"up": {"uv": [6.4375, 9.5, 6.375, 7.625], "texture": "#0"},
				"down": {"uv": [6.5, 7.625, 6.4375, 9.5], "texture": "#0"}
			}
		},
		{
			"name": "orthogonal",
			"from": [31, 27, -6.75],
			"to": [32, 27.5, 22.75],
			"rotation": {"angle": 0, "axis": "y", "origin": [0, 27, 21]},
			"faces": {
				"north": {"uv": [7.1875, 8.5, 7.25, 8.75], "texture": "#0"},
				"east": {"uv": [4.75, 6.625, 6.625, 6.875], "texture": "#0"},
				"south": {"uv": [3.4375, 8.5625, 3.5, 8.8125], "texture": "#0"},
				"west": {"uv": [6.625, 5.625, 8.5, 5.875], "texture": "#0"},
				"up": {"uv": [6.4375, 9.5, 6.375, 7.625], "texture": "#0"},
				"down": {"uv": [6.5, 7.625, 6.4375, 9.5], "texture": "#0"}
			}
		},
		{
			"name": "orthogonal",
			"from": [-16, 22, -7],
			"to": [-15, 26, 23],
			"rotation": {"angle": 0, "axis": "y", "origin": [-47, 22, 21]},
			"faces": {
				"north": {"uv": [3.5, 8.5625, 3.5625, 8.8125], "texture": "#0"},
				"east": {"uv": [6.625, 5.875, 8.5, 6.125], "texture": "#0"},
				"south": {"uv": [3.5625, 8.5625, 3.625, 8.8125], "texture": "#0"},
				"west": {"uv": [6.625, 6.125, 8.5, 6.375], "texture": "#0"},
				"up": {"uv": [6.5625, 9.5, 6.5, 7.625], "texture": "#0"},
				"down": {"uv": [6.625, 7.625, 6.5625, 9.5], "texture": "#0"}
			}
		},
		{
			"name": "ceiling",
			"from": [-15, 23, -7],
			"to": [31, 24, 23],
			"rotation": {"angle": 0, "axis": "y", "origin": [0, 21, 20]},
			"faces": {
				"north": {"uv": [7.25, 6.75, 10.125, 6.8125], "texture": "#0"},
				"east": {"uv": [7.375, 4.375, 9.25, 4.4375], "texture": "#0"},
				"south": {"uv": [7.25, 6.8125, 10.125, 6.875], "texture": "#0"},
				"west": {"uv": [7.375, 4.4375, 9.25, 4.5], "texture": "#0"},
				"up": {"uv": [5.875, 5.625, 3, 3.75], "texture": "#0"},
				"down": {"uv": [2.875, 4, 0, 5.875], "texture": "#0"}
			}
		},
		{
			"name": "roof",
			"from": [-16, 26, -7],
			"to": [31, 27, 23],
			"rotation": {"angle": 0, "axis": "y", "origin": [0, 24, 20]},
			"faces": {
				"north": {"uv": [7.25, 6.625, 10.25, 6.6875], "texture": "#0"},
				"east": {"uv": [7.375, 4.5, 9.25, 4.5625], "texture": "#0"},
				"south": {"uv": [7.25, 6.6875, 10.25, 6.75], "texture": "#0"},
				"west": {"uv": [7.375, 4.5625, 9.25, 4.625], "texture": "#0"},
				"up": {"uv": [6, 1.875, 3, 0], "texture": "#0"},
				"down": {"uv": [6, 1.875, 3, 3.75], "texture": "#0"}
			}
		},
		{
			"name": "handlebar",
			"from": [-16, -10, 1],
			"to": [-15, 22, 2],
			"rotation": {"angle": 0, "axis": "y", "origin": [-18, 18, 0]},
			"faces": {
				"north": {"uv": [5.125, 7.625, 5.1875, 9.625], "texture": "#0"},
				"east": {"uv": [5.1875, 7.625, 5.25, 9.625], "texture": "#0"},
				"south": {"uv": [5.25, 7.625, 5.3125, 9.625], "texture": "#0"},
				"west": {"uv": [5.3125, 7.625, 5.375, 9.625], "texture": "#0"},
				"up": {"uv": [8.6875, 7.625, 8.625, 7.5625], "texture": "#0"},
				"down": {"uv": [8.6875, 7.625, 8.625, 7.6875], "texture": "#0"}
			}
		},
		{
			"name": "handlebar",
			"from": [-16, -10, 14],
			"to": [-15, 22, 15],
			"rotation": {"angle": 0, "axis": "y", "origin": [-18, 18, 13]},
			"faces": {
				"north": {"uv": [4.875, 7.625, 4.9375, 9.625], "texture": "#0"},
				"east": {"uv": [4.9375, 7.625, 5, 9.625], "texture": "#0"},
				"south": {"uv": [5, 7.625, 5.0625, 9.625], "texture": "#0"},
				"west": {"uv": [5.0625, 7.625, 5.125, 9.625], "texture": "#0"},
				"up": {"uv": [7.1875, 8.6875, 7.125, 8.625], "texture": "#0"},
				"down": {"uv": [7.5, 8.625, 7.4375, 8.6875], "texture": "#0"}
			}
		},
		{
			"name": "handlebar",
			"from": [-1, -10, 1],
			"to": [0, 22, 2],
			"rotation": {"angle": 0, "axis": "y", "origin": [-3, 18, 0]},
			"faces": {
				"north": {"uv": [5.625, 7.625, 5.6875, 9.625], "texture": "#0"},
				"east": {"uv": [5.6875, 7.625, 5.75, 9.625], "texture": "#0"},
				"south": {"uv": [5.75, 7.625, 5.8125, 9.625], "texture": "#0"},
				"west": {"uv": [5.8125, 7.625, 5.875, 9.625], "texture": "#0"},
				"up": {"uv": [7.875, 8.75, 7.8125, 8.6875], "texture": "#0"},
				"down": {"uv": [8.75, 7.875, 8.6875, 7.9375], "texture": "#0"}
			}
		},
		{
			"name": "handlebar",
			"from": [-1, -10, 14],
			"to": [0, 22, 15],
			"rotation": {"angle": 0, "axis": "y", "origin": [-3, 18, 13]},
			"faces": {
				"north": {"uv": [5.375, 7.625, 5.4375, 9.625], "texture": "#0"},
				"east": {"uv": [5.4375, 7.625, 5.5, 9.625], "texture": "#0"},
				"south": {"uv": [5.5, 7.625, 5.5625, 9.625], "texture": "#0"},
				"west": {"uv": [5.5625, 7.625, 5.625, 9.625], "texture": "#0"},
				"up": {"uv": [8.75, 7.75, 8.6875, 7.6875], "texture": "#0"},
				"down": {"uv": [7.8125, 8.6875, 7.75, 8.75], "texture": "#0"}
			}
		},
		{
			"name": "handlebar",
			"from": [16, -10, 1],
			"to": [17, 22, 2],
			"rotation": {"angle": 0, "axis": "y", "origin": [14, 18, 0]},
			"faces": {
				"north": {"uv": [6.125, 7.625, 6.1875, 9.625], "texture": "#0"},
				"east": {"uv": [6.1875, 7.625, 6.25, 9.625], "texture": "#0"},
				"south": {"uv": [6.25, 7.625, 6.3125, 9.625], "texture": "#0"},
				"west": {"uv": [6.3125, 7.625, 6.375, 9.625], "texture": "#0"},
				"up": {"uv": [8.75, 8.0625, 8.6875, 8], "texture": "#0"},
				"down": {"uv": [8.125, 8.6875, 8.0625, 8.75], "texture": "#0"}
			}
		},
		{
			"name": "handlebar",
			"from": [16, -10, 14],
			"to": [17, 22, 15],
			"rotation": {"angle": 0, "axis": "y", "origin": [14, 18, 13]},
			"faces": {
				"north": {"uv": [5.875, 7.625, 5.9375, 9.625], "texture": "#0"},
				"east": {"uv": [5.9375, 7.625, 6, 9.625], "texture": "#0"},
				"south": {"uv": [6, 7.625, 6.0625, 9.625], "texture": "#0"},
				"west": {"uv": [6.0625, 7.625, 6.125, 9.625], "texture": "#0"},
				"up": {"uv": [8.75, 8, 8.6875, 7.9375], "texture": "#0"},
				"down": {"uv": [8.0625, 8.6875, 8, 8.75], "texture": "#0"}
			}
		},
		{
			"name": "handlebar",
			"from": [17, 19, 1],
			"to": [29, 20, 2],
			"rotation": {"angle": 0, "axis": "y", "origin": [1, 18, 0]},
			"faces": {
				"north": {"uv": [7.875, 1, 8.75, 1.0625], "texture": "#0"},
				"east": {"uv": [8.6875, 8.0625, 8.75, 8.125], "texture": "#0"},
				"south": {"uv": [7.875, 1.0625, 8.75, 1.125], "texture": "#0"},
				"west": {"uv": [8.125, 8.6875, 8.1875, 8.75], "texture": "#0"},
				"up": {"uv": [8.75, 1.1875, 7.875, 1.125], "texture": "#0"},
				"down": {"uv": [8.75, 1.1875, 7.875, 1.25], "texture": "#0"}
			}
		},
		{
			"name": "handlebar",
			"from": [17, 19, 14],
			"to": [29, 20, 15],
			"rotation": {"angle": 0, "axis": "y", "origin": [1, 18, 13]},
			"faces": {
				"north": {"uv": [7.875, 1.25, 8.75, 1.3125], "texture": "#0"},
				"east": {"uv": [8.6875, 8.125, 8.75, 8.1875], "texture": "#0"},
				"south": {"uv": [7.875, 1.3125, 8.75, 1.375], "texture": "#0"},
				"west": {"uv": [8.6875, 8.1875, 8.75, 8.25], "texture": "#0"},
				"up": {"uv": [8.75, 1.4375, 7.875, 1.375], "texture": "#0"},
				"down": {"uv": [8.75, 1.4375, 7.875, 1.5], "texture": "#0"}
			}
		},
		{
			"name": "handlebar",
			"from": [-15, 19, 1],
			"to": [-1, 20, 2],
			"rotation": {"angle": 0, "axis": "y", "origin": [-31, 18, 0]},
			"faces": {
				"north": {"uv": [7.875, 1.75, 8.75, 1.8125], "texture": "#0"},
				"east": {"uv": [8.4375, 8.6875, 8.5, 8.75], "texture": "#0"},
				"south": {"uv": [7.875, 1.8125, 8.75, 1.875], "texture": "#0"},
				"west": {"uv": [8.5, 8.6875, 8.5625, 8.75], "texture": "#0"},
				"up": {"uv": [8.75, 3.4375, 7.875, 3.375], "texture": "#0"},
				"down": {"uv": [8.75, 3.4375, 7.875, 3.5], "texture": "#0"}
			}
		},
		{
			"name": "handlebar",
			"from": [-15, 19, 14],
			"to": [-1, 20, 15],
			"rotation": {"angle": 0, "axis": "y", "origin": [-31, 18, 13]},
			"faces": {
				"north": {"uv": [7.875, 1.5, 8.75, 1.5625], "texture": "#0"},
				"east": {"uv": [8.3125, 8.6875, 8.375, 8.75], "texture": "#0"},
				"south": {"uv": [7.875, 1.5625, 8.75, 1.625], "texture": "#0"},
				"west": {"uv": [8.375, 8.6875, 8.4375, 8.75], "texture": "#0"},
				"up": {"uv": [8.75, 1.6875, 7.875, 1.625], "texture": "#0"},
				"down": {"uv": [8.75, 1.6875, 7.875, 1.75], "texture": "#0"}
			}
		},
		{
			"name": "handlebar",
			"from": [0, 19, 1],
			"to": [16, 20, 2],
			"rotation": {"angle": 0, "axis": "y", "origin": [-14, 18, 0]},
			"faces": {
				"north": {"uv": [7.875, 0.25, 8.875, 0.3125], "texture": "#0"},
				"east": {"uv": [8.625, 8.6875, 8.6875, 8.75], "texture": "#0"},
				"south": {"uv": [7.875, 0.3125, 8.875, 0.375], "texture": "#0"},
				"west": {"uv": [8.6875, 8.625, 8.75, 8.6875], "texture": "#0"},
				"up": {"uv": [8.875, 0.4375, 7.875, 0.375], "texture": "#0"},
				"down": {"uv": [8.875, 0.4375, 7.875, 0.5], "texture": "#0"}
			}
		},
		{
			"name": "handlebar",
			"from": [0, 19, 14],
			"to": [16, 20, 15],
			"rotation": {"angle": 0, "axis": "y", "origin": [-14, 18, 13]},
			"faces": {
				"north": {"uv": [7.875, 0, 8.875, 0.0625], "texture": "#0"},
				"east": {"uv": [8.5625, 8.6875, 8.625, 8.75], "texture": "#0"},
				"south": {"uv": [7.875, 0.0625, 8.875, 0.125], "texture": "#0"},
				"west": {"uv": [8.6875, 8.5625, 8.75, 8.625], "texture": "#0"},
				"up": {"uv": [8.875, 0.1875, 7.875, 0.125], "texture": "#0"},
				"down": {"uv": [8.875, 0.1875, 7.875, 0.25], "texture": "#0"}
			}
		},
		{
			"name": "backrest",
			"from": [22, -5, -7],
			"to": [30, 3, -6.5],
			"rotation": {"angle": 0, "axis": "y", "origin": [22, 2, -7]},
			"faces": {
				"north": {"uv": [3.875, 6.875, 4.375, 7.375], "texture": "#0"},
				"east": {"uv": [7.375, 8.0625, 7.4375, 8.5625], "texture": "#0"},
				"south": {"uv": [4.375, 6.875, 4.875, 7.375], "texture": "#0"},
				"west": {"uv": [3.6875, 8.125, 3.75, 8.625], "texture": "#0"},
				"up": {"uv": [7.125, 8.25, 6.625, 8.1875], "texture": "#0"},
				"down": {"uv": [8.125, 8.1875, 7.625, 8.25], "texture": "#0"}
			}
		},
		{
			"name": "based",
			"from": [22, -6, -7],
			"to": [30, -5, -6],
			"rotation": {"angle": 0, "axis": "y", "origin": [22, 2, -7]},
			"faces": {
				"north": {"uv": [8.1875, 8, 8.6875, 8.0625], "texture": "#0"},
				"east": {"uv": [8.6875, 3.8125, 8.75, 3.875], "texture": "#0"},
				"south": {"uv": [8.1875, 8.0625, 8.6875, 8.125], "texture": "#0"},
				"west": {"uv": [8.6875, 3.875, 8.75, 3.9375], "texture": "#0"},
				"up": {"uv": [8.625, 8.25, 8.125, 8.1875], "texture": "#0"},
				"down": {"uv": [8.6875, 8.125, 8.1875, 8.1875], "texture": "#0"}
			}
		},
		{
			"name": "based",
			"from": [22.5, -6, -6],
			"to": [29.5, -5, -5.25],
			"rotation": {"angle": 0, "axis": "y", "origin": [22, 2, -7]},
			"faces": {
				"north": {"uv": [8.5, 5.875, 8.9375, 5.9375], "texture": "#0"},
				"east": {"uv": [8.6875, 3.9375, 8.75, 4], "texture": "#0"},
				"south": {"uv": [8.5, 5.9375, 8.9375, 6], "texture": "#0"},
				"west": {"uv": [8.6875, 4, 8.75, 4.0625], "texture": "#0"},
				"up": {"uv": [8.9375, 6.0625, 8.5, 6], "texture": "#0"},
				"down": {"uv": [8.9375, 6.0625, 8.5, 6.125], "texture": "#0"}
			}
		},
		{
			"name": "backrest",
			"from": [22.5, -4.5, -6.5],
			"to": [29.5, 2.5, -6],
			"rotation": {"angle": 0, "axis": "y", "origin": [22, 2, -7]},
			"faces": {
				"north": {"uv": [6.625, 7.1875, 7.0625, 7.625], "texture": "#0"},
				"east": {"uv": [3.0625, 8.25, 3.125, 8.6875], "texture": "#0"},
				"south": {"uv": [7.0625, 7.1875, 7.5, 7.625], "texture": "#0"},
				"west": {"uv": [3.625, 8.3125, 3.6875, 8.75], "texture": "#0"},
				"up": {"uv": [8.9375, 6.1875, 8.5, 6.125], "texture": "#0"},
				"down": {"uv": [8.9375, 6.1875, 8.5, 6.25], "texture": "#0"}
			}
		},
		{
			"name": "seat",
			"from": [22, -5.5, -5],
			"to": [30, -5, 0],
			"rotation": {"angle": 0, "axis": "y", "origin": [22, 2, -7]},
			"faces": {
				"north": {"uv": [3.1875, 8.25, 3.6875, 8.3125], "texture": "#0"},
				"east": {"uv": [8.5625, 6.875, 8.875, 6.9375], "texture": "#0"},
				"south": {"uv": [6.625, 8.25, 7.125, 8.3125], "texture": "#0"},
				"west": {"uv": [8.5625, 6.9375, 8.875, 7], "texture": "#0"},
				"up": {"uv": [3.375, 7.6875, 2.875, 7.375], "texture": "#0"},
				"down": {"uv": [3.875, 7.375, 3.375, 7.6875], "texture": "#0"}
			}
		},
		{
			"name": "seat",
			"from": [22.5, -5, -4.5],
			"to": [29.5, -4.5, -0.5],
			"rotation": {"angle": 0, "axis": "y", "origin": [22, 2, -7]},
			"faces": {
				"north": {"uv": [8.5, 6.25, 8.9375, 6.3125], "texture": "#0"},
				"east": {"uv": [8.5625, 7.375, 8.8125, 7.4375], "texture": "#0"},
				"south": {"uv": [8.5, 6.3125, 8.9375, 6.375], "texture": "#0"},
				"west": {"uv": [8.5625, 7.4375, 8.8125, 7.5], "texture": "#0"},
				"up": {"uv": [3.3125, 7.9375, 2.875, 7.6875], "texture": "#0"},
				"down": {"uv": [3.75, 7.6875, 3.3125, 7.9375], "texture": "#0"}
			}
		},
		{
			"name": "bracket",
			"from": [22, -5.5, -5.75],
			"to": [22.5, -5, -5],
			"rotation": {"angle": 0, "axis": "y", "origin": [22, 2, -7]},
			"faces": {
				"north": {"uv": [8.6875, 4.0625, 8.75, 4.125], "texture": "#0"},
				"east": {"uv": [8.6875, 4.125, 8.75, 4.1875], "texture": "#0"},
				"south": {"uv": [8.6875, 4.1875, 8.75, 4.25], "texture": "#0"},
				"west": {"uv": [8.6875, 4.25, 8.75, 4.3125], "texture": "#0"},
				"up": {"uv": [6.8125, 8.75, 6.75, 8.6875], "texture": "#0"},
				"down": {"uv": [6.875, 8.6875, 6.8125, 8.75], "texture": "#0"}
			}
		},
		{
			"name": "bracket",
			"from": [29.5, -5.5, -5.75],
			"to": [30, -5, -5],
			"rotation": {"angle": 0, "axis": "y", "origin": [22, 2, -7]},
			"faces": {
				"north": {"uv": [6.875, 8.6875, 6.9375, 8.75], "texture": "#0"},
				"east": {"uv": [7.125, 8.6875, 7.1875, 8.75], "texture": "#0"},
				"south": {"uv": [7.4375, 8.6875, 7.5, 8.75], "texture": "#0"},
				"west": {"uv": [8.6875, 7.5625, 8.75, 7.625], "texture": "#0"},
				"up": {"uv": [8.75, 7.6875, 8.6875, 7.625], "texture": "#0"},
				"down": {"uv": [7.75, 8.6875, 7.6875, 8.75], "texture": "#0"}
			}
		},
		{
			"name": "backrest",
			"from": [-14, -5, -7],
			"to": [-6, 3, -6.5],
			"rotation": {"angle": 0, "axis": "y", "origin": [-14, 2, -7]},
			"faces": {
				"north": {"uv": [6.875, 1, 7.375, 1.5], "texture": "#0"},
				"east": {"uv": [7.1875, 8, 7.25, 8.5], "texture": "#0"},
				"south": {"uv": [6.875, 1.5, 7.375, 2], "texture": "#0"},
				"west": {"uv": [3.125, 8.0625, 3.1875, 8.5625], "texture": "#0"},
				"up": {"uv": [8.5625, 7.625, 8.0625, 7.5625], "texture": "#0"},
				"down": {"uv": [8.5625, 7.625, 8.0625, 7.6875], "texture": "#0"}
			}
		},
		{
			"name": "based",
			"from": [-14, -6, -7],
			"to": [-6, -5, -6],
			"rotation": {"angle": 0, "axis": "y", "origin": [-14, 2, -7]},
			"faces": {
				"north": {"uv": [8.0625, 7.6875, 8.5625, 7.75], "texture": "#0"},
				"east": {"uv": [0.25, 8.6875, 0.3125, 8.75], "texture": "#0"},
				"south": {"uv": [8.0625, 7.75, 8.5625, 7.8125], "texture": "#0"},
				"west": {"uv": [0.4375, 8.6875, 0.5, 8.75], "texture": "#0"},
				"up": {"uv": [8.5625, 7.875, 8.0625, 7.8125], "texture": "#0"},
				"down": {"uv": [3.6875, 8.125, 3.1875, 8.1875], "texture": "#0"}
			}
		},
		{
			"name": "based",
			"from": [-13.5, -6, -6],
			"to": [-6.5, -5, -5.25],
			"rotation": {"angle": 0, "axis": "y", "origin": [-14, 2, -7]},
			"faces": {
				"north": {"uv": [3.1875, 8.375, 3.625, 8.4375], "texture": "#0"},
				"east": {"uv": [0.5, 8.6875, 0.5625, 8.75], "texture": "#0"},
				"south": {"uv": [6.625, 8.375, 7.0625, 8.4375], "texture": "#0"},
				"west": {"uv": [0.5625, 8.6875, 0.625, 8.75], "texture": "#0"},
				"up": {"uv": [8.0625, 8.4375, 7.625, 8.375], "texture": "#0"},
				"down": {"uv": [8.5, 8.375, 8.0625, 8.4375], "texture": "#0"}
			}
		},
		{
			"name": "backrest",
			"from": [-13.5, -4.5, -6.5],
			"to": [-6.5, 2.5, -6],
			"rotation": {"angle": 0, "axis": "y", "origin": [-14, 2, -7]},
			"faces": {
				"north": {"uv": [4.875, 7.1875, 5.3125, 7.625], "texture": "#0"},
				"east": {"uv": [2.8125, 8.25, 2.875, 8.6875], "texture": "#0"},
				"south": {"uv": [5.3125, 7.1875, 5.75, 7.625], "texture": "#0"},
				"west": {"uv": [2.875, 8.25, 2.9375, 8.6875], "texture": "#0"},
				"up": {"uv": [3.625, 8.5, 3.1875, 8.4375], "texture": "#0"},
				"down": {"uv": [7.0625, 8.4375, 6.625, 8.5], "texture": "#0"}
			}
		},
		{
			"name": "seat",
			"from": [-14, -5.5, -5],
			"to": [-6, -5, 0],
			"rotation": {"angle": 0, "axis": "y", "origin": [-14, 2, -7]},
			"faces": {
				"north": {"uv": [3.1875, 8.1875, 3.6875, 8.25], "texture": "#0"},
				"east": {"uv": [8.5, 8.375, 8.8125, 8.4375], "texture": "#0"},
				"south": {"uv": [8.1875, 3.75, 8.6875, 3.8125], "texture": "#0"},
				"west": {"uv": [8.5, 8.4375, 8.8125, 8.5], "texture": "#0"},
				"up": {"uv": [7.875, 0.9375, 7.375, 0.625], "texture": "#0"},
				"down": {"uv": [7.875, 0.9375, 7.375, 1.25], "texture": "#0"}
			}
		},
		{
			"name": "seat",
			"from": [-13.5, -5, -4.5],
			"to": [-6.5, -4.5, -0.5],
			"rotation": {"angle": 0, "axis": "y", "origin": [-14, 2, -7]},
			"faces": {
				"north": {"uv": [7.625, 8.4375, 8.0625, 8.5], "texture": "#0"},
				"east": {"uv": [8.5625, 7.125, 8.8125, 7.1875], "texture": "#0"},
				"south": {"uv": [8.0625, 8.4375, 8.5, 8.5], "texture": "#0"},
				"west": {"uv": [8.5625, 7.1875, 8.8125, 7.25], "texture": "#0"},
				"up": {"uv": [7.5, 7.875, 7.0625, 7.625], "texture": "#0"},
				"down": {"uv": [8.0625, 7.125, 7.625, 7.375], "texture": "#0"}
			}
		},
		{
			"name": "bracket",
			"from": [-14, -5.5, -5.75],
			"to": [-13.5, -5, -5],
			"rotation": {"angle": 0, "axis": "y", "origin": [-14, 2, -7]},
			"faces": {
				"north": {"uv": [0.625, 8.6875, 0.6875, 8.75], "texture": "#0"},
				"east": {"uv": [0.6875, 8.6875, 0.75, 8.75], "texture": "#0"},
				"south": {"uv": [0.75, 8.6875, 0.8125, 8.75], "texture": "#0"},
				"west": {"uv": [0.9375, 8.6875, 1, 8.75], "texture": "#0"},
				"up": {"uv": [1.0625, 8.75, 1, 8.6875], "texture": "#0"},
				"down": {"uv": [1.125, 8.6875, 1.0625, 8.75], "texture": "#0"}
			}
		},
		{
			"name": "bracket",
			"from": [-6.5, -5.5, -5.75],
			"to": [-6, -5, -5],
			"rotation": {"angle": 0, "axis": "y", "origin": [-14, 2, -7]},
			"faces": {
				"north": {"uv": [1.125, 8.6875, 1.1875, 8.75], "texture": "#0"},
				"east": {"uv": [1.1875, 8.6875, 1.25, 8.75], "texture": "#0"},
				"south": {"uv": [1.25, 8.6875, 1.3125, 8.75], "texture": "#0"},
				"west": {"uv": [1.3125, 8.6875, 1.375, 8.75], "texture": "#0"},
				"up": {"uv": [1.4375, 8.75, 1.375, 8.6875], "texture": "#0"},
				"down": {"uv": [1.5, 8.6875, 1.4375, 8.75], "texture": "#0"}
			}
		},
		{
			"name": "backrest",
			"from": [-14, -5, 22.5],
			"to": [-6, 3, 23],
			"rotation": {"angle": 0, "axis": "y", "origin": [-6, 2, 23]},
			"faces": {
				"north": {"uv": [6.875, 0, 7.375, 0.5], "texture": "#0"},
				"east": {"uv": [2.5625, 6.625, 2.625, 7.125], "texture": "#0"},
				"south": {"uv": [6.875, 0.5, 7.375, 1], "texture": "#0"},
				"west": {"uv": [7.4375, 7.875, 7.5, 8.375], "texture": "#0"},
				"up": {"uv": [8.5625, 7.125, 8.0625, 7.0625], "texture": "#0"},
				"down": {"uv": [8.5625, 7.125, 8.0625, 7.1875], "texture": "#0"}
			}
		},
		{
			"name": "based",
			"from": [-14, -6, 22],
			"to": [-6, -5, 23],
			"rotation": {"angle": 0, "axis": "y", "origin": [-6, 2, 23]},
			"faces": {
				"north": {"uv": [8.0625, 7.1875, 8.5625, 7.25], "texture": "#0"},
				"east": {"uv": [7.6875, 8.625, 7.75, 8.6875], "texture": "#0"},
				"south": {"uv": [8.0625, 7.25, 8.5625, 7.3125], "texture": "#0"},
				"west": {"uv": [8.625, 7.6875, 8.6875, 7.75], "texture": "#0"},
				"up": {"uv": [8.5625, 7.375, 8.0625, 7.3125], "texture": "#0"},
				"down": {"uv": [8.5625, 7.375, 8.0625, 7.4375], "texture": "#0"}
			}
		},
		{
			"name": "based",
			"from": [-13.5, -6, 21.25],
			"to": [-6.5, -5, 22],
			"rotation": {"angle": 0, "axis": "y", "origin": [-6, 2, 23]},
			"faces": {
				"north": {"uv": [7.625, 8.25, 8.0625, 8.3125], "texture": "#0"},
				"east": {"uv": [7.75, 8.625, 7.8125, 8.6875], "texture": "#0"},
				"south": {"uv": [8.25, 7.875, 8.6875, 7.9375], "texture": "#0"},
				"west": {"uv": [7.8125, 8.625, 7.875, 8.6875], "texture": "#0"},
				"up": {"uv": [8.6875, 8, 8.25, 7.9375], "texture": "#0"},
				"down": {"uv": [8.5, 8.25, 8.0625, 8.3125], "texture": "#0"}
			}
		},
		{
			"name": "backrest",
			"from": [-13.5, -4.5, 22],
			"to": [-6.5, 2.5, 22.5],
			"rotation": {"angle": 0, "axis": "y", "origin": [-6, 2, 23]},
			"faces": {
				"north": {"uv": [1.75, 7.125, 2.1875, 7.5625], "texture": "#0"},
				"east": {"uv": [7.125, 8.1875, 7.1875, 8.625], "texture": "#0"},
				"south": {"uv": [2.1875, 7.125, 2.625, 7.5625], "texture": "#0"},
				"west": {"uv": [2.75, 8.25, 2.8125, 8.6875], "texture": "#0"},
				"up": {"uv": [3.625, 8.375, 3.1875, 8.3125], "texture": "#0"},
				"down": {"uv": [7.0625, 8.3125, 6.625, 8.375], "texture": "#0"}
			}
		},
		{
			"name": "seat",
			"from": [-14, -5.5, 16],
			"to": [-6, -5, 21],
			"rotation": {"angle": 0, "axis": "y", "origin": [-6, 2, 23]},
			"faces": {
				"north": {"uv": [8.0625, 7.4375, 8.5625, 7.5], "texture": "#0"},
				"east": {"uv": [8.5, 8.25, 8.8125, 8.3125], "texture": "#0"},
				"south": {"uv": [8.0625, 7.5, 8.5625, 7.5625], "texture": "#0"},
				"west": {"uv": [8.5, 8.3125, 8.8125, 8.375], "texture": "#0"},
				"up": {"uv": [7.875, 0.3125, 7.375, 0], "texture": "#0"},
				"down": {"uv": [7.875, 0.3125, 7.375, 0.625], "texture": "#0"}
			}
		},
		{
			"name": "seat",
			"from": [-13.5, -5, 16.5],
			"to": [-6.5, -4.5, 20.5],
			"rotation": {"angle": 0, "axis": "y", "origin": [-6, 2, 23]},
			"faces": {
				"north": {"uv": [7.625, 8.3125, 8.0625, 8.375], "texture": "#0"},
				"east": {"uv": [8.5625, 7, 8.8125, 7.0625], "texture": "#0"},
				"south": {"uv": [8.0625, 8.3125, 8.5, 8.375], "texture": "#0"},
				"west": {"uv": [8.5625, 7.0625, 8.8125, 7.125], "texture": "#0"},
				"up": {"uv": [7.0625, 7.875, 6.625, 7.625], "texture": "#0"},
				"down": {"uv": [8.0625, 6.875, 7.625, 7.125], "texture": "#0"}
			}
		},
		{
			"name": "bracket",
			"from": [-6.5, -5.5, 21],
			"to": [-6, -5, 21.75],
			"rotation": {"angle": 0, "axis": "y", "origin": [-6, 2, 23]},
			"faces": {
				"north": {"uv": [8, 8.625, 8.0625, 8.6875], "texture": "#0"},
				"east": {"uv": [8.0625, 8.625, 8.125, 8.6875], "texture": "#0"},
				"south": {"uv": [8.125, 8.625, 8.1875, 8.6875], "texture": "#0"},
				"west": {"uv": [8.625, 8.1875, 8.6875, 8.25], "texture": "#0"},
				"up": {"uv": [8.375, 8.6875, 8.3125, 8.625], "texture": "#0"},
				"down": {"uv": [8.4375, 8.625, 8.375, 8.6875], "texture": "#0"}
			}
		},
		{
			"name": "bracket",
			"from": [-14, -5.5, 21],
			"to": [-13.5, -5, 21.75],
			"rotation": {"angle": 0, "axis": "y", "origin": [-6, 2, 23]},
			"faces": {
				"north": {"uv": [8.4375, 8.625, 8.5, 8.6875], "texture": "#0"},
				"east": {"uv": [8.5, 8.625, 8.5625, 8.6875], "texture": "#0"},
				"south": {"uv": [8.5625, 8.625, 8.625, 8.6875], "texture": "#0"},
				"west": {"uv": [8.625, 8.625, 8.6875, 8.6875], "texture": "#0"},
				"up": {"uv": [0.1875, 8.75, 0.125, 8.6875], "texture": "#0"},
				"down": {"uv": [0.25, 8.6875, 0.1875, 8.75], "texture": "#0"}
			}
		},
		{
			"name": "backrest",
			"from": [22, -5, 22.5],
			"to": [30, 3, 23],
			"rotation": {"angle": 0, "axis": "y", "origin": [30, 2, 23]},
			"faces": {
				"north": {"uv": [2.875, 6.875, 3.375, 7.375], "texture": "#0"},
				"east": {"uv": [7.25, 8.0625, 7.3125, 8.5625], "texture": "#0"},
				"south": {"uv": [3.375, 6.875, 3.875, 7.375], "texture": "#0"},
				"west": {"uv": [7.3125, 8.0625, 7.375, 8.5625], "texture": "#0"},
				"up": {"uv": [8.6875, 3.875, 8.1875, 3.8125], "texture": "#0"},
				"down": {"uv": [8.6875, 3.875, 8.1875, 3.9375], "texture": "#0"}
			}
		},
		{
			"name": "based",
			"from": [22, -6, 22],
			"to": [30, -5, 23],
			"rotation": {"angle": 0, "axis": "y", "origin": [30, 2, 23]},
			"faces": {
				"north": {"uv": [8.1875, 3.9375, 8.6875, 4], "texture": "#0"},
				"east": {"uv": [1.5, 8.6875, 1.5625, 8.75], "texture": "#0"},
				"south": {"uv": [8.1875, 4, 8.6875, 4.0625], "texture": "#0"},
				"west": {"uv": [1.5625, 8.6875, 1.625, 8.75], "texture": "#0"},
				"up": {"uv": [8.6875, 4.125, 8.1875, 4.0625], "texture": "#0"},
				"down": {"uv": [8.6875, 4.125, 8.1875, 4.1875], "texture": "#0"}
			}
		},
		{
			"name": "based",
			"from": [22.5, -6, 21.25],
			"to": [29.5, -5, 22],
			"rotation": {"angle": 0, "axis": "y", "origin": [30, 2, 23]},
			"faces": {
				"north": {"uv": [3.1875, 8.5, 3.625, 8.5625], "texture": "#0"},
				"east": {"uv": [1.625, 8.6875, 1.6875, 8.75], "texture": "#0"},
				"south": {"uv": [8.5, 3.5, 8.9375, 3.5625], "texture": "#0"},
				"west": {"uv": [2.75, 8.6875, 2.8125, 8.75], "texture": "#0"},
				"up": {"uv": [8.9375, 3.625, 8.5, 3.5625], "texture": "#0"},
				"down": {"uv": [8.9375, 4.3125, 8.5, 4.375], "texture": "#0"}
			}
		},
		{
			"name": "backrest",
			"from": [22.5, -4.5, 22],
			"to": [29.5, 2.5, 22.5],
			"rotation": {"angle": 0, "axis": "y", "origin": [30, 2, 23]},
			"faces": {
				"north": {"uv": [5.75, 7.1875, 6.1875, 7.625], "texture": "#0"},
				"east": {"uv": [2.9375, 8.25, 3, 8.6875], "texture": "#0"},
				"south": {"uv": [6.1875, 7.1875, 6.625, 7.625], "texture": "#0"},
				"west": {"uv": [3, 8.25, 3.0625, 8.6875], "texture": "#0"},
				"up": {"uv": [8.9375, 5.6875, 8.5, 5.625], "texture": "#0"},
				"down": {"uv": [8.9375, 5.6875, 8.5, 5.75], "texture": "#0"}
			}
		},
		{
			"name": "seat",
			"from": [22, -5.5, 16],
			"to": [30, -5, 21],
			"rotation": {"angle": 0, "axis": "y", "origin": [30, 2, 23]},
			"faces": {
				"north": {"uv": [8.1875, 4.1875, 8.6875, 4.25], "texture": "#0"},
				"east": {"uv": [3.125, 8.5625, 3.4375, 8.625], "texture": "#0"},
				"south": {"uv": [8.1875, 4.25, 8.6875, 4.3125], "texture": "#0"},
				"west": {"uv": [6.625, 8.5625, 6.9375, 8.625], "texture": "#0"},
				"up": {"uv": [7.875, 1.5625, 7.375, 1.25], "texture": "#0"},
				"down": {"uv": [7.875, 1.5625, 7.375, 1.875], "texture": "#0"}
			}
		},
		{
			"name": "seat",
			"from": [22.5, -5, 16.5],
			"to": [29.5, -4.5, 20.5],
			"rotation": {"angle": 0, "axis": "y", "origin": [30, 2, 23]},
			"faces": {
				"north": {"uv": [8.5, 5.75, 8.9375, 5.8125], "texture": "#0"},
				"east": {"uv": [8.5625, 7.25, 8.8125, 7.3125], "texture": "#0"},
				"south": {"uv": [8.5, 5.8125, 8.9375, 5.875], "texture": "#0"},
				"west": {"uv": [8.5625, 7.3125, 8.8125, 7.375], "texture": "#0"},
				"up": {"uv": [8.0625, 7.625, 7.625, 7.375], "texture": "#0"},
				"down": {"uv": [8.0625, 7.625, 7.625, 7.875], "texture": "#0"}
			}
		},
		{
			"name": "bracket",
			"from": [29.5, -5.5, 21],
			"to": [30, -5, 21.75],
			"rotation": {"angle": 0, "axis": "y", "origin": [30, 2, 23]},
			"faces": {
				"north": {"uv": [2.8125, 8.6875, 2.875, 8.75], "texture": "#0"},
				"east": {"uv": [2.875, 8.6875, 2.9375, 8.75], "texture": "#0"},
				"south": {"uv": [2.9375, 8.6875, 3, 8.75], "texture": "#0"},
				"west": {"uv": [3, 8.6875, 3.0625, 8.75], "texture": "#0"},
				"up": {"uv": [3.125, 8.75, 3.0625, 8.6875], "texture": "#0"},
				"down": {"uv": [3.1875, 8.6875, 3.125, 8.75], "texture": "#0"}
			}
		},
		{
			"name": "bracket",
			"from": [22, -5.5, 21],
			"to": [22.5, -5, 21.75],
			"rotation": {"angle": 0, "axis": "y", "origin": [30, 2, 23]},
			"faces": {
				"north": {"uv": [3.1875, 8.6875, 3.25, 8.75], "texture": "#0"},
				"east": {"uv": [3.25, 8.6875, 3.3125, 8.75], "texture": "#0"},
				"south": {"uv": [8.6875, 3.6875, 8.75, 3.75], "texture": "#0"},
				"west": {"uv": [3.75, 8.6875, 3.8125, 8.75], "texture": "#0"},
				"up": {"uv": [8.75, 3.8125, 8.6875, 3.75], "texture": "#0"},
				"down": {"uv": [3.875, 8.6875, 3.8125, 8.75], "texture": "#0"}
			}
		},
		{
			"name": "handlebar",
			"from": [28, 19, 14],
			"to": [29, 23, 15],
			"rotation": {"angle": -45, "axis": "z", "origin": [29, 19, 16]},
			"faces": {
				"north": {"uv": [2.5625, 7.5625, 2.625, 7.8125], "texture": "#0"},
				"east": {"uv": [7.5625, 6.875, 7.625, 7.125], "texture": "#0"},
				"south": {"uv": [7.5625, 7.125, 7.625, 7.375], "texture": "#0"},
				"west": {"uv": [7.5625, 7.375, 7.625, 7.625], "texture": "#0"},
				"up": {"uv": [2.5, 7.6875, 2.4375, 7.625], "texture": "#0"},
				"down": {"uv": [2.5625, 7.625, 2.5, 7.6875], "texture": "#0"}
			}
		},
		{
			"name": "handlebar",
			"from": [28, 19, 1],
			"to": [29, 23, 2],
			"rotation": {"angle": -45, "axis": "z", "origin": [29, 19, 3]},
			"faces": {
				"north": {"uv": [2.1875, 7.5625, 2.25, 7.8125], "texture": "#0"},
				"east": {"uv": [2.25, 7.5625, 2.3125, 7.8125], "texture": "#0"},
				"south": {"uv": [2.3125, 7.5625, 2.375, 7.8125], "texture": "#0"},
				"west": {"uv": [2.375, 7.5625, 2.4375, 7.8125], "texture": "#0"},
				"up": {"uv": [2.5, 7.625, 2.4375, 7.5625], "texture": "#0"},
				"down": {"uv": [2.5625, 7.5625, 2.5, 7.625], "texture": "#0"}
			}
		},
		{
			"name": "glass",
			"from": [-15, 2, 23],
			"to": [-1, 22, 24],
			"rotation": {"angle": 0, "axis": "y", "origin": [-15, 2, 22]},
			"faces": {
				"north": {"uv": [6, 0.75, 6.875, 1.5], "texture": "#0"},
				"east": {"uv": [2.625, 7.875, 2.6875, 8.625], "texture": "#0"},
				"south": {"uv": [6, 1.5, 6.875, 2.25], "texture": "#0"},
				"west": {"uv": [2.6875, 7.875, 2.75, 8.625], "texture": "#0"},
				"up": {"uv": [8.75, 0.9375, 7.875, 0.875], "texture": "#0"},
				"down": {"uv": [8.75, 0.9375, 7.875, 1], "texture": "#0"}
			}
		},
		{
			"name": "glass",
			"from": [17, 2, 23],
			"to": [31, 22, 24],
			"rotation": {"angle": 0, "axis": "y", "origin": [17, 2, 22]},
			"faces": {
				"north": {"uv": [6, 0.75, 6.875, 1.5], "texture": "#0"},
				"east": {"uv": [2.625, 7.875, 2.6875, 8.625], "texture": "#0"},
				"south": {"uv": [6, 1.5, 6.875, 2.25], "texture": "#0"},
				"west": {"uv": [2.6875, 7.875, 2.75, 8.625], "texture": "#0"},
				"up": {"uv": [8.75, 0.9375, 7.875, 0.875], "texture": "#0"},
				"down": {"uv": [8.75, 0.9375, 7.875, 1], "texture": "#0"}
			}
		},
		{
			"name": "glass",
			"from": [17, 2, -8],
			"to": [31, 22, -7],
			"rotation": {"angle": 0, "axis": "y", "origin": [17, 2, -9]},
			"faces": {
				"north": {"uv": [6, 0.75, 6.875, 1.5], "texture": "#0"},
				"east": {"uv": [2.625, 7.875, 2.6875, 8.625], "texture": "#0"},
				"south": {"uv": [6, 1.5, 6.875, 2.25], "texture": "#0"},
				"west": {"uv": [2.6875, 7.875, 2.75, 8.625], "texture": "#0"},
				"up": {"uv": [8.75, 0.9375, 7.875, 0.875], "texture": "#0"},
				"down": {"uv": [8.75, 0.9375, 7.875, 1], "texture": "#0"}
			}
		},
		{
			"name": "glass",
			"from": [-15, 2, -8],
			"to": [-1, 22, -7],
			"rotation": {"angle": 0, "axis": "y", "origin": [-15, 2, -9]},
			"faces": {
				"north": {"uv": [6, 0.75, 6.875, 1.5], "texture": "#0"},
				"east": {"uv": [2.625, 7.875, 2.6875, 8.625], "texture": "#0"},
				"south": {"uv": [6, 1.5, 6.875, 2.25], "texture": "#0"},
				"west": {"uv": [2.6875, 7.875, 2.75, 8.625], "texture": "#0"},
				"up": {"uv": [8.75, 0.9375, 7.875, 0.875], "texture": "#0"},
				"down": {"uv": [8.75, 0.9375, 7.875, 1], "texture": "#0"}
			}
		}
	],
	"display": {
		"thirdperson_righthand": {
			"scale": [0.25, 0.25, 0.25]
		}
	},
	"groups": [
		0,
		{
			"name": "side",
			"origin": [8, 8, 8],
			"color": 0,
			"children": [1, 2, 3, 4, 5, 6, 7, 8, 9, 10, 11, 12, 13, 14, 15]
		},
		{
			"name": "roof",
			"origin": [0, 22, 22],
			"color": 0,
			"children": [16, 17, 18, 19, 20, 21, 22, 23, 24]
		},
		{
			"name": "int",
			"origin": [8, 8, 8],
			"color": 0,
			"children": [
				25,
				26,
				27,
				28,
				29,
				30,
				31,
				32,
				33,
				34,
				35,
				36,
				{
					"name": "chair",
					"origin": [8, 8, 8],
					"color": 0,
					"children": [37, 38, 39, 40, 41, 42, 43, 44]
				},
				{
					"name": "chair",
					"origin": [8, 8, 8],
					"color": 0,
					"children": [45, 46, 47, 48, 49, 50, 51, 52]
				},
				{
					"name": "chair",
					"origin": [8, 8, 8],
					"color": 0,
					"children": [53, 54, 55, 56, 57, 58, 59, 60]
				},
				{
					"name": "chair",
					"origin": [8, 8, 8],
					"color": 0,
					"children": [61, 62, 63, 64, 65, 66, 67, 68]
				},
				69,
				70
			]
		},
		71,
		72,
		73,
		74
	]
}