{
	"credit": "Made with Blockbench",
	"texture_size": [64, 64],
	"textures": {
		"0": "block/parkston/pk_metrotram_21d_skirt_front",
		"particle": "block/parkston/pk_metrotram_21d_skirt_front"
	},
	"elements": [
		{
			"from": [-16, 0, -8],
			"to": [-11, 12, -7],
			"rotation": {"angle": 0, "axis": "y", "origin": [0, 0, -8]},
			"faces": {
				"north": {"uv": [0, 6, 1.25, 9], "texture": "#0"},
				"east": {"uv": [1.5, 9, 1.75, 12], "texture": "#0"},
				"south": {"uv": [6, 0, 7.25, 3], "texture": "#0"},
				"west": {"uv": [1.75, 9, 2, 12], "texture": "#0"},
				"up": {"uv": [7, 9.25, 5.75, 9], "texture": "#0"},
				"down": {"uv": [8.25, 9, 7, 9.25], "texture": "#0"}
			}
		},
		{
			"from": [-16, 0, 23],
			"to": [-11, 12, 24],
			"rotation": {"angle": 0, "axis": "y", "origin": [0, 0, 23]},
			"faces": {
				"north": {"uv": [1.25, 6, 2.5, 9], "texture": "#0"},
				"east": {"uv": [2, 9, 2.25, 12], "texture": "#0"},
				"south": {"uv": [2.5, 6, 3.75, 9], "texture": "#0"},
				"west": {"uv": [2.25, 9, 2.5, 12], "texture": "#0"},
				"up": {"uv": [9.5, 9.25, 8.25, 9], "texture": "#0"},
				"down": {"uv": [10.5, 0, 9.25, 0.25], "texture": "#0"}
			}
		},
		{
			"from": [-11, 0, -7],
			"to": [-7, 12, -6],
			"rotation": {"angle": 0, "axis": "y", "origin": [5, 0, -7]},
			"faces": {
				"north": {"uv": [4.75, 6, 5.75, 9], "texture": "#0"},
				"east": {"uv": [3, 9, 3.25, 12], "texture": "#0"},
				"south": {"uv": [5.75, 6, 6.75, 9], "texture": "#0"},
				"west": {"uv": [9, 3, 9.25, 6], "texture": "#0"},
				"up": {"uv": [10.25, 1, 9.25, 0.75], "texture": "#0"},
				"down": {"uv": [10.25, 1, 9.25, 1.25], "texture": "#0"}
			}
		},
		{
			"from": [-11, 0, 22],
			"to": [-7, 12, 23],
			"rotation": {"angle": 0, "axis": "y", "origin": [5, 0, 22]},
			"faces": {
				"north": {"uv": [6, 3, 7, 6], "texture": "#0"},
				"east": {"uv": [2.5, 9, 2.75, 12], "texture": "#0"},
				"south": {"uv": [3.75, 6, 4.75, 9], "texture": "#0"},
				"west": {"uv": [2.75, 9, 3, 12], "texture": "#0"},
				"up": {"uv": [10.25, 0.5, 9.25, 0.25], "texture": "#0"},
				"down": {"uv": [10.25, 0.5, 9.25, 0.75], "texture": "#0"}
			}
		},
		{
			"from": [-7, 0, 21],
			"to": [-3, 12, 22],
			"rotation": {"angle": 0, "axis": "y", "origin": [9, 0, 21]},
			"faces": {
				"north": {"uv": [7.25, 0, 8.25, 3], "texture": "#0"},
				"east": {"uv": [3.75, 9, 4, 12], "texture": "#0"},
				"south": {"uv": [7.75, 6, 8.75, 9], "texture": "#0"},
				"west": {"uv": [4, 9, 4.25, 12], "texture": "#0"},
				"up": {"uv": [10.25, 2, 9.25, 1.75], "texture": "#0"},
				"down": {"uv": [10.25, 2, 9.25, 2.25], "texture": "#0"}
			}
		},
		{
			"from": [-7, 0, -6],
			"to": [-3, 12, -5],
			"rotation": {"angle": 0, "axis": "y", "origin": [9, 0, -6]},
			"faces": {
				"north": {"uv": [6.75, 6, 7.75, 9], "texture": "#0"},
				"east": {"uv": [3.25, 9, 3.5, 12], "texture": "#0"},
				"south": {"uv": [7, 3, 8, 6], "texture": "#0"},
				"west": {"uv": [3.5, 9, 3.75, 12], "texture": "#0"},
				"up": {"uv": [10.25, 1.5, 9.25, 1.25], "texture": "#0"},
				"down": {"uv": [10.25, 1.5, 9.25, 1.75], "texture": "#0"}
			}
		},
		{
			"from": [-3, 0, 20],
			"to": [1, 12, 21],
			"rotation": {"angle": 0, "axis": "y", "origin": [13, 0, 20]},
			"faces": {
				"north": {"uv": [8.75, 6, 9.75, 9], "texture": "#0"},
				"east": {"uv": [4.75, 9, 5, 12], "texture": "#0"},
				"south": {"uv": [0, 9, 1, 12], "texture": "#0"},
				"west": {"uv": [5, 9, 5.25, 12], "texture": "#0"},
				"up": {"uv": [10.25, 3, 9.25, 2.75], "texture": "#0"},
				"down": {"uv": [10.25, 3, 9.25, 3.25], "texture": "#0"}
			}
		},
		{
			"from": [0, 0, -4],
			"to": [1, 12, 20],
			"rotation": {"angle": 0, "axis": "y", "origin": [13, 0, 19]},
			"faces": {
				"north": {"uv": [5.25, 9, 5.5, 12], "texture": "#0"},
				"east": {"uv": [0, 0, 6, 3], "texture": "#0"},
				"south": {"uv": [5.5, 9, 5.75, 12], "texture": "#0"},
				"west": {"uv": [0, 3, 6, 6], "texture": "#0"},
				"up": {"uv": [1.25, 15, 1, 9], "texture": "#0"},
				"down": {"uv": [1.5, 9, 1.25, 15], "texture": "#0"}
			}
		},
		{
			"from": [-3, 0, -5],
			"to": [1, 12, -4],
			"rotation": {"angle": 0, "axis": "y", "origin": [13, 0, -5]},
			"faces": {
				"north": {"uv": [8, 3, 9, 6], "texture": "#0"},
				"east": {"uv": [4.25, 9, 4.5, 12], "texture": "#0"},
				"south": {"uv": [8.25, 0, 9.25, 3], "texture": "#0"},
				"west": {"uv": [4.5, 9, 4.75, 12], "texture": "#0"},
				"up": {"uv": [10.25, 2.5, 9.25, 2.25], "texture": "#0"},
				"down": {"uv": [10.25, 2.5, 9.25, 2.75], "texture": "#0"}
			}
		}
	]
}