{
	"credit": "Made with Blockbench",
	"texture_size": [256, 256],
	"textures": {
		"0": "block/parkston/pk_metrotram_21d_driver",
		"particle": "block/parkston/pk_metrotram_21d_driver"
	},
	"elements": [
		{
			"name": "floor",
			"from": [11, -11, -8],
			"to": [32, -10, 24],
			"rotation": {"angle": 0, "axis": "y", "origin": [7, -11, 0]},
			"faces": {
				"north": {"uv": [6.5, 1, 7.8125, 1.0625], "texture": "#0"},
				"east": {"uv": [5.875, 3.5, 7.875, 3.5625], "texture": "#0"},
				"south": {"uv": [6.5, 1.0625, 7.8125, 1.125], "texture": "#0"},
				"west": {"uv": [5.875, 3.5625, 7.875, 3.625], "texture": "#0"},
				"up": {"uv": [1.3125, 2, 0, 0], "texture": "#0"},
				"down": {"uv": [2.625, 0, 1.3125, 2], "texture": "#0"}
			}
		},
		{
			"name": "floor",
			"from": [7, -11, -7],
			"to": [11, -10, 23],
			"rotation": {"angle": 0, "axis": "y", "origin": [-14, -11, 0]},
			"faces": {
				"north": {"uv": [5.25, 5.1875, 5.5, 5.25], "texture": "#0"},
				"east": {"uv": [5.875, 4, 7.75, 4.0625], "texture": "#0"},
				"south": {"uv": [7.0625, 3.625, 7.3125, 3.6875], "texture": "#0"},
				"west": {"uv": [6.25, 3.0625, 8.125, 3.125], "texture": "#0"},
				"up": {"uv": [0.25, 6.5, 0, 4.625], "texture": "#0"},
				"down": {"uv": [0.5, 4.625, 0.25, 6.5], "texture": "#0"}
			}
		},
		{
			"name": "floor",
			"from": [3, -11, -6],
			"to": [7, -10, 22],
			"rotation": {"angle": 0, "axis": "y", "origin": [-18, -11, 0]},
			"faces": {
				"north": {"uv": [7.0625, 3.6875, 7.3125, 3.75], "texture": "#0"},
				"east": {"uv": [6.3125, 4.8125, 8.0625, 4.875], "texture": "#0"},
				"south": {"uv": [7.0625, 3.75, 7.3125, 3.8125], "texture": "#0"},
				"west": {"uv": [6.3125, 4.875, 8.0625, 4.9375], "texture": "#0"},
				"up": {"uv": [0.75, 6.375, 0.5, 4.625], "texture": "#0"},
				"down": {"uv": [1, 4.625, 0.75, 6.375], "texture": "#0"}
			}
		},
		{
			"name": "floor",
			"from": [-1, -11, -5],
			"to": [3, -10, 21],
			"rotation": {"angle": 0, "axis": "y", "origin": [-22, -11, 0]},
			"faces": {
				"north": {"uv": [3.875, 7.0625, 4.125, 7.125], "texture": "#0"},
				"east": {"uv": [6.3125, 5.9375, 7.9375, 6], "texture": "#0"},
				"south": {"uv": [7.0625, 4.0625, 7.3125, 4.125], "texture": "#0"},
				"west": {"uv": [6.3125, 6, 7.9375, 6.0625], "texture": "#0"},
				"up": {"uv": [4.875, 6.75, 4.625, 5.125], "texture": "#0"},
				"down": {"uv": [5.5, 1, 5.25, 2.625], "texture": "#0"}
			}
		},
		{
			"name": "pillar",
			"from": [31, -10, 23],
			"to": [32, 22, 24],
			"rotation": {"angle": 0, "axis": "y", "origin": [21, -10, 22]},
			"faces": {
				"north": {"uv": [5.375, 5.75, 5.4375, 7.75], "texture": "#0"},
				"east": {"uv": [5.4375, 5.75, 5.5, 7.75], "texture": "#0"},
				"south": {"uv": [2.125, 5.875, 2.1875, 7.875], "texture": "#0"},
				"west": {"uv": [2.1875, 5.875, 2.25, 7.875], "texture": "#0"},
				"up": {"uv": [4.4375, 5.125, 4.375, 5.0625], "texture": "#0"},
				"down": {"uv": [4.5, 5.0625, 4.4375, 5.125], "texture": "#0"}
			}
		},
		{
			"name": "pillar",
			"from": [31, -10, -8],
			"to": [32, 22, -7],
			"rotation": {"angle": 0, "axis": "y", "origin": [21, -10, -9]},
			"faces": {
				"north": {"uv": [5.875, 6.0625, 5.9375, 8.0625], "texture": "#0"},
				"east": {"uv": [1.5, 6.1875, 1.5625, 8.1875], "texture": "#0"},
				"south": {"uv": [1.5625, 6.1875, 1.625, 8.1875], "texture": "#0"},
				"west": {"uv": [1.625, 6.1875, 1.6875, 8.1875], "texture": "#0"},
				"up": {"uv": [5.6875, 1, 5.625, 0.9375], "texture": "#0"},
				"down": {"uv": [2.5, 5.8125, 2.4375, 5.875], "texture": "#0"}
			}
		},
		{
			"name": "pillar",
			"from": [14, -10, -8],
			"to": [15, 22, -7],
			"rotation": {"angle": 0, "axis": "y", "origin": [4, -10, -9]},
			"faces": {
				"north": {"uv": [1.6875, 6.1875, 1.75, 8.1875], "texture": "#0"},
				"east": {"uv": [1.75, 6.1875, 1.8125, 8.1875], "texture": "#0"},
				"south": {"uv": [1.8125, 6.1875, 1.875, 8.1875], "texture": "#0"},
				"west": {"uv": [1.875, 6.1875, 1.9375, 8.1875], "texture": "#0"},
				"up": {"uv": [5.9375, 5.1875, 5.875, 5.125], "texture": "#0"},
				"down": {"uv": [7.4375, 3.4375, 7.375, 3.5], "texture": "#0"}
			}
		},
		{
			"name": "topbeam",
			"from": [15, 21, 23],
			"to": [31, 22, 24],
			"rotation": {"angle": 0, "axis": "y", "origin": [29, 18, 23]},
			"faces": {
				"north": {"uv": [6.5625, 5.5625, 7.5625, 5.625], "texture": "#0"},
				"east": {"uv": [7.4375, 6.9375, 7.5, 7], "texture": "#0"},
				"south": {"uv": [6.5625, 5.625, 7.5625, 5.6875], "texture": "#0"},
				"west": {"uv": [7.4375, 7.3125, 7.5, 7.375], "texture": "#0"},
				"up": {"uv": [7.5625, 5.75, 6.5625, 5.6875], "texture": "#0"},
				"down": {"uv": [7.5625, 5.75, 6.5625, 5.8125], "texture": "#0"}
			}
		},
		{
			"name": "topbeam",
			"from": [14, 22, 23],
			"to": [32, 25, 24],
			"rotation": {"angle": 0, "axis": "y", "origin": [29, 22, 23]},
			"faces": {
				"north": {"uv": [5.6875, 1.875, 6.8125, 2.0625], "texture": "#0"},
				"east": {"uv": [4.4375, 7.3125, 4.5, 7.5], "texture": "#0"},
				"south": {"uv": [5.6875, 2.0625, 6.8125, 2.25], "texture": "#0"},
				"west": {"uv": [5.25, 7.3125, 5.3125, 7.5], "texture": "#0"},
				"up": {"uv": [7.625, 1.3125, 6.5, 1.25], "texture": "#0"},
				"down": {"uv": [7.625, 1.3125, 6.5, 1.375], "texture": "#0"}
			}
		},
		{
			"name": "topbeam",
			"from": [14, 22, -8],
			"to": [32, 25, -7],
			"rotation": {"angle": 0, "axis": "y", "origin": [29, 22, -8]},
			"faces": {
				"north": {"uv": [5.875, 0, 7, 0.1875], "texture": "#0"},
				"east": {"uv": [3.1875, 7.375, 3.25, 7.5625], "texture": "#0"},
				"south": {"uv": [5.875, 0.1875, 7, 0.375], "texture": "#0"},
				"west": {"uv": [3.25, 7.375, 3.3125, 7.5625], "texture": "#0"},
				"up": {"uv": [7.6875, 5.375, 6.5625, 5.3125], "texture": "#0"},
				"down": {"uv": [7.6875, 5.375, 6.5625, 5.4375], "texture": "#0"}
			}
		},
		{
			"name": "topbeam",
			"from": [14, 24.5, -8],
			"to": [32, 27.5, -7],
			"rotation": {"angle": 22.5, "axis": "x", "origin": [29, 24.5, -7]},
			"faces": {
				"north": {"uv": [5.875, 0.375, 7, 0.5625], "texture": "#0"},
				"east": {"uv": [7.375, 3.25, 7.4375, 3.4375], "texture": "#0"},
				"south": {"uv": [5.875, 0.5625, 7, 0.75], "texture": "#0"},
				"west": {"uv": [3.3125, 7.375, 3.375, 7.5625], "texture": "#0"},
				"up": {"uv": [7.6875, 5.5, 6.5625, 5.4375], "texture": "#0"},
				"down": {"uv": [7.6875, 5.5, 6.5625, 5.5625], "texture": "#0"}
			}
		},
		{
			"name": "topbeam",
			"from": [14, 24.5, 23],
			"to": [32, 27.5, 24],
			"rotation": {"angle": -22.5, "axis": "x", "origin": [29, 24.5, 23]},
			"faces": {
				"north": {"uv": [5.6875, 2.25, 6.8125, 2.4375], "texture": "#0"},
				"east": {"uv": [3.0625, 7.375, 3.125, 7.5625], "texture": "#0"},
				"south": {"uv": [5.6875, 2.4375, 6.8125, 2.625], "texture": "#0"},
				"west": {"uv": [3.125, 7.375, 3.1875, 7.5625], "texture": "#0"},
				"up": {"uv": [7.6875, 5.25, 6.5625, 5.1875], "texture": "#0"},
				"down": {"uv": [7.6875, 5.25, 6.5625, 5.3125], "texture": "#0"}
			}
		},
		{
			"name": "pillar",
			"from": [14, -10, 23],
			"to": [15, 22, 24],
			"rotation": {"angle": 0, "axis": "y", "origin": [4, -10, 22]},
			"faces": {
				"north": {"uv": [1.9375, 6.1875, 2, 8.1875], "texture": "#0"},
				"east": {"uv": [2, 6.1875, 2.0625, 8.1875], "texture": "#0"},
				"south": {"uv": [2.0625, 6.1875, 2.125, 8.1875], "texture": "#0"},
				"west": {"uv": [2.4375, 6.1875, 2.5, 8.1875], "texture": "#0"},
				"up": {"uv": [7.4375, 3.875, 7.375, 3.8125], "texture": "#0"},
				"down": {"uv": [7.4375, 4.4375, 7.375, 4.5], "texture": "#0"}
			}
		},
		{
			"name": "pillar",
			"from": [-1, -10, 20],
			"to": [0, 13.5, 21],
			"rotation": {"angle": 0, "axis": "y", "origin": [-11, -10, 19]},
			"faces": {
				"north": {"uv": [2.875, 6.1875, 2.9375, 7.6875], "texture": "#0"},
				"east": {"uv": [2.9375, 6.1875, 3, 7.6875], "texture": "#0"},
				"south": {"uv": [3, 6.1875, 3.0625, 7.6875], "texture": "#0"},
				"west": {"uv": [0.75, 6.375, 0.8125, 7.875], "texture": "#0"},
				"up": {"uv": [7.4375, 6.375, 7.375, 6.3125], "texture": "#0"},
				"down": {"uv": [7.4375, 6.9375, 7.375, 7], "texture": "#0"}
			}
		},
		{
			"name": "wallpanel",
			"from": [-1, -10, -4],
			"to": [0, 5, 20],
			"rotation": {"angle": 0, "axis": "y", "origin": [-1, -10, 18]},
			"faces": {
				"north": {"uv": [5.625, 0, 5.6875, 0.9375], "texture": "#0"},
				"east": {"uv": [3.75, 1, 5.25, 1.9375], "texture": "#0"},
				"south": {"uv": [5.5, 6.5625, 5.5625, 7.5], "texture": "#0"},
				"west": {"uv": [3.75, 1.9375, 5.25, 2.875], "texture": "#0"},
				"up": {"uv": [6.0625, 7.875, 6, 6.375], "texture": "#0"},
				"down": {"uv": [6.125, 6.375, 6.0625, 7.875], "texture": "#0"}
			}
		},
		{
			"name": "wallpanel",
			"from": [0, -10, 20],
			"to": [3, 5, 21],
			"rotation": {"angle": 0, "axis": "y", "origin": [0, -10, 19]},
			"faces": {
				"north": {"uv": [3.0625, 5.875, 3.25, 6.8125], "texture": "#0"},
				"east": {"uv": [5.5625, 6.5625, 5.625, 7.5], "texture": "#0"},
				"south": {"uv": [3.25, 5.875, 3.4375, 6.8125], "texture": "#0"},
				"west": {"uv": [5.625, 6.5625, 5.6875, 7.5], "texture": "#0"},
				"up": {"uv": [5.875, 7.375, 5.6875, 7.3125], "texture": "#0"},
				"down": {"uv": [6.5625, 7.3125, 6.375, 7.375], "texture": "#0"}
			}
		},
		{
			"name": "wallpanel",
			"from": [0, -10, -5],
			"to": [3, 5, -4],
			"rotation": {"angle": 0, "axis": "y", "origin": [0, -10, -6]},
			"faces": {
				"north": {"uv": [3.4375, 5.875, 3.625, 6.8125], "texture": "#0"},
				"east": {"uv": [1.25, 6.6875, 1.3125, 7.625], "texture": "#0"},
				"south": {"uv": [5.9375, 4.6875, 6.125, 5.625], "texture": "#0"},
				"west": {"uv": [1.3125, 6.6875, 1.375, 7.625], "texture": "#0"},
				"up": {"uv": [7.0625, 7.375, 6.875, 7.3125], "texture": "#0"},
				"down": {"uv": [7.5, 7, 7.3125, 7.0625], "texture": "#0"}
			}
		},
		{
			"name": "wallpanel",
			"from": [11, -10, 23],
			"to": [14, 2, 24],
			"rotation": {"angle": 0, "axis": "y", "origin": [11, -10, 22]},
			"faces": {
				"north": {"uv": [5.9375, 5.625, 6.125, 6.375], "texture": "#0"},
				"east": {"uv": [2.5, 3.875, 2.5625, 4.625], "texture": "#0"},
				"south": {"uv": [5.6875, 6.0625, 5.875, 6.8125], "texture": "#0"},
				"west": {"uv": [2.5625, 3.875, 2.625, 4.625], "texture": "#0"},
				"up": {"uv": [7.5, 6.5625, 7.3125, 6.5], "texture": "#0"},
				"down": {"uv": [7.5, 6.5625, 7.3125, 6.625], "texture": "#0"}
			}
		},
		{
			"name": "wallpanel",
			"from": [11, -10, -8],
			"to": [14, 2, -7],
			"rotation": {"angle": 0, "axis": "y", "origin": [11, -10, -9]},
			"faces": {
				"north": {"uv": [6.125, 4.6875, 6.3125, 5.4375], "texture": "#0"},
				"east": {"uv": [4.75, 6.75, 4.8125, 7.5], "texture": "#0"},
				"south": {"uv": [6.125, 5.4375, 6.3125, 6.1875], "texture": "#0"},
				"west": {"uv": [4.8125, 6.75, 4.875, 7.5], "texture": "#0"},
				"up": {"uv": [7.5, 6.6875, 7.3125, 6.625], "texture": "#0"},
				"down": {"uv": [6.875, 7.3125, 6.6875, 7.375], "texture": "#0"}
			}
		},
		{
			"name": "wallpanel",
			"from": [15, -10, -8],
			"to": [31, 2, -7],
			"rotation": {"angle": 0, "axis": "y", "origin": [15, -10, -9]},
			"faces": {
				"north": {"uv": [3.75, 2.875, 4.75, 3.625], "texture": "#0"},
				"east": {"uv": [6.5625, 6.75, 6.625, 7.5], "texture": "#0"},
				"south": {"uv": [0, 3.875, 1, 4.625], "texture": "#0"},
				"west": {"uv": [6.625, 6.75, 6.6875, 7.5], "texture": "#0"},
				"up": {"uv": [7.5625, 5.875, 6.5625, 5.8125], "texture": "#0"},
				"down": {"uv": [7.5625, 5.875, 6.5625, 5.9375], "texture": "#0"}
			}
		},
		{
			"name": "wallpanel",
			"from": [7, -10, 22],
			"to": [11, 3, 23],
			"rotation": {"angle": 0, "axis": "y", "origin": [7, -10, 21]},
			"faces": {
				"north": {"uv": [3.875, 5.8125, 4.125, 6.625], "texture": "#0"},
				"east": {"uv": [3.75, 6.6875, 3.8125, 7.5], "texture": "#0"},
				"south": {"uv": [4.125, 5.8125, 4.375, 6.625], "texture": "#0"},
				"west": {"uv": [3.8125, 6.6875, 3.875, 7.5], "texture": "#0"},
				"up": {"uv": [7.3125, 4.1875, 7.0625, 4.125], "texture": "#0"},
				"down": {"uv": [7.3125, 4.1875, 7.0625, 4.25], "texture": "#0"}
			}
		},
		{
			"name": "wallpanel",
			"from": [7, -10, -7],
			"to": [11, 3, -6],
			"rotation": {"angle": 0, "axis": "y", "origin": [7, -10, -8]},
			"faces": {
				"north": {"uv": [1, 5.875, 1.25, 6.6875], "texture": "#0"},
				"east": {"uv": [4.625, 6.75, 4.6875, 7.5625], "texture": "#0"},
				"south": {"uv": [1.25, 5.875, 1.5, 6.6875], "texture": "#0"},
				"west": {"uv": [4.6875, 6.75, 4.75, 7.5625], "texture": "#0"},
				"up": {"uv": [7.375, 2.5, 7.125, 2.4375], "texture": "#0"},
				"down": {"uv": [7.375, 2.5, 7.125, 2.5625], "texture": "#0"}
			}
		},
		{
			"name": "wallpanel",
			"from": [3, -10, 21],
			"to": [7, 4, 22],
			"rotation": {"angle": 0, "axis": "y", "origin": [3, -10, 20]},
			"faces": {
				"north": {"uv": [5.6875, 5.1875, 5.9375, 6.0625], "texture": "#0"},
				"east": {"uv": [1.375, 6.6875, 1.4375, 7.5625], "texture": "#0"},
				"south": {"uv": [4.875, 5.75, 5.125, 6.625], "texture": "#0"},
				"west": {"uv": [1.4375, 6.6875, 1.5, 7.5625], "texture": "#0"},
				"up": {"uv": [6.9375, 7.125, 6.6875, 7.0625], "texture": "#0"},
				"down": {"uv": [7.1875, 7.0625, 6.9375, 7.125], "texture": "#0"}
			}
		},
		{
			"name": "wallpanel",
			"from": [3, -10, -6],
			"to": [7, 4, -5],
			"rotation": {"angle": 0, "axis": "y", "origin": [3, -10, -7]},
			"faces": {
				"north": {"uv": [5.125, 5.75, 5.375, 6.625], "texture": "#0"},
				"east": {"uv": [3.625, 6.6875, 3.6875, 7.5625], "texture": "#0"},
				"south": {"uv": [3.625, 5.8125, 3.875, 6.6875], "texture": "#0"},
				"west": {"uv": [3.6875, 6.6875, 3.75, 7.5625], "texture": "#0"},
				"up": {"uv": [7.375, 2.625, 7.125, 2.5625], "texture": "#0"},
				"down": {"uv": [4.125, 7.125, 3.875, 7.1875], "texture": "#0"}
			}
		},
		{
			"name": "pillar",
			"from": [6, 28.5, 20],
			"to": [14, 29.5, 21],
			"rotation": {"angle": 0, "axis": "y", "origin": [-5, 27.5, 19]},
			"faces": {
				"north": {"uv": [6.875, 4.25, 7.375, 4.3125], "texture": "#0"},
				"east": {"uv": [7.4375, 4.4375, 7.5, 4.5], "texture": "#0"},
				"south": {"uv": [4.875, 6.875, 5.375, 6.9375], "texture": "#0"},
				"west": {"uv": [7.4375, 6.3125, 7.5, 6.375], "texture": "#0"},
				"up": {"uv": [7.375, 6.8125, 6.875, 6.75], "texture": "#0"},
				"down": {"uv": [7.375, 6.8125, 6.875, 6.875], "texture": "#0"}
			}
		},
		{
			"name": "pillar",
			"from": [6, 28.5, -5],
			"to": [14, 29.5, -4],
			"rotation": {"angle": 0, "axis": "y", "origin": [6, 29.5, -5]},
			"faces": {
				"north": {"uv": [6.875, 6.875, 7.375, 6.9375], "texture": "#0"},
				"east": {"uv": [7.4375, 6.8125, 7.5, 6.875], "texture": "#0"},
				"south": {"uv": [4.875, 6.9375, 5.375, 7], "texture": "#0"},
				"west": {"uv": [7.4375, 6.875, 7.5, 6.9375], "texture": "#0"},
				"up": {"uv": [7.375, 7, 6.875, 6.9375], "texture": "#0"},
				"down": {"uv": [7.5, 0, 7, 0.0625], "texture": "#0"}
			}
		},
		{
			"name": "pillar",
			"from": [3.5, 24, -4],
			"to": [6, 29.5, -3],
			"rotation": {"angle": 0, "axis": "y", "origin": [-2, 29.5, -4]},
			"faces": {
				"north": {"uv": [4, 4.625, 4.1875, 5], "texture": "#0"},
				"east": {"uv": [1.1875, 6.9375, 1.25, 7.3125], "texture": "#0"},
				"south": {"uv": [4.1875, 4.625, 4.375, 5], "texture": "#0"},
				"west": {"uv": [3.0625, 7, 3.125, 7.375], "texture": "#0"},
				"up": {"uv": [7.5625, 1.4375, 7.375, 1.375], "texture": "#0"},
				"down": {"uv": [7.5625, 1.4375, 7.375, 1.5], "texture": "#0"}
			}
		},
		{
			"name": "pillar",
			"from": [3.5, 24, 19],
			"to": [6, 29.5, 20],
			"rotation": {"angle": 0, "axis": "y", "origin": [-2, 29.5, 19]},
			"faces": {
				"north": {"uv": [6.5, 3.625, 6.6875, 4], "texture": "#0"},
				"east": {"uv": [3.125, 7, 3.1875, 7.375], "texture": "#0"},
				"south": {"uv": [6.375, 6.5, 6.5625, 6.875], "texture": "#0"},
				"west": {"uv": [3.1875, 7, 3.25, 7.375], "texture": "#0"},
				"up": {"uv": [7.5625, 1.5625, 7.375, 1.5], "texture": "#0"},
				"down": {"uv": [7.5625, 1.5625, 7.375, 1.625], "texture": "#0"}
			}
		},
		{
			"name": "pillar",
			"from": [3.5, 28.5, -3],
			"to": [6, 29.5, 19],
			"rotation": {"angle": 0, "axis": "y", "origin": [-2, 29.5, 18]},
			"faces": {
				"north": {"uv": [7.375, 1.625, 7.5625, 1.6875], "texture": "#0"},
				"east": {"uv": [6.5, 0.875, 7.875, 0.9375], "texture": "#0"},
				"south": {"uv": [7.375, 1.6875, 7.5625, 1.75], "texture": "#0"},
				"west": {"uv": [6.5, 0.9375, 7.875, 1], "texture": "#0"},
				"up": {"uv": [5.6875, 6.5625, 5.5, 5.1875], "texture": "#0"},
				"down": {"uv": [5.875, 0, 5.6875, 1.375], "texture": "#0"}
			}
		},
		{
			"name": "board",
			"from": [3.75, 24.5, -3],
			"to": [4.75, 28.5, 19],
			"rotation": {"angle": 0, "axis": "y", "origin": [-1.75, 28.5, 18]},
			"faces": {
				"north": {"uv": [6.375, 7, 6.4375, 7.25], "texture": "#0"},
				"east": {"uv": [5.25, 2.625, 6.625, 2.875], "texture": "#0"},
				"south": {"uv": [6.4375, 7, 6.5, 7.25], "texture": "#0"},
				"west": {"uv": [5.25, 4.0625, 6.625, 4.3125], "texture": "#0"},
				"up": {"uv": [0.0625, 7.875, 0, 6.5], "texture": "#0"},
				"down": {"uv": [0.125, 6.5, 0.0625, 7.875], "texture": "#0"}
			}
		},
		{
			"name": "pillar",
			"from": [-1, 13, 20],
			"to": [0, 30.5, 21],
			"rotation": {"angle": -22.5, "axis": "z", "origin": [0, 13, 21]},
			"faces": {
				"north": {"uv": [0.125, 6.5, 0.1875, 7.625], "texture": "#0"},
				"east": {"uv": [0.1875, 6.5, 0.25, 7.625], "texture": "#0"},
				"south": {"uv": [0.25, 6.5, 0.3125, 7.625], "texture": "#0"},
				"west": {"uv": [0.3125, 6.5, 0.375, 7.625], "texture": "#0"},
				"up": {"uv": [7.5, 2.4375, 7.4375, 2.375], "texture": "#0"},
				"down": {"uv": [7.5, 3.8125, 7.4375, 3.875], "texture": "#0"}
			}
		},
		{
			"name": "pillar",
			"from": [-1, 13, -5],
			"to": [0, 30.5, -4],
			"rotation": {"angle": -22.5, "axis": "z", "origin": [0, 13, -4]},
			"faces": {
				"north": {"uv": [0.375, 6.5, 0.4375, 7.625], "texture": "#0"},
				"east": {"uv": [0.4375, 6.5, 0.5, 7.625], "texture": "#0"},
				"south": {"uv": [6.25, 6.5, 6.3125, 7.625], "texture": "#0"},
				"west": {"uv": [6.3125, 6.5, 6.375, 7.625], "texture": "#0"},
				"up": {"uv": [7.5, 6.75, 7.4375, 6.6875], "texture": "#0"},
				"down": {"uv": [7.5, 6.75, 7.4375, 6.8125], "texture": "#0"}
			}
		},
		{
			"name": "pillar",
			"from": [-1, -10, -5],
			"to": [0, 13.5, -4],
			"rotation": {"angle": 0, "axis": "y", "origin": [-11, -10, -6]},
			"faces": {
				"north": {"uv": [0.8125, 6.375, 0.875, 7.875], "texture": "#0"},
				"east": {"uv": [0.875, 6.375, 0.9375, 7.875], "texture": "#0"},
				"south": {"uv": [0.9375, 6.375, 1, 7.875], "texture": "#0"},
				"west": {"uv": [5.9375, 6.375, 6, 7.875], "texture": "#0"},
				"up": {"uv": [7.5, 0.625, 7.4375, 0.5625], "texture": "#0"},
				"down": {"uv": [7.5, 1.75, 7.4375, 1.8125], "texture": "#0"}
			}
		},
		{
			"name": "beam",
			"from": [-1, 24, -4],
			"to": [0, 29.5, 20],
			"rotation": {"angle": -22.5, "axis": "z", "origin": [0, 13, 0]},
			"faces": {
				"north": {"uv": [4.5, 6.875, 4.5625, 7.25], "texture": "#0"},
				"east": {"uv": [2.5, 4.625, 4, 5], "texture": "#0"},
				"south": {"uv": [4.5625, 6.875, 4.625, 7.25], "texture": "#0"},
				"west": {"uv": [4.75, 2.875, 6.25, 3.25], "texture": "#0"},
				"up": {"uv": [6.1875, 7.875, 6.125, 6.375], "texture": "#0"},
				"down": {"uv": [6.25, 6.375, 6.1875, 7.875], "texture": "#0"}
			}
		},
		{
			"name": "siding",
			"from": [7, 26, 21],
			"to": [11, 29.5, 22],
			"rotation": {"angle": 0, "axis": "y", "origin": [6, 28, 2]},
			"faces": {
				"north": {"uv": [6.5625, 6.5, 6.8125, 6.75], "texture": "#0"},
				"east": {"uv": [5.3125, 7, 5.375, 7.25], "texture": "#0"},
				"south": {"uv": [2.625, 6.625, 2.875, 6.875], "texture": "#0"},
				"west": {"uv": [5.6875, 7, 5.75, 7.25], "texture": "#0"},
				"up": {"uv": [7.375, 4.375, 7.125, 4.3125], "texture": "#0"},
				"down": {"uv": [7.375, 4.375, 7.125, 4.4375], "texture": "#0"}
			}
		},
		{
			"name": "siding",
			"from": [11, 26, 22],
			"to": [14, 27.75, 23],
			"rotation": {"angle": 0, "axis": "y", "origin": [9, 28, 3]},
			"faces": {
				"north": {"uv": [4.75, 3.5, 4.9375, 3.625], "texture": "#0"},
				"east": {"uv": [4.9375, 3.5, 5, 3.625], "texture": "#0"},
				"south": {"uv": [4.3125, 6.875, 4.5, 7], "texture": "#0"},
				"west": {"uv": [4, 7.375, 4.0625, 7.5], "texture": "#0"},
				"up": {"uv": [7.25, 7.375, 7.0625, 7.3125], "texture": "#0"},
				"down": {"uv": [7.5, 7.0625, 7.3125, 7.125], "texture": "#0"}
			}
		},
		{
			"name": "siding",
			"from": [11, 27.75, 21],
			"to": [14, 29.5, 22],
			"rotation": {"angle": 0, "axis": "y", "origin": [9, 30, 2]},
			"faces": {
				"north": {"uv": [6.375, 6.875, 6.5625, 7], "texture": "#0"},
				"east": {"uv": [7.375, 4.0625, 7.4375, 4.1875], "texture": "#0"},
				"south": {"uv": [1, 6.9375, 1.1875, 7.0625], "texture": "#0"},
				"west": {"uv": [7.375, 4.1875, 7.4375, 4.3125], "texture": "#0"},
				"up": {"uv": [7.5, 7.1875, 7.3125, 7.125], "texture": "#0"},
				"down": {"uv": [7.5, 7.1875, 7.3125, 7.25], "texture": "#0"}
			}
		},
		{
			"name": "siding",
			"from": [4, 23, 21],
			"to": [5, 25.25, 22],
			"rotation": {"angle": 0, "axis": "y", "origin": [4, 23, 2]},
			"faces": {
				"north": {"uv": [4.875, 7.375, 4.9375, 7.5], "texture": "#0"},
				"east": {"uv": [4.9375, 7.375, 5, 7.5], "texture": "#0"},
				"south": {"uv": [5, 7.375, 5.0625, 7.5], "texture": "#0"},
				"west": {"uv": [5.0625, 7.375, 5.125, 7.5], "texture": "#0"},
				"up": {"uv": [7.5, 7.4375, 7.4375, 7.375], "texture": "#0"},
				"down": {"uv": [7.5, 7.4375, 7.4375, 7.5], "texture": "#0"}
			}
		},
		{
			"name": "siding",
			"from": [5, 23, 21],
			"to": [6, 27.75, 22],
			"rotation": {"angle": 0, "axis": "y", "origin": [5, 23, 2]},
			"faces": {
				"north": {"uv": [4.4375, 7, 4.5, 7.3125], "texture": "#0"},
				"east": {"uv": [4.875, 7, 4.9375, 7.3125], "texture": "#0"},
				"south": {"uv": [4.9375, 7, 5, 7.3125], "texture": "#0"},
				"west": {"uv": [5, 7, 5.0625, 7.3125], "texture": "#0"},
				"up": {"uv": [7.5625, 0.0625, 7.5, 0], "texture": "#0"},
				"down": {"uv": [7.5625, 0.0625, 7.5, 0.125], "texture": "#0"}
			}
		},
		{
			"name": "siding",
			"from": [6, 23, 21],
			"to": [7, 29.5, 22],
			"rotation": {"angle": 0, "axis": "y", "origin": [6, 23, 2]},
			"faces": {
				"north": {"uv": [4.375, 4.625, 4.4375, 5.0625], "texture": "#0"},
				"east": {"uv": [4.4375, 4.625, 4.5, 5.0625], "texture": "#0"},
				"south": {"uv": [2.4375, 5.375, 2.5, 5.8125], "texture": "#0"},
				"west": {"uv": [5.875, 4.6875, 5.9375, 5.125], "texture": "#0"},
				"up": {"uv": [7.5625, 0.1875, 7.5, 0.125], "texture": "#0"},
				"down": {"uv": [7.5625, 0.1875, 7.5, 0.25], "texture": "#0"}
			}
		},
		{
			"name": "siding",
			"from": [7, 22, 22],
			"to": [11, 26, 23],
			"rotation": {"angle": 0, "axis": "y", "origin": [7, 22, 3]},
			"faces": {
				"north": {"uv": [3.875, 6.625, 4.125, 6.875], "texture": "#0"},
				"east": {"uv": [6.5, 7, 6.5625, 7.25], "texture": "#0"},
				"south": {"uv": [6.625, 4.0625, 6.875, 4.3125], "texture": "#0"},
				"west": {"uv": [1, 7.0625, 1.0625, 7.3125], "texture": "#0"},
				"up": {"uv": [7.1875, 7.1875, 6.9375, 7.125], "texture": "#0"},
				"down": {"uv": [7.4375, 0.3125, 7.1875, 0.375], "texture": "#0"}
			}
		},
		{
			"name": "siding",
			"from": [11, 22, 23],
			"to": [14, 26, 24],
			"rotation": {"angle": 0, "axis": "y", "origin": [10, 22, 4]},
			"faces": {
				"north": {"uv": [6.6875, 1.375, 6.875, 1.625], "texture": "#0"},
				"east": {"uv": [1.0625, 7.0625, 1.125, 7.3125], "texture": "#0"},
				"south": {"uv": [6.6875, 1.625, 6.875, 1.875], "texture": "#0"},
				"west": {"uv": [1.125, 7.0625, 1.1875, 7.3125], "texture": "#0"},
				"up": {"uv": [7.5625, 1.875, 7.375, 1.8125], "texture": "#0"},
				"down": {"uv": [7.5625, 2.4375, 7.375, 2.5], "texture": "#0"}
			}
		},
		{
			"name": "siding",
			"from": [11, 26, -7],
			"to": [14, 27.75, -6],
			"rotation": {"angle": 0, "axis": "y", "origin": [9, 28, -26]},
			"faces": {
				"north": {"uv": [7, 0.3125, 7.1875, 0.4375], "texture": "#0"},
				"east": {"uv": [4.25, 7.375, 4.3125, 7.5], "texture": "#0"},
				"south": {"uv": [7, 0.4375, 7.1875, 0.5625], "texture": "#0"},
				"west": {"uv": [4.3125, 7.375, 4.375, 7.5], "texture": "#0"},
				"up": {"uv": [7.4375, 7.375, 7.25, 7.3125], "texture": "#0"},
				"down": {"uv": [7.5, 7.25, 7.3125, 7.3125], "texture": "#0"}
			}
		},
		{
			"name": "siding",
			"from": [7, 26, -6],
			"to": [11, 29.5, -5],
			"rotation": {"angle": 0, "axis": "y", "origin": [6, 28, -25]},
			"faces": {
				"north": {"uv": [6.625, 2.625, 6.875, 2.875], "texture": "#0"},
				"east": {"uv": [5.75, 7, 5.8125, 7.25], "texture": "#0"},
				"south": {"uv": [6.625, 3.25, 6.875, 3.5], "texture": "#0"},
				"west": {"uv": [5.8125, 7, 5.875, 7.25], "texture": "#0"},
				"up": {"uv": [7.375, 4.5, 7.125, 4.4375], "texture": "#0"},
				"down": {"uv": [6.9375, 7.125, 6.6875, 7.1875], "texture": "#0"}
			}
		},
		{
			"name": "siding",
			"from": [11, 27.75, -6],
			"to": [14, 29.5, -5],
			"rotation": {"angle": 0, "axis": "y", "origin": [9, 30, -25]},
			"faces": {
				"north": {"uv": [7, 0.5625, 7.1875, 0.6875], "texture": "#0"},
				"east": {"uv": [7.375, 4.3125, 7.4375, 4.4375], "texture": "#0"},
				"south": {"uv": [2.25, 7, 2.4375, 7.125], "texture": "#0"},
				"west": {"uv": [4.375, 7.375, 4.4375, 7.5], "texture": "#0"},
				"up": {"uv": [7.5625, 0.6875, 7.375, 0.625], "texture": "#0"},
				"down": {"uv": [1.1875, 7.375, 1, 7.4375], "texture": "#0"}
			}
		},
		{
			"name": "siding",
			"from": [4, 23, -6],
			"to": [5, 25.25, -5],
			"rotation": {"angle": 0, "axis": "y", "origin": [4, 23, -25]},
			"faces": {
				"north": {"uv": [5.125, 7.375, 5.1875, 7.5], "texture": "#0"},
				"east": {"uv": [5.1875, 7.375, 5.25, 7.5], "texture": "#0"},
				"south": {"uv": [5.6875, 7.375, 5.75, 7.5], "texture": "#0"},
				"west": {"uv": [5.75, 7.375, 5.8125, 7.5], "texture": "#0"},
				"up": {"uv": [7.5625, 0.3125, 7.5, 0.25], "texture": "#0"},
				"down": {"uv": [7.5625, 0.3125, 7.5, 0.375], "texture": "#0"}
			}
		},
		{
			"name": "siding",
			"from": [5, 23, -6],
			"to": [6, 27.75, -5],
			"rotation": {"angle": 0, "axis": "y", "origin": [5, 23, -25]},
			"faces": {
				"north": {"uv": [5.0625, 7, 5.125, 7.3125], "texture": "#0"},
				"east": {"uv": [5.125, 7, 5.1875, 7.3125], "texture": "#0"},
				"south": {"uv": [5.1875, 7, 5.25, 7.3125], "texture": "#0"},
				"west": {"uv": [5.25, 7, 5.3125, 7.3125], "texture": "#0"},
				"up": {"uv": [7.5625, 0.4375, 7.5, 0.375], "texture": "#0"},
				"down": {"uv": [7.5625, 0.4375, 7.5, 0.5], "texture": "#0"}
			}
		},
		{
			"name": "siding",
			"from": [6, 23, -6],
			"to": [7, 29.5, -5],
			"rotation": {"angle": 0, "axis": "y", "origin": [6, 23, -25]},
			"faces": {
				"north": {"uv": [0.625, 6.8125, 0.6875, 7.25], "texture": "#0"},
				"east": {"uv": [0.6875, 6.8125, 0.75, 7.25], "texture": "#0"},
				"south": {"uv": [2.8125, 6.875, 2.875, 7.3125], "texture": "#0"},
				"west": {"uv": [4.25, 6.875, 4.3125, 7.3125], "texture": "#0"},
				"up": {"uv": [7.5625, 0.5625, 7.5, 0.5], "texture": "#0"},
				"down": {"uv": [7.5625, 0.5625, 7.5, 0.625], "texture": "#0"}
			}
		},
		{
			"name": "siding",
			"from": [7, 22, -7],
			"to": [11, 26, -6],
			"rotation": {"angle": 0, "axis": "y", "origin": [7, 23, -26]},
			"faces": {
				"north": {"uv": [4.125, 6.625, 4.375, 6.875], "texture": "#0"},
				"east": {"uv": [2.625, 7.0625, 2.6875, 7.3125], "texture": "#0"},
				"south": {"uv": [4.875, 6.625, 5.125, 6.875], "texture": "#0"},
				"west": {"uv": [2.6875, 7.0625, 2.75, 7.3125], "texture": "#0"},
				"up": {"uv": [7.4375, 0.4375, 7.1875, 0.375], "texture": "#0"},
				"down": {"uv": [7.4375, 0.4375, 7.1875, 0.5], "texture": "#0"}
			}
		},
		{
			"name": "siding",
			"from": [11, 22, -8],
			"to": [14, 26, -7],
			"rotation": {"angle": 0, "axis": "y", "origin": [10, 23, -27]},
			"faces": {
				"north": {"uv": [6.6875, 3.625, 6.875, 3.875], "texture": "#0"},
				"east": {"uv": [2.75, 7.0625, 2.8125, 7.3125], "texture": "#0"},
				"south": {"uv": [6.6875, 6.75, 6.875, 7], "texture": "#0"},
				"west": {"uv": [4.125, 7.0625, 4.1875, 7.3125], "texture": "#0"},
				"up": {"uv": [7.5625, 2.5625, 7.375, 2.5], "texture": "#0"},
				"down": {"uv": [7.5625, 2.5625, 7.375, 2.625], "texture": "#0"}
			}
		},
		{
			"name": "glass",
			"from": [-1, 5, -4],
			"to": [0, 13.5, 20],
			"rotation": {"angle": 0, "axis": "y", "origin": [-1, 5, 0]},
			"faces": {
				"north": {"uv": [2.375, 7.5625, 2.4375, 8.125], "texture": "#0"},
				"east": {"uv": [7.5625, 1.5, 9.0625, 2.0625], "texture": "#0"},
				"south": {"uv": [2.625, 7.5625, 2.6875, 8.125], "texture": "#0"},
				"west": {"uv": [7.5625, 2.0625, 9.0625, 2.625], "texture": "#0"},
				"up": {"uv": [2.3125, 9.0625, 2.25, 7.5625], "texture": "#0"},
				"down": {"uv": [2.375, 7.5625, 2.3125, 9.0625], "texture": "#0"}
			}
		},
		{
			"name": "glass",
			"from": [-1, 13, -4],
			"to": [0, 24, 20],
			"rotation": {"angle": -22.5, "axis": "z", "origin": [0, 13, 0]},
			"faces": {
				"north": {"uv": [2.8125, 7.5625, 2.875, 8.25], "texture": "#0"},
				"east": {"uv": [3.0625, 7.5625, 4.5625, 8.25], "texture": "#0"},
				"south": {"uv": [4.5625, 7.5625, 4.625, 8.25], "texture": "#0"},
				"west": {"uv": [6.375, 7.5625, 7.875, 8.25], "texture": "#0"},
				"up": {"uv": [2.75, 9.0625, 2.6875, 7.5625], "texture": "#0"},
				"down": {"uv": [2.8125, 7.5625, 2.75, 9.0625], "texture": "#0"}
			}
		},
		{
			"name": "glass",
			"from": [0, 5, 20],
			"to": [1, 15.5, 21],
			"rotation": {"angle": 0, "axis": "y", "origin": [0, 5, 1]},
			"faces": {
				"north": {"uv": [4.625, 7.5625, 4.6875, 8.25], "texture": "#0"},
				"east": {"uv": [4.6875, 7.5625, 4.75, 8.25], "texture": "#0"},
				"south": {"uv": [4.75, 7.5625, 4.8125, 8.25], "texture": "#0"},
				"west": {"uv": [4.8125, 7.5625, 4.875, 8.25], "texture": "#0"},
				"up": {"uv": [7.625, 2.6875, 7.5625, 2.625], "texture": "#0"},
				"down": {"uv": [7.625, 2.6875, 7.5625, 2.75], "texture": "#0"}
			}
		},
		{
			"name": "glass",
			"from": [1, 5, 20],
			"to": [2, 18, 21],
			"rotation": {"angle": 0, "axis": "y", "origin": [1, 5, 1]},
			"faces": {
				"north": {"uv": [4.875, 7.5625, 4.9375, 8.375], "texture": "#0"},
				"east": {"uv": [4.9375, 7.5625, 5, 8.375], "texture": "#0"},
				"south": {"uv": [5, 7.5625, 5.0625, 8.375], "texture": "#0"},
				"west": {"uv": [5.0625, 7.5625, 5.125, 8.375], "texture": "#0"},
				"up": {"uv": [7.625, 2.8125, 7.5625, 2.75], "texture": "#0"},
				"down": {"uv": [7.625, 2.8125, 7.5625, 2.875], "texture": "#0"}
			}
		},
		{
			"name": "glass",
			"from": [2, 5, 20],
			"to": [3, 20.25, 21],
			"rotation": {"angle": 0, "axis": "y", "origin": [2, 5, 1]},
			"faces": {
				"north": {"uv": [5.125, 7.5625, 5.1875, 8.5], "texture": "#0"},
				"east": {"uv": [5.1875, 7.5625, 5.25, 8.5], "texture": "#0"},
				"south": {"uv": [5.25, 7.5625, 5.3125, 8.5], "texture": "#0"},
				"west": {"uv": [5.3125, 7.5625, 5.375, 8.5], "texture": "#0"},
				"up": {"uv": [7.625, 2.9375, 7.5625, 2.875], "texture": "#0"},
				"down": {"uv": [7.625, 2.9375, 7.5625, 3], "texture": "#0"}
			}
		},
		{
			"name": "glass",
			"from": [0, 5, -5],
			"to": [1, 15.5, -4],
			"rotation": {"angle": 0, "axis": "y", "origin": [0, 5, -24]},
			"faces": {
				"north": {"uv": [5.5, 7.5625, 5.5625, 8.25], "texture": "#0"},
				"east": {"uv": [5.5625, 7.5625, 5.625, 8.25], "texture": "#0"},
				"south": {"uv": [5.625, 7.5625, 5.6875, 8.25], "texture": "#0"},
				"west": {"uv": [5.6875, 7.5625, 5.75, 8.25], "texture": "#0"},
				"up": {"uv": [7.625, 3.0625, 7.5625, 3], "texture": "#0"},
				"down": {"uv": [7.625, 3.25, 7.5625, 3.3125], "texture": "#0"}
			}
		},
		{
			"name": "glass",
			"from": [1, 5, -5],
			"to": [2, 18, -4],
			"rotation": {"angle": 0, "axis": "y", "origin": [1, 5, -24]},
			"faces": {
				"north": {"uv": [5.75, 7.5625, 5.8125, 8.375], "texture": "#0"},
				"east": {"uv": [5.8125, 7.5625, 5.875, 8.375], "texture": "#0"},
				"south": {"uv": [7.5625, 6.5, 7.625, 7.3125], "texture": "#0"},
				"west": {"uv": [0.125, 7.625, 0.1875, 8.4375], "texture": "#0"},
				"up": {"uv": [7.625, 3.375, 7.5625, 3.3125], "texture": "#0"},
				"down": {"uv": [7.625, 3.375, 7.5625, 3.4375], "texture": "#0"}
			}
		},
		{
			"name": "glass",
			"from": [2, 5, -5],
			"to": [3, 20.25, -4],
			"rotation": {"angle": 0, "axis": "y", "origin": [2, 5, -24]},
			"faces": {
				"north": {"uv": [0.1875, 7.625, 0.25, 8.5625], "texture": "#0"},
				"east": {"uv": [0.25, 7.625, 0.3125, 8.5625], "texture": "#0"},
				"south": {"uv": [0.3125, 7.625, 0.375, 8.5625], "texture": "#0"},
				"west": {"uv": [0.375, 7.625, 0.4375, 8.5625], "texture": "#0"},
				"up": {"uv": [7.625, 3.5, 7.5625, 3.4375], "texture": "#0"},
				"down": {"uv": [7.625, 3.625, 7.5625, 3.6875], "texture": "#0"}
			}
		},
		{
			"name": "glass",
			"from": [3, 4, 21],
			"to": [4, 23, 22],
			"rotation": {"angle": 0, "axis": "y", "origin": [3, 4, 2]},
			"faces": {
				"north": {"uv": [0.4375, 7.625, 0.5, 8.8125], "texture": "#0"},
				"east": {"uv": [0.5, 7.625, 0.5625, 8.8125], "texture": "#0"},
				"south": {"uv": [0.5625, 7.625, 0.625, 8.8125], "texture": "#0"},
				"west": {"uv": [0.625, 7.625, 0.6875, 8.8125], "texture": "#0"},
				"up": {"uv": [7.625, 3.75, 7.5625, 3.6875], "texture": "#0"},
				"down": {"uv": [7.625, 3.75, 7.5625, 3.8125], "texture": "#0"}
			}
		},
		{
			"name": "glass",
			"from": [4, 4, 21],
			"to": [5, 23, 22],
			"rotation": {"angle": 0, "axis": "y", "origin": [4, 4, 2]},
			"faces": {
				"north": {"uv": [0.6875, 7.625, 0.75, 8.8125], "texture": "#0"},
				"east": {"uv": [1, 7.625, 1.0625, 8.8125], "texture": "#0"},
				"south": {"uv": [1.0625, 7.625, 1.125, 8.8125], "texture": "#0"},
				"west": {"uv": [1.125, 7.625, 1.1875, 8.8125], "texture": "#0"},
				"up": {"uv": [7.625, 3.875, 7.5625, 3.8125], "texture": "#0"},
				"down": {"uv": [7.625, 3.875, 7.5625, 3.9375], "texture": "#0"}
			}
		},
		{
			"name": "glass",
			"from": [5, 4, 21],
			"to": [6, 23, 22],
			"rotation": {"angle": 0, "axis": "y", "origin": [5, 4, 2]},
			"faces": {
				"north": {"uv": [1.1875, 7.625, 1.25, 8.8125], "texture": "#0"},
				"east": {"uv": [1.25, 7.625, 1.3125, 8.8125], "texture": "#0"},
				"south": {"uv": [1.3125, 7.625, 1.375, 8.8125], "texture": "#0"},
				"west": {"uv": [1.375, 7.625, 1.4375, 8.8125], "texture": "#0"},
				"up": {"uv": [7.625, 4, 7.5625, 3.9375], "texture": "#0"},
				"down": {"uv": [7.625, 4.0625, 7.5625, 4.125], "texture": "#0"}
			}
		},
		{
			"name": "glass",
			"from": [6, 4, 21],
			"to": [7, 23, 22],
			"rotation": {"angle": 0, "axis": "y", "origin": [6, 4, 2]},
			"faces": {
				"north": {"uv": [1.4375, 7.625, 1.5, 8.8125], "texture": "#0"},
				"east": {"uv": [6.25, 7.625, 6.3125, 8.8125], "texture": "#0"},
				"south": {"uv": [6.3125, 7.625, 6.375, 8.8125], "texture": "#0"},
				"west": {"uv": [2.875, 7.6875, 2.9375, 8.875], "texture": "#0"},
				"up": {"uv": [7.625, 4.1875, 7.5625, 4.125], "texture": "#0"},
				"down": {"uv": [7.625, 4.1875, 7.5625, 4.25], "texture": "#0"}
			}
		},
		{
			"name": "glass",
			"from": [3, 4, -6],
			"to": [4, 23, -5],
			"rotation": {"angle": 0, "axis": "y", "origin": [3, 4, -25]},
			"faces": {
				"north": {"uv": [2.9375, 7.6875, 3, 8.875], "texture": "#0"},
				"east": {"uv": [3, 7.6875, 3.0625, 8.875], "texture": "#0"},
				"south": {"uv": [5.375, 7.75, 5.4375, 8.9375], "texture": "#0"},
				"west": {"uv": [5.4375, 7.75, 5.5, 8.9375], "texture": "#0"},
				"up": {"uv": [7.625, 4.3125, 7.5625, 4.25], "texture": "#0"},
				"down": {"uv": [7.625, 4.3125, 7.5625, 4.375], "texture": "#0"}
			}
		},
		{
			"name": "glass",
			"from": [4, 4, -6],
			"to": [5, 23, -5],
			"rotation": {"angle": 0, "axis": "y", "origin": [4, 4, -25]},
			"faces": {
				"north": {"uv": [7.75, 6.1875, 7.8125, 7.375], "texture": "#0"},
				"east": {"uv": [7.8125, 6.1875, 7.875, 7.375], "texture": "#0"},
				"south": {"uv": [0, 7.875, 0.0625, 9.0625], "texture": "#0"},
				"west": {"uv": [0.0625, 7.875, 0.125, 9.0625], "texture": "#0"},
				"up": {"uv": [7.625, 4.4375, 7.5625, 4.375], "texture": "#0"},
				"down": {"uv": [7.625, 4.4375, 7.5625, 4.5], "texture": "#0"}
			}
		},
		{
			"name": "glass",
			"from": [5, 4, -6],
			"to": [6, 23, -5],
			"rotation": {"angle": 0, "axis": "y", "origin": [5, 4, -25]},
			"faces": {
				"north": {"uv": [0.75, 7.875, 0.8125, 9.0625], "texture": "#0"},
				"east": {"uv": [0.8125, 7.875, 0.875, 9.0625], "texture": "#0"},
				"south": {"uv": [0.875, 7.875, 0.9375, 9.0625], "texture": "#0"},
				"west": {"uv": [0.9375, 7.875, 1, 9.0625], "texture": "#0"},
				"up": {"uv": [7.625, 4.5625, 7.5625, 4.5], "texture": "#0"},
				"down": {"uv": [7.625, 4.5625, 7.5625, 4.625], "texture": "#0"}
			}
		},
		{
			"name": "glass",
			"from": [6, 4, -6],
			"to": [7, 23, -5],
			"rotation": {"angle": 0, "axis": "y", "origin": [6, 4, -25]},
			"faces": {
				"north": {"uv": [2.125, 7.875, 2.1875, 9.0625], "texture": "#0"},
				"east": {"uv": [2.1875, 7.875, 2.25, 9.0625], "texture": "#0"},
				"south": {"uv": [7.875, 3.25, 7.9375, 4.4375], "texture": "#0"},
				"west": {"uv": [5.9375, 7.875, 6, 9.0625], "texture": "#0"},
				"up": {"uv": [7.625, 4.6875, 7.5625, 4.625], "texture": "#0"},
				"down": {"uv": [7.625, 5.5625, 7.5625, 5.625], "texture": "#0"}
			}
		},
		{
			"name": "glass",
			"from": [7, 3, 22],
			"to": [11, 22, 23],
			"rotation": {"angle": 0, "axis": "y", "origin": [7, 4, 3]},
			"faces": {
				"north": {"uv": [6, 7.875, 6.25, 9.0625], "texture": "#0"},
				"east": {"uv": [7.875, 7.375, 7.9375, 8.5625], "texture": "#0"},
				"south": {"uv": [7.875, 6.1875, 8.125, 7.375], "texture": "#0"},
				"west": {"uv": [2.5, 7.9375, 2.5625, 9.125], "texture": "#0"},
				"up": {"uv": [7.8125, 5.6875, 7.5625, 5.625], "texture": "#0"},
				"down": {"uv": [7.8125, 5.6875, 7.5625, 5.75], "texture": "#0"}
			}
		},
		{
			"name": "glass",
			"from": [11, 2, 23],
			"to": [14, 22, 24],
			"rotation": {"angle": 0, "axis": "y", "origin": [10, 4, 4]},
			"faces": {
				"north": {"uv": [7.9375, 3.25, 8.125, 4.5], "texture": "#0"},
				"east": {"uv": [2.5625, 7.9375, 2.625, 9.1875], "texture": "#0"},
				"south": {"uv": [7.9375, 7.375, 8.125, 8.625], "texture": "#0"},
				"west": {"uv": [8, 0, 8.0625, 1.25], "texture": "#0"},
				"up": {"uv": [7.75, 5.8125, 7.5625, 5.75], "texture": "#0"},
				"down": {"uv": [7.75, 5.8125, 7.5625, 5.875], "texture": "#0"}
			}
		},
		{
			"name": "glass",
			"from": [11, 2, -8],
			"to": [14, 22, -7],
			"rotation": {"angle": 0, "axis": "y", "origin": [10, 4, -27]},
			"faces": {
				"north": {"uv": [8.0625, 0, 8.25, 1.25], "texture": "#0"},
				"east": {"uv": [5.875, 8.0625, 5.9375, 9.3125], "texture": "#0"},
				"south": {"uv": [8.0625, 4.8125, 8.25, 6.0625], "texture": "#0"},
				"west": {"uv": [2.375, 8.125, 2.4375, 9.375], "texture": "#0"},
				"up": {"uv": [7.75, 5.9375, 7.5625, 5.875], "texture": "#0"},
				"down": {"uv": [7.75, 6.1875, 7.5625, 6.25], "texture": "#0"}
			}
		},
		{
			"name": "glass",
			"from": [15, 2, -8],
			"to": [31, 22, -7],
			"rotation": {"angle": 0, "axis": "y", "origin": [14, 4, -27]},
			"faces": {
				"north": {"uv": [8.125, 2.625, 9.125, 3.875], "texture": "#0"},
				"east": {"uv": [2.625, 8.125, 2.6875, 9.375], "texture": "#0"},
				"south": {"uv": [8.125, 6.0625, 9.125, 7.3125], "texture": "#0"},
				"west": {"uv": [8.125, 7.3125, 8.1875, 8.5625], "texture": "#0"},
				"up": {"uv": [8.625, 1.3125, 7.625, 1.25], "texture": "#0"},
				"down": {"uv": [8.625, 1.3125, 7.625, 1.375], "texture": "#0"}
			}
		},
		{
			"name": "glass",
			"from": [7, 3, -7],
			"to": [11, 22, -6],
			"rotation": {"angle": 0, "axis": "y", "origin": [7, 4, -26]},
			"faces": {
				"north": {"uv": [1.5, 8.1875, 1.75, 9.375], "texture": "#0"},
				"east": {"uv": [2, 8.1875, 2.0625, 9.375], "texture": "#0"},
				"south": {"uv": [1.75, 8.1875, 2, 9.375], "texture": "#0"},
				"west": {"uv": [2.0625, 8.1875, 2.125, 9.375], "texture": "#0"},
				"up": {"uv": [7.8125, 7.4375, 7.5625, 7.375], "texture": "#0"},
				"down": {"uv": [7.8125, 7.4375, 7.5625, 7.5], "texture": "#0"}
			}
		},
		{
			"name": "roof",
			"from": [14, 26, -7],
			"to": [32, 27, 22.25],
			"rotation": {"angle": 0, "axis": "y", "origin": [0, 24, 20]},
			"faces": {
				"north": {"uv": [6.5625, 5.0625, 7.6875, 5.125], "texture": "#0"},
				"east": {"uv": [6.3125, 4.6875, 8.125, 4.75], "texture": "#0"},
				"south": {"uv": [6.5625, 5.125, 7.6875, 5.1875], "texture": "#0"},
				"west": {"uv": [6.3125, 4.75, 8.125, 4.8125], "texture": "#0"},
				"up": {"uv": [3.75, 1.8125, 2.625, 0], "texture": "#0"},
				"down": {"uv": [3.75, 1.8125, 2.625, 3.625], "texture": "#0"}
			}
		},
		{
			"name": "ceiling",
			"from": [11, 23, -7],
			"to": [32, 24, 23],
			"rotation": {"angle": 0, "axis": "y", "origin": [0, 21, 20]},
			"faces": {
				"north": {"uv": [6.5, 1.125, 7.8125, 1.1875], "texture": "#0"},
				"east": {"uv": [6.25, 3.125, 8.125, 3.1875], "texture": "#0"},
				"south": {"uv": [6.5, 1.1875, 7.8125, 1.25], "texture": "#0"},
				"west": {"uv": [6.25, 3.1875, 8.125, 3.25], "texture": "#0"},
				"up": {"uv": [1.3125, 3.875, 0, 2], "texture": "#0"},
				"down": {"uv": [2.625, 2, 1.3125, 3.875], "texture": "#0"}
			}
		},
		{
			"name": "ceiling",
			"from": [7, 23, -6],
			"to": [11, 24, 22],
			"rotation": {"angle": 0, "axis": "y", "origin": [-3, 21, 20]},
			"faces": {
				"north": {"uv": [7.1875, 0.5, 7.4375, 0.5625], "texture": "#0"},
				"east": {"uv": [6.3125, 4.9375, 8.0625, 5], "texture": "#0"},
				"south": {"uv": [7.1875, 0.5625, 7.4375, 0.625], "texture": "#0"},
				"west": {"uv": [6.3125, 5, 8.0625, 5.0625], "texture": "#0"},
				"up": {"uv": [5.25, 5.25, 5, 3.5], "texture": "#0"},
				"down": {"uv": [4.625, 5.125, 4.375, 6.875], "texture": "#0"}
			}
		},
		{
			"name": "ceiling",
			"from": [4, 23, -5],
			"to": [7, 24, 21],
			"rotation": {"angle": 0, "axis": "y", "origin": [-7, 21, 20]},
			"faces": {
				"north": {"uv": [2.625, 7.375, 2.8125, 7.4375], "texture": "#0"},
				"east": {"uv": [6.3125, 6.0625, 7.9375, 6.125], "texture": "#0"},
				"south": {"uv": [7.375, 2.625, 7.5625, 2.6875], "texture": "#0"},
				"west": {"uv": [6.3125, 6.125, 7.9375, 6.1875], "texture": "#0"},
				"up": {"uv": [2.4375, 7, 2.25, 5.375], "texture": "#0"},
				"down": {"uv": [5.6875, 1, 5.5, 2.625], "texture": "#0"}
			}
		},
		{
			"name": "roof",
			"from": [6, 28.25, -4],
			"to": [14, 29.25, 20],
			"rotation": {"angle": 0, "axis": "y", "origin": [-5, 27.25, 18]},
			"faces": {
				"north": {"uv": [7, 0.0625, 7.5, 0.125], "texture": "#0"},
				"east": {"uv": [6.25, 6.375, 7.75, 6.4375], "texture": "#0"},
				"south": {"uv": [7, 0.125, 7.5, 0.1875], "texture": "#0"},
				"west": {"uv": [6.25, 6.4375, 7.75, 6.5], "texture": "#0"},
				"up": {"uv": [1.5, 5.375, 1, 3.875], "texture": "#0"},
				"down": {"uv": [2, 3.875, 1.5, 5.375], "texture": "#0"}
			}
		},
		{
			"name": "siding",
			"from": [14, 26.75, -6],
			"to": [15, 29.5, 22],
			"rotation": {"angle": 0, "axis": "y", "origin": [12, 30, -25]},
			"faces": {
				"north": {"uv": [7.375, 2.6875, 7.4375, 2.875], "texture": "#0"},
				"east": {"uv": [5.25, 4.3125, 7, 4.5], "texture": "#0"},
				"south": {"uv": [7.375, 2.875, 7.4375, 3.0625], "texture": "#0"},
				"west": {"uv": [5.25, 4.5, 7, 4.6875], "texture": "#0"},
				"up": {"uv": [2.5625, 7.9375, 2.5, 6.1875], "texture": "#0"},
				"down": {"uv": [2.625, 6.1875, 2.5625, 7.9375], "texture": "#0"}
			}
		},
		{
			"name": "dash",
			"from": [0, 2, -4],
			"to": [8, 3, 20],
			"rotation": {"angle": 0, "axis": "y", "origin": [4, 3, -4]},
			"faces": {
				"north": {"uv": [7, 0.1875, 7.5, 0.25], "texture": "#0"},
				"east": {"uv": [6.5, 0.75, 8, 0.8125], "texture": "#0"},
				"south": {"uv": [7, 0.25, 7.5, 0.3125], "texture": "#0"},
				"west": {"uv": [6.5, 0.8125, 8, 0.875], "texture": "#0"},
				"up": {"uv": [2.5, 5.375, 2, 3.875], "texture": "#0"},
				"down": {"uv": [5, 3.625, 4.5, 5.125], "texture": "#0"}
			}
		},
		{
			"name": "dash",
			"from": [3, 2, 20],
			"to": [8, 3, 21],
			"rotation": {"angle": 0, "axis": "y", "origin": [4, 3, -3]},
			"faces": {
				"north": {"uv": [7.0625, 2.6875, 7.375, 2.75], "texture": "#0"},
				"east": {"uv": [0.6875, 7.5625, 0.75, 7.625], "texture": "#0"},
				"south": {"uv": [7.0625, 2.75, 7.375, 2.8125], "texture": "#0"},
				"west": {"uv": [7.5625, 0.6875, 7.625, 0.75], "texture": "#0"},
				"up": {"uv": [7.375, 2.875, 7.0625, 2.8125], "texture": "#0"},
				"down": {"uv": [7.375, 2.875, 7.0625, 2.9375], "texture": "#0"}
			}
		},
		{
			"name": "dash",
			"from": [3, 2, -5],
			"to": [8, 3, -4],
			"rotation": {"angle": 0, "axis": "y", "origin": [4, 3, -28]},
			"faces": {
				"north": {"uv": [7.0625, 2.9375, 7.375, 3], "texture": "#0"},
				"east": {"uv": [1, 7.5625, 1.0625, 7.625], "texture": "#0"},
				"south": {"uv": [7.0625, 3.25, 7.375, 3.3125], "texture": "#0"},
				"west": {"uv": [1.0625, 7.5625, 1.125, 7.625], "texture": "#0"},
				"up": {"uv": [7.375, 3.375, 7.0625, 3.3125], "texture": "#0"},
				"down": {"uv": [7.375, 3.375, 7.0625, 3.4375], "texture": "#0"}
			}
		},
		{
			"name": "lever",
			"from": [6, 3, 18],
			"to": [7, 5, 19],
			"rotation": {"angle": 0, "axis": "y", "origin": [5, 3, 17]},
			"faces": {
				"north": {"uv": [5.8125, 7.375, 5.875, 7.5], "texture": "#0"},
				"east": {"uv": [7.375, 6.1875, 7.4375, 6.3125], "texture": "#0"},
				"south": {"uv": [6.375, 7.375, 6.4375, 7.5], "texture": "#0"},
				"west": {"uv": [6.4375, 7.375, 6.5, 7.5], "texture": "#0"},
				"up": {"uv": [7.5625, 0.75, 7.5, 0.6875], "texture": "#0"},
				"down": {"uv": [1.25, 7.5, 1.1875, 7.5625], "texture": "#0"}
			}
		},
		{
			"name": "leverpull",
			"from": [1, 3, 18],
			"to": [6, 3.25, 19],
			"rotation": {"angle": 0, "axis": "y", "origin": [4, 3, 17]},
			"faces": {
				"north": {"uv": [7, 6.5, 7.3125, 6.5625], "texture": "#0"},
				"east": {"uv": [7.5, 1.75, 7.5625, 1.8125], "texture": "#0"},
				"south": {"uv": [7, 6.5625, 7.3125, 6.625], "texture": "#0"},
				"west": {"uv": [7.5, 1.875, 7.5625, 1.9375], "texture": "#0"},
				"up": {"uv": [7.3125, 6.6875, 7, 6.625], "texture": "#0"},
				"down": {"uv": [7, 7, 6.6875, 7.0625], "texture": "#0"}
			}
		},
		{
			"name": "lever",
			"from": [6, 3, 16],
			"to": [7, 5, 17],
			"rotation": {"angle": 0, "axis": "y", "origin": [5, 3, 15]},
			"faces": {
				"north": {"uv": [6.5, 7.375, 6.5625, 7.5], "texture": "#0"},
				"east": {"uv": [6.6875, 7.375, 6.75, 7.5], "texture": "#0"},
				"south": {"uv": [7.375, 6.6875, 7.4375, 6.8125], "texture": "#0"},
				"west": {"uv": [6.75, 7.375, 6.8125, 7.5], "texture": "#0"},
				"up": {"uv": [7.5625, 2.125, 7.5, 2.0625], "texture": "#0"},
				"down": {"uv": [7.5625, 2.125, 7.5, 2.1875], "texture": "#0"}
			}
		},
		{
			"name": "leverpull",
			"from": [1, 3, 16],
			"to": [6, 3.25, 17],
			"rotation": {"angle": 0, "axis": "y", "origin": [4, 3, 15]},
			"faces": {
				"north": {"uv": [7, 7, 7.3125, 7.0625], "texture": "#0"},
				"east": {"uv": [7.5, 1.9375, 7.5625, 2], "texture": "#0"},
				"south": {"uv": [7.0625, 1.375, 7.375, 1.4375], "texture": "#0"},
				"west": {"uv": [7.5, 2, 7.5625, 2.0625], "texture": "#0"},
				"up": {"uv": [7.375, 1.5, 7.0625, 1.4375], "texture": "#0"},
				"down": {"uv": [7.375, 1.5, 7.0625, 1.5625], "texture": "#0"}
			}
		},
		{
			"name": "lever",
			"from": [6, 3, 14],
			"to": [7, 5, 15],
			"rotation": {"angle": 0, "axis": "y", "origin": [5, 3, 13]},
			"faces": {
				"north": {"uv": [6.8125, 7.375, 6.875, 7.5], "texture": "#0"},
				"east": {"uv": [7.375, 6.8125, 7.4375, 6.9375], "texture": "#0"},
				"south": {"uv": [6.875, 7.375, 6.9375, 7.5], "texture": "#0"},
				"west": {"uv": [6.9375, 7.375, 7, 7.5], "texture": "#0"},
				"up": {"uv": [7.5625, 2.375, 7.5, 2.3125], "texture": "#0"},
				"down": {"uv": [2.4375, 7.5, 2.375, 7.5625], "texture": "#0"}
			}
		},
		{
			"name": "lever",
			"from": [5, 3, 7.5],
			"to": [6, 5, 8.5],
			"rotation": {"angle": 0, "axis": "y", "origin": [4, 3, 6.5]},
			"faces": {
				"north": {"uv": [7, 7.375, 7.0625, 7.5], "texture": "#0"},
				"east": {"uv": [7.0625, 7.375, 7.125, 7.5], "texture": "#0"},
				"south": {"uv": [7.125, 7.375, 7.1875, 7.5], "texture": "#0"},
				"west": {"uv": [7.1875, 7.375, 7.25, 7.5], "texture": "#0"},
				"up": {"uv": [7.5625, 2.4375, 7.5, 2.375], "texture": "#0"},
				"down": {"uv": [7.5625, 2.6875, 7.5, 2.75], "texture": "#0"}
			}
		},
		{
			"name": "lever",
			"from": [4.75, 5, 7.25],
			"to": [6.25, 6.5, 8.75],
			"rotation": {"angle": 0, "axis": "y", "origin": [4, 5, 6.5]},
			"faces": {
				"north": {"uv": [4.875, 5.125, 5, 5.25], "texture": "#0"},
				"east": {"uv": [2.25, 7.125, 2.375, 7.25], "texture": "#0"},
				"south": {"uv": [3.25, 7.1875, 3.375, 7.3125], "texture": "#0"},
				"west": {"uv": [3.375, 7.1875, 3.5, 7.3125], "texture": "#0"},
				"up": {"uv": [3.625, 7.3125, 3.5, 7.1875], "texture": "#0"},
				"down": {"uv": [4, 7.1875, 3.875, 7.3125], "texture": "#0"}
			}
		},
		{
			"name": "leverpull",
			"from": [1, 3, 14],
			"to": [6, 3.25, 15],
			"rotation": {"angle": 0, "axis": "y", "origin": [4, 3, 13]},
			"faces": {
				"north": {"uv": [7.0625, 1.5625, 7.375, 1.625], "texture": "#0"},
				"east": {"uv": [7.5, 2.1875, 7.5625, 2.25], "texture": "#0"},
				"south": {"uv": [7.0625, 1.625, 7.375, 1.6875], "texture": "#0"},
				"west": {"uv": [7.5, 2.25, 7.5625, 2.3125], "texture": "#0"},
				"up": {"uv": [7.375, 1.75, 7.0625, 1.6875], "texture": "#0"},
				"down": {"uv": [7.375, 2.625, 7.0625, 2.6875], "texture": "#0"}
			}
		},
		{
			"name": "leverpull",
			"from": [1, 3, -3],
			"to": [2, 3.25, -2],
			"rotation": {"angle": 0, "axis": "y", "origin": [4, 3, -4]},
			"faces": {
				"north": {"uv": [7.5, 2.75, 7.5625, 2.8125], "texture": "#0"},
				"east": {"uv": [2.8125, 7.5, 2.875, 7.5625], "texture": "#0"},
				"south": {"uv": [7.5, 2.8125, 7.5625, 2.875], "texture": "#0"},
				"west": {"uv": [7.5, 2.875, 7.5625, 2.9375], "texture": "#0"},
				"up": {"uv": [7.5625, 3, 7.5, 2.9375], "texture": "#0"},
				"down": {"uv": [7.5625, 3, 7.5, 3.0625], "texture": "#0"}
			}
		},
		{
			"name": "leverpull",
			"from": [1, 3, -1],
			"to": [2, 3.25, 0],
			"rotation": {"angle": 0, "axis": "y", "origin": [4, 3, -2]},
			"faces": {
				"north": {"uv": [7.5, 3.25, 7.5625, 3.3125], "texture": "#0"},
				"east": {"uv": [7.5, 3.3125, 7.5625, 3.375], "texture": "#0"},
				"south": {"uv": [7.5, 3.375, 7.5625, 3.4375], "texture": "#0"},
				"west": {"uv": [7.5, 3.4375, 7.5625, 3.5], "texture": "#0"},
				"up": {"uv": [7.5625, 3.6875, 7.5, 3.625], "texture": "#0"},
				"down": {"uv": [7.5625, 3.6875, 7.5, 3.75], "texture": "#0"}
			}
		},
		{
			"name": "leverpull",
			"from": [1, 3, 1],
			"to": [2, 3.25, 2],
			"rotation": {"angle": 0, "axis": "y", "origin": [4, 3, 0]},
			"faces": {
				"north": {"uv": [3.75, 7.5, 3.8125, 7.5625], "texture": "#0"},
				"east": {"uv": [7.5, 3.75, 7.5625, 3.8125], "texture": "#0"},
				"south": {"uv": [3.8125, 7.5, 3.875, 7.5625], "texture": "#0"},
				"west": {"uv": [7.5, 3.8125, 7.5625, 3.875], "texture": "#0"},
				"up": {"uv": [7.5625, 3.9375, 7.5, 3.875], "texture": "#0"},
				"down": {"uv": [7.5625, 3.9375, 7.5, 4], "texture": "#0"}
			}
		},
		{
			"name": "leverpull",
			"from": [1, 3, 3],
			"to": [2, 3.25, 4],
			"rotation": {"angle": 0, "axis": "y", "origin": [4, 3, 2]},
			"faces": {
				"north": {"uv": [4, 7.5, 4.0625, 7.5625], "texture": "#0"},
				"east": {"uv": [4.0625, 7.5, 4.125, 7.5625], "texture": "#0"},
				"south": {"uv": [7.5, 4.0625, 7.5625, 4.125], "texture": "#0"},
				"west": {"uv": [4.125, 7.5, 4.1875, 7.5625], "texture": "#0"},
				"up": {"uv": [7.5625, 4.1875, 7.5, 4.125], "texture": "#0"},
				"down": {"uv": [7.5625, 4.1875, 7.5, 4.25], "texture": "#0"}
			}
		},
		{
			"name": "leverpull",
			"from": [3, 3, 3],
			"to": [4, 3.25, 4],
			"rotation": {"angle": 0, "axis": "y", "origin": [6, 3, 2]},
			"faces": {
				"north": {"uv": [4.25, 7.5, 4.3125, 7.5625], "texture": "#0"},
				"east": {"uv": [7.5, 4.25, 7.5625, 4.3125], "texture": "#0"},
				"south": {"uv": [4.3125, 7.5, 4.375, 7.5625], "texture": "#0"},
				"west": {"uv": [7.5, 4.3125, 7.5625, 4.375], "texture": "#0"},
				"up": {"uv": [4.4375, 7.5625, 4.375, 7.5], "texture": "#0"},
				"down": {"uv": [7.5625, 4.375, 7.5, 4.4375], "texture": "#0"}
			}
		},
		{
			"name": "leverpull",
			"from": [3, 3, 1],
			"to": [4, 3.25, 2],
			"rotation": {"angle": 0, "axis": "y", "origin": [6, 3, 0]},
			"faces": {
				"north": {"uv": [4.4375, 7.5, 4.5, 7.5625], "texture": "#0"},
				"east": {"uv": [7.5, 4.4375, 7.5625, 4.5], "texture": "#0"},
				"south": {"uv": [7.5, 4.5, 7.5625, 4.5625], "texture": "#0"},
				"west": {"uv": [7.5, 4.5625, 7.5625, 4.625], "texture": "#0"},
				"up": {"uv": [7.5625, 4.6875, 7.5, 4.625], "texture": "#0"},
				"down": {"uv": [4.8125, 7.5, 4.75, 7.5625], "texture": "#0"}
			}
		},
		{
			"name": "leverpull",
			"from": [3, 3, -1],
			"to": [4, 3.25, 0],
			"rotation": {"angle": 0, "axis": "y", "origin": [6, 3, -2]},
			"faces": {
				"north": {"uv": [4.8125, 7.5, 4.875, 7.5625], "texture": "#0"},
				"east": {"uv": [4.875, 7.5, 4.9375, 7.5625], "texture": "#0"},
				"south": {"uv": [4.9375, 7.5, 5, 7.5625], "texture": "#0"},
				"west": {"uv": [5, 7.5, 5.0625, 7.5625], "texture": "#0"},
				"up": {"uv": [5.125, 7.5625, 5.0625, 7.5], "texture": "#0"},
				"down": {"uv": [5.1875, 7.5, 5.125, 7.5625], "texture": "#0"}
			}
		},
		{
			"name": "leverpull",
			"from": [3, 3, -3],
			"to": [4, 3.25, -2],
			"rotation": {"angle": 0, "axis": "y", "origin": [6, 3, -4]},
			"faces": {
				"north": {"uv": [5.1875, 7.5, 5.25, 7.5625], "texture": "#0"},
				"east": {"uv": [5.25, 7.5, 5.3125, 7.5625], "texture": "#0"},
				"south": {"uv": [5.5, 7.5, 5.5625, 7.5625], "texture": "#0"},
				"west": {"uv": [5.5625, 7.5, 5.625, 7.5625], "texture": "#0"},
				"up": {"uv": [5.6875, 7.5625, 5.625, 7.5], "texture": "#0"},
				"down": {"uv": [5.75, 7.5, 5.6875, 7.5625], "texture": "#0"}
			}
		},
		{
			"name": "leverpull",
			"from": [5, 3, -3],
			"to": [6, 3.25, -2],
			"rotation": {"angle": 0, "axis": "y", "origin": [8, 3, -4]},
			"faces": {
				"north": {"uv": [5.75, 7.5, 5.8125, 7.5625], "texture": "#0"},
				"east": {"uv": [5.8125, 7.5, 5.875, 7.5625], "texture": "#0"},
				"south": {"uv": [7.5, 6.1875, 7.5625, 6.25], "texture": "#0"},
				"west": {"uv": [7.5, 6.25, 7.5625, 6.3125], "texture": "#0"},
				"up": {"uv": [7.5625, 6.375, 7.5, 6.3125], "texture": "#0"},
				"down": {"uv": [6.4375, 7.5, 6.375, 7.5625], "texture": "#0"}
			}
		},
		{
			"name": "leverpull",
			"from": [5, 3, -1],
			"to": [6, 3.25, 0],
			"rotation": {"angle": 0, "axis": "y", "origin": [8, 3, -2]},
			"faces": {
				"north": {"uv": [6.4375, 7.5, 6.5, 7.5625], "texture": "#0"},
				"east": {"uv": [6.5, 7.5, 6.5625, 7.5625], "texture": "#0"},
				"south": {"uv": [7.5, 6.5, 7.5625, 6.5625], "texture": "#0"},
				"west": {"uv": [6.5625, 7.5, 6.625, 7.5625], "texture": "#0"},
				"up": {"uv": [7.5625, 6.625, 7.5, 6.5625], "texture": "#0"},
				"down": {"uv": [6.6875, 7.5, 6.625, 7.5625], "texture": "#0"}
			}
		},
		{
			"name": "leverpull",
			"from": [5, 3, 1],
			"to": [6, 3.25, 2],
			"rotation": {"angle": 0, "axis": "y", "origin": [8, 3, 0]},
			"faces": {
				"north": {"uv": [7.5, 6.625, 7.5625, 6.6875], "texture": "#0"},
				"east": {"uv": [6.6875, 7.5, 6.75, 7.5625], "texture": "#0"},
				"south": {"uv": [7.5, 6.6875, 7.5625, 6.75], "texture": "#0"},
				"west": {"uv": [6.75, 7.5, 6.8125, 7.5625], "texture": "#0"},
				"up": {"uv": [7.5625, 6.8125, 7.5, 6.75], "texture": "#0"},
				"down": {"uv": [6.875, 7.5, 6.8125, 7.5625], "texture": "#0"}
			}
		},
		{
			"name": "leverpull",
			"from": [5, 3, 3],
			"to": [6, 3.25, 4],
			"rotation": {"angle": 0, "axis": "y", "origin": [8, 3, 2]},
			"faces": {
				"north": {"uv": [7.5, 6.8125, 7.5625, 6.875], "texture": "#0"},
				"east": {"uv": [6.875, 7.5, 6.9375, 7.5625], "texture": "#0"},
				"south": {"uv": [7.5, 6.875, 7.5625, 6.9375], "texture": "#0"},
				"west": {"uv": [6.9375, 7.5, 7, 7.5625], "texture": "#0"},
				"up": {"uv": [7.5625, 7, 7.5, 6.9375], "texture": "#0"},
				"down": {"uv": [7.0625, 7.5, 7, 7.5625], "texture": "#0"}
			}
		},
		{
			"name": "leverpull",
			"from": [5, 3, 5],
			"to": [6, 3.25, 6],
			"rotation": {"angle": 0, "axis": "y", "origin": [8, 3, 4]},
			"faces": {
				"north": {"uv": [7.5, 7.375, 7.5625, 7.4375], "texture": "#0"},
				"east": {"uv": [7.4375, 7.5, 7.5, 7.5625], "texture": "#0"},
				"south": {"uv": [7.5, 7.4375, 7.5625, 7.5], "texture": "#0"},
				"west": {"uv": [7.5, 7.5, 7.5625, 7.5625], "texture": "#0"},
				"up": {"uv": [7.625, 0.0625, 7.5625, 0], "texture": "#0"},
				"down": {"uv": [7.625, 0.0625, 7.5625, 0.125], "texture": "#0"}
			}
		},
		{
			"name": "leverpull",
			"from": [3, 3, 5],
			"to": [4, 3.25, 6],
			"rotation": {"angle": 0, "axis": "y", "origin": [6, 3, 4]},
			"faces": {
				"north": {"uv": [7.5625, 0.125, 7.625, 0.1875], "texture": "#0"},
				"east": {"uv": [7.5625, 0.1875, 7.625, 0.25], "texture": "#0"},
				"south": {"uv": [7.5625, 0.25, 7.625, 0.3125], "texture": "#0"},
				"west": {"uv": [7.5625, 0.3125, 7.625, 0.375], "texture": "#0"},
				"up": {"uv": [7.625, 0.4375, 7.5625, 0.375], "texture": "#0"},
				"down": {"uv": [7.625, 0.4375, 7.5625, 0.5], "texture": "#0"}
			}
		},
		{
			"name": "leverpull",
			"from": [1, 3, 5],
			"to": [2, 3.25, 6],
			"rotation": {"angle": 0, "axis": "y", "origin": [4, 3, 4]},
			"faces": {
				"north": {"uv": [0.5, 7.5625, 0.5625, 7.625], "texture": "#0"},
				"east": {"uv": [7.5625, 0.5, 7.625, 0.5625], "texture": "#0"},
				"south": {"uv": [0.5625, 7.5625, 0.625, 7.625], "texture": "#0"},
				"west": {"uv": [7.5625, 0.5625, 7.625, 0.625], "texture": "#0"},
				"up": {"uv": [0.6875, 7.625, 0.625, 7.5625], "texture": "#0"},
				"down": {"uv": [7.625, 0.625, 7.5625, 0.6875], "texture": "#0"}
			}
		},
		{
			"name": "leverpull",
			"from": [6, 3, 10],
			"to": [7, 3.25, 11],
			"rotation": {"angle": 0, "axis": "y", "origin": [9, 3, 9]},
			"faces": {
				"north": {"uv": [7.5, 7, 7.5625, 7.0625], "texture": "#0"},
				"east": {"uv": [7.0625, 7.5, 7.125, 7.5625], "texture": "#0"},
				"south": {"uv": [7.5, 7.0625, 7.5625, 7.125], "texture": "#0"},
				"west": {"uv": [7.125, 7.5, 7.1875, 7.5625], "texture": "#0"},
				"up": {"uv": [7.5625, 7.1875, 7.5, 7.125], "texture": "#0"},
				"down": {"uv": [7.25, 7.5, 7.1875, 7.5625], "texture": "#0"}
			}
		},
		{
			"name": "leverpull",
			"from": [4, 3, 10],
			"to": [5, 3.25, 11],
			"rotation": {"angle": 0, "axis": "y", "origin": [7, 3, 9]},
			"faces": {
				"north": {"uv": [7.5, 7.1875, 7.5625, 7.25], "texture": "#0"},
				"east": {"uv": [7.25, 7.5, 7.3125, 7.5625], "texture": "#0"},
				"south": {"uv": [7.5, 7.25, 7.5625, 7.3125], "texture": "#0"},
				"west": {"uv": [7.3125, 7.5, 7.375, 7.5625], "texture": "#0"},
				"up": {"uv": [7.5625, 7.375, 7.5, 7.3125], "texture": "#0"},
				"down": {"uv": [7.4375, 7.5, 7.375, 7.5625], "texture": "#0"}
			}
		},
		{
			"name": "pedalarm",
			"from": [1, -10, 7.5],
			"to": [2, -8, 8.5],
			"rotation": {"angle": 0, "axis": "y", "origin": [0, -10, 6.5]},
			"faces": {
				"north": {"uv": [7.25, 7.375, 7.3125, 7.5], "texture": "#0"},
				"east": {"uv": [7.3125, 7.375, 7.375, 7.5], "texture": "#0"},
				"south": {"uv": [7.375, 7.375, 7.4375, 7.5], "texture": "#0"},
				"west": {"uv": [7.4375, 0.3125, 7.5, 0.4375], "texture": "#0"},
				"up": {"uv": [1.1875, 7.625, 1.125, 7.5625], "texture": "#0"},
				"down": {"uv": [1.25, 7.5625, 1.1875, 7.625], "texture": "#0"}
			}
		},
		{
			"name": "pedalarm",
			"from": [1, -10, 4.5],
			"to": [2, -8, 5.5],
			"rotation": {"angle": 0, "axis": "y", "origin": [0, -10, 3.5]},
			"faces": {
				"north": {"uv": [7.4375, 0.4375, 7.5, 0.5625], "texture": "#0"},
				"east": {"uv": [0.5, 7.4375, 0.5625, 7.5625], "texture": "#0"},
				"south": {"uv": [0.5625, 7.4375, 0.625, 7.5625], "texture": "#0"},
				"west": {"uv": [0.625, 7.4375, 0.6875, 7.5625], "texture": "#0"},
				"up": {"uv": [1.4375, 7.625, 1.375, 7.5625], "texture": "#0"},
				"down": {"uv": [7.625, 1.375, 7.5625, 1.4375], "texture": "#0"}
			}
		},
		{
			"name": "pedalarm",
			"from": [1, -10, 10.5],
			"to": [2, -8, 11.5],
			"rotation": {"angle": 0, "axis": "y", "origin": [0, -10, 9.5]},
			"faces": {
				"north": {"uv": [0.6875, 7.4375, 0.75, 7.5625], "texture": "#0"},
				"east": {"uv": [1, 7.4375, 1.0625, 7.5625], "texture": "#0"},
				"south": {"uv": [1.0625, 7.4375, 1.125, 7.5625], "texture": "#0"},
				"west": {"uv": [1.125, 7.4375, 1.1875, 7.5625], "texture": "#0"},
				"up": {"uv": [1.5, 7.625, 1.4375, 7.5625], "texture": "#0"},
				"down": {"uv": [7.625, 1.4375, 7.5625, 1.5], "texture": "#0"}
			}
		},
		{
			"name": "pedalfeet",
			"from": [2, -9, 10.25],
			"to": [3, -6, 11.75],
			"rotation": {"angle": 22.5, "axis": "z", "origin": [2, -9, 10.25]},
			"faces": {
				"north": {"uv": [3.375, 7.375, 3.4375, 7.5625], "texture": "#0"},
				"east": {"uv": [7, 2.4375, 7.125, 2.625], "texture": "#0"},
				"south": {"uv": [3.4375, 7.375, 3.5, 7.5625], "texture": "#0"},
				"west": {"uv": [3.25, 7, 3.375, 7.1875], "texture": "#0"},
				"up": {"uv": [7.5, 2, 7.4375, 1.875], "texture": "#0"},
				"down": {"uv": [7.5, 2, 7.4375, 2.125], "texture": "#0"}
			}
		},
		{
			"name": "pedalfeet",
			"from": [2, -9, 7.25],
			"to": [3, -6, 8.75],
			"rotation": {"angle": 22.5, "axis": "z", "origin": [2, -9, 7.25]},
			"faces": {
				"north": {"uv": [3.5, 7.375, 3.5625, 7.5625], "texture": "#0"},
				"east": {"uv": [3.375, 7, 3.5, 7.1875], "texture": "#0"},
				"south": {"uv": [3.5625, 7.375, 3.625, 7.5625], "texture": "#0"},
				"west": {"uv": [3.5, 7, 3.625, 7.1875], "texture": "#0"},
				"up": {"uv": [7.5, 2.25, 7.4375, 2.125], "texture": "#0"},
				"down": {"uv": [2.3125, 7.4375, 2.25, 7.5625], "texture": "#0"}
			}
		},
		{
			"name": "pedalfeet",
			"from": [2, -9, 4.25],
			"to": [3, -6, 5.75],
			"rotation": {"angle": 22.5, "axis": "z", "origin": [2, -9, 4.25]},
			"faces": {
				"north": {"uv": [3.875, 7.375, 3.9375, 7.5625], "texture": "#0"},
				"east": {"uv": [4.3125, 7, 4.4375, 7.1875], "texture": "#0"},
				"south": {"uv": [3.9375, 7.375, 4, 7.5625], "texture": "#0"},
				"west": {"uv": [7, 4.3125, 7.125, 4.5], "texture": "#0"},
				"up": {"uv": [7.5, 2.375, 7.4375, 2.25], "texture": "#0"},
				"down": {"uv": [2.375, 7.4375, 2.3125, 7.5625], "texture": "#0"}
			}
		},
		{
			"name": "stand",
			"from": [17, -10, 6],
			"to": [21, -3, 10],
			"rotation": {"angle": 0, "axis": "y", "origin": [18, -10, 7]},
			"faces": {
				"north": {"uv": [2.625, 6.1875, 2.875, 6.625], "texture": "#0"},
				"east": {"uv": [6.3125, 5.0625, 6.5625, 5.5], "texture": "#0"},
				"south": {"uv": [6.3125, 5.5, 6.5625, 5.9375], "texture": "#0"},
				"west": {"uv": [0.5, 6.375, 0.75, 6.8125], "texture": "#0"},
				"up": {"uv": [5.375, 6.875, 5.125, 6.625], "texture": "#0"},
				"down": {"uv": [1.25, 6.6875, 1, 6.9375], "texture": "#0"}
			}
		},
		{
			"name": "seat",
			"from": [14, -3, 3],
			"to": [23, -2, 13],
			"rotation": {"angle": 0, "axis": "y", "origin": [17, -3, 7]},
			"faces": {
				"north": {"uv": [6.8125, 6.6875, 7.375, 6.75], "texture": "#0"},
				"east": {"uv": [6.8125, 2.3125, 7.4375, 2.375], "texture": "#0"},
				"south": {"uv": [6.875, 1.75, 7.4375, 1.8125], "texture": "#0"},
				"west": {"uv": [6.8125, 2.375, 7.4375, 2.4375], "texture": "#0"},
				"up": {"uv": [3.0625, 5.875, 2.5, 5.25], "texture": "#0"},
				"down": {"uv": [3.625, 5.25, 3.0625, 5.875], "texture": "#0"}
			}
		},
		{
			"name": "seat",
			"from": [23, -3, 3],
			"to": [24, 6, 13],
			"rotation": {"angle": 0, "axis": "y", "origin": [26, -3, 7]},
			"faces": {
				"north": {"uv": [4.25, 5.25, 4.3125, 5.8125], "texture": "#0"},
				"east": {"uv": [5.25, 3.5, 5.875, 4.0625], "texture": "#0"},
				"south": {"uv": [4.3125, 5.25, 4.375, 5.8125], "texture": "#0"},
				"west": {"uv": [3.625, 5.25, 4.25, 5.8125], "texture": "#0"},
				"up": {"uv": [0.5625, 7.4375, 0.5, 6.8125], "texture": "#0"},
				"down": {"uv": [0.625, 6.8125, 0.5625, 7.4375], "texture": "#0"}
			}
		},
		{
			"name": "headlight",
			"from": [-1.5, 2, -3],
			"to": [-1, 4, -1],
			"rotation": {"angle": 0, "axis": "y", "origin": [-3, 2, -3]},
			"faces": {
				"north": {"uv": [2.625, 7.4375, 2.6875, 7.5625], "texture": "#0"},
				"east": {"uv": [4, 7.1875, 4.125, 7.3125], "texture": "#0"},
				"south": {"uv": [2.6875, 7.4375, 2.75, 7.5625], "texture": "#0"},
				"west": {"uv": [4.3125, 7.1875, 4.4375, 7.3125], "texture": "#0"},
				"up": {"uv": [7.5, 2.8125, 7.4375, 2.6875], "texture": "#0"},
				"down": {"uv": [2.8125, 7.4375, 2.75, 7.5625], "texture": "#0"}
			}
		},
		{
			"name": "headlight",
			"from": [-1.5, -1, -3],
			"to": [-1, 1, -1],
			"rotation": {"angle": 0, "axis": "y", "origin": [-3, -1, -3]},
			"faces": {
				"north": {"uv": [7.4375, 2.8125, 7.5, 2.9375], "texture": "#0"},
				"east": {"uv": [6.6875, 7.1875, 6.8125, 7.3125], "texture": "#0"},
				"south": {"uv": [7.4375, 2.9375, 7.5, 3.0625], "texture": "#0"},
				"west": {"uv": [6.8125, 7.1875, 6.9375, 7.3125], "texture": "#0"},
				"up": {"uv": [7.5, 3.375, 7.4375, 3.25], "texture": "#0"},
				"down": {"uv": [7.5, 3.375, 7.4375, 3.5], "texture": "#0"}
			}
		},
		{
			"name": "headlight",
			"from": [-1.5, -1, 17],
			"to": [-1, 1, 19],
			"rotation": {"angle": 0, "axis": "y", "origin": [-3, -1, 17]},
			"faces": {
				"north": {"uv": [7.4375, 4.0625, 7.5, 4.1875], "texture": "#0"},
				"east": {"uv": [6.9375, 7.1875, 7.0625, 7.3125], "texture": "#0"},
				"south": {"uv": [4.1875, 7.4375, 4.25, 7.5625], "texture": "#0"},
				"west": {"uv": [7.0625, 7.1875, 7.1875, 7.3125], "texture": "#0"},
				"up": {"uv": [7.5, 4.3125, 7.4375, 4.1875], "texture": "#0"},
				"down": {"uv": [7.5, 4.3125, 7.4375, 4.4375], "texture": "#0"}
			}
		},
		{
			"name": "headlight",
			"from": [-1.5, 2, 17],
			"to": [-1, 4, 19],
			"rotation": {"angle": 0, "axis": "y", "origin": [-3, 2, 17]},
			"faces": {
				"north": {"uv": [4.5, 7.4375, 4.5625, 7.5625], "texture": "#0"},
				"east": {"uv": [7.1875, 7.0625, 7.3125, 7.1875], "texture": "#0"},
				"south": {"uv": [4.5625, 7.4375, 4.625, 7.5625], "texture": "#0"},
				"west": {"uv": [7.1875, 7.1875, 7.3125, 7.3125], "texture": "#0"},
				"up": {"uv": [5.375, 7.5625, 5.3125, 7.4375], "texture": "#0"},
				"down": {"uv": [7.5, 6.1875, 7.4375, 6.3125], "texture": "#0"}
			}
		}
	],
	"display": {
		"thirdperson_righthand": {
			"translation": [-2, 0, 0],
			"scale": [0.25, 0.25, 0.25]
		}
	},
	"groups": [
		0,
		1,
		2,
		3,
		{
			"name": "sides",
			"origin": [8, 8, 8],
			"color": 0,
			"children": [4, 5, 6, 7, 8, 9, 10, 11, 12, 13, 14, 15, 16, 17, 18, 19, 20, 21, 22, 23, 24, 25, 26, 27, 28, 29, 30, 31, 32, 33, 34, 35, 36, 37, 38, 39, 40, 41, 42, 43, 44, 45, 46, 47, 48, 49]
		},
		{
			"name": "glass",
			"origin": [8, 8, 8],
			"color": 0,
			"children": [50, 51, 52, 53, 54, 55, 56, 57, 58, 59, 60, 61, 62, 63, 64, 65, 66, 67, 68, 69, 70]
		},
		{
			"name": "top",
			"origin": [8, 8, 8],
			"color": 0,
			"children": [71, 72, 73, 74, 75, 76]
		},
		{
			"name": "dash",
			"origin": [7, 3, 9],
			"color": 0,
			"children": [77, 78, 79, 80, 81, 82, 83, 84, 85, 86, 87, 88, 89, 90, 91, 92, 93, 94, 95, 96, 97, 98, 99, 100, 101, 102, 103, 104]
		},
		{
			"name": "int",
			"origin": [8, 8, 8],
			"color": 0,
			"children": [105, 106, 107, 108, 109, 110, 111, 112, 113, 114, 115, 116, 117]
		}
	]
}