{
	"credit": "Made with Blockbench",
	"texture_size": [64, 64],
	"textures": {
		"0": "block/parkston/pk_metrotram_21d_pantograph",
		"particle": "block/parkston/pk_metrotram_21d_pantograph"
	},
	"elements": [
		{
			"name": "base",
			"from": [-4, 0, 0],
			"to": [20, 1, 16],
			"faces": {
				"north": {"uv": [6, 6, 12, 6.25], "texture": "#0"},
				"east": {"uv": [0, 8.75, 4, 9], "texture": "#0"},
				"south": {"uv": [6, 6.25, 12, 6.5], "texture": "#0"},
				"west": {"uv": [4, 8.75, 8, 9], "texture": "#0"},
				"up": {"uv": [6, 4, 0, 0], "texture": "#0"},
				"down": {"uv": [6, 4, 0, 8], "texture": "#0"}
			}
		},
		{
			"name": "beams",
			"from": [-3, 2, 13],
			"to": [19, 3, 15],
			"rotation": {"angle": 0, "axis": "y", "origin": [0, 2, 0]},
			"faces": {
				"north": {"uv": [7.5, 6.5, 13, 6.75], "texture": "#0"},
				"east": {"uv": [3.5, 9.75, 4, 10], "texture": "#0"},
				"south": {"uv": [7.5, 6.75, 13, 7], "texture": "#0"},
				"west": {"uv": [4, 9.75, 4.5, 10], "texture": "#0"},
				"up": {"uv": [11.5, 0.5, 6, 0], "texture": "#0"},
				"down": {"uv": [11.5, 0.5, 6, 1], "texture": "#0"}
			}
		},
		{
			"name": "beams",
			"from": [-3, 2, 1],
			"to": [19, 3, 3],
			"rotation": {"angle": 0, "axis": "y", "origin": [0, 2, -12]},
			"faces": {
				"north": {"uv": [7.5, 7, 13, 7.25], "texture": "#0"},
				"east": {"uv": [4.5, 9.75, 5, 10], "texture": "#0"},
				"south": {"uv": [7.5, 7.25, 13, 7.5], "texture": "#0"},
				"west": {"uv": [5, 9.75, 5.5, 10], "texture": "#0"},
				"up": {"uv": [11.5, 1.5, 6, 1], "texture": "#0"},
				"down": {"uv": [11.5, 1.5, 6, 2], "texture": "#0"}
			}
		},
		{
			"name": "arm",
			"from": [-3, 2, 3],
			"to": [19, 3, 5],
			"rotation": {"angle": -22.5, "axis": "z", "origin": [19, 3, 5]},
			"faces": {
				"north": {"uv": [7.5, 7.5, 13, 7.75], "texture": "#0"},
				"east": {"uv": [5.5, 9.75, 6, 10], "texture": "#0"},
				"south": {"uv": [7.5, 7.75, 13, 8], "texture": "#0"},
				"west": {"uv": [6, 9.75, 6.5, 10], "texture": "#0"},
				"up": {"uv": [11.5, 2.5, 6, 2], "texture": "#0"},
				"down": {"uv": [11.5, 2.5, 6, 3], "texture": "#0"}
			}
		},
		{
			"name": "arm",
			"from": [-3, 2, 11],
			"to": [19, 3, 13],
			"rotation": {"angle": -22.5, "axis": "z", "origin": [19, 3, 5]},
			"faces": {
				"north": {"uv": [0, 8, 5.5, 8.25], "texture": "#0"},
				"east": {"uv": [6.5, 9.75, 7, 10], "texture": "#0"},
				"south": {"uv": [7.5, 8, 13, 8.25], "texture": "#0"},
				"west": {"uv": [7, 9.75, 7.5, 10], "texture": "#0"},
				"up": {"uv": [11.5, 3.5, 6, 3], "texture": "#0"},
				"down": {"uv": [11.5, 3.5, 6, 4], "texture": "#0"}
			}
		},
		{
			"name": "arm",
			"from": [-1.6343, 10.12733, 9],
			"to": [20.3657, 11.12733, 11],
			"rotation": {"angle": 22.5, "axis": "z", "origin": [-1.5, 11, 5]},
			"faces": {
				"north": {"uv": [0, 8.25, 5.5, 8.5], "texture": "#0"},
				"east": {"uv": [7.5, 9.75, 8, 10], "texture": "#0"},
				"south": {"uv": [7.5, 8.25, 13, 8.5], "texture": "#0"},
				"west": {"uv": [8, 9.75, 8.5, 10], "texture": "#0"},
				"up": {"uv": [11.5, 4.5, 6, 4], "texture": "#0"},
				"down": {"uv": [11.5, 4.5, 6, 5], "texture": "#0"}
			}
		},
		{
			"name": "arm",
			"from": [-1.6343, 10.12733, 5],
			"to": [20.3657, 11.12733, 7],
			"rotation": {"angle": 22.5, "axis": "z", "origin": [-1.5, 11, 5]},
			"faces": {
				"north": {"uv": [0, 8.5, 5.5, 8.75], "texture": "#0"},
				"east": {"uv": [8.5, 9.75, 9, 10], "texture": "#0"},
				"south": {"uv": [5.5, 8.5, 11, 8.75], "texture": "#0"},
				"west": {"uv": [9, 9.75, 9.5, 10], "texture": "#0"},
				"up": {"uv": [11.5, 5.5, 6, 5], "texture": "#0"},
				"down": {"uv": [11.5, 5.5, 6, 6], "texture": "#0"}
			}
		},
		{
			"name": "pole",
			"from": [-3, 1, 1],
			"to": [-1, 2, 3],
			"rotation": {"angle": 0, "axis": "y", "origin": [-4, 1, 0]},
			"faces": {
				"north": {"uv": [7, 9.5, 7.5, 9.75], "texture": "#0"},
				"east": {"uv": [7.5, 9.5, 8, 9.75], "texture": "#0"},
				"south": {"uv": [8, 9.5, 8.5, 9.75], "texture": "#0"},
				"west": {"uv": [8.5, 9.5, 9, 9.75], "texture": "#0"},
				"up": {"uv": [6, 8.5, 5.5, 8], "texture": "#0"},
				"down": {"uv": [6, 9, 5.5, 9.5], "texture": "#0"}
			}
		},
		{
			"name": "pole",
			"from": [17, 1, 1],
			"to": [19, 2, 3],
			"rotation": {"angle": 0, "axis": "y", "origin": [16, 1, 0]},
			"faces": {
				"north": {"uv": [9.5, 8.75, 10, 9], "texture": "#0"},
				"east": {"uv": [9, 9.5, 9.5, 9.75], "texture": "#0"},
				"south": {"uv": [9.5, 9, 10, 9.25], "texture": "#0"},
				"west": {"uv": [9.5, 9.25, 10, 9.5], "texture": "#0"},
				"up": {"uv": [6.5, 9.5, 6, 9], "texture": "#0"},
				"down": {"uv": [7, 9, 6.5, 9.5], "texture": "#0"}
			}
		},
		{
			"name": "head",
			"from": [17, 18.75, 4],
			"to": [20, 19.75, 12],
			"rotation": {"angle": 0, "axis": "y", "origin": [16, 18.75, 6]},
			"faces": {
				"north": {"uv": [2.5, 9.25, 3.25, 9.5], "texture": "#0"},
				"east": {"uv": [1.5, 9, 3.5, 9.25], "texture": "#0"},
				"south": {"uv": [3.25, 9.25, 4, 9.5], "texture": "#0"},
				"west": {"uv": [3.5, 9, 5.5, 9.25], "texture": "#0"},
				"up": {"uv": [6.75, 8.5, 6, 6.5], "texture": "#0"},
				"down": {"uv": [7.5, 6.5, 6.75, 8.5], "texture": "#0"}
			}
		},
		{
			"name": "head",
			"from": [17, 18.75, 1],
			"to": [20, 19.75, 4],
			"rotation": {"angle": -22.5, "axis": "x", "origin": [17, 19.75, 4]},
			"faces": {
				"north": {"uv": [4, 9.25, 4.75, 9.5], "texture": "#0"},
				"east": {"uv": [4.75, 9.25, 5.5, 9.5], "texture": "#0"},
				"south": {"uv": [2.5, 9.5, 3.25, 9.75], "texture": "#0"},
				"west": {"uv": [3.25, 9.5, 4, 9.75], "texture": "#0"},
				"up": {"uv": [8.75, 9.5, 8, 8.75], "texture": "#0"},
				"down": {"uv": [9.5, 8.75, 8.75, 9.5], "texture": "#0"}
			}
		},
		{
			"name": "head",
			"from": [17, 18.75, 12],
			"to": [20, 19.75, 15],
			"rotation": {"angle": 22.5, "axis": "x", "origin": [17, 19.75, 12]},
			"faces": {
				"north": {"uv": [4, 9.5, 4.75, 9.75], "texture": "#0"},
				"east": {"uv": [4.75, 9.5, 5.5, 9.75], "texture": "#0"},
				"south": {"uv": [5.5, 9.5, 6.25, 9.75], "texture": "#0"},
				"west": {"uv": [6.25, 9.5, 7, 9.75], "texture": "#0"},
				"up": {"uv": [0.75, 9.75, 0, 9], "texture": "#0"},
				"down": {"uv": [1.5, 9, 0.75, 9.75], "texture": "#0"}
			}
		},
		{
			"name": "pole",
			"from": [17, 1, 13],
			"to": [19, 2, 15],
			"rotation": {"angle": 0, "axis": "y", "origin": [16, 1, 12]},
			"faces": {
				"north": {"uv": [9.5, 9.5, 10, 9.75], "texture": "#0"},
				"east": {"uv": [0, 9.75, 0.5, 10], "texture": "#0"},
				"south": {"uv": [0.5, 9.75, 1, 10], "texture": "#0"},
				"west": {"uv": [1, 9.75, 1.5, 10], "texture": "#0"},
				"up": {"uv": [7.5, 9.5, 7, 9], "texture": "#0"},
				"down": {"uv": [8, 9, 7.5, 9.5], "texture": "#0"}
			}
		},
		{
			"name": "pole",
			"from": [-3, 1, 13],
			"to": [-1, 2, 15],
			"rotation": {"angle": 0, "axis": "y", "origin": [-4, 1, 12]},
			"faces": {
				"north": {"uv": [1.5, 9.75, 2, 10], "texture": "#0"},
				"east": {"uv": [2, 9.75, 2.5, 10], "texture": "#0"},
				"south": {"uv": [2.5, 9.75, 3, 10], "texture": "#0"},
				"west": {"uv": [3, 9.75, 3.5, 10], "texture": "#0"},
				"up": {"uv": [2, 9.75, 1.5, 9.25], "texture": "#0"},
				"down": {"uv": [2.5, 9.25, 2, 9.75], "texture": "#0"}
			}
		}
	],
	"display": {
		"thirdperson_righthand": {
			"scale": [0.5, 0.5, 0.5]
		}
	}
}