{
	"credit": "Made by Mike Shafter",
	"textures": {
		"1": "block/tuff",
		"2": "block/ladder",
		"particle": "block/rail",
		"rail": "block/rail"
	},
	"elements": [
		{
			"name": "Plank3",
			"from": [-2.5, 0, 2.5],
			"to": [16, 0.75, 5.5],
			"rotation": {"angle": 0, "axis": "y", "origin": [0, 0, 2]},
			"faces": {
				"north": {"uv": [0, 1, 16, 1.75], "rotation": 180, "texture": "#1"},
				"east": {"uv": [0, 0, 3, 0.75], "texture": "#1"},
				"south": {"uv": [0, 2, 16, 2.75], "texture": "#1"},
				"west": {"uv": [0, 0, 3, 0.75], "texture": "#1"},
				"up": {"uv": [0, 1, 16, 4], "texture": "#1"},
				"down": {"uv": [16, 1, 0, 4], "rotation": 180, "texture": "#1", "cullface": "down"}
			}
		},
		{
			"name": "Plank18",
			"from": [-2.5, 0, 10.5],
			"to": [16, 0.75, 13.5],
			"rotation": {"angle": 0, "axis": "y", "origin": [0, 0, -2]},
			"faces": {
				"north": {"uv": [0, 13, 16, 13.75], "rotation": 180, "texture": "#1"},
				"east": {"uv": [0, 0, 3, 0.75], "texture": "#1"},
				"south": {"uv": [0, 14, 16, 14.75], "texture": "#1"},
				"west": {"uv": [0, 0, 3, 0.75], "texture": "#1"},
				"up": {"uv": [0, 13, 16, 16], "texture": "#1"},
				"down": {"uv": [16, 13, 0, 16], "rotation": 180, "texture": "#1", "cullface": "down"}
			}
		},
		{
			"name": "Rail1",
			"from": [1, 0.75, 0],
			"to": [2, 1.5, 16],
			"rotation": {"angle": 0, "axis": "y", "origin": [-1, 0.5, 0]},
			"faces": {
				"north": {"uv": [4, 0, 2, 2], "texture": "#rail", "cullface": "north"},
				"east": {"uv": [3.5, 1, 3.6, 2], "texture": "#rail"},
				"south": {"uv": [2, 14, 4, 16], "texture": "#rail", "cullface": "south"},
				"west": {"uv": [2.5, 1, 2.6, 2], "texture": "#rail"},
				"up": {"uv": [2, 0, 4, 16], "texture": "#rail"},
				"down": {"uv": [2, 0, 4, 16], "texture": "#rail"}
			}
		},
		{
			"name": "Rail1",
			"from": [-2, 1.75, 0],
			"to": [-1, 2.5, 16],
			"rotation": {"angle": 0, "axis": "y", "origin": [-4, 1.5, 0]},
			"faces": {
				"north": {"uv": [4, 0, 2, 2], "texture": "#rail", "cullface": "north"},
				"east": {"uv": [2, 0, 2.75, 16], "rotation": 90, "texture": "#rail"},
				"south": {"uv": [3, 14, 4, 16], "texture": "#rail", "cullface": "south"},
				"west": {"uv": [2, 0, 2.75, 16], "rotation": 90, "texture": "#rail"},
				"up": {"uv": [3, 0, 4, 16], "texture": "#rail"},
				"down": {"uv": [2, 0, 3, 16], "texture": "#rail"}
			}
		},
		{
			"name": "Rail2",
			"from": [-2, 0.75, 11.5],
			"to": [-1, 1.75, 12.5],
			"rotation": {"angle": 0, "axis": "y", "origin": [-4, 0.5, 0]},
			"faces": {
				"north": {"uv": [3, 3, 4, 4], "rotation": 90, "texture": "#2"},
				"east": {"uv": [3, 3, 4, 4], "rotation": 90, "texture": "#2"},
				"south": {"uv": [3, 3, 4, 4], "rotation": 90, "texture": "#2"},
				"west": {"uv": [3, 3, 4, 4], "rotation": 90, "texture": "#2"},
				"up": {"uv": [3, 3, 4, 4], "rotation": 90, "texture": "#2"},
				"down": {"uv": [3, 3, 4, 4], "rotation": 90, "texture": "#2"}
			}
		},
		{
			"name": "Rail3",
			"from": [-2, 0.75, 3.5],
			"to": [-1, 1.75, 4.5],
			"rotation": {"angle": 0, "axis": "y", "origin": [-4, 0.5, -8]},
			"faces": {
				"north": {"uv": [3, 3, 4, 4], "rotation": 90, "texture": "#2"},
				"east": {"uv": [3, 3, 4, 4], "rotation": 90, "texture": "#2"},
				"south": {"uv": [3, 3, 4, 4], "rotation": 90, "texture": "#2"},
				"west": {"uv": [3, 3, 4, 4], "rotation": 90, "texture": "#2"},
				"up": {"uv": [3, 3, 4, 4], "rotation": 90, "texture": "#2"},
				"down": {"uv": [3, 3, 4, 4], "rotation": 90, "texture": "#2"}
			}
		},
		{
			"name": "Rail2",
			"from": [14, 0.75, 0],
			"to": [15, 1.5, 16],
			"rotation": {"angle": 0, "axis": "y", "origin": [1, 0.5, 0]},
			"faces": {
				"north": {"uv": [14, 0, 12, 2], "texture": "#rail", "cullface": "north"},
				"east": {"uv": [13.5, 1, 13.6, 2], "texture": "#rail"},
				"south": {"uv": [12, 14, 14, 16], "texture": "#rail", "cullface": "south"},
				"west": {"uv": [12.5, 1, 12.6, 2], "texture": "#rail"},
				"up": {"uv": [12, 0, 14, 16], "texture": "#rail"},
				"down": {"uv": [12, 0, 14, 16], "texture": "#rail"}
			}
		}
	],
	"display": {
		"head": {
			"translation": [0, 4.5, 0],
			"scale": [1.57, 1.57, 1.57]
		}
	}
}