{
	"credit": "Made by Mike Shafter",
	"ambientocclusion": false,
	"textures": {
		"1": "block/smooth_stone",
		"2": "block/red_terracotta",
		"particle": "block/activator_rail",
		"rail": "block/activator_rail"
	},
	"elements": [
		{
			"name": "Rail1",
			"from": [2, 7.25, 0],
			"to": [4, 8, 16],
			"rotation": {"angle": 0, "axis": "y", "origin": [0, 7, 0]},
			"faces": {
				"east": {"uv": [3, 0, 4, 16], "rotation": 90, "texture": "#rail"},
				"up": {"uv": [2, 0, 4, 16], "texture": "#rail"}
			}
		},
		{
			"name": "Rail2",
			"from": [4.5, 7.25, 0],
			"to": [5, 8, 16],
			"rotation": {"angle": 0, "axis": "y", "origin": [0, 7, 0]},
			"faces": {
				"west": {"uv": [2, 0, 2.75, 16], "rotation": 90, "texture": "#rail"},
				"up": {"uv": [2, 0, 2.5, 16], "texture": "#rail"}
			}
		},
		{
			"name": "Rail2",
			"from": [12, 7.25, 0],
			"to": [14, 8, 16],
			"rotation": {"angle": 0, "axis": "y", "origin": [0, 7, 0]},
			"faces": {
				"west": {"uv": [12, 0, 12.6, 16], "rotation": 270, "texture": "#rail"},
				"up": {"uv": [12, 0, 14, 16], "texture": "#rail"}
			}
		},
		{
			"name": "Rail3",
			"from": [11, 7.25, 0],
			"to": [11.5, 8, 16],
			"rotation": {"angle": 0, "axis": "y", "origin": [0, 7, 0]},
			"faces": {
				"east": {"uv": [13, 0, 13.75, 16], "rotation": 270, "texture": "#rail"},
				"up": {"uv": [13.5, 0, 14, 16], "texture": "#rail"}
			}
		},
		{
			"from": [5, 7, 0],
			"to": [11, 8, 16],
			"rotation": {"angle": 0, "axis": "z", "origin": [13.33851, 15.44029, 8]},
			"faces": {
				"up": {"uv": [5, 0, 11, 16], "texture": "#1"}
			}
		},
		{
			"from": [2, 7, 0],
			"to": [5, 7.25, 16],
			"rotation": {"angle": 0, "axis": "z", "origin": [13.33851, 15.44029, 8]},
			"faces": {
				"up": {"uv": [13, 0, 16, 16], "texture": "#1"}
			}
		},
		{
			"from": [11, 7, 0],
			"to": [14, 7.25, 16],
			"rotation": {"angle": 0, "axis": "z", "origin": [13.33851, 15.44029, 8]},
			"faces": {
				"up": {"uv": [0, 0, 3, 16], "texture": "#1"}
			}
		},
		{
			"name": "Rail2",
			"from": [2, 7.25, 16],
			"to": [4, 8, 32],
			"rotation": {"angle": 0, "axis": "y", "origin": [0, 7, 16]},
			"faces": {
				"east": {"uv": [3, 0, 4, 16], "rotation": 90, "texture": "#rail"},
				"south": {"uv": [2, 14, 4, 16], "texture": "#rail", "cullface": "south"},
				"up": {"uv": [2, 0, 4, 16], "texture": "#rail"}
			}
		},
		{
			"name": "Rail3",
			"from": [4.5, 7.25, 16],
			"to": [5, 8, 32],
			"rotation": {"angle": 0, "axis": "y", "origin": [0, 7, 16]},
			"faces": {
				"south": {"uv": [2, 0, 2.75, 0.5], "rotation": 90, "texture": "#rail"},
				"west": {"uv": [2, 0, 2.75, 16], "rotation": 90, "texture": "#rail"},
				"up": {"uv": [2, 0, 2.5, 16], "texture": "#rail"}
			}
		},
		{
			"name": "Rail3",
			"from": [12, 7.25, 16],
			"to": [14, 8, 32],
			"rotation": {"angle": 0, "axis": "y", "origin": [0, 7, 16]},
			"faces": {
				"south": {"uv": [12, 14, 14, 16], "texture": "#rail", "cullface": "south"},
				"west": {"uv": [12, 0, 12.6, 16], "rotation": 270, "texture": "#rail"},
				"up": {"uv": [12, 0, 14, 16], "texture": "#rail"}
			}
		},
		{
			"name": "Rail4",
			"from": [11, 7.25, 16],
			"to": [11.5, 8, 32],
			"rotation": {"angle": 0, "axis": "y", "origin": [0, 7, 16]},
			"faces": {
				"east": {"uv": [13, 0, 13.75, 16], "rotation": 270, "texture": "#rail"},
				"south": {"uv": [13, 0, 13.75, 0.5], "rotation": 270, "texture": "#rail"},
				"up": {"uv": [13.5, 0, 14, 16], "texture": "#rail"}
			}
		},
		{
			"from": [5, 7, 16],
			"to": [11, 8, 32],
			"rotation": {"angle": 0, "axis": "z", "origin": [13.33851, 15.44029, 24]},
			"faces": {
				"south": {"uv": [5, 0, 11, 1], "texture": "#1"},
				"up": {"uv": [5, 0, 11, 16], "texture": "#1"}
			}
		},
		{
			"from": [2, 7, 16],
			"to": [5, 7.25, 32],
			"rotation": {"angle": 0, "axis": "z", "origin": [13.33851, 15.44029, 24]},
			"faces": {
				"south": {"uv": [1, 0, 4, 0.25], "texture": "#1"},
				"up": {"uv": [13, 0, 16, 16], "texture": "#1"}
			}
		},
		{
			"from": [11, 7, 16],
			"to": [14, 7.25, 32],
			"rotation": {"angle": 0, "axis": "z", "origin": [13.33851, 15.44029, 24]},
			"faces": {
				"south": {"uv": [12, 0, 15, 0.25], "texture": "#1"},
				"up": {"uv": [0, 0, 3, 16], "texture": "#1"}
			}
		},
		{
			"name": "Rail3",
			"from": [2, 7.25, -16],
			"to": [4, 8, 0],
			"rotation": {"angle": 0, "axis": "y", "origin": [0, 7, -16]},
			"faces": {
				"north": {"uv": [4, 0, 2, 2], "texture": "#rail", "cullface": "north"},
				"east": {"uv": [3, 0, 4, 16], "rotation": 90, "texture": "#rail"},
				"west": {"uv": [2, 0, 2.75, 16], "rotation": 90, "texture": "#rail"},
				"up": {"uv": [2, 0, 4, 16], "texture": "#rail"}
			}
		},
		{
			"name": "Rail4",
			"from": [4.5, 7.25, -16],
			"to": [5, 8, 0],
			"rotation": {"angle": 0, "axis": "y", "origin": [0, 7, -16]},
			"faces": {
				"north": {"uv": [2, 0, 2.75, 0.5], "rotation": 90, "texture": "#rail"},
				"west": {"uv": [2, 0, 2.75, 16], "rotation": 90, "texture": "#rail"},
				"up": {"uv": [2, 0, 2.5, 16], "texture": "#rail"}
			}
		},
		{
			"name": "Rail4",
			"from": [12, 7.25, -16],
			"to": [14, 8, 0],
			"rotation": {"angle": 0, "axis": "y", "origin": [0, 7, -16]},
			"faces": {
				"north": {"uv": [14, 0, 12, 2], "texture": "#rail", "cullface": "north"},
				"east": {"uv": [13, 0, 13.75, 16], "rotation": 90, "texture": "#rail"},
				"west": {"uv": [12, 0, 12.6, 16], "rotation": 270, "texture": "#rail"},
				"up": {"uv": [12, 0, 14, 16], "texture": "#rail"}
			}
		},
		{
			"name": "Rail5",
			"from": [11, 7.25, -16],
			"to": [11.5, 8, 0],
			"rotation": {"angle": 0, "axis": "y", "origin": [0, 7, -16]},
			"faces": {
				"north": {"uv": [13, 0, 13.75, 0.5], "rotation": 270, "texture": "#rail"},
				"east": {"uv": [13, 0, 13.75, 16], "rotation": 270, "texture": "#rail"},
				"up": {"uv": [13.5, 0, 14, 16], "texture": "#rail"}
			}
		},
		{
			"from": [5, 7, -16],
			"to": [11, 8, 0],
			"rotation": {"angle": 0, "axis": "z", "origin": [13.33851, 15.44029, -8]},
			"faces": {
				"north": {"uv": [5, 0, 11, 1], "texture": "#1"},
				"up": {"uv": [5, 0, 11, 16], "texture": "#1"}
			}
		},
		{
			"from": [0, -9, -16],
			"to": [16, 7, 0],
			"rotation": {"angle": 0, "axis": "z", "origin": [8, 6.5, -8]},
			"faces": {
				"north": {"uv": [0, 0, 16, 16], "texture": "#2"},
				"up": {"uv": [0, 0, 16, 16], "texture": "#2"},
				"down": {"uv": [0, 0, 16, 16], "texture": "#2"}
			}
		},
		{
			"from": [16, -9, -16],
			"to": [30, 7, 0],
			"rotation": {"angle": 0, "axis": "z", "origin": [8, 6.5, -8]},
			"faces": {
				"north": {"uv": [0, 0, 16, 16], "texture": "#2"},
				"east": {"uv": [0, 0, 16, 16], "texture": "#2"},
				"up": {"uv": [0, 0, 16, 16], "texture": "#2"},
				"down": {"uv": [0, 0, 16, 16], "texture": "#2"}
			}
		},
		{
			"from": [30, -7, -9],
			"to": [32, 11, -7],
			"rotation": {"angle": 0, "axis": "z", "origin": [8, 6.5, -8]},
			"faces": {
				"north": {"uv": [0, 0, 16, 16], "texture": "#2"},
				"east": {"uv": [0, 0, 16, 16], "texture": "#2"},
				"south": {"uv": [0, 0, 16, 16], "texture": "#2"}
			}
		},
		{
			"from": [30, 5, -16],
			"to": [32, 7, 0],
			"rotation": {"angle": 0, "axis": "z", "origin": [8, 6.5, -8]},
			"faces": {
				"north": {"uv": [0, 0, 16, 16], "texture": "#2"},
				"east": {"uv": [0, 0, 16, 16], "texture": "#2"},
				"up": {"uv": [0, 0, 16, 16], "texture": "#2"},
				"down": {"uv": [0, 0, 16, 16], "texture": "#2"}
			}
		},
		{
			"from": [30, -9, -16],
			"to": [32, -7, 0],
			"rotation": {"angle": 0, "axis": "z", "origin": [8, 6.5, -8]},
			"faces": {
				"north": {"uv": [0, 0, 16, 16], "texture": "#2"},
				"east": {"uv": [0, 0, 16, 16], "texture": "#2"},
				"up": {"uv": [0, 0, 16, 16], "texture": "#2"},
				"down": {"uv": [0, 0, 16, 16], "texture": "#2"}
			}
		},
		{
			"from": [30, 11, -16],
			"to": [32, 13, 0],
			"rotation": {"angle": 0, "axis": "z", "origin": [8, 6.5, -8]},
			"faces": {
				"north": {"uv": [0, 0, 16, 16], "texture": "#2"},
				"east": {"uv": [0, 0, 16, 16], "texture": "#2"},
				"up": {"uv": [0, 0, 16, 16], "texture": "#2"},
				"down": {"uv": [0, 0, 16, 16], "texture": "#2"}
			}
		},
		{
			"from": [29, 7, -16],
			"to": [30, 13, 0],
			"rotation": {"angle": 0, "axis": "z", "origin": [8, 6.5, -8]},
			"faces": {
				"north": {"uv": [0, 0, 16, 16], "texture": "#2"},
				"east": {"uv": [0, 0, 16, 16], "texture": "#2"},
				"west": {"uv": [0, 0, 16, 16], "texture": "#2"},
				"up": {"uv": [0, 0, 16, 16], "texture": "#2"}
			}
		},
		{
			"from": [-14, -9, -16],
			"to": [0, 7, 0],
			"rotation": {"angle": 0, "axis": "z", "origin": [8, 6.5, -8]},
			"faces": {
				"north": {"uv": [0, 0, 16, 16], "texture": "#2"},
				"west": {"uv": [0, 0, 16, 16], "texture": "#2"},
				"up": {"uv": [0, 0, 16, 16], "texture": "#2"},
				"down": {"uv": [0, 0, 16, 16], "texture": "#2"}
			}
		},
		{
			"from": [-16, 11, -16],
			"to": [-14, 13, 0],
			"rotation": {"angle": 0, "axis": "z", "origin": [8, 6.5, -8]},
			"faces": {
				"north": {"uv": [0, 0, 16, 16], "texture": "#2"},
				"west": {"uv": [0, 0, 16, 16], "texture": "#2"},
				"up": {"uv": [0, 0, 16, 16], "texture": "#2"},
				"down": {"uv": [0, 0, 16, 16], "texture": "#2"}
			}
		},
		{
			"from": [-16, -7, -9],
			"to": [-14, 11, -7],
			"rotation": {"angle": 0, "axis": "z", "origin": [8, 6.5, -8]},
			"faces": {
				"north": {"uv": [0, 0, 16, 16], "texture": "#2"},
				"south": {"uv": [0, 0, 16, 16], "texture": "#2"},
				"west": {"uv": [0, 0, 16, 16], "texture": "#2"}
			}
		},
		{
			"from": [-16, -9, -16],
			"to": [-14, -7, 0],
			"rotation": {"angle": 0, "axis": "z", "origin": [8, 6.5, -8]},
			"faces": {
				"north": {"uv": [0, 0, 16, 16], "texture": "#2"},
				"west": {"uv": [0, 0, 16, 16], "texture": "#2"},
				"up": {"uv": [0, 0, 16, 16], "texture": "#2"},
				"down": {"uv": [0, 0, 16, 16], "texture": "#2"}
			}
		},
		{
			"from": [-16, 5, -16],
			"to": [-14, 7, 0],
			"rotation": {"angle": 0, "axis": "z", "origin": [8, 6.5, -8]},
			"faces": {
				"north": {"uv": [0, 0, 16, 16], "texture": "#2"},
				"west": {"uv": [0, 0, 16, 16], "texture": "#2"},
				"up": {"uv": [0, 0, 16, 16], "texture": "#2"},
				"down": {"uv": [0, 0, 16, 16], "texture": "#2"}
			}
		},
		{
			"from": [-14, 7, -16],
			"to": [-13, 13, 0],
			"rotation": {"angle": 0, "axis": "z", "origin": [8, 6.5, -8]},
			"faces": {
				"north": {"uv": [0, 0, 16, 16], "texture": "#2"},
				"east": {"uv": [0, 0, 16, 16], "texture": "#2"},
				"west": {"uv": [0, 0, 16, 16], "texture": "#2"},
				"up": {"uv": [0, 0, 16, 16], "texture": "#2"}
			}
		},
		{
			"from": [-14, -9, 0],
			"to": [0, 7, 16],
			"rotation": {"angle": 0, "axis": "z", "origin": [8, 6.5, -8]},
			"faces": {
				"west": {"uv": [0, 0, 16, 16], "texture": "#2"},
				"up": {"uv": [0, 0, 16, 16], "texture": "#2"},
				"down": {"uv": [0, 0, 16, 16], "texture": "#2"}
			}
		},
		{
			"from": [-16, 11, 0],
			"to": [-14, 13, 16],
			"rotation": {"angle": 0, "axis": "z", "origin": [8, 6.5, -8]},
			"faces": {
				"west": {"uv": [0, 0, 16, 16], "texture": "#2"},
				"up": {"uv": [0, 0, 16, 16], "texture": "#2"},
				"down": {"uv": [0, 0, 16, 16], "texture": "#2"}
			}
		},
		{
			"from": [-16, -7, 7],
			"to": [-14, 11, 9],
			"rotation": {"angle": 0, "axis": "z", "origin": [8, 6.5, -8]},
			"faces": {
				"north": {"uv": [0, 0, 16, 16], "texture": "#2"},
				"south": {"uv": [0, 0, 16, 16], "texture": "#2"},
				"west": {"uv": [0, 0, 16, 16], "texture": "#2"}
			}
		},
		{
			"from": [-16, -9, 0],
			"to": [-14, -7, 16],
			"rotation": {"angle": 0, "axis": "z", "origin": [8, 6.5, -8]},
			"faces": {
				"west": {"uv": [0, 0, 16, 16], "texture": "#2"},
				"up": {"uv": [0, 0, 16, 16], "texture": "#2"},
				"down": {"uv": [0, 0, 16, 16], "texture": "#2"}
			}
		},
		{
			"from": [-16, 5, 0],
			"to": [-14, 7, 16],
			"rotation": {"angle": 0, "axis": "z", "origin": [8, 6.5, -8]},
			"faces": {
				"west": {"uv": [0, 0, 16, 16], "texture": "#2"},
				"up": {"uv": [0, 0, 16, 16], "texture": "#2"},
				"down": {"uv": [0, 0, 16, 16], "texture": "#2"}
			}
		},
		{
			"from": [-14, 7, 0],
			"to": [-13, 13, 16],
			"rotation": {"angle": 0, "axis": "z", "origin": [8, 6.5, -8]},
			"faces": {
				"east": {"uv": [0, 0, 16, 16], "texture": "#2"},
				"west": {"uv": [0, 0, 16, 16], "texture": "#2"},
				"up": {"uv": [0, 0, 16, 16], "texture": "#2"}
			}
		},
		{
			"from": [0, -9, 0],
			"to": [16, 7, 16],
			"rotation": {"angle": 0, "axis": "z", "origin": [8, 6.5, -8]},
			"faces": {
				"up": {"uv": [0, 0, 16, 16], "texture": "#2"},
				"down": {"uv": [0, 0, 16, 16], "texture": "#2"}
			}
		},
		{
			"from": [16, -9, 0],
			"to": [30, 7, 16],
			"rotation": {"angle": 0, "axis": "z", "origin": [8, 6.5, -8]},
			"faces": {
				"east": {"uv": [0, 0, 16, 16], "texture": "#2"},
				"up": {"uv": [0, 0, 16, 16], "texture": "#2"},
				"down": {"uv": [0, 0, 16, 16], "texture": "#2"}
			}
		},
		{
			"from": [30, 11, 0],
			"to": [32, 13, 16],
			"rotation": {"angle": 0, "axis": "z", "origin": [8, 6.5, -8]},
			"faces": {
				"east": {"uv": [0, 0, 16, 16], "texture": "#2"},
				"up": {"uv": [0, 0, 16, 16], "texture": "#2"},
				"down": {"uv": [0, 0, 16, 16], "texture": "#2"}
			}
		},
		{
			"from": [30, -7, 7],
			"to": [32, 11, 9],
			"rotation": {"angle": 0, "axis": "z", "origin": [8, 6.5, -8]},
			"faces": {
				"north": {"uv": [0, 0, 16, 16], "texture": "#2"},
				"east": {"uv": [0, 0, 16, 16], "texture": "#2"},
				"south": {"uv": [0, 0, 16, 16], "texture": "#2"}
			}
		},
		{
			"from": [30, 5, 0],
			"to": [32, 7, 16],
			"rotation": {"angle": 0, "axis": "z", "origin": [8, 6.5, -8]},
			"faces": {
				"east": {"uv": [0, 0, 16, 16], "texture": "#2"},
				"up": {"uv": [0, 0, 16, 16], "texture": "#2"},
				"down": {"uv": [0, 0, 16, 16], "texture": "#2"}
			}
		},
		{
			"from": [30, -9, 0],
			"to": [32, -7, 16],
			"rotation": {"angle": 0, "axis": "z", "origin": [8, 6.5, -8]},
			"faces": {
				"east": {"uv": [0, 0, 16, 16], "texture": "#2"},
				"up": {"uv": [0, 0, 16, 16], "texture": "#2"},
				"down": {"uv": [0, 0, 16, 16], "texture": "#2"}
			}
		},
		{
			"from": [29, 7, 0],
			"to": [30, 13, 16],
			"rotation": {"angle": 0, "axis": "z", "origin": [8, 6.5, -8]},
			"faces": {
				"east": {"uv": [0, 0, 16, 16], "texture": "#2"},
				"west": {"uv": [0, 0, 16, 16], "texture": "#2"},
				"up": {"uv": [0, 0, 16, 16], "texture": "#2"}
			}
		},
		{
			"from": [-14, -9, 16],
			"to": [0, 7, 32],
			"rotation": {"angle": 0, "axis": "z", "origin": [8, 6.5, -8]},
			"faces": {
				"south": {"uv": [0, 0, 16, 16], "texture": "#2"},
				"west": {"uv": [0, 0, 16, 16], "texture": "#2"},
				"up": {"uv": [0, 0, 16, 16], "texture": "#2"},
				"down": {"uv": [0, 0, 16, 16], "texture": "#2"}
			}
		},
		{
			"from": [-16, 11, 16],
			"to": [-14, 13, 32],
			"rotation": {"angle": 0, "axis": "z", "origin": [8, 6.5, -8]},
			"faces": {
				"south": {"uv": [0, 0, 16, 16], "texture": "#2"},
				"west": {"uv": [0, 0, 16, 16], "texture": "#2"},
				"up": {"uv": [0, 0, 16, 16], "texture": "#2"},
				"down": {"uv": [0, 0, 16, 16], "texture": "#2"}
			}
		},
		{
			"from": [-16, -7, 23],
			"to": [-14, 11, 25],
			"rotation": {"angle": 0, "axis": "z", "origin": [8, 6.5, -8]},
			"faces": {
				"north": {"uv": [0, 0, 16, 16], "texture": "#2"},
				"south": {"uv": [0, 0, 16, 16], "texture": "#2"},
				"west": {"uv": [0, 0, 16, 16], "texture": "#2"}
			}
		},
		{
			"from": [-16, -9, 16],
			"to": [-14, -7, 32],
			"rotation": {"angle": 0, "axis": "z", "origin": [8, 6.5, -8]},
			"faces": {
				"south": {"uv": [0, 0, 16, 16], "texture": "#2"},
				"west": {"uv": [0, 0, 16, 16], "texture": "#2"},
				"up": {"uv": [0, 0, 16, 16], "texture": "#2"},
				"down": {"uv": [0, 0, 16, 16], "texture": "#2"}
			}
		},
		{
			"from": [-16, 5, 16],
			"to": [-14, 7, 32],
			"rotation": {"angle": 0, "axis": "z", "origin": [8, 6.5, -8]},
			"faces": {
				"south": {"uv": [0, 0, 16, 16], "texture": "#2"},
				"west": {"uv": [0, 0, 16, 16], "texture": "#2"},
				"up": {"uv": [0, 0, 16, 16], "texture": "#2"},
				"down": {"uv": [0, 0, 16, 16], "texture": "#2"}
			}
		},
		{
			"from": [-14, 7, 16],
			"to": [-13, 13, 32],
			"rotation": {"angle": 0, "axis": "z", "origin": [8, 6.5, -8]},
			"faces": {
				"east": {"uv": [0, 0, 16, 16], "texture": "#2"},
				"south": {"uv": [0, 0, 16, 16], "texture": "#2"},
				"west": {"uv": [0, 0, 16, 16], "texture": "#2"},
				"up": {"uv": [0, 0, 16, 16], "texture": "#2"}
			}
		},
		{
			"from": [1, 7, 0],
			"to": [2, 9, 16],
			"rotation": {"angle": 0, "axis": "z", "origin": [8, 6.5, -8]},
			"faces": {
				"east": {"uv": [0, 0, 16, 2], "texture": "#1"},
				"west": {"uv": [0, 0, 16, 16], "texture": "#2"},
				"up": {"uv": [0, 0, 1, 16], "texture": "#1"}
			}
		},
		{
			"from": [14, 7, -14],
			"to": [15, 9, 0],
			"rotation": {"angle": 0, "axis": "z", "origin": [8, 6.5, -8]},
			"faces": {
				"east": {"uv": [0, 0, 16, 16], "texture": "#2"},
				"west": {"uv": [0, 0, 16, 2], "texture": "#1"},
				"up": {"uv": [0, 0, 1, 16], "texture": "#1"}
			}
		},
		{
			"from": [14.34462, 7, -15.73254],
			"to": [15.34462, 9, -13.73254],
			"rotation": {"angle": -22.5, "axis": "y", "origin": [14.84462, 8, -14.73254]},
			"faces": {
				"north": {"uv": [0, 0, 1, 2], "texture": "#2"},
				"east": {"uv": [0, 0, 2, 2], "texture": "#2"},
				"west": {"uv": [0, 0, 2, 2], "texture": "#1"},
				"up": {"uv": [0, 0, 1, 2], "texture": "#1"}
			}
		},
		{
			"from": [0.65538, 7, -15.73254],
			"to": [1.65538, 9, -13.73254],
			"rotation": {"angle": 22.5, "axis": "y", "origin": [1.15538, 8, -14.73254]},
			"faces": {
				"north": {"uv": [1, 0, 0, 2], "texture": "#2"},
				"east": {"uv": [14, 0, 16, 2], "texture": "#1"},
				"west": {"uv": [0, 0, 2, 2], "texture": "#2"},
				"up": {"uv": [15, 0, 16, 2], "texture": "#1"}
			}
		},
		{
			"from": [1, 7, -14],
			"to": [2, 9, 0],
			"rotation": {"angle": 0, "axis": "z", "origin": [8, 6.5, -8]},
			"faces": {
				"east": {"uv": [0, 0, 16, 2], "texture": "#1"},
				"west": {"uv": [0, 0, 16, 16], "texture": "#2"},
				"up": {"uv": [0, 0, 1, 16], "texture": "#1"}
			}
		},
		{
			"from": [0.65538, 7, 29.73254],
			"to": [1.65538, 9, 31.73254],
			"rotation": {"angle": -22.5, "axis": "y", "origin": [1.15538, 8, 30.73254]},
			"faces": {
				"east": {"uv": [16, 0, 14, 2], "texture": "#1"},
				"south": {"uv": [0, 0, 1, 2], "texture": "#2"},
				"west": {"uv": [2, 0, 0, 2], "texture": "#2"},
				"up": {"uv": [15, 2, 16, 0], "texture": "#1"}
			}
		},
		{
			"from": [1, 7, 16],
			"to": [2, 9, 30],
			"rotation": {"angle": 0, "axis": "z", "origin": [8, 6.5, 24]},
			"faces": {
				"east": {"uv": [16, 0, 0, 2], "texture": "#1"},
				"west": {"uv": [16, 0, 0, 16], "texture": "#2"},
				"up": {"uv": [0, 16, 1, 0], "texture": "#1"}
			}
		},
		{
			"from": [14.34462, 7, 29.73254],
			"to": [15.34462, 9, 31.73254],
			"rotation": {"angle": 22.5, "axis": "y", "origin": [14.84462, 8, 30.73254]},
			"faces": {
				"east": {"uv": [2, 0, 0, 2], "texture": "#2"},
				"south": {"uv": [1, 0, 0, 2], "texture": "#2"},
				"west": {"uv": [2, 0, 0, 2], "texture": "#1"},
				"up": {"uv": [0, 2, 1, 0], "texture": "#1"}
			}
		},
		{
			"from": [14, 7, 16],
			"to": [15, 9, 30],
			"rotation": {"angle": 0, "axis": "z", "origin": [8, 6.5, 24]},
			"faces": {
				"east": {"uv": [16, 0, 0, 16], "texture": "#2"},
				"west": {"uv": [16, 0, 0, 2], "texture": "#1"},
				"up": {"uv": [0, 16, 1, 0], "texture": "#1"}
			}
		},
		{
			"from": [14, 7, 0],
			"to": [15, 9, 16],
			"rotation": {"angle": 0, "axis": "z", "origin": [8, 6.5, -8]},
			"faces": {
				"east": {"uv": [0, 0, 16, 16], "texture": "#2"},
				"west": {"uv": [0, 0, 16, 2], "texture": "#1"},
				"up": {"uv": [0, 0, 1, 16], "texture": "#1"}
			}
		},
		{
			"from": [0, -9, 16],
			"to": [16, 7, 32],
			"rotation": {"angle": 0, "axis": "z", "origin": [8, 6.5, -8]},
			"faces": {
				"south": {"uv": [0, 0, 16, 16], "texture": "#2"},
				"up": {"uv": [0, 0, 16, 16], "texture": "#2"},
				"down": {"uv": [0, 0, 16, 16], "texture": "#2"}
			}
		},
		{
			"from": [16, -9, 16],
			"to": [30, 7, 32],
			"rotation": {"angle": 0, "axis": "z", "origin": [8, 6.5, -8]},
			"faces": {
				"east": {"uv": [0, 0, 16, 16], "texture": "#2"},
				"south": {"uv": [0, 0, 16, 16], "texture": "#2"},
				"up": {"uv": [0, 0, 16, 16], "texture": "#2"},
				"down": {"uv": [0, 0, 16, 16], "texture": "#2"}
			}
		},
		{
			"from": [30, 11, 16],
			"to": [32, 13, 32],
			"rotation": {"angle": 0, "axis": "z", "origin": [8, 6.5, -8]},
			"faces": {
				"east": {"uv": [0, 0, 16, 16], "texture": "#2"},
				"south": {"uv": [0, 0, 16, 16], "texture": "#2"},
				"up": {"uv": [0, 0, 16, 16], "texture": "#2"},
				"down": {"uv": [0, 0, 16, 16], "texture": "#2"}
			}
		},
		{
			"from": [30, -7, 23],
			"to": [32, 11, 25],
			"rotation": {"angle": 0, "axis": "z", "origin": [8, 6.5, -8]},
			"faces": {
				"north": {"uv": [0, 0, 16, 16], "texture": "#2"},
				"east": {"uv": [0, 0, 16, 16], "texture": "#2"},
				"south": {"uv": [0, 0, 16, 16], "texture": "#2"}
			}
		},
		{
			"from": [30, 5, 16],
			"to": [32, 7, 32],
			"rotation": {"angle": 0, "axis": "z", "origin": [8, 6.5, -8]},
			"faces": {
				"east": {"uv": [0, 0, 16, 16], "texture": "#2"},
				"south": {"uv": [0, 0, 16, 16], "texture": "#2"},
				"up": {"uv": [0, 0, 16, 16], "texture": "#2"},
				"down": {"uv": [0, 0, 16, 16], "texture": "#2"}
			}
		},
		{
			"from": [30, -9, 16],
			"to": [32, -7, 32],
			"rotation": {"angle": 0, "axis": "z", "origin": [8, 6.5, -8]},
			"faces": {
				"east": {"uv": [0, 0, 16, 16], "texture": "#2"},
				"south": {"uv": [0, 0, 16, 16], "texture": "#2"},
				"up": {"uv": [0, 0, 16, 16], "texture": "#2"},
				"down": {"uv": [0, 0, 16, 16], "texture": "#2"}
			}
		},
		{
			"from": [29, 7, 16],
			"to": [30, 13, 32],
			"rotation": {"angle": 0, "axis": "z", "origin": [8, 6.5, -8]},
			"faces": {
				"east": {"uv": [0, 0, 16, 16], "texture": "#2"},
				"south": {"uv": [0, 0, 16, 16], "texture": "#2"},
				"west": {"uv": [0, 0, 16, 16], "texture": "#2"},
				"up": {"uv": [0, 0, 16, 16], "texture": "#2"}
			}
		},
		{
			"from": [2, 7, -16],
			"to": [5, 7.25, 0],
			"rotation": {"angle": 0, "axis": "z", "origin": [13.33851, 15.44029, -8]},
			"faces": {
				"north": {"uv": [1, 0, 4, 0.25], "texture": "#1"},
				"up": {"uv": [13, 0, 16, 16], "texture": "#1"}
			}
		},
		{
			"from": [11, 7, -16],
			"to": [14, 7.25, 0],
			"rotation": {"angle": 0, "axis": "z", "origin": [13.33851, 15.44029, -8]},
			"faces": {
				"north": {"uv": [12, 0, 15, 0.25], "texture": "#1"},
				"up": {"uv": [0, 0, 3, 16], "texture": "#1"}
			}
		}
	]
}