{
	"credit": "Made with Blockbench",
	"ambientocclusion": false,
	"textures": {
		"rail": "block/powered_rail_on",
		"particle": "block/tuff",
		"tuff": "block/tuff"
	},
	"elements": [
		{
			"name": "Plank8",
			"from": [0, -2.5, 10.5],
			"to": [16, -1.75, 13.5],
			"rotation": {"angle": 45, "axis": "x", "origin": [-2, -1.5, 18.5], "rescale": true},
			"faces": {
				"north": {"uv": [16, 13, 0, 16], "texture": "#tuff"},
				"east": {"uv": [16, 13, 0, 16], "texture": "#tuff"},
				"south": {"uv": [16, 13, 0, 16], "texture": "#tuff"},
				"west": {"uv": [16, 13, 0, 16], "texture": "#tuff"},
				"up": {"uv": [0, 16, 16, 13], "texture": "#tuff"},
				"down": {"uv": [0, 16, 16, 13], "texture": "#tuff"}
			}
		},
		{
			"name": "Plank13",
			"from": [0, 2, 2.5],
			"to": [16, 2.75, 5.5],
			"rotation": {"angle": 45, "axis": "x", "origin": [-2, 3, 14.5], "rescale": true},
			"faces": {
				"north": {"uv": [16, 0, 0, 3], "texture": "#tuff"},
				"east": {"uv": [16, 0, 0, 3], "texture": "#tuff"},
				"south": {"uv": [16, 0, 0, 3], "texture": "#tuff"},
				"west": {"uv": [16, 0, 0, 3], "texture": "#tuff"},
				"up": {"uv": [0, 3, 16, 0], "texture": "#tuff"},
				"down": {"uv": [0, 3, 16, 0], "texture": "#tuff"}
			}
		},
		{
			"name": "Rail1",
			"from": [1, 0.75, 0],
			"to": [2, 1.5, 16.5],
			"rotation": {"angle": 45, "axis": "x", "origin": [-1, 1.5, 16], "rescale": true},
			"faces": {
				"north": {"uv": [4, 14, 2, 16], "texture": "#rail", "cullface": "south"},
				"east": {"uv": [3, 16, 4, 0], "rotation": 90, "texture": "#rail"},
				"south": {"uv": [2, 0, 4, 2], "texture": "#rail", "cullface": "north"},
				"west": {"uv": [2, 16, 3, 0], "rotation": 90, "texture": "#rail"},
				"up": {"uv": [2, 16, 4, 0], "texture": "#rail"},
				"down": {"uv": [2, 16, 4, 0], "texture": "#rail"}
			}
		},
		{
			"name": "Rail2",
			"from": [14, 0.75, 0],
			"to": [15, 1.5, 16.5],
			"rotation": {"angle": 45, "axis": "x", "origin": [1, 1.5, 16], "rescale": true},
			"faces": {
				"north": {"uv": [14, 14, 12, 16], "texture": "#rail", "cullface": "south"},
				"east": {"uv": [13, 16, 14, 0], "rotation": 270, "texture": "#rail"},
				"south": {"uv": [12, 0, 14, 2], "texture": "#rail", "cullface": "north"},
				"west": {"uv": [12, 16, 12.6, 0], "rotation": 270, "texture": "#rail"},
				"up": {"uv": [12, 16, 14, 0], "texture": "#rail"},
				"down": {"uv": [12, 16, 14, 0], "texture": "#rail"}
			}
		},
		{
			"name": "Central Path",
			"from": [7.5, 1.001, 0.5],
			"to": [8.5, 1.6, 17],
			"rotation": {"angle": 45, "axis": "x", "origin": [1, 2, 16.5], "rescale": true},
			"faces": {
				"north": {"uv": [9, 15.401, 7, 16], "texture": "#rail"},
				"east": {"uv": [8, 16, 9, 0], "rotation": 90, "texture": "#rail"},
				"south": {"uv": [9, 0, 7, 0.599], "texture": "#rail"},
				"west": {"uv": [7, 16, 8, 0], "rotation": 270, "texture": "#rail"},
				"up": {"uv": [7, 16, 9, 0], "texture": "#rail"},
				"down": {"uv": [9, 16, 7, 0], "rotation": 180, "texture": "#rail", "cullface": "down"}
			}
		},
		{
			"name": "Golden Rail 1",
			"from": [7, 0.501, 0],
			"to": [7.5, 1.36, 16.5],
			"rotation": {"angle": 45, "axis": "x", "origin": [1, 1.5, 16], "rescale": true},
			"faces": {
				"north": {"uv": [7, 15, 6, 16], "texture": "#rail", "cullface": "south"},
				"east": {"uv": [6, 16, 7, 0], "rotation": 90, "texture": "#rail"},
				"south": {"uv": [7, 0, 6, 1], "texture": "#rail", "cullface": "north"},
				"west": {"uv": [6, 16, 7, 0], "rotation": 270, "texture": "#rail"},
				"up": {"uv": [6, 16, 7, 0], "texture": "#rail"},
				"down": {"uv": [6, 16, 7, 0], "texture": "#rail", "cullface": "down"}
			}
		},
		{
			"name": "Golden Rail 2",
			"from": [8.5, 0.501, 0],
			"to": [9, 1.36, 16.5],
			"rotation": {"angle": 45, "axis": "x", "origin": [-0.5, 1.5, 16], "rescale": true},
			"faces": {
				"north": {"uv": [10, 15, 9, 16], "texture": "#rail", "cullface": "south"},
				"east": {"uv": [9, 16, 10, 0], "rotation": 90, "texture": "#rail"},
				"south": {"uv": [10, 0, 9, 1], "texture": "#rail", "cullface": "north"},
				"west": {"uv": [9, 16, 10, 0], "rotation": 270, "texture": "#rail"},
				"up": {"uv": [9, 16, 10, 0], "texture": "#rail"},
				"down": {"uv": [9, 16, 10, 0], "texture": "#rail", "cullface": "down"}
			}
		}
	]
}