{
	"credit": "Made with Blockbench",
	"ambientocclusion": false,
	"textures": {
		"1": "block/tuff",
		"particle": "block/powered_rail_on",
		"rail": "block/powered_rail_on"
	},
	"elements": [
		{
			"name": "Plank8",
			"from": [0, 0, 2.5],
			"to": [16, 0.75, 5.5],
			"rotation": {"angle": 0, "axis": "y", "origin": [0, 0, -2]},
			"faces": {
				"north": {"uv": [0, 0, 16, 0.75], "texture": "#1"},
				"east": {"uv": [0, 0, 3, 0.75], "texture": "#1"},
				"south": {"uv": [0, 0, 16, 0.75], "texture": "#1"},
				"west": {"uv": [0, 0, 3, 0.75], "texture": "#1"},
				"up": {"uv": [0, 0, 16, 3], "texture": "#1"},
				"down": {"uv": [0, 0, 16, 3], "texture": "#1"}
			}
		},
		{
			"name": "Plank18",
			"from": [0, 0, 10.5],
			"to": [16, 0.75, 13.5],
			"rotation": {"angle": 0, "axis": "y", "origin": [0, 0, -2]},
			"faces": {
				"north": {"uv": [0, 13, 16, 13.75], "texture": "#1"},
				"east": {"uv": [0, 13, 3, 13.75], "texture": "#1"},
				"south": {"uv": [0, 13, 16, 13.75], "texture": "#1"},
				"west": {"uv": [0, 13, 3, 13.75], "texture": "#1"},
				"up": {"uv": [0, 13, 16, 16], "texture": "#1"},
				"down": {"uv": [0, 13, 16, 16], "texture": "#1"}
			}
		},
		{
			"name": "Rail1",
			"from": [1, 0.75, 0],
			"to": [2, 1.5, 16],
			"rotation": {"angle": 0, "axis": "y", "origin": [-1, 0.5, 0]},
			"faces": {
				"north": {"uv": [4, 0, 2, 2], "texture": "#rail", "cullface": "north"},
				"east": {"uv": [3, 0, 4, 16], "rotation": 90, "texture": "#rail"},
				"south": {"uv": [2, 14, 4, 16], "texture": "#rail", "cullface": "south"},
				"west": {"uv": [2, 0, 3, 16], "rotation": 90, "texture": "#rail"},
				"up": {"uv": [2, 0, 4, 16], "texture": "#rail"},
				"down": {"uv": [2, 0, 4, 16], "texture": "#rail"}
			}
		},
		{
			"name": "Rail2",
			"from": [14, 0.75, 0],
			"to": [15, 1.5, 16],
			"rotation": {"angle": 0, "axis": "y", "origin": [1, 0.5, 0]},
			"faces": {
				"north": {"uv": [14, 0, 12, 2], "texture": "#rail", "cullface": "north"},
				"east": {"uv": [13, 0, 14, 16], "rotation": 270, "texture": "#rail"},
				"south": {"uv": [12, 14, 14, 16], "texture": "#rail", "cullface": "south"},
				"west": {"uv": [12, 0, 12.6, 16], "rotation": 270, "texture": "#rail"},
				"up": {"uv": [12, 0, 14, 16], "texture": "#rail"},
				"down": {"uv": [12, 0, 14, 16], "texture": "#rail"}
			}
		},
		{
			"name": "Central Path",
			"from": [7.5, 1.001, 0],
			"to": [8.5, 1.6, 16],
			"rotation": {"angle": 0, "axis": "y", "origin": [0, 1, 0]},
			"faces": {
				"north": {"uv": [7, 0, 9, 0.599], "texture": "#rail"},
				"east": {"uv": [8, 0, 9, 16], "rotation": 90, "texture": "#rail"},
				"south": {"uv": [7, 15.401, 9, 16], "texture": "#rail"},
				"west": {"uv": [7, 0, 8, 16], "rotation": 270, "texture": "#rail"},
				"up": {"uv": [7, 0, 9, 16], "texture": "#rail"},
				"down": {"uv": [9, 0, 7, 16], "rotation": 180, "texture": "#rail", "cullface": "down"}
			}
		},
		{
			"name": "Golden Rail 1",
			"from": [7, 0.501, 0],
			"to": [7.5, 1.36, 16],
			"rotation": {"angle": 0, "axis": "y", "origin": [0, 0.5, 0]},
			"faces": {
				"north": {"uv": [6, 0, 7, 1], "texture": "#rail", "cullface": "north"},
				"east": {"uv": [6, 0, 7, 16], "rotation": 90, "texture": "#rail"},
				"south": {"uv": [6, 15, 7, 16], "texture": "#rail", "cullface": "south"},
				"west": {"uv": [6, 0, 7, 16], "rotation": 270, "texture": "#rail"},
				"up": {"uv": [6, 0, 7, 16], "texture": "#rail"},
				"down": {"uv": [6, 0, 7, 16], "texture": "#rail", "cullface": "down"}
			}
		},
		{
			"name": "Golden Rail 2",
			"from": [8.5, 0.501, 0],
			"to": [9, 1.36, 16],
			"rotation": {"angle": 0, "axis": "y", "origin": [0, 0.5, 0]},
			"faces": {
				"north": {"uv": [9, 0, 10, 1], "texture": "#rail", "cullface": "north"},
				"east": {"uv": [9, 0, 10, 16], "rotation": 90, "texture": "#rail"},
				"south": {"uv": [9, 15, 10, 16], "texture": "#rail", "cullface": "south"},
				"west": {"uv": [9, 0, 10, 16], "rotation": 270, "texture": "#rail"},
				"up": {"uv": [9, 0, 10, 16], "texture": "#rail"},
				"down": {"uv": [9, 0, 10, 16], "texture": "#rail", "cullface": "down"}
			}
		}
	],
	"display": {
		"head": {
			"translation": [0, 4.5, 0],
			"scale": [1.57, 1.57, 1.57]
		}
	}
}