{
	"format_version": "1.21.6",
	"credit": "Made by Mike Shafter",
	"ambientocclusion": false,
	"textures": {
		"2": "block/stone",
		"6": "block/brown_concrete_powder",
		"7": "block/gray_concrete_powder",
		"13": "block/anvil",
		"particle": "block/rail"
	},
	"elements": [
		{
			"from": [19.5, 1.7, 0],
			"to": [20.5, 2.5, 16],
			"rotation": {"angle": 0, "axis": "y", "origin": [8, 1.075, 8]},
			"faces": {
				"north": {"uv": [0, 0, 1, 0.8], "texture": "#13"},
				"east": {"uv": [0, 0, 16, 0.8], "texture": "#13"},
				"south": {"uv": [0, 0, 1, 0.8], "texture": "#13"},
				"west": {"uv": [0, 0, 16, 0.8], "texture": "#13"},
				"up": {"uv": [0, 0, 1, 16], "texture": "#13"},
				"down": {"uv": [0, 0, 1, 16], "texture": "#13"}
			}
		},
		{
			"from": [19.25, 0.4, 0],
			"to": [20.75, 0.7, 16],
			"rotation": {"angle": 0, "axis": "y", "origin": [8, 1.075, 8]},
			"faces": {
				"north": {"uv": [0, 0, 1.5, 0.3], "texture": "#13"},
				"east": {"uv": [0, 0, 16, 0.3], "texture": "#13"},
				"south": {"uv": [0, 0, 1.5, 0.3], "texture": "#13"},
				"west": {"uv": [0, 0, 16, 0.3], "texture": "#13"},
				"up": {"uv": [0, 0, 1.5, 16], "texture": "#13"},
				"down": {"uv": [0, 0, 1.5, 16], "texture": "#13"}
			}
		},
		{
			"from": [19.75, 0.7, 0],
			"to": [20.25, 1.7, 16],
			"rotation": {"angle": 0, "axis": "y", "origin": [8, 1.075, 8]},
			"faces": {
				"north": {"uv": [0, 0, 0.5, 1], "texture": "#13"},
				"east": {"uv": [0, 0, 16, 1], "texture": "#13"},
				"south": {"uv": [0, 0, 0.5, 1], "texture": "#13"},
				"west": {"uv": [0, 0, 16, 1], "texture": "#13"},
				"up": {"uv": [0, 0, 0.5, 16], "texture": "#13"},
				"down": {"uv": [0, 0, 0.5, 16], "texture": "#13"}
			}
		},
		{
			"from": [-4.5, 1.7, 0],
			"to": [-3.5, 2.5, 16],
			"rotation": {"angle": 0, "axis": "y", "origin": [8, 1.075, 8]},
			"faces": {
				"north": {"uv": [0, 0, 1, 0.8], "texture": "#13"},
				"east": {"uv": [0, 0, 16, 0.8], "texture": "#13"},
				"south": {"uv": [0, 0, 1, 0.8], "texture": "#13"},
				"west": {"uv": [0, 0, 16, 0.8], "texture": "#13"},
				"up": {"uv": [0, 0, 1, 16], "texture": "#13"},
				"down": {"uv": [0, 0, 1, 16], "texture": "#13"}
			}
		},
		{
			"from": [-4.75, 0.4, 0],
			"to": [-3.25, 0.7, 16],
			"rotation": {"angle": 0, "axis": "y", "origin": [8, 1.075, 8]},
			"faces": {
				"north": {"uv": [0, 0, 1.5, 0.3], "texture": "#13"},
				"east": {"uv": [0, 0, 16, 0.3], "texture": "#13"},
				"south": {"uv": [0, 0, 1.5, 0.3], "texture": "#13"},
				"west": {"uv": [0, 0, 16, 0.3], "texture": "#13"},
				"up": {"uv": [0, 0, 1.5, 16], "texture": "#13"},
				"down": {"uv": [0, 0, 1.5, 16], "texture": "#13"}
			}
		},
		{
			"from": [-4.25, 0.7, 0],
			"to": [-3.75, 1.7, 16],
			"rotation": {"angle": 0, "axis": "y", "origin": [8, 1.075, 8]},
			"faces": {
				"north": {"uv": [0, 0, 0.5, 1], "texture": "#13"},
				"east": {"uv": [0, 0, 16, 1], "texture": "#13"},
				"south": {"uv": [0, 0, 0.5, 1], "texture": "#13"},
				"west": {"uv": [0, 0, 16, 1], "texture": "#13"},
				"up": {"uv": [0, 0, 0.5, 16], "texture": "#13"},
				"down": {"uv": [0, 0, 0.5, 16], "texture": "#13"}
			}
		},
		{
			"from": [-11, 0, 5],
			"to": [27, 0.1, 11],
			"rotation": {"angle": 0, "axis": "y", "origin": [8, 1.075, 8]},
			"faces": {
				"north": {"uv": [0, 0, 16, 0.1], "texture": "#2"},
				"east": {"uv": [0, 0, 6, 0.1], "texture": "#2"},
				"south": {"uv": [0, 0, 16, 0.1], "texture": "#2"},
				"west": {"uv": [0, 0, 6, 0.1], "texture": "#2"},
				"up": {"uv": [0, 4.5, 16, 10.5], "texture": "#2"},
				"down": {"uv": [0, 4.5, 16, 10.5], "texture": "#2"}
			}
		},
		{
			"from": [16, 0.1, 5],
			"to": [24, 0.3, 11],
			"rotation": {"angle": 0, "axis": "y", "origin": [8, 1.075, 8]},
			"faces": {
				"north": {"uv": [0, 0, 8, 0.2], "texture": "#2"},
				"east": {"uv": [0, 0, 6, 0.2], "texture": "#2"},
				"south": {"uv": [0, 0, 8, 0.2], "texture": "#2"},
				"west": {"uv": [0, 0, 6, 0.2], "texture": "#2"},
				"up": {"uv": [3.5, 4.5, 11.5, 10.5], "texture": "#2"},
				"down": {"uv": [0, 4.5, 8, 10.5], "texture": "#2"}
			}
		},
		{
			"from": [-8, 0.1, 5],
			"to": [0, 0.3, 11],
			"rotation": {"angle": 0, "axis": "y", "origin": [8, 1.075, 8]},
			"faces": {
				"north": {"uv": [0, 0, 8, 0.2], "texture": "#2"},
				"east": {"uv": [0, 0, 6, 0.2], "texture": "#2"},
				"south": {"uv": [0, 0, 8, 0.2], "texture": "#2"},
				"west": {"uv": [0, 0, 6, 0.2], "texture": "#2"},
				"up": {"uv": [4, 4.5, 12, 10.5], "texture": "#2"},
				"down": {"uv": [0, 4.5, 8, 10.5], "texture": "#2"}
			}
		},
		{
			"from": [18.5, 0.3, 8.5],
			"to": [21.75, 1.05, 9],
			"rotation": {"angle": 0, "axis": "y", "origin": [8, 1.075, 8]},
			"faces": {
				"north": {"uv": [0, 0, 3.25, 0.75], "texture": "#7"},
				"east": {"uv": [0, 0, 0.5, 0.75], "texture": "#7"},
				"south": {"uv": [0, 0, 3.25, 0.75], "texture": "#7"},
				"west": {"uv": [0, 0, 0.5, 0.75], "texture": "#7"},
				"up": {"uv": [0, 0, 3.25, 0.5], "texture": "#7"},
				"down": {"uv": [0, 0, 3.25, 0.5], "texture": "#7"}
			}
		},
		{
			"from": [18.25, 0.3, 7],
			"to": [21.5, 1.05, 7.5],
			"rotation": {"angle": 0, "axis": "y", "origin": [8, 1.075, 8]},
			"faces": {
				"north": {"uv": [0, 0, 3.25, 0.75], "texture": "#7"},
				"east": {"uv": [0, 0, 0.5, 0.75], "texture": "#7"},
				"south": {"uv": [0, 0, 3.25, 0.75], "texture": "#7"},
				"west": {"uv": [0, 0, 0.5, 0.75], "texture": "#7"},
				"up": {"uv": [0, 0, 3.25, 0.5], "texture": "#7"},
				"down": {"uv": [0, 0, 3.25, 0.5], "texture": "#7"}
			}
		},
		{
			"from": [18, 0.3, 6.5],
			"to": [22, 0.4, 9.5],
			"rotation": {"angle": 0, "axis": "y", "origin": [8, 1.075, 8]},
			"faces": {
				"north": {"uv": [0, 0, 4, 0.1], "texture": "#6"},
				"east": {"uv": [0, 0, 3, 0.1], "texture": "#6"},
				"south": {"uv": [0, 0, 4, 0.1], "texture": "#6"},
				"west": {"uv": [0, 0, 3, 0.1], "texture": "#6"},
				"up": {"uv": [0, 0, 4, 3], "texture": "#6"},
				"down": {"uv": [0, 0, 4, 3], "texture": "#6"}
			}
		},
		{
			"from": [-5.5, 0.3, 8.5],
			"to": [-2.25, 1.05, 9],
			"rotation": {"angle": 0, "axis": "y", "origin": [8, 1.075, 8]},
			"faces": {
				"north": {"uv": [0, 0, 3.25, 0.75], "texture": "#7"},
				"east": {"uv": [0, 0, 0.5, 0.75], "texture": "#7"},
				"south": {"uv": [0, 0, 3.25, 0.75], "texture": "#7"},
				"west": {"uv": [0, 0, 0.5, 0.75], "texture": "#7"},
				"up": {"uv": [0, 0, 3.25, 0.5], "texture": "#7"},
				"down": {"uv": [0, 0, 3.25, 0.5], "texture": "#7"}
			}
		},
		{
			"from": [-5.75, 0.3, 7],
			"to": [-2.5, 1.05, 7.5],
			"rotation": {"angle": 0, "axis": "y", "origin": [8, 1.075, 8]},
			"faces": {
				"north": {"uv": [0, 0, 3.25, 0.75], "texture": "#7"},
				"east": {"uv": [0, 0, 0.5, 0.75], "texture": "#7"},
				"south": {"uv": [0, 0, 3.25, 0.75], "texture": "#7"},
				"west": {"uv": [0, 0, 0.5, 0.75], "texture": "#7"},
				"up": {"uv": [0, 0, 3.25, 0.5], "texture": "#7"},
				"down": {"uv": [0, 0, 3.25, 0.5], "texture": "#7"}
			}
		},
		{
			"from": [-6, 0.3, 6.5],
			"to": [-2, 0.4, 9.5],
			"rotation": {"angle": 0, "axis": "y", "origin": [8, 1.075, 8]},
			"faces": {
				"north": {"uv": [0, 0, 4, 0.1], "texture": "#6"},
				"east": {"uv": [0, 0, 3, 0.1], "texture": "#6"},
				"south": {"uv": [0, 0, 4, 0.1], "texture": "#6"},
				"west": {"uv": [0, 0, 3, 0.1], "texture": "#6"},
				"up": {"uv": [0, 0, 4, 3], "texture": "#6"},
				"down": {"uv": [0, 0, 4, 3], "texture": "#6"}
			}
		}
	],
	"display": {
		"head": {
			"translation": [0, 4.5, 0],
			"scale": [1.57, 1.57, 1.57]
		}
	},
	"groups": [
		{
			"name": "RailSection",
			"origin": [8.5, -4, 0],
			"color": 0,
			"children": [
				{
					"name": "RailL",
					"origin": [8.5, -4, 0],
					"color": 0,
					"children": [0, 1, 2]
				},
				{
					"name": "RailR",
					"origin": [8.5, -4, 0],
					"color": 0,
					"children": [3, 4, 5]
				},
				{
					"name": "Sleeper",
					"origin": [8, 8, 8],
					"color": 0,
					"children": [6, 7, 8]
				},
				{
					"name": "FastenerL",
					"origin": [8, 8, 8],
					"color": 0,
					"children": [9, 10, 11]
				},
				{
					"name": "FastenerR",
					"origin": [8, 8, 8],
					"color": 0,
					"children": [12, 13, 14]
				}
			]
		}
	]
}