{
	"credit": "Made by Mike Shafter",
	"ambientocclusion": false,
	"textures": {
		"particle": "block/rail"
	},
	"elements": [
		{
			"name": "plank1_C",
			"from": [8, 0, 6.875],
			"to": [10, 0.75, 21],
			"rotation": {"angle": 22.5, "axis": "y", "origin": [0, 0, 0]},
			"faces": {
				"north": {"uv": [1, 1, 2, 3], "texture": "#particle"},
				"east": {"uv": [4, 1, 12, 3], "texture": "#particle"},
				"south": {"uv": [1, 1, 2, 3], "texture": "#particle"},
				"west": {"uv": [4, 1, 12, 3], "texture": "#particle"},
				"up": {"uv": [4, 1, 12, 3], "rotation": 90, "texture": "#particle"},
				"down": {"uv": [4, 1, 12, 3], "rotation": 90, "texture": "#particle", "cullface": "down"}
			}
		},
		{
			"name": "plank2_C",
			"from": [9.29724, 0, 4.23474],
			"to": [11.29724, 0.75, 18.35974],
			"rotation": {"angle": 45, "axis": "y", "origin": [10.29724, 0.375, 10.29724]},
			"faces": {
				"north": {"uv": [1, 1, 2, 3], "texture": "#particle"},
				"east": {"uv": [4, 1, 12, 3], "rotation": 90, "texture": "#particle"},
				"south": {"uv": [1, 1, 2, 3], "texture": "#particle"},
				"west": {"uv": [4, 1, 12, 3], "rotation": 90, "texture": "#particle"},
				"up": {"uv": [4, 1, 12, 3], "rotation": 90, "texture": "#particle"},
				"down": {"uv": [4, 1, 12, 3], "rotation": 90, "texture": "#particle", "cullface": "down"}
			}
		},
		{
			"name": "plank3_C",
			"from": [6.875, 0, 8],
			"to": [21, 0.75, 10],
			"rotation": {"angle": -22.5, "axis": "y", "origin": [0, 0, 0]},
			"faces": {
				"north": {"uv": [4, 1, 12, 3], "rotation": 180, "texture": "#particle"},
				"east": {"uv": [1, 1, 2, 3], "texture": "#particle"},
				"south": {"uv": [4, 1, 12, 3], "rotation": 180, "texture": "#particle"},
				"west": {"uv": [1, 1, 2, 3], "texture": "#particle"},
				"up": {"uv": [4, 1, 12, 3], "rotation": 180, "texture": "#particle"},
				"down": {"uv": [4, 1, 12, 3], "rotation": 180, "texture": "#particle", "cullface": "down"}
			}
		},
		{
			"name": "plank1_LL",
			"from": [8, 0, 4.875],
			"to": [10, 0.75, 5.875],
			"rotation": {"angle": 22.5, "axis": "y", "origin": [0, 0, 0]},
			"faces": {
				"north": {"uv": [1, 1, 2, 3], "rotation": 90, "texture": "#particle"},
				"east": {"uv": [1, 1, 2, 3], "rotation": 90, "texture": "#particle"},
				"west": {"uv": [1, 1, 2, 3], "rotation": 90, "texture": "#particle"},
				"up": {"uv": [1, 1, 2, 3], "rotation": 90, "texture": "#particle"},
				"down": {"uv": [1, 1, 2, 3], "rotation": 90, "texture": "#particle", "cullface": "down"}
			}
		},
		{
			"name": "plank2_LL",
			"from": [9.20885, 0, 2.27135],
			"to": [11.20885, 0.75, 3.27135],
			"rotation": {"angle": 45, "axis": "y", "origin": [10.20885, 0.375, 10.20885]},
			"faces": {
				"north": {"uv": [1, 1, 2, 3], "rotation": 90, "texture": "#particle"},
				"east": {"uv": [1, 1, 2, 3], "rotation": 90, "texture": "#particle"},
				"west": {"uv": [1, 1, 2, 3], "rotation": 90, "texture": "#particle"},
				"up": {"uv": [1, 1, 2, 3], "rotation": 90, "texture": "#particle"},
				"down": {"uv": [1, 1, 2, 3], "rotation": 90, "texture": "#particle", "cullface": "down"}
			}
		},
		{
			"name": "plank3_LL",
			"from": [4.875, 0, 8],
			"to": [5.875, 0.75, 10],
			"rotation": {"angle": -22.5, "axis": "y", "origin": [0, 0, 0]},
			"faces": {
				"north": {"uv": [1, 1, 2, 3], "texture": "#particle"},
				"south": {"uv": [1, 1, 2, 3], "texture": "#particle"},
				"west": {"uv": [1, 1, 2, 3], "texture": "#particle"},
				"up": {"uv": [1, 1, 2, 3], "texture": "#particle"},
				"down": {"uv": [1, 1, 2, 3], "texture": "#particle", "cullface": "down"}
			}
		},
		{
			"name": "plank1_L",
			"from": [8, 0, 5.875],
			"to": [10, 0.75, 6.875],
			"rotation": {"angle": 22.5, "axis": "y", "origin": [0, 0, 0]},
			"faces": {
				"east": {"uv": [7, 5, 9, 7], "texture": "#particle"},
				"west": {"uv": [7, 5, 9, 7], "texture": "#particle"},
				"up": {"uv": [7, 5, 9, 7], "texture": "#particle"},
				"down": {"uv": [7, 5, 9, 7], "texture": "#particle", "cullface": "down"}
			}
		},
		{
			"name": "plank2_L",
			"from": [9.20885, 0, 3.27135],
			"to": [11.20885, 0.75, 4.27135],
			"rotation": {"angle": 45, "axis": "y", "origin": [10.20885, 0.375, 10.20885]},
			"faces": {
				"east": {"uv": [7, 5, 9, 7], "texture": "#particle"},
				"west": {"uv": [7, 5, 9, 7], "texture": "#particle"},
				"up": {"uv": [7, 5, 9, 7], "texture": "#particle"},
				"down": {"uv": [7, 5, 9, 7], "texture": "#particle", "cullface": "down"}
			}
		},
		{
			"name": "plank3_L",
			"from": [5.875, 0, 8],
			"to": [6.875, 0.75, 10],
			"rotation": {"angle": -22.5, "axis": "y", "origin": [0, 0, 0]},
			"faces": {
				"north": {"uv": [7, 5, 9, 7], "rotation": 270, "texture": "#particle"},
				"south": {"uv": [7, 5, 9, 7], "rotation": 270, "texture": "#particle"},
				"up": {"uv": [7, 5, 9, 7], "rotation": 270, "texture": "#particle"},
				"down": {"uv": [7, 5, 9, 7], "rotation": 270, "texture": "#particle", "cullface": "down"}
			}
		},
		{
			"name": "hexadecagon",
			"from": [13.01631, 0.75, 1],
			"to": [15.98369, 1.5, 2],
			"rotation": {"angle": 0, "axis": "y", "origin": [16, 1, 16]},
			"faces": {
				"north": {"uv": [2, 0, 3, 16], "texture": "#particle"},
				"east": {"uv": [12, 0, 14, 1], "texture": "#particle"},
				"south": {"uv": [3, 0, 4, 16], "rotation": 90, "texture": "#particle"},
				"west": {"uv": [0, 0, 0.5, 0.5], "texture": "#missing"},
				"up": {"uv": [2, 0, 4, 16], "rotation": 90, "texture": "#particle"},
				"down": {"uv": [12, 0, 14, 16], "rotation": 90, "texture": "#particle"}
			}
		},
		{
			"name": "hexadecagon",
			"from": [13.01631, 0.75, 1],
			"to": [18.98369, 1.5, 2],
			"rotation": {"angle": 22.5, "axis": "y", "origin": [16, 1, 16]},
			"faces": {
				"north": {"uv": [2, 0, 3, 16], "texture": "#particle"},
				"east": {"uv": [0, 0, 0.5, 0.5], "texture": "#missing"},
				"south": {"uv": [3, 0, 4, 16], "rotation": 90, "texture": "#particle"},
				"west": {"uv": [0, 0, 0.5, 0.5], "texture": "#missing"},
				"up": {"uv": [2, 0, 4, 16], "rotation": 90, "texture": "#particle"},
				"down": {"uv": [12, 0, 14, 16], "rotation": 90, "texture": "#particle"}
			}
		},
		{
			"name": "hexadecagon",
			"from": [13.01631, 0.75, 1],
			"to": [18.98369, 1.5, 2],
			"rotation": {"angle": 45, "axis": "y", "origin": [16, 1, 16]},
			"faces": {
				"north": {"uv": [2, 0, 3, 16], "rotation": 90, "texture": "#particle"},
				"east": {"uv": [0, 0, 0.5, 0.5], "texture": "#missing"},
				"south": {"uv": [3, 0, 4, 16], "rotation": 90, "texture": "#particle"},
				"west": {"uv": [0, 0, 0.5, 0.5], "texture": "#missing"},
				"up": {"uv": [2, 0, 4, 16], "rotation": 90, "texture": "#particle"},
				"down": {"uv": [12, 0, 14, 16], "rotation": 90, "texture": "#particle"}
			}
		},
		{
			"name": "hexadecagon",
			"from": [1, 0.75, 13.01631],
			"to": [2, 1.5, 18.98369],
			"rotation": {"angle": -22.5, "axis": "y", "origin": [16, 1, 16]},
			"faces": {
				"north": {"uv": [0, 0, 0.5, 0.5], "texture": "#missing"},
				"east": {"uv": [3, 0, 4, 16], "rotation": 90, "texture": "#particle"},
				"south": {"uv": [0, 0, 0.5, 0.5], "texture": "#missing"},
				"west": {"uv": [2, 0, 3, 16], "rotation": 90, "texture": "#particle"},
				"up": {"uv": [2, 0, 4, 16], "texture": "#particle"},
				"down": {"uv": [2, 0, 4, 16], "texture": "#particle"}
			}
		},
		{
			"name": "hexadecagon",
			"from": [1, 0.75, 13.01631],
			"to": [2, 1.5, 15.98369],
			"rotation": {"angle": 0, "axis": "y", "origin": [16, 1, 16]},
			"faces": {
				"north": {"uv": [0, 0, 0.5, 0.5], "texture": "#missing"},
				"east": {"uv": [3, 0, 4, 16], "rotation": 90, "texture": "#particle"},
				"south": {"uv": [2, 0, 4, 1], "texture": "#particle"},
				"west": {"uv": [2, 0, 3, 16], "rotation": 90, "texture": "#particle"},
				"up": {"uv": [2, 0, 4, 16], "texture": "#particle"},
				"down": {"uv": [2, 0, 4, 16], "texture": "#particle"}
			}
		},
		{
			"name": "hexadecagon",
			"from": [15.60218, 0.75, 14],
			"to": [16.39782, 1.5, 15],
			"rotation": {"angle": 0, "axis": "y", "origin": [16, 1, 16]},
			"faces": {
				"north": {"uv": [3, 0, 4, 1], "texture": "#particle"},
				"east": {"uv": [2, 0, 4, 1], "texture": "#particle"},
				"south": {"uv": [2, 0, 3, 1], "texture": "#particle"},
				"west": {"uv": [3, 0, 4, 1], "texture": "#particle"},
				"up": {"uv": [12, 0, 14, 16], "rotation": 90, "texture": "#particle"},
				"down": {"uv": [0, 0, 0.5, 0.5], "texture": "#missing"}
			}
		},
		{
			"name": "hexadecagon",
			"from": [15.60218, 0.75, 14],
			"to": [16.39782, 1.5, 15],
			"rotation": {"angle": 22.5, "axis": "y", "origin": [16, 1, 16]},
			"faces": {
				"north": {"uv": [3, 0, 4, 1], "texture": "#particle"},
				"east": {"uv": [0, 0, 0.5, 0.5], "texture": "#missing"},
				"south": {"uv": [2, 0, 3, 1], "texture": "#particle"},
				"west": {"uv": [3, 0, 4, 1], "texture": "#particle"},
				"up": {"uv": [12, 0, 14, 16], "rotation": 90, "texture": "#particle"},
				"down": {"uv": [0, 0, 0.5, 0.5], "texture": "#missing"}
			}
		},
		{
			"name": "hexadecagon",
			"from": [15.60218, 0.75, 14],
			"to": [16.39782, 1.5, 15],
			"rotation": {"angle": 45, "axis": "y", "origin": [16, 1, 16]},
			"faces": {
				"north": {"uv": [3, 0, 4, 1], "texture": "#particle"},
				"east": {"uv": [0, 0, 0.5, 0.5], "texture": "#missing"},
				"south": {"uv": [2, 0, 3, 1], "texture": "#particle"},
				"west": {"uv": [3, 0, 4, 1], "texture": "#particle"},
				"up": {"uv": [12, 0, 14, 16], "rotation": 90, "texture": "#particle"},
				"down": {"uv": [0, 0, 0.5, 0.5], "texture": "#missing"}
			}
		},
		{
			"name": "hexadecagon",
			"from": [14, 0.75, 15.60218],
			"to": [15, 1.5, 16.39782],
			"rotation": {"angle": -22.5, "axis": "y", "origin": [16, 1, 16]},
			"faces": {
				"north": {"uv": [3, 0, 4, 1], "texture": "#particle"},
				"east": {"uv": [2, 0, 3, 1], "texture": "#particle"},
				"south": {"uv": [0, 0, 0.5, 0.5], "texture": "#missing"},
				"west": {"uv": [3, 0, 4, 1], "texture": "#particle"},
				"up": {"uv": [12, 0, 14, 16], "texture": "#particle"},
				"down": {"uv": [0, 0, 0.5, 0.5], "texture": "#missing"}
			}
		},
		{
			"name": "hexadecagon",
			"from": [14, 0.75, 15.60218],
			"to": [15, 1.5, 16.39782],
			"rotation": {"angle": 0, "axis": "y", "origin": [16, 1, 16]},
			"faces": {
				"north": {"uv": [3, 0, 4, 1], "texture": "#particle"},
				"east": {"uv": [2, 0, 3, 1], "texture": "#particle"},
				"south": {"uv": [12, 0, 14, 1], "texture": "#particle"},
				"west": {"uv": [3, 0, 4, 1], "texture": "#particle"},
				"up": {"uv": [12, 0, 14, 16], "texture": "#particle"},
				"down": {"uv": [0, 0, 0.5, 0.5], "texture": "#missing"}
			}
		}
	],
	"groups": [
		0,
		1,
		2,
		3,
		4,
		5,
		6,
		7,
		8,
		{
			"name": "hexadecagon",
			"origin": [8, 8, 8],
			"color": 0,
			"children": [9, 10, 11, 12, 13]
		},
		{
			"name": "hexadecagon",
			"origin": [8, 8, 8],
			"color": 0,
			"children": [14, 15, 16, 17, 18]
		}
	]
}