{
	"format_version": "1.21.6",
	"credit": "Made by Mike Shafter",
	"ambientocclusion": false,
	"textures": {
		"2": "block/stone",
		"6": "block/brown_concrete_powder",
		"7": "block/gray_concrete_powder",
		"13": "block/anvil",
		"particle": "block/rail"
	},
	"elements": [
		{
			"from": [23.5, 1.7, 4],
			"to": [24.5, 2.5, 20],
			"rotation": {"angle": -45, "axis": "y", "origin": [12, 1.075, 12]},
			"faces": {
				"north": {"uv": [0, 0, 1, 0.8], "texture": "#13"},
				"east": {"uv": [0, 0, 16, 0.8], "texture": "#13"},
				"south": {"uv": [0, 0, 1, 0.8], "texture": "#13"},
				"west": {"uv": [0, 0, 16, 0.8], "texture": "#13"},
				"up": {"uv": [0, 0, 1, 16], "texture": "#13"},
				"down": {"uv": [0, 0, 1, 16], "texture": "#13"}
			}
		},
		{
			"from": [23.25, 0.4, 4],
			"to": [24.75, 0.7, 20],
			"rotation": {"angle": -45, "axis": "y", "origin": [12, 1.075, 12]},
			"faces": {
				"north": {"uv": [0, 0, 1.5, 0.3], "texture": "#13"},
				"east": {"uv": [0, 0, 16, 0.3], "texture": "#13"},
				"south": {"uv": [0, 0, 1.5, 0.3], "texture": "#13"},
				"west": {"uv": [0, 0, 16, 0.3], "texture": "#13"},
				"up": {"uv": [0, 0, 1.5, 16], "texture": "#13"},
				"down": {"uv": [0, 0, 1.5, 16], "texture": "#13"}
			}
		},
		{
			"from": [23.75, 0.7, 4],
			"to": [24.25, 1.7, 20],
			"rotation": {"angle": -45, "axis": "y", "origin": [12, 1.075, 12]},
			"faces": {
				"north": {"uv": [0, 0, 0.5, 1], "texture": "#13"},
				"east": {"uv": [0, 0, 16, 1], "texture": "#13"},
				"south": {"uv": [0, 0, 0.5, 1], "texture": "#13"},
				"west": {"uv": [0, 0, 16, 1], "texture": "#13"},
				"up": {"uv": [0, 0, 0.5, 16], "texture": "#13"},
				"down": {"uv": [0, 0, 0.5, 16], "texture": "#13"}
			}
		},
		{
			"from": [-0.5, 1.7, 4],
			"to": [0.5, 2.5, 20],
			"rotation": {"angle": -45, "axis": "y", "origin": [12, 1.075, 12]},
			"faces": {
				"north": {"uv": [0, 0, 1, 0.8], "texture": "#13"},
				"east": {"uv": [0, 0, 16, 0.8], "texture": "#13"},
				"south": {"uv": [0, 0, 1, 0.8], "texture": "#13"},
				"west": {"uv": [0, 0, 16, 0.8], "texture": "#13"},
				"up": {"uv": [0, 0, 1, 16], "texture": "#13"},
				"down": {"uv": [0, 0, 1, 16], "texture": "#13"}
			}
		},
		{
			"from": [-0.75, 0.4, 4],
			"to": [0.75, 0.7, 20],
			"rotation": {"angle": -45, "axis": "y", "origin": [12, 1.075, 12]},
			"faces": {
				"north": {"uv": [0, 0, 1.5, 0.3], "texture": "#13"},
				"east": {"uv": [0, 0, 16, 0.3], "texture": "#13"},
				"south": {"uv": [0, 0, 1.5, 0.3], "texture": "#13"},
				"west": {"uv": [0, 0, 16, 0.3], "texture": "#13"},
				"up": {"uv": [0, 0, 1.5, 16], "texture": "#13"},
				"down": {"uv": [0, 0, 1.5, 16], "texture": "#13"}
			}
		},
		{
			"from": [-0.25, 0.7, 4],
			"to": [0.25, 1.7, 20],
			"rotation": {"angle": -45, "axis": "y", "origin": [12, 1.075, 12]},
			"faces": {
				"north": {"uv": [0, 0, 0.5, 1], "texture": "#13"},
				"east": {"uv": [0, 0, 16, 1], "texture": "#13"},
				"south": {"uv": [0, 0, 0.5, 1], "texture": "#13"},
				"west": {"uv": [0, 0, 16, 1], "texture": "#13"},
				"up": {"uv": [0, 0, 0.5, 16], "texture": "#13"},
				"down": {"uv": [0, 0, 0.5, 16], "texture": "#13"}
			}
		},
		{
			"from": [-7, -2, 9],
			"to": [31, 0.1, 15],
			"rotation": {"angle": -45, "axis": "y", "origin": [12, 1.075, 12]},
			"faces": {
				"north": {"uv": [0, 0, 16, 0.1], "texture": "#2"},
				"east": {"uv": [0, 0, 6, 0.1], "texture": "#2"},
				"south": {"uv": [0, 0, 16, 0.1], "texture": "#2"},
				"west": {"uv": [0, 0, 6, 0.1], "texture": "#2"},
				"up": {"uv": [0, 4.5, 16, 10.5], "texture": "#2"},
				"down": {"uv": [0, 4.5, 16, 10.5], "texture": "#2"}
			}
		},
		{
			"from": [20, 0.1, 9],
			"to": [28, 0.3, 15],
			"rotation": {"angle": -45, "axis": "y", "origin": [12, 1.075, 12]},
			"faces": {
				"north": {"uv": [0, 0, 8, 0.2], "texture": "#2"},
				"east": {"uv": [0, 0, 6, 0.2], "texture": "#2"},
				"south": {"uv": [0, 0, 8, 0.2], "texture": "#2"},
				"west": {"uv": [0, 0, 6, 0.2], "texture": "#2"},
				"up": {"uv": [4, 4.5, 12, 10.5], "texture": "#2"},
				"down": {"uv": [4, 4.5, 12, 10.5], "texture": "#2"}
			}
		},
		{
			"from": [-4, 0.1, 9],
			"to": [4, 0.3, 15],
			"rotation": {"angle": -45, "axis": "y", "origin": [12, 1.075, 12]},
			"faces": {
				"north": {"uv": [0, 0, 8, 0.2], "texture": "#2"},
				"east": {"uv": [0, 0, 6, 0.2], "texture": "#2"},
				"south": {"uv": [0, 0, 8, 0.2], "texture": "#2"},
				"west": {"uv": [0, 0, 6, 0.2], "texture": "#2"},
				"up": {"uv": [4, 4.5, 12, 10.5], "texture": "#2"},
				"down": {"uv": [4, 4.5, 12, 10.5], "texture": "#2"}
			}
		},
		{
			"from": [22.5, 0.3, 12.5],
			"to": [25.75, 1.05, 13],
			"rotation": {"angle": -45, "axis": "y", "origin": [12, 1.075, 12]},
			"faces": {
				"north": {"uv": [0, 0, 3.25, 0.75], "texture": "#7"},
				"east": {"uv": [0, 0, 0.5, 0.75], "texture": "#7"},
				"south": {"uv": [0, 0, 3.25, 0.75], "texture": "#7"},
				"west": {"uv": [0, 0, 0.5, 0.75], "texture": "#7"},
				"up": {"uv": [0, 0, 3.25, 0.5], "texture": "#7"},
				"down": {"uv": [0, 0, 3.25, 0.5], "texture": "#7"}
			}
		},
		{
			"from": [22.25, 0.3, 11],
			"to": [25.5, 1.05, 11.5],
			"rotation": {"angle": -45, "axis": "y", "origin": [12, 1.075, 12]},
			"faces": {
				"north": {"uv": [0, 0, 3.25, 0.75], "texture": "#7"},
				"east": {"uv": [0, 0, 0.5, 0.75], "texture": "#7"},
				"south": {"uv": [0, 0, 3.25, 0.75], "texture": "#7"},
				"west": {"uv": [0, 0, 0.5, 0.75], "texture": "#7"},
				"up": {"uv": [0, 0, 3.25, 0.5], "texture": "#7"},
				"down": {"uv": [0, 0, 3.25, 0.5], "texture": "#7"}
			}
		},
		{
			"from": [22, 0.3, 10.5],
			"to": [26, 0.4, 13.5],
			"rotation": {"angle": -45, "axis": "y", "origin": [12, 1.075, 12]},
			"faces": {
				"north": {"uv": [0, 0, 4, 0.1], "texture": "#6"},
				"east": {"uv": [0, 0, 3, 0.1], "texture": "#6"},
				"south": {"uv": [0, 0, 4, 0.1], "texture": "#6"},
				"west": {"uv": [0, 0, 3, 0.1], "texture": "#6"},
				"up": {"uv": [0, 0, 4, 3], "texture": "#6"},
				"down": {"uv": [0, 0, 4, 3], "texture": "#6"}
			}
		},
		{
			"from": [-1.5, 0.3, 12.5],
			"to": [1.75, 1.05, 13],
			"rotation": {"angle": -45, "axis": "y", "origin": [12, 1.075, 12]},
			"faces": {
				"north": {"uv": [0, 0, 3.25, 0.75], "texture": "#7"},
				"east": {"uv": [0, 0, 0.5, 0.75], "texture": "#7"},
				"south": {"uv": [0, 0, 3.25, 0.75], "texture": "#7"},
				"west": {"uv": [0, 0, 0.5, 0.75], "texture": "#7"},
				"up": {"uv": [0, 0, 3.25, 0.5], "texture": "#7"},
				"down": {"uv": [0, 0, 3.25, 0.5], "texture": "#7"}
			}
		},
		{
			"from": [-1.75, 0.3, 11],
			"to": [1.5, 1.05, 11.5],
			"rotation": {"angle": -45, "axis": "y", "origin": [12, 1.075, 12]},
			"faces": {
				"north": {"uv": [0, 0, 3.25, 0.75], "texture": "#7"},
				"east": {"uv": [0, 0, 0.5, 0.75], "texture": "#7"},
				"south": {"uv": [0, 0, 3.25, 0.75], "texture": "#7"},
				"west": {"uv": [0, 0, 0.5, 0.75], "texture": "#7"},
				"up": {"uv": [0, 0, 3.25, 0.5], "texture": "#7"},
				"down": {"uv": [0, 0, 3.25, 0.5], "texture": "#7"}
			}
		},
		{
			"from": [-2, 0.3, 10.5],
			"to": [2, 0.4, 13.5],
			"rotation": {"angle": -45, "axis": "y", "origin": [12, 1.075, 12]},
			"faces": {
				"north": {"uv": [0, 0, 4, 0.1], "texture": "#6"},
				"east": {"uv": [0, 0, 3, 0.1], "texture": "#6"},
				"south": {"uv": [0, 0, 4, 0.1], "texture": "#6"},
				"west": {"uv": [0, 0, 3, 0.1], "texture": "#6"},
				"up": {"uv": [0, 0, 4, 3], "texture": "#6"},
				"down": {"uv": [0, 0, 4, 3], "texture": "#6"}
			}
		}
	],
	"display": {
		"head": {
			"translation": [0, 4.5, 0],
			"scale": [1.57, 1.57, 1.57]
		}
	},
	"groups": [
		{
			"name": "RailSection",
			"origin": [8.5, -4, 0],
			"color": 0,
			"children": [
				{
					"name": "RailL",
					"origin": [8.5, -4, 0],
					"color": 0,
					"children": [0, 1, 2]
				},
				{
					"name": "RailR",
					"origin": [8.5, -4, 0],
					"color": 0,
					"children": [3, 4, 5]
				},
				{
					"name": "Sleeper",
					"origin": [8, 8, 8],
					"color": 0,
					"children": [6, 7, 8]
				},
				{
					"name": "FastenerL",
					"origin": [8, 8, 8],
					"color": 0,
					"children": [9, 10, 11]
				},
				{
					"name": "FastenerR",
					"origin": [8, 8, 8],
					"color": 0,
					"children": [12, 13, 14]
				}
			]
		}
	]
}