{
	"credit": "Made by Mike Shafter",
	"textures": {
		"0": "block/black_concrete",
		"1": "block/lime_wool",
		"2": "block/anvil",
		"3": "block/yellow_concrete",
		"4": "block/red_concrete",
		"5": "block/light_gray_concrete",
		"6": "block/polished_andesite",
		"7": "block/green_concrete",
		"8": "block/white_concrete",
		"particle": "block/black_concrete"
	},
	"elements": [
		{
			"from": [-16, -16, -16],
			"to": [-14, -5, 32],
			"rotation": {"angle": 0, "axis": "y", "origin": [-13, -17, 9]},
			"faces": {
				"north": {"uv": [1, 0, 0, 1], "texture": "#6"},
				"east": {"uv": [1, 0, 0, 1], "texture": "#5"},
				"south": {"uv": [1, 0, 0, 1], "texture": "#6"},
				"west": {"uv": [15, 1, 1, 15], "texture": "#6"},
				"down": {"uv": [0, 1, 1, 0], "texture": "#6"}
			}
		},
		{
			"from": [30, -16, -16],
			"to": [32, -5, 32],
			"rotation": {"angle": 0, "axis": "y", "origin": [29, -17, -13]},
			"faces": {
				"north": {"uv": [0, 0, 1, 1], "texture": "#6"},
				"east": {"uv": [1, 1, 15, 15], "texture": "#6"},
				"south": {"uv": [0, 0, 1, 1], "texture": "#6"},
				"west": {"uv": [0, 0, 1, 1], "texture": "#5"},
				"down": {"uv": [1, 1, 0, 0], "texture": "#6"}
			}
		},
		{
			"from": [-16, -5, -16],
			"to": [-14, 2, 32],
			"rotation": {"angle": 0, "axis": "y", "origin": [-13, 1, -1]},
			"faces": {
				"north": {"uv": [1, 0, 0, 1], "texture": "#5"},
				"east": {"uv": [1, 0, 0, 1], "texture": "#5"},
				"south": {"uv": [1, 0, 0, 1], "texture": "#5"},
				"west": {"uv": [1, 0, 0, 1], "texture": "#7"}
			}
		},
		{
			"from": [30, -5, -16],
			"to": [32, 2, 32],
			"rotation": {"angle": 0, "axis": "y", "origin": [29, 1, -1]},
			"faces": {
				"north": {"uv": [0, 0, 1, 1], "texture": "#5"},
				"east": {"uv": [0, 0, 1, 1], "texture": "#7"},
				"south": {"uv": [0, 0, 1, 1], "texture": "#5"},
				"west": {"uv": [0, 0, 1, 1], "texture": "#5"}
			}
		},
		{
			"from": [-16, 2, -16],
			"to": [-14, 25, -12.5],
			"rotation": {"angle": 0, "axis": "y", "origin": [-13, 11, 0]},
			"faces": {
				"north": {"uv": [1, 0, 0, 1], "texture": "#5"},
				"east": {"uv": [1, 0, 0, 1], "texture": "#5"},
				"south": {"uv": [1, 0, 0, 1], "texture": "#5"},
				"west": {"uv": [1, 0, 0, 1], "texture": "#0"}
			}
		},
		{
			"from": [-16, 2, 28.5],
			"to": [-14, 25, 32],
			"rotation": {"angle": 0, "axis": "y", "origin": [-13, 11, 45]},
			"faces": {
				"north": {"uv": [1, 0, 0, 1], "texture": "#5"},
				"east": {"uv": [1, 0, 0, 1], "texture": "#5"},
				"south": {"uv": [1, 0, 0, 1], "texture": "#5"},
				"west": {"uv": [1, 0, 0, 1], "texture": "#0"}
			}
		},
		{
			"from": [-16, 2, 27.5],
			"to": [-15, 3, 29],
			"rotation": {"angle": 0, "axis": "y", "origin": [-13, 11, 44]},
			"faces": {
				"east": {"uv": [1, 0, 0, 1], "texture": "#0"},
				"west": {"uv": [1, 0, 0, 1], "texture": "#0"}
			}
		},
		{
			"from": [-16, 3, 28],
			"to": [-15, 4, 29],
			"rotation": {"angle": 0, "axis": "y", "origin": [-13, 12, 44]},
			"faces": {
				"east": {"uv": [1, 0, 0, 1], "texture": "#0"},
				"west": {"uv": [1, 0, 0, 1], "texture": "#0"}
			}
		},
		{
			"from": [-16, 24, 27.5],
			"to": [-15, 25, 29],
			"rotation": {"angle": 0, "axis": "y", "origin": [-13, 16, 44]},
			"faces": {
				"east": {"uv": [1, 1, 0, 0], "texture": "#0"},
				"west": {"uv": [1, 1, 0, 0], "texture": "#0"}
			}
		},
		{
			"from": [-16, 23, 28],
			"to": [-15, 24, 29],
			"rotation": {"angle": 0, "axis": "y", "origin": [-13, 15, 44]},
			"faces": {
				"east": {"uv": [1, 1, 0, 0], "texture": "#0"},
				"west": {"uv": [1, 1, 0, 0], "texture": "#0"}
			}
		},
		{
			"from": [-16, 24, -13],
			"to": [-15, 25, -11.5],
			"rotation": {"angle": 0, "axis": "y", "origin": [-13, 16, -28]},
			"faces": {
				"east": {"uv": [0, 1, 1, 0], "texture": "#0"},
				"west": {"uv": [0, 1, 1, 0], "texture": "#0"}
			}
		},
		{
			"from": [-16, 23, -13],
			"to": [-15, 24, -12],
			"rotation": {"angle": 0, "axis": "y", "origin": [-13, 15, -28]},
			"faces": {
				"east": {"uv": [0, 1, 1, 0], "texture": "#0"},
				"west": {"uv": [0, 1, 1, 0], "texture": "#0"}
			}
		},
		{
			"from": [-16, 2, -13],
			"to": [-15, 3, -11.5],
			"rotation": {"angle": 0, "axis": "y", "origin": [-13, 11, -28]},
			"faces": {
				"east": {"uv": [0, 0, 1, 1], "texture": "#0"},
				"west": {"uv": [0, 0, 1, 1], "texture": "#0"}
			}
		},
		{
			"from": [-16, 3, -13],
			"to": [-15, 4, -12],
			"rotation": {"angle": 0, "axis": "y", "origin": [-13, 12, -28]},
			"faces": {
				"east": {"uv": [0, 0, 1, 1], "texture": "#0"},
				"west": {"uv": [0, 0, 1, 1], "texture": "#0"}
			}
		},
		{
			"from": [-15.75, 29.5, -16],
			"to": [-13.25, 31.5, 32],
			"rotation": {"angle": 0, "axis": "y", "origin": [-61, 28, 18]},
			"faces": {
				"north": {"uv": [0, 0, 1, 1], "texture": "#7"},
				"east": {"uv": [0, 0, 1, 1], "texture": "#7"},
				"south": {"uv": [0, 0, 1, 1], "texture": "#7"},
				"west": {"uv": [0, 0, 1, 1], "texture": "#7"},
				"up": {"uv": [1, 1, 0, 0], "texture": "#7"},
				"down": {"uv": [1, 1, 0, 0], "texture": "#5"}
			}
		},
		{
			"from": [-13.75, 29.5, -16],
			"to": [29.75, 30.5, 32],
			"rotation": {"angle": 0, "axis": "y", "origin": [-59, 28, 18]},
			"faces": {
				"north": {"uv": [0, 0, 1, 1], "texture": "#5"},
				"south": {"uv": [0, 0, 1, 1], "texture": "#5"},
				"up": {"uv": [16, 16, 0, 0], "texture": "#6"},
				"down": {"uv": [16, 16, 0, 0], "texture": "#5"}
			}
		},
		{
			"from": [29.25, 29.5, -16],
			"to": [31.75, 31.5, 32],
			"rotation": {"angle": 0, "axis": "y", "origin": [-16, 28, 18]},
			"faces": {
				"north": {"uv": [0, 0, 1, 1], "texture": "#7"},
				"east": {"uv": [0, 0, 1, 1], "texture": "#7"},
				"south": {"uv": [0, 0, 1, 1], "texture": "#7"},
				"west": {"uv": [0, 0, 1, 1], "texture": "#7"},
				"up": {"uv": [1, 1, 0, 0], "texture": "#7"},
				"down": {"uv": [1, 1, 0, 0], "texture": "#5"}
			}
		},
		{
			"from": [-16, 24.5, -16],
			"to": [-14, 30, 32],
			"rotation": {"angle": 0, "axis": "y", "origin": [-13, 22, 21]},
			"faces": {
				"north": {"uv": [1, 0, 0, 1], "texture": "#5"},
				"east": {"uv": [1, 0, 0, 1], "texture": "#5"},
				"south": {"uv": [1, 0, 0, 1], "texture": "#5"},
				"west": {"uv": [1, 0, 0, 1], "texture": "#0"},
				"up": {"uv": [0, 1, 1, 0], "texture": "#5"},
				"down": {"uv": [0, 1, 1, 0], "texture": "#5"}
			}
		},
		{
			"from": [-16, 2, -16],
			"to": [-14, 2.5, 32],
			"rotation": {"angle": 0, "axis": "y", "origin": [-13, 10, 21]},
			"faces": {
				"east": {"uv": [1, 1, 0, 0], "texture": "#5"},
				"west": {"uv": [1, 1, 0, 0], "texture": "#0"},
				"up": {"uv": [0, 0, 1, 1], "texture": "#5"}
			}
		},
		{
			"from": [30, 2, -16],
			"to": [32, 25, -12.5],
			"rotation": {"angle": 0, "axis": "y", "origin": [29, 11, 0]},
			"faces": {
				"north": {"uv": [0, 0, 1, 1], "texture": "#5"},
				"east": {"uv": [0, 0, 1, 1], "texture": "#0"},
				"south": {"uv": [0, 0, 1, 1], "texture": "#5"},
				"west": {"uv": [0, 0, 1, 1], "texture": "#5"}
			}
		},
		{
			"from": [30, 2, 28.5],
			"to": [32, 25, 32],
			"rotation": {"angle": 0, "axis": "y", "origin": [29, 11, 45]},
			"faces": {
				"north": {"uv": [0, 0, 1, 1], "texture": "#5"},
				"east": {"uv": [0, 0, 1, 1], "texture": "#0"},
				"south": {"uv": [0, 0, 1, 1], "texture": "#5"},
				"west": {"uv": [0, 0, 1, 1], "texture": "#5"}
			}
		},
		{
			"from": [30, 24.5, -16],
			"to": [32, 30, 32],
			"rotation": {"angle": 0, "axis": "y", "origin": [29, 22, 21]},
			"faces": {
				"north": {"uv": [0, 0, 1, 1], "texture": "#5"},
				"east": {"uv": [0, 0, 1, 1], "texture": "#0"},
				"south": {"uv": [0, 0, 1, 1], "texture": "#5"},
				"west": {"uv": [0, 0, 1, 1], "texture": "#5"},
				"up": {"uv": [1, 1, 0, 0], "texture": "#5"},
				"down": {"uv": [1, 1, 0, 0], "texture": "#5"}
			}
		},
		{
			"from": [30, 2, -16],
			"to": [32, 2.5, 32],
			"rotation": {"angle": 0, "axis": "y", "origin": [29, 10, 21]},
			"faces": {
				"east": {"uv": [0, 1, 1, 0], "texture": "#0"},
				"west": {"uv": [0, 1, 1, 0], "texture": "#5"},
				"up": {"uv": [1, 0, 0, 1], "texture": "#5"}
			}
		},
		{
			"from": [31, 2, 27.5],
			"to": [32, 3, 29],
			"rotation": {"angle": 0, "axis": "y", "origin": [29, 11, 44]},
			"faces": {
				"east": {"uv": [0, 0, 1, 1], "texture": "#0"},
				"west": {"uv": [0, 0, 1, 1], "texture": "#0"}
			}
		},
		{
			"from": [31, 3, 28],
			"to": [32, 4, 29],
			"rotation": {"angle": 0, "axis": "y", "origin": [29, 12, 44]},
			"faces": {
				"east": {"uv": [0, 0, 1, 1], "texture": "#0"},
				"west": {"uv": [0, 0, 1, 1], "texture": "#0"}
			}
		},
		{
			"from": [31, 23, 28],
			"to": [32, 24, 29],
			"rotation": {"angle": 0, "axis": "y", "origin": [29, 15, 44]},
			"faces": {
				"east": {"uv": [0, 1, 1, 0], "texture": "#0"},
				"west": {"uv": [0, 1, 1, 0], "texture": "#0"}
			}
		},
		{
			"from": [31, 24, 27.5],
			"to": [32, 25, 29],
			"rotation": {"angle": 0, "axis": "y", "origin": [29, 16, 44]},
			"faces": {
				"east": {"uv": [0, 1, 1, 0], "texture": "#0"},
				"west": {"uv": [0, 1, 1, 0], "texture": "#0"}
			}
		},
		{
			"from": [31, 23, -13],
			"to": [32, 24, -12],
			"rotation": {"angle": 0, "axis": "y", "origin": [29, 15, -28]},
			"faces": {
				"east": {"uv": [1, 1, 0, 0], "texture": "#0"},
				"west": {"uv": [1, 1, 0, 0], "texture": "#0"}
			}
		},
		{
			"from": [31, 24, -13],
			"to": [32, 25, -11.5],
			"rotation": {"angle": 0, "axis": "y", "origin": [29, 16, -28]},
			"faces": {
				"east": {"uv": [1, 1, 0, 0], "texture": "#0"},
				"west": {"uv": [1, 1, 0, 0], "texture": "#0"}
			}
		},
		{
			"from": [31, 3, -13],
			"to": [32, 4, -12],
			"rotation": {"angle": 0, "axis": "y", "origin": [29, 12, -28]},
			"faces": {
				"east": {"uv": [1, 0, 0, 1], "texture": "#0"},
				"west": {"uv": [1, 0, 0, 1], "texture": "#0"}
			}
		},
		{
			"from": [31, 2, -13],
			"to": [32, 3, -11.5],
			"rotation": {"angle": 0, "axis": "y", "origin": [29, 11, -28]},
			"faces": {
				"east": {"uv": [1, 0, 0, 1], "texture": "#0"},
				"west": {"uv": [1, 0, 0, 1], "texture": "#0"}
			}
		},
		{
			"from": [-14, -16, -16],
			"to": [30, -13, 32],
			"rotation": {"angle": 0, "axis": "y", "origin": [-11, -17, 55]},
			"faces": {
				"north": {"uv": [0, 0, 1, 1], "texture": "#2"},
				"south": {"uv": [0, 0, 1, 1], "texture": "#2"},
				"up": {"uv": [16, 16, 0, 0], "texture": "#2"},
				"down": {"uv": [1, 1, 0, 0], "texture": "#2"}
			}
		},
		{
			"from": [-14, -13, -16],
			"to": [-5, -10, 32],
			"rotation": {"angle": 0, "axis": "y", "origin": [-13, -14, 55]},
			"faces": {
				"north": {"uv": [0, 0, 1, 1], "texture": "#2"},
				"south": {"uv": [0, 0, 1, 1], "texture": "#2"},
				"up": {"uv": [16, 16, 0, 0], "texture": "#2"}
			}
		},
		{
			"from": [-14, -4, -8],
			"to": [-4, -2, 1],
			"rotation": {"angle": 0, "axis": "y", "origin": [-11, -6, 63]},
			"faces": {
				"north": {"uv": [0, 0, 1, 1], "texture": "#0"},
				"east": {"uv": [1, 1, 15, 15], "texture": "#0"},
				"south": {"uv": [0, 0, 1, 1], "texture": "#0"},
				"up": {"uv": [16, 16, 0, 0], "texture": "#1"},
				"down": {"uv": [1, 1, 0, 0], "texture": "#0"}
			}
		},
		{
			"from": [-14, -2, 0],
			"to": [-4, 10, 1],
			"rotation": {"angle": 0, "axis": "y", "origin": [-11, -3, 63]},
			"faces": {
				"north": {"uv": [0, 0, 16, 16], "texture": "#1"},
				"east": {"uv": [1, 1, 15, 15], "texture": "#0"},
				"south": {"uv": [0, 0, 1, 1], "texture": "#0"},
				"west": {"uv": [0, 0, 1, 1], "texture": "#0"},
				"up": {"uv": [16, 16, 0, 0], "texture": "#0"}
			}
		},
		{
			"from": [-14, -3, 0],
			"to": [-4, 1.5, 1],
			"rotation": {"angle": 22.5, "axis": "x", "origin": [-9, 1.5, 0.5]},
			"faces": {
				"north": {"uv": [0, 0, 16, 16], "texture": "#1"},
				"east": {"uv": [1, 1, 15, 15], "texture": "#0"},
				"west": {"uv": [0, 0, 1, 1], "texture": "#0"}
			}
		},
		{
			"from": [-14, -3, 1],
			"to": [-4, -1, 2],
			"rotation": {"angle": 22.5, "axis": "x", "origin": [-9, 1.5, 1.5]},
			"faces": {
				"east": {"uv": [1, 1, 15, 15], "texture": "#0"},
				"south": {"uv": [0, 0, 1, 1], "texture": "#0"},
				"west": {"uv": [0, 0, 1, 1], "texture": "#0"},
				"up": {"uv": [16, 16, 0, 0], "texture": "#0"}
			}
		},
		{
			"from": [-14, -2, 14],
			"to": [-4, 10, 15],
			"rotation": {"angle": 0, "axis": "y", "origin": [-11, -3, 77]},
			"faces": {
				"north": {"uv": [0, 0, 16, 16], "texture": "#1"},
				"east": {"uv": [1, 1, 15, 15], "texture": "#0"},
				"south": {"uv": [0, 0, 1, 1], "texture": "#0"},
				"west": {"uv": [0, 0, 1, 1], "texture": "#0"},
				"up": {"uv": [16, 16, 0, 0], "texture": "#0"}
			}
		},
		{
			"from": [-14, -4, 13],
			"to": [-4, 4, 14],
			"rotation": {"angle": 22.5, "axis": "x", "origin": [-9, 1.5, 13.5]},
			"faces": {
				"north": {"uv": [0, 0, 16, 16], "texture": "#1"},
				"east": {"uv": [1, 1, 15, 15], "texture": "#0"},
				"west": {"uv": [0, 0, 1, 1], "texture": "#0"},
				"up": {"uv": [16, 16, 0, 0], "texture": "#0"}
			}
		},
		{
			"from": [-14, -3, 14],
			"to": [-4, 1.5, 15],
			"rotation": {"angle": 22.5, "axis": "x", "origin": [-9, 1.5, 14.5]},
			"faces": {
				"east": {"uv": [1, 1, 15, 15], "texture": "#0"},
				"west": {"uv": [0, 0, 1, 1], "texture": "#0"}
			}
		},
		{
			"from": [-14, -3, 15],
			"to": [-4, -1, 16],
			"rotation": {"angle": 22.5, "axis": "x", "origin": [-9, 1.5, 15.5]},
			"faces": {
				"east": {"uv": [1, 1, 15, 15], "texture": "#0"},
				"south": {"uv": [0, 0, 1, 1], "texture": "#0"},
				"west": {"uv": [0, 0, 1, 1], "texture": "#0"},
				"up": {"uv": [16, 16, 0, 0], "texture": "#0"}
			}
		},
		{
			"from": [-14, -4, 6],
			"to": [-4, -2, 15],
			"rotation": {"angle": 0, "axis": "y", "origin": [-11, -6, 77]},
			"faces": {
				"north": {"uv": [0, 0, 1, 1], "texture": "#0"},
				"east": {"uv": [1, 1, 15, 15], "texture": "#0"},
				"south": {"uv": [0, 0, 1, 1], "texture": "#0"},
				"up": {"uv": [16, 16, 0, 0], "texture": "#1"},
				"down": {"uv": [1, 1, 0, 0], "texture": "#0"}
			}
		},
		{
			"from": [-14, -2, 28],
			"to": [-4, 10, 29],
			"rotation": {"angle": 0, "axis": "y", "origin": [-11, -3, 91]},
			"faces": {
				"north": {"uv": [0, 0, 16, 16], "texture": "#1"},
				"east": {"uv": [1, 1, 15, 15], "texture": "#0"},
				"south": {"uv": [0, 0, 1, 1], "texture": "#0"},
				"west": {"uv": [0, 0, 1, 1], "texture": "#0"},
				"up": {"uv": [16, 16, 0, 0], "texture": "#0"}
			}
		},
		{
			"from": [-14, -4, 27],
			"to": [-4, 4, 28],
			"rotation": {"angle": 22.5, "axis": "x", "origin": [-9, 1.5, 27.5]},
			"faces": {
				"north": {"uv": [0, 0, 16, 16], "texture": "#1"},
				"east": {"uv": [1, 1, 15, 15], "texture": "#0"},
				"west": {"uv": [0, 0, 1, 1], "texture": "#0"},
				"up": {"uv": [16, 16, 0, 0], "texture": "#0"}
			}
		},
		{
			"from": [-14, -3, 28],
			"to": [-4, 1.5, 29],
			"rotation": {"angle": 22.5, "axis": "x", "origin": [-9, 1.5, 28.5]},
			"faces": {
				"east": {"uv": [1, 1, 15, 15], "texture": "#0"},
				"west": {"uv": [0, 0, 1, 1], "texture": "#0"}
			}
		},
		{
			"from": [-14, -3, 29],
			"to": [-4, -1, 30],
			"rotation": {"angle": 22.5, "axis": "x", "origin": [-9, 1.5, 29.5]},
			"faces": {
				"east": {"uv": [1, 1, 15, 15], "texture": "#0"},
				"south": {"uv": [0, 0, 1, 1], "texture": "#0"},
				"west": {"uv": [0, 0, 1, 1], "texture": "#0"},
				"up": {"uv": [16, 16, 0, 0], "texture": "#0"}
			}
		},
		{
			"from": [-14, -4, 20],
			"to": [-4, -2, 29],
			"rotation": {"angle": 0, "axis": "y", "origin": [-11, -6, 91]},
			"faces": {
				"north": {"uv": [0, 0, 1, 1], "texture": "#0"},
				"east": {"uv": [1, 1, 15, 15], "texture": "#0"},
				"south": {"uv": [0, 0, 1, 1], "texture": "#0"},
				"up": {"uv": [16, 16, 0, 0], "texture": "#1"},
				"down": {"uv": [1, 1, 0, 0], "texture": "#0"}
			}
		},
		{
			"from": [20, -4, -8],
			"to": [30, -2, 1],
			"rotation": {"angle": 0, "axis": "y", "origin": [23, -6, 63]},
			"faces": {
				"north": {"uv": [0, 0, 1, 1], "texture": "#0"},
				"south": {"uv": [0, 0, 1, 1], "texture": "#0"},
				"west": {"uv": [0, 0, 1, 1], "texture": "#0"},
				"up": {"uv": [16, 16, 0, 0], "texture": "#1"},
				"down": {"uv": [1, 1, 0, 0], "texture": "#0"}
			}
		},
		{
			"from": [20, -2, 0],
			"to": [30, 10, 1],
			"rotation": {"angle": 0, "axis": "y", "origin": [23, -3, 63]},
			"faces": {
				"north": {"uv": [0, 0, 16, 16], "texture": "#1"},
				"east": {"uv": [1, 1, 15, 15], "texture": "#0"},
				"south": {"uv": [0, 0, 1, 1], "texture": "#0"},
				"west": {"uv": [0, 0, 1, 1], "texture": "#0"},
				"up": {"uv": [16, 16, 0, 0], "texture": "#0"}
			}
		},
		{
			"from": [20, -3, 0],
			"to": [30, 1.5, 1],
			"rotation": {"angle": 22.5, "axis": "x", "origin": [25, 1.5, 0.5]},
			"faces": {
				"north": {"uv": [0, 0, 16, 16], "texture": "#1"},
				"east": {"uv": [1, 1, 15, 15], "texture": "#0"},
				"west": {"uv": [0, 0, 1, 1], "texture": "#0"}
			}
		},
		{
			"from": [20, -3, 1],
			"to": [30, -1, 2],
			"rotation": {"angle": 22.5, "axis": "x", "origin": [25, 1.5, 1.5]},
			"faces": {
				"east": {"uv": [1, 1, 15, 15], "texture": "#0"},
				"south": {"uv": [0, 0, 1, 1], "texture": "#0"},
				"west": {"uv": [0, 0, 1, 1], "texture": "#0"},
				"up": {"uv": [16, 16, 0, 0], "texture": "#0"}
			}
		},
		{
			"from": [20, -4, 6],
			"to": [30, -2, 15],
			"rotation": {"angle": 0, "axis": "y", "origin": [23, -6, 77]},
			"faces": {
				"north": {"uv": [0, 0, 1, 1], "texture": "#0"},
				"south": {"uv": [0, 0, 1, 1], "texture": "#0"},
				"west": {"uv": [0, 0, 1, 1], "texture": "#0"},
				"up": {"uv": [16, 16, 0, 0], "texture": "#1"},
				"down": {"uv": [1, 1, 0, 0], "texture": "#0"}
			}
		},
		{
			"from": [20, -3, 15],
			"to": [30, -1, 16],
			"rotation": {"angle": 22.5, "axis": "x", "origin": [25, 1.5, 15.5]},
			"faces": {
				"east": {"uv": [1, 1, 15, 15], "texture": "#0"},
				"south": {"uv": [0, 0, 1, 1], "texture": "#0"},
				"west": {"uv": [0, 0, 1, 1], "texture": "#0"},
				"up": {"uv": [16, 16, 0, 0], "texture": "#0"}
			}
		},
		{
			"from": [20, -3, 14],
			"to": [30, 1.5, 15],
			"rotation": {"angle": 22.5, "axis": "x", "origin": [25, 1.5, 14.5]},
			"faces": {
				"east": {"uv": [1, 1, 15, 15], "texture": "#0"},
				"west": {"uv": [0, 0, 1, 1], "texture": "#0"}
			}
		},
		{
			"from": [20, -4, 13],
			"to": [30, 4, 14],
			"rotation": {"angle": 22.5, "axis": "x", "origin": [25, 1.5, 13.5]},
			"faces": {
				"north": {"uv": [0, 0, 16, 16], "texture": "#1"},
				"east": {"uv": [1, 1, 15, 15], "texture": "#0"},
				"west": {"uv": [0, 0, 1, 1], "texture": "#0"},
				"up": {"uv": [16, 16, 0, 0], "texture": "#0"}
			}
		},
		{
			"from": [20, -2, 14],
			"to": [30, 10, 15],
			"rotation": {"angle": 0, "axis": "y", "origin": [23, -3, 77]},
			"faces": {
				"north": {"uv": [0, 0, 16, 16], "texture": "#1"},
				"east": {"uv": [1, 1, 15, 15], "texture": "#0"},
				"south": {"uv": [0, 0, 1, 1], "texture": "#0"},
				"west": {"uv": [0, 0, 1, 1], "texture": "#0"},
				"up": {"uv": [16, 16, 0, 0], "texture": "#0"}
			}
		},
		{
			"from": [20, -4, 20],
			"to": [30, -2, 29],
			"rotation": {"angle": 0, "axis": "y", "origin": [23, -6, 91]},
			"faces": {
				"north": {"uv": [0, 0, 1, 1], "texture": "#0"},
				"south": {"uv": [0, 0, 1, 1], "texture": "#0"},
				"west": {"uv": [0, 0, 1, 1], "texture": "#0"},
				"up": {"uv": [16, 16, 0, 0], "texture": "#1"},
				"down": {"uv": [1, 1, 0, 0], "texture": "#0"}
			}
		},
		{
			"from": [20, -3, 29],
			"to": [30, -1, 30],
			"rotation": {"angle": 22.5, "axis": "x", "origin": [25, 1.5, 29.5]},
			"faces": {
				"east": {"uv": [1, 1, 15, 15], "texture": "#0"},
				"south": {"uv": [0, 0, 1, 1], "texture": "#0"},
				"west": {"uv": [0, 0, 1, 1], "texture": "#0"},
				"up": {"uv": [16, 16, 0, 0], "texture": "#0"}
			}
		},
		{
			"from": [20, -3, 28],
			"to": [30, 1.5, 29],
			"rotation": {"angle": 22.5, "axis": "x", "origin": [25, 1.5, 28.5]},
			"faces": {
				"east": {"uv": [1, 1, 15, 15], "texture": "#0"},
				"west": {"uv": [0, 0, 1, 1], "texture": "#0"}
			}
		},
		{
			"from": [20, -4, 27],
			"to": [30, 4, 28],
			"rotation": {"angle": 22.5, "axis": "x", "origin": [25, 1.5, 27.5]},
			"faces": {
				"north": {"uv": [0, 0, 16, 16], "texture": "#1"},
				"east": {"uv": [1, 1, 15, 15], "texture": "#0"},
				"west": {"uv": [0, 0, 1, 1], "texture": "#0"},
				"up": {"uv": [16, 16, 0, 0], "texture": "#0"}
			}
		},
		{
			"from": [20, -2, 28],
			"to": [30, 10, 29],
			"rotation": {"angle": 0, "axis": "y", "origin": [23, -3, 91]},
			"faces": {
				"north": {"uv": [0, 0, 16, 16], "texture": "#1"},
				"east": {"uv": [1, 1, 15, 15], "texture": "#0"},
				"south": {"uv": [0, 0, 1, 1], "texture": "#0"},
				"west": {"uv": [0, 0, 1, 1], "texture": "#0"},
				"up": {"uv": [16, 16, 0, 0], "texture": "#0"}
			}
		},
		{
			"from": [9, -4, -8],
			"to": [19, -2, 1],
			"rotation": {"angle": 0, "axis": "y", "origin": [12, -6, 63]},
			"faces": {
				"north": {"uv": [0, 0, 1, 1], "texture": "#0"},
				"east": {"uv": [1, 1, 15, 15], "texture": "#0"},
				"south": {"uv": [0, 0, 1, 1], "texture": "#0"},
				"west": {"uv": [0, 0, 1, 1], "texture": "#0"},
				"up": {"uv": [16, 16, 0, 0], "texture": "#1"},
				"down": {"uv": [1, 1, 0, 0], "texture": "#0"}
			}
		},
		{
			"from": [9, -2, 0],
			"to": [19, 10, 1],
			"rotation": {"angle": 0, "axis": "y", "origin": [12, -3, 63]},
			"faces": {
				"north": {"uv": [0, 0, 16, 16], "texture": "#1"},
				"east": {"uv": [1, 1, 15, 15], "texture": "#0"},
				"south": {"uv": [0, 0, 1, 1], "texture": "#0"},
				"west": {"uv": [0, 0, 1, 1], "texture": "#0"},
				"up": {"uv": [16, 16, 0, 0], "texture": "#0"}
			}
		},
		{
			"from": [9, -3, 0],
			"to": [19, 1.5, 1],
			"rotation": {"angle": 22.5, "axis": "x", "origin": [14, 1.5, 0.5]},
			"faces": {
				"north": {"uv": [0, 0, 16, 16], "texture": "#1"},
				"east": {"uv": [1, 1, 15, 15], "texture": "#0"},
				"west": {"uv": [0, 0, 1, 1], "texture": "#0"}
			}
		},
		{
			"from": [9, -3, 1],
			"to": [19, -1, 2],
			"rotation": {"angle": 22.5, "axis": "x", "origin": [14, 1.5, 1.5]},
			"faces": {
				"east": {"uv": [1, 1, 15, 15], "texture": "#0"},
				"south": {"uv": [0, 0, 1, 1], "texture": "#0"},
				"west": {"uv": [0, 0, 1, 1], "texture": "#0"},
				"up": {"uv": [16, 16, 0, 0], "texture": "#0"}
			}
		},
		{
			"from": [9, -4, 6],
			"to": [19, -2, 15],
			"rotation": {"angle": 0, "axis": "y", "origin": [12, -6, 77]},
			"faces": {
				"north": {"uv": [0, 0, 1, 1], "texture": "#0"},
				"east": {"uv": [1, 1, 15, 15], "texture": "#0"},
				"south": {"uv": [0, 0, 1, 1], "texture": "#0"},
				"west": {"uv": [0, 0, 1, 1], "texture": "#0"},
				"up": {"uv": [16, 16, 0, 0], "texture": "#1"},
				"down": {"uv": [1, 1, 0, 0], "texture": "#0"}
			}
		},
		{
			"from": [9, -3, 15],
			"to": [19, -1, 16],
			"rotation": {"angle": 22.5, "axis": "x", "origin": [14, 1.5, 15.5]},
			"faces": {
				"east": {"uv": [1, 1, 15, 15], "texture": "#0"},
				"south": {"uv": [0, 0, 1, 1], "texture": "#0"},
				"west": {"uv": [0, 0, 1, 1], "texture": "#0"},
				"up": {"uv": [16, 16, 0, 0], "texture": "#0"}
			}
		},
		{
			"from": [9, -3, 14],
			"to": [19, 1.5, 15],
			"rotation": {"angle": 22.5, "axis": "x", "origin": [14, 1.5, 14.5]},
			"faces": {
				"east": {"uv": [1, 1, 15, 15], "texture": "#0"},
				"west": {"uv": [0, 0, 1, 1], "texture": "#0"}
			}
		},
		{
			"from": [9, -4, 13],
			"to": [19, 4, 14],
			"rotation": {"angle": 22.5, "axis": "x", "origin": [14, 1.5, 13.5]},
			"faces": {
				"north": {"uv": [0, 0, 16, 16], "texture": "#1"},
				"east": {"uv": [1, 1, 15, 15], "texture": "#0"},
				"west": {"uv": [0, 0, 1, 1], "texture": "#0"},
				"up": {"uv": [16, 16, 0, 0], "texture": "#0"}
			}
		},
		{
			"from": [9, -2, 14],
			"to": [19, 10, 15],
			"rotation": {"angle": 0, "axis": "y", "origin": [12, -3, 77]},
			"faces": {
				"north": {"uv": [0, 0, 16, 16], "texture": "#1"},
				"east": {"uv": [1, 1, 15, 15], "texture": "#0"},
				"south": {"uv": [0, 0, 1, 1], "texture": "#0"},
				"west": {"uv": [0, 0, 1, 1], "texture": "#0"},
				"up": {"uv": [16, 16, 0, 0], "texture": "#0"}
			}
		},
		{
			"from": [9, -4, 20],
			"to": [19, -2, 29],
			"rotation": {"angle": 0, "axis": "y", "origin": [12, -6, 91]},
			"faces": {
				"north": {"uv": [0, 0, 1, 1], "texture": "#0"},
				"east": {"uv": [1, 1, 15, 15], "texture": "#0"},
				"south": {"uv": [0, 0, 1, 1], "texture": "#0"},
				"west": {"uv": [0, 0, 1, 1], "texture": "#0"},
				"up": {"uv": [16, 16, 0, 0], "texture": "#1"},
				"down": {"uv": [1, 1, 0, 0], "texture": "#0"}
			}
		},
		{
			"from": [9, -3, 29],
			"to": [19, -1, 30],
			"rotation": {"angle": 22.5, "axis": "x", "origin": [14, 1.5, 29.5]},
			"faces": {
				"east": {"uv": [1, 1, 15, 15], "texture": "#0"},
				"south": {"uv": [0, 0, 1, 1], "texture": "#0"},
				"west": {"uv": [0, 0, 1, 1], "texture": "#0"},
				"up": {"uv": [16, 16, 0, 0], "texture": "#0"}
			}
		},
		{
			"from": [9, -3, 28],
			"to": [19, 1.5, 29],
			"rotation": {"angle": 22.5, "axis": "x", "origin": [14, 1.5, 28.5]},
			"faces": {
				"east": {"uv": [1, 1, 15, 15], "texture": "#0"},
				"west": {"uv": [0, 0, 1, 1], "texture": "#0"}
			}
		},
		{
			"from": [9, -4, 27],
			"to": [19, 4, 28],
			"rotation": {"angle": 22.5, "axis": "x", "origin": [14, 1.5, 27.5]},
			"faces": {
				"north": {"uv": [0, 0, 16, 16], "texture": "#1"},
				"east": {"uv": [1, 1, 15, 15], "texture": "#0"},
				"west": {"uv": [0, 0, 1, 1], "texture": "#0"},
				"up": {"uv": [16, 16, 0, 0], "texture": "#0"}
			}
		},
		{
			"from": [9, -2, 28],
			"to": [19, 10, 29],
			"rotation": {"angle": 0, "axis": "y", "origin": [12, -3, 91]},
			"faces": {
				"north": {"uv": [0, 0, 16, 16], "texture": "#1"},
				"east": {"uv": [1, 1, 15, 15], "texture": "#0"},
				"south": {"uv": [0, 0, 1, 1], "texture": "#0"},
				"west": {"uv": [0, 0, 1, 1], "texture": "#0"},
				"up": {"uv": [16, 16, 0, 0], "texture": "#0"}
			}
		},
		{
			"from": [11, -13, -16],
			"to": [30, -10, 32],
			"rotation": {"angle": 0, "axis": "y", "origin": [13, -14, 55]},
			"faces": {
				"north": {"uv": [0, 0, 1, 1], "texture": "#2"},
				"south": {"uv": [0, 0, 1, 1], "texture": "#2"},
				"up": {"uv": [16, 16, 0, 0], "texture": "#2"}
			}
		},
		{
			"from": [10, -13, -16],
			"to": [11, -11, 32],
			"rotation": {"angle": 0, "axis": "y", "origin": [12, -14, 55]},
			"faces": {
				"north": {"uv": [0, 0, 1, 1], "texture": "#2"},
				"south": {"uv": [0, 0, 1, 1], "texture": "#2"},
				"west": {"uv": [0, 0, 1, 1], "texture": "#2"}
			}
		},
		{
			"from": [10, -11, -16],
			"to": [11, -10, 32],
			"rotation": {"angle": 0, "axis": "y", "origin": [12, -13, 55]},
			"faces": {
				"north": {"uv": [0, 0, 1, 1], "texture": "#3"},
				"south": {"uv": [0, 0, 1, 1], "texture": "#3"},
				"west": {"uv": [0, 0, 1, 1], "texture": "#3"},
				"up": {"uv": [16, 16, 0, 0], "texture": "#3"}
			}
		},
		{
			"from": [-5, -13, -16],
			"to": [-4, -11, 32],
			"rotation": {"angle": 0, "axis": "y", "origin": [-3, -14, 55]},
			"faces": {
				"north": {"uv": [0, 0, 1, 1], "texture": "#2"},
				"east": {"uv": [1, 1, 15, 15], "texture": "#2"},
				"south": {"uv": [0, 0, 1, 1], "texture": "#2"}
			}
		},
		{
			"from": [-5, -11, -16],
			"to": [-4, -10, 32],
			"rotation": {"angle": 0, "axis": "y", "origin": [-3, -13, 55]},
			"faces": {
				"north": {"uv": [0, 0, 1, 1], "texture": "#3"},
				"east": {"uv": [1, 1, 15, 15], "texture": "#3"},
				"south": {"uv": [0, 0, 1, 1], "texture": "#3"},
				"up": {"uv": [16, 16, 0, 0], "texture": "#3"}
			}
		},
		{
			"from": [10, -10, 0.5],
			"to": [11, 30, 1.5],
			"rotation": {"angle": 0, "axis": "y", "origin": [13, -11, 55]},
			"faces": {
				"north": {"uv": [0, 0, 1, 1], "texture": "#3"},
				"east": {"uv": [1, 1, 15, 15], "texture": "#3"},
				"south": {"uv": [0, 0, 1, 1], "texture": "#3"},
				"west": {"uv": [0, 0, 1, 1], "texture": "#3"}
			}
		},
		{
			"from": [9.5, 15, 0.5],
			"to": [10, 17, 1.5],
			"rotation": {"angle": 0, "axis": "y", "origin": [12, -11, 55]},
			"faces": {
				"north": {"uv": [0, 0, 1, 1], "texture": "#5"},
				"south": {"uv": [0, 0, 1, 1], "texture": "#5"},
				"west": {"uv": [0, 0, 1, 1], "texture": "#5"},
				"up": {"uv": [16, 16, 0, 0], "texture": "#5"},
				"down": {"uv": [1, 1, 0, 0], "texture": "#5"}
			}
		},
		{
			"from": [9.5, 15, 28.5],
			"to": [10, 17, 29.5],
			"rotation": {"angle": 0, "axis": "y", "origin": [12, -11, 83]},
			"faces": {
				"north": {"uv": [0, 0, 1, 1], "texture": "#5"},
				"south": {"uv": [0, 0, 1, 1], "texture": "#5"},
				"west": {"uv": [0, 0, 1, 1], "texture": "#5"},
				"up": {"uv": [16, 16, 0, 0], "texture": "#5"},
				"down": {"uv": [1, 1, 0, 0], "texture": "#5"}
			}
		},
		{
			"from": [10, -10, 28.5],
			"to": [11, 30, 29.5],
			"rotation": {"angle": 0, "axis": "y", "origin": [13, -11, 83]},
			"faces": {
				"north": {"uv": [0, 0, 1, 1], "texture": "#3"},
				"east": {"uv": [1, 1, 15, 15], "texture": "#3"},
				"south": {"uv": [0, 0, 1, 1], "texture": "#3"},
				"west": {"uv": [0, 0, 1, 1], "texture": "#3"}
			}
		},
		{
			"from": [-5, -10, 28.5],
			"to": [-4, 30, 29.5],
			"rotation": {"angle": 0, "axis": "y", "origin": [-2, -11, 83]},
			"faces": {
				"north": {"uv": [0, 0, 1, 1], "texture": "#3"},
				"east": {"uv": [1, 1, 15, 15], "texture": "#3"},
				"south": {"uv": [0, 0, 1, 1], "texture": "#3"},
				"west": {"uv": [0, 0, 1, 1], "texture": "#3"}
			}
		},
		{
			"from": [-5, -10, 0.5],
			"to": [-4, 30, 1.5],
			"rotation": {"angle": 0, "axis": "y", "origin": [-2, -11, 55]},
			"faces": {
				"north": {"uv": [0, 0, 1, 1], "texture": "#3"},
				"east": {"uv": [1, 1, 15, 15], "texture": "#3"},
				"south": {"uv": [0, 0, 1, 1], "texture": "#3"},
				"west": {"uv": [0, 0, 1, 1], "texture": "#3"}
			}
		},
		{
			"from": [-5, 27, -16],
			"to": [-4, 30, 32],
			"rotation": {"angle": 0, "axis": "y", "origin": [-2, -11, 54]},
			"faces": {
				"north": {"uv": [0, 0, 1, 1], "texture": "#3"},
				"east": {"uv": [1, 1, 15, 15], "texture": "#3"},
				"south": {"uv": [0, 0, 1, 1], "texture": "#3"},
				"west": {"uv": [0, 0, 1, 1], "texture": "#3"},
				"down": {"uv": [1, 1, 0, 0], "texture": "#3"}
			}
		},
		{
			"from": [10, 27, -16],
			"to": [11, 30, 32],
			"rotation": {"angle": 0, "axis": "y", "origin": [13, -11, 54]},
			"faces": {
				"north": {"uv": [0, 0, 1, 1], "texture": "#3"},
				"east": {"uv": [1, 1, 15, 15], "texture": "#3"},
				"south": {"uv": [0, 0, 1, 1], "texture": "#3"},
				"west": {"uv": [0, 0, 1, 1], "texture": "#3"},
				"down": {"uv": [1, 1, 0, 0], "texture": "#3"}
			}
		},
		{
			"from": [-6.29837, 8.5, 0],
			"to": [-5.70163, 11.5, 1],
			"rotation": {"angle": 45, "axis": "z", "origin": [-6, 10, 0]},
			"faces": {
				"north": {"uv": [0, 0, 16, 16], "texture": "#1"},
				"south": {"uv": [0, 0, 1, 1], "texture": "#0"}
			}
		},
		{
			"from": [-6.29837, 8.5, 0],
			"to": [-5.70163, 11.5, 1],
			"rotation": {"angle": 22.5, "axis": "z", "origin": [-6, 10, 0]},
			"faces": {
				"north": {"uv": [0, 0, 16, 16], "texture": "#1"},
				"south": {"uv": [0, 0, 1, 1], "texture": "#0"}
			}
		},
		{
			"from": [-6.29837, 8.5, 0],
			"to": [-5.70163, 11.5, 1],
			"rotation": {"angle": -22.5, "axis": "z", "origin": [-6, 10, 0]},
			"faces": {
				"north": {"uv": [0, 0, 16, 16], "texture": "#1"},
				"south": {"uv": [0, 0, 1, 1], "texture": "#0"},
				"up": {"uv": [1, 1, 0, 0], "texture": "#0"}
			}
		},
		{
			"from": [-6.29837, 8.5, 0],
			"to": [-5.70163, 11.5, 1],
			"rotation": {"angle": -45, "axis": "z", "origin": [-6, 10, 0]},
			"faces": {
				"north": {"uv": [0, 0, 16, 16], "texture": "#1"},
				"south": {"uv": [0, 0, 1, 1], "texture": "#0"},
				"up": {"uv": [1, 1, 0, 0], "texture": "#0"}
			}
		},
		{
			"from": [-7.5, 9.70163, 0],
			"to": [-4.5, 10.29837, 1],
			"rotation": {"angle": 22.5, "axis": "z", "origin": [-6, 10, 0]},
			"faces": {
				"north": {"uv": [0, 0, 16, 16], "texture": "#1"},
				"east": {"uv": [0, 0, 1, 1], "texture": "#0"},
				"south": {"uv": [0, 0, 1, 1], "texture": "#0"}
			}
		},
		{
			"from": [-7.5, 9.70163, 0],
			"to": [-4.5, 10.29837, 1],
			"rotation": {"angle": 0, "axis": "z", "origin": [-6, 10, 0]},
			"faces": {
				"north": {"uv": [0, 0, 16, 16], "texture": "#1"},
				"east": {"uv": [0, 0, 1, 1], "texture": "#0"},
				"south": {"uv": [0, 0, 1, 1], "texture": "#0"}
			}
		},
		{
			"from": [-7.5, 9.70163, 0],
			"to": [-4.5, 10.29837, 1],
			"rotation": {"angle": -22.5, "axis": "z", "origin": [-6, 10, 0]},
			"faces": {
				"north": {"uv": [0, 0, 16, 16], "texture": "#1"},
				"south": {"uv": [0, 0, 1, 1], "texture": "#0"}
			}
		},
		{
			"from": [-6.29837, 8.5, 14],
			"to": [-5.70163, 11.5, 15],
			"rotation": {"angle": -22.5, "axis": "z", "origin": [-6, 10, 14]},
			"faces": {
				"north": {"uv": [0, 0, 16, 16], "texture": "#1"},
				"south": {"uv": [0, 0, 1, 1], "texture": "#0"},
				"up": {"uv": [1, 1, 0, 0], "texture": "#0"}
			}
		},
		{
			"from": [-6.29837, 8.5, 14],
			"to": [-5.70163, 11.5, 15],
			"rotation": {"angle": 22.5, "axis": "z", "origin": [-6, 10, 14]},
			"faces": {
				"north": {"uv": [0, 0, 16, 16], "texture": "#1"},
				"south": {"uv": [0, 0, 1, 1], "texture": "#0"}
			}
		},
		{
			"from": [-6.29837, 8.5, 14],
			"to": [-5.70163, 11.5, 15],
			"rotation": {"angle": 45, "axis": "z", "origin": [-6, 10, 14]},
			"faces": {
				"north": {"uv": [0, 0, 16, 16], "texture": "#1"},
				"south": {"uv": [0, 0, 1, 1], "texture": "#0"}
			}
		},
		{
			"from": [-7.5, 9.70163, 14],
			"to": [-4.5, 10.29837, 15],
			"rotation": {"angle": -22.5, "axis": "z", "origin": [-6, 10, 14]},
			"faces": {
				"north": {"uv": [0, 0, 16, 16], "texture": "#1"},
				"south": {"uv": [0, 0, 1, 1], "texture": "#0"}
			}
		},
		{
			"from": [-7.5, 9.70163, 14],
			"to": [-4.5, 10.29837, 15],
			"rotation": {"angle": 0, "axis": "z", "origin": [-6, 10, 14]},
			"faces": {
				"north": {"uv": [0, 0, 16, 16], "texture": "#1"},
				"east": {"uv": [0, 0, 1, 1], "texture": "#0"},
				"south": {"uv": [0, 0, 1, 1], "texture": "#0"}
			}
		},
		{
			"from": [-6.29837, 8.5, 14],
			"to": [-5.70163, 11.5, 15],
			"rotation": {"angle": -45, "axis": "z", "origin": [-6, 10, 14]},
			"faces": {
				"north": {"uv": [0, 0, 16, 16], "texture": "#1"},
				"south": {"uv": [0, 0, 1, 1], "texture": "#0"},
				"up": {"uv": [1, 1, 0, 0], "texture": "#0"}
			}
		},
		{
			"from": [-7.5, 9.70163, 14],
			"to": [-4.5, 10.29837, 15],
			"rotation": {"angle": 22.5, "axis": "z", "origin": [-6, 10, 14]},
			"faces": {
				"north": {"uv": [0, 0, 16, 16], "texture": "#1"},
				"east": {"uv": [0, 0, 1, 1], "texture": "#0"},
				"south": {"uv": [0, 0, 1, 1], "texture": "#0"}
			}
		},
		{
			"from": [-6.29837, 8.5, 28],
			"to": [-5.70163, 11.5, 29],
			"rotation": {"angle": -22.5, "axis": "z", "origin": [-6, 10, 28]},
			"faces": {
				"north": {"uv": [0, 0, 16, 16], "texture": "#1"},
				"south": {"uv": [0, 0, 1, 1], "texture": "#0"},
				"up": {"uv": [1, 1, 0, 0], "texture": "#0"}
			}
		},
		{
			"from": [-6.29837, 8.5, 28],
			"to": [-5.70163, 11.5, 29],
			"rotation": {"angle": 22.5, "axis": "z", "origin": [-6, 10, 28]},
			"faces": {
				"north": {"uv": [0, 0, 16, 16], "texture": "#1"},
				"south": {"uv": [0, 0, 1, 1], "texture": "#0"}
			}
		},
		{
			"from": [-6.29837, 8.5, 28],
			"to": [-5.70163, 11.5, 29],
			"rotation": {"angle": 45, "axis": "z", "origin": [-6, 10, 28]},
			"faces": {
				"north": {"uv": [0, 0, 16, 16], "texture": "#1"},
				"south": {"uv": [0, 0, 1, 1], "texture": "#0"}
			}
		},
		{
			"from": [-7.5, 9.70163, 28],
			"to": [-4.5, 10.29837, 29],
			"rotation": {"angle": -22.5, "axis": "z", "origin": [-6, 10, 28]},
			"faces": {
				"north": {"uv": [0, 0, 16, 16], "texture": "#1"},
				"south": {"uv": [0, 0, 1, 1], "texture": "#0"}
			}
		},
		{
			"from": [-7.5, 9.70163, 28],
			"to": [-4.5, 10.29837, 29],
			"rotation": {"angle": 0, "axis": "z", "origin": [-6, 10, 28]},
			"faces": {
				"north": {"uv": [0, 0, 16, 16], "texture": "#1"},
				"east": {"uv": [0, 0, 1, 1], "texture": "#0"},
				"south": {"uv": [0, 0, 1, 1], "texture": "#0"}
			}
		},
		{
			"from": [-6.29837, 8.5, 28],
			"to": [-5.70163, 11.5, 29],
			"rotation": {"angle": -45, "axis": "z", "origin": [-6, 10, 28]},
			"faces": {
				"north": {"uv": [0, 0, 16, 16], "texture": "#1"},
				"south": {"uv": [0, 0, 1, 1], "texture": "#0"},
				"up": {"uv": [1, 1, 0, 0], "texture": "#0"}
			}
		},
		{
			"from": [-7.5, 9.70163, 28],
			"to": [-4.5, 10.29837, 29],
			"rotation": {"angle": 22.5, "axis": "z", "origin": [-6, 10, 28]},
			"faces": {
				"north": {"uv": [0, 0, 16, 16], "texture": "#1"},
				"east": {"uv": [0, 0, 1, 1], "texture": "#0"},
				"south": {"uv": [0, 0, 1, 1], "texture": "#0"}
			}
		},
		{
			"from": [27.70163, 8.5, 0],
			"to": [28.29837, 11.5, 1],
			"rotation": {"angle": 45, "axis": "z", "origin": [28, 10, 0]},
			"faces": {
				"north": {"uv": [0, 0, 16, 16], "texture": "#1"},
				"south": {"uv": [0, 0, 1, 1], "texture": "#0"}
			}
		},
		{
			"from": [27.70163, 8.5, 0],
			"to": [28.29837, 11.5, 1],
			"rotation": {"angle": 22.5, "axis": "z", "origin": [28, 10, 0]},
			"faces": {
				"north": {"uv": [0, 0, 16, 16], "texture": "#1"},
				"south": {"uv": [0, 0, 1, 1], "texture": "#0"}
			}
		},
		{
			"from": [27.70163, 8.5, 0],
			"to": [28.29837, 11.5, 1],
			"rotation": {"angle": -22.5, "axis": "z", "origin": [28, 10, 0]},
			"faces": {
				"north": {"uv": [0, 0, 16, 16], "texture": "#1"},
				"south": {"uv": [0, 0, 1, 1], "texture": "#0"},
				"up": {"uv": [1, 1, 0, 0], "texture": "#0"}
			}
		},
		{
			"from": [27.70163, 8.5, 0],
			"to": [28.29837, 11.5, 1],
			"rotation": {"angle": -45, "axis": "z", "origin": [28, 10, 0]},
			"faces": {
				"north": {"uv": [0, 0, 16, 16], "texture": "#1"},
				"south": {"uv": [0, 0, 1, 1], "texture": "#0"},
				"up": {"uv": [1, 1, 0, 0], "texture": "#0"}
			}
		},
		{
			"from": [26.5, 9.70163, 0],
			"to": [29.5, 10.29837, 1],
			"rotation": {"angle": 22.5, "axis": "z", "origin": [28, 10, 0]},
			"faces": {
				"north": {"uv": [0, 0, 16, 16], "texture": "#1"},
				"east": {"uv": [0, 0, 1, 1], "texture": "#0"},
				"south": {"uv": [0, 0, 1, 1], "texture": "#0"}
			}
		},
		{
			"from": [26.5, 9.70163, 0],
			"to": [29.5, 10.29837, 1],
			"rotation": {"angle": 0, "axis": "z", "origin": [28, 10, 0]},
			"faces": {
				"north": {"uv": [0, 0, 16, 16], "texture": "#1"},
				"east": {"uv": [0, 0, 1, 1], "texture": "#0"},
				"south": {"uv": [0, 0, 1, 1], "texture": "#0"}
			}
		},
		{
			"from": [26.5, 9.70163, 0],
			"to": [29.5, 10.29837, 1],
			"rotation": {"angle": -22.5, "axis": "z", "origin": [28, 10, 0]},
			"faces": {
				"north": {"uv": [0, 0, 16, 16], "texture": "#1"},
				"south": {"uv": [0, 0, 1, 1], "texture": "#0"}
			}
		},
		{
			"from": [26.5, 9.70163, 14],
			"to": [29.5, 10.29837, 15],
			"rotation": {"angle": 22.5, "axis": "z", "origin": [28, 10, 14]},
			"faces": {
				"north": {"uv": [0, 0, 16, 16], "texture": "#1"},
				"east": {"uv": [0, 0, 1, 1], "texture": "#0"},
				"south": {"uv": [0, 0, 1, 1], "texture": "#0"}
			}
		},
		{
			"from": [27.70163, 8.5, 14],
			"to": [28.29837, 11.5, 15],
			"rotation": {"angle": -45, "axis": "z", "origin": [28, 10, 14]},
			"faces": {
				"north": {"uv": [0, 0, 16, 16], "texture": "#1"},
				"south": {"uv": [0, 0, 1, 1], "texture": "#0"},
				"up": {"uv": [1, 1, 0, 0], "texture": "#0"}
			}
		},
		{
			"from": [26.5, 9.70163, 14],
			"to": [29.5, 10.29837, 15],
			"rotation": {"angle": 0, "axis": "z", "origin": [28, 10, 14]},
			"faces": {
				"north": {"uv": [0, 0, 16, 16], "texture": "#1"},
				"east": {"uv": [0, 0, 1, 1], "texture": "#0"},
				"south": {"uv": [0, 0, 1, 1], "texture": "#0"}
			}
		},
		{
			"from": [26.5, 9.70163, 14],
			"to": [29.5, 10.29837, 15],
			"rotation": {"angle": -22.5, "axis": "z", "origin": [28, 10, 14]},
			"faces": {
				"north": {"uv": [0, 0, 16, 16], "texture": "#1"},
				"south": {"uv": [0, 0, 1, 1], "texture": "#0"}
			}
		},
		{
			"from": [27.70163, 8.5, 14],
			"to": [28.29837, 11.5, 15],
			"rotation": {"angle": 45, "axis": "z", "origin": [28, 10, 14]},
			"faces": {
				"north": {"uv": [0, 0, 16, 16], "texture": "#1"},
				"south": {"uv": [0, 0, 1, 1], "texture": "#0"}
			}
		},
		{
			"from": [27.70163, 8.5, 14],
			"to": [28.29837, 11.5, 15],
			"rotation": {"angle": 22.5, "axis": "z", "origin": [28, 10, 14]},
			"faces": {
				"north": {"uv": [0, 0, 16, 16], "texture": "#1"},
				"south": {"uv": [0, 0, 1, 1], "texture": "#0"}
			}
		},
		{
			"from": [27.70163, 8.5, 14],
			"to": [28.29837, 11.5, 15],
			"rotation": {"angle": -22.5, "axis": "z", "origin": [28, 10, 14]},
			"faces": {
				"north": {"uv": [0, 0, 16, 16], "texture": "#1"},
				"south": {"uv": [0, 0, 1, 1], "texture": "#0"},
				"up": {"uv": [1, 1, 0, 0], "texture": "#0"}
			}
		},
		{
			"from": [26.5, 9.70163, 28],
			"to": [29.5, 10.29837, 29],
			"rotation": {"angle": 22.5, "axis": "z", "origin": [28, 10, 28]},
			"faces": {
				"north": {"uv": [0, 0, 16, 16], "texture": "#1"},
				"east": {"uv": [0, 0, 1, 1], "texture": "#0"},
				"south": {"uv": [0, 0, 1, 1], "texture": "#0"}
			}
		},
		{
			"from": [27.70163, 8.5, 28],
			"to": [28.29837, 11.5, 29],
			"rotation": {"angle": -45, "axis": "z", "origin": [28, 10, 28]},
			"faces": {
				"north": {"uv": [0, 0, 16, 16], "texture": "#1"},
				"south": {"uv": [0, 0, 1, 1], "texture": "#0"},
				"up": {"uv": [1, 1, 0, 0], "texture": "#0"}
			}
		},
		{
			"from": [26.5, 9.70163, 28],
			"to": [29.5, 10.29837, 29],
			"rotation": {"angle": 0, "axis": "z", "origin": [28, 10, 28]},
			"faces": {
				"north": {"uv": [0, 0, 16, 16], "texture": "#1"},
				"east": {"uv": [0, 0, 1, 1], "texture": "#0"},
				"south": {"uv": [0, 0, 1, 1], "texture": "#0"}
			}
		},
		{
			"from": [26.5, 9.70163, 28],
			"to": [29.5, 10.29837, 29],
			"rotation": {"angle": -22.5, "axis": "z", "origin": [28, 10, 28]},
			"faces": {
				"north": {"uv": [0, 0, 16, 16], "texture": "#1"},
				"south": {"uv": [0, 0, 1, 1], "texture": "#0"}
			}
		},
		{
			"from": [27.70163, 8.5, 28],
			"to": [28.29837, 11.5, 29],
			"rotation": {"angle": 45, "axis": "z", "origin": [28, 10, 28]},
			"faces": {
				"north": {"uv": [0, 0, 16, 16], "texture": "#1"},
				"south": {"uv": [0, 0, 1, 1], "texture": "#0"}
			}
		},
		{
			"from": [27.70163, 8.5, 28],
			"to": [28.29837, 11.5, 29],
			"rotation": {"angle": 22.5, "axis": "z", "origin": [28, 10, 28]},
			"faces": {
				"north": {"uv": [0, 0, 16, 16], "texture": "#1"},
				"south": {"uv": [0, 0, 1, 1], "texture": "#0"}
			}
		},
		{
			"from": [27.70163, 8.5, 28],
			"to": [28.29837, 11.5, 29],
			"rotation": {"angle": -22.5, "axis": "z", "origin": [28, 10, 28]},
			"faces": {
				"north": {"uv": [0, 0, 16, 16], "texture": "#1"},
				"south": {"uv": [0, 0, 1, 1], "texture": "#0"},
				"up": {"uv": [1, 1, 0, 0], "texture": "#0"}
			}
		},
		{
			"from": [16.70163, 8.5, 0],
			"to": [17.29837, 11.5, 1],
			"rotation": {"angle": 45, "axis": "z", "origin": [17, 10, 0]},
			"faces": {
				"north": {"uv": [0, 0, 16, 16], "texture": "#1"},
				"south": {"uv": [0, 0, 1, 1], "texture": "#0"}
			}
		},
		{
			"from": [16.70163, 8.5, 0],
			"to": [17.29837, 11.5, 1],
			"rotation": {"angle": 22.5, "axis": "z", "origin": [17, 10, 0]},
			"faces": {
				"north": {"uv": [0, 0, 16, 16], "texture": "#1"},
				"south": {"uv": [0, 0, 1, 1], "texture": "#0"}
			}
		},
		{
			"from": [16.70163, 8.5, 0],
			"to": [17.29837, 11.5, 1],
			"rotation": {"angle": -22.5, "axis": "z", "origin": [17, 10, 0]},
			"faces": {
				"north": {"uv": [0, 0, 16, 16], "texture": "#1"},
				"south": {"uv": [0, 0, 1, 1], "texture": "#0"},
				"up": {"uv": [1, 1, 0, 0], "texture": "#0"}
			}
		},
		{
			"from": [16.70163, 8.5, 0],
			"to": [17.29837, 11.5, 1],
			"rotation": {"angle": -45, "axis": "z", "origin": [17, 10, 0]},
			"faces": {
				"north": {"uv": [0, 0, 16, 16], "texture": "#1"},
				"south": {"uv": [0, 0, 1, 1], "texture": "#0"},
				"up": {"uv": [1, 1, 0, 0], "texture": "#0"}
			}
		},
		{
			"from": [15.5, 9.70163, 0],
			"to": [18.5, 10.29837, 1],
			"rotation": {"angle": 22.5, "axis": "z", "origin": [17, 10, 0]},
			"faces": {
				"north": {"uv": [0, 0, 16, 16], "texture": "#1"},
				"east": {"uv": [0, 0, 1, 1], "texture": "#0"},
				"south": {"uv": [0, 0, 1, 1], "texture": "#0"}
			}
		},
		{
			"from": [15.5, 9.70163, 0],
			"to": [18.5, 10.29837, 1],
			"rotation": {"angle": 0, "axis": "z", "origin": [17, 10, 0]},
			"faces": {
				"north": {"uv": [0, 0, 16, 16], "texture": "#1"},
				"east": {"uv": [0, 0, 1, 1], "texture": "#0"},
				"south": {"uv": [0, 0, 1, 1], "texture": "#0"}
			}
		},
		{
			"from": [15.5, 9.70163, 0],
			"to": [18.5, 10.29837, 1],
			"rotation": {"angle": -22.5, "axis": "z", "origin": [17, 10, 0]},
			"faces": {
				"north": {"uv": [0, 0, 16, 16], "texture": "#1"},
				"south": {"uv": [0, 0, 1, 1], "texture": "#0"}
			}
		},
		{
			"from": [15.5, 9.70163, 14],
			"to": [18.5, 10.29837, 15],
			"rotation": {"angle": 22.5, "axis": "z", "origin": [17, 10, 14]},
			"faces": {
				"north": {"uv": [0, 0, 16, 16], "texture": "#1"},
				"east": {"uv": [0, 0, 1, 1], "texture": "#0"},
				"south": {"uv": [0, 0, 1, 1], "texture": "#0"}
			}
		},
		{
			"from": [16.70163, 8.5, 14],
			"to": [17.29837, 11.5, 15],
			"rotation": {"angle": -45, "axis": "z", "origin": [17, 10, 14]},
			"faces": {
				"north": {"uv": [0, 0, 16, 16], "texture": "#1"},
				"south": {"uv": [0, 0, 1, 1], "texture": "#0"},
				"up": {"uv": [1, 1, 0, 0], "texture": "#0"}
			}
		},
		{
			"from": [15.5, 9.70163, 14],
			"to": [18.5, 10.29837, 15],
			"rotation": {"angle": 0, "axis": "z", "origin": [17, 10, 14]},
			"faces": {
				"north": {"uv": [0, 0, 16, 16], "texture": "#1"},
				"east": {"uv": [0, 0, 1, 1], "texture": "#0"},
				"south": {"uv": [0, 0, 1, 1], "texture": "#0"}
			}
		},
		{
			"from": [15.5, 9.70163, 14],
			"to": [18.5, 10.29837, 15],
			"rotation": {"angle": -22.5, "axis": "z", "origin": [17, 10, 14]},
			"faces": {
				"north": {"uv": [0, 0, 16, 16], "texture": "#1"},
				"south": {"uv": [0, 0, 1, 1], "texture": "#0"}
			}
		},
		{
			"from": [16.70163, 8.5, 14],
			"to": [17.29837, 11.5, 15],
			"rotation": {"angle": 45, "axis": "z", "origin": [17, 10, 14]},
			"faces": {
				"north": {"uv": [0, 0, 16, 16], "texture": "#1"},
				"south": {"uv": [0, 0, 1, 1], "texture": "#0"}
			}
		},
		{
			"from": [16.70163, 8.5, 14],
			"to": [17.29837, 11.5, 15],
			"rotation": {"angle": 22.5, "axis": "z", "origin": [17, 10, 14]},
			"faces": {
				"north": {"uv": [0, 0, 16, 16], "texture": "#1"},
				"south": {"uv": [0, 0, 1, 1], "texture": "#0"}
			}
		},
		{
			"from": [16.70163, 8.5, 14],
			"to": [17.29837, 11.5, 15],
			"rotation": {"angle": -22.5, "axis": "z", "origin": [17, 10, 14]},
			"faces": {
				"north": {"uv": [0, 0, 16, 16], "texture": "#1"},
				"south": {"uv": [0, 0, 1, 1], "texture": "#0"},
				"up": {"uv": [1, 1, 0, 0], "texture": "#0"}
			}
		},
		{
			"from": [15.5, 9.70163, 28],
			"to": [18.5, 10.29837, 29],
			"rotation": {"angle": 22.5, "axis": "z", "origin": [17, 10, 28]},
			"faces": {
				"north": {"uv": [0, 0, 16, 16], "texture": "#1"},
				"east": {"uv": [0, 0, 1, 1], "texture": "#0"},
				"south": {"uv": [0, 0, 1, 1], "texture": "#0"}
			}
		},
		{
			"from": [16.70163, 8.5, 28],
			"to": [17.29837, 11.5, 29],
			"rotation": {"angle": -45, "axis": "z", "origin": [17, 10, 28]},
			"faces": {
				"north": {"uv": [0, 0, 16, 16], "texture": "#1"},
				"south": {"uv": [0, 0, 1, 1], "texture": "#0"},
				"up": {"uv": [1, 1, 0, 0], "texture": "#0"}
			}
		},
		{
			"from": [15.5, 9.70163, 28],
			"to": [18.5, 10.29837, 29],
			"rotation": {"angle": 0, "axis": "z", "origin": [17, 10, 28]},
			"faces": {
				"north": {"uv": [0, 0, 16, 16], "texture": "#1"},
				"east": {"uv": [0, 0, 1, 1], "texture": "#0"},
				"south": {"uv": [0, 0, 1, 1], "texture": "#0"}
			}
		},
		{
			"from": [15.5, 9.70163, 28],
			"to": [18.5, 10.29837, 29],
			"rotation": {"angle": -22.5, "axis": "z", "origin": [17, 10, 28]},
			"faces": {
				"north": {"uv": [0, 0, 16, 16], "texture": "#1"},
				"south": {"uv": [0, 0, 1, 1], "texture": "#0"}
			}
		},
		{
			"from": [16.70163, 8.5, 28],
			"to": [17.29837, 11.5, 29],
			"rotation": {"angle": 45, "axis": "z", "origin": [17, 10, 28]},
			"faces": {
				"north": {"uv": [0, 0, 16, 16], "texture": "#1"},
				"south": {"uv": [0, 0, 1, 1], "texture": "#0"}
			}
		},
		{
			"from": [16.70163, 8.5, 28],
			"to": [17.29837, 11.5, 29],
			"rotation": {"angle": 22.5, "axis": "z", "origin": [17, 10, 28]},
			"faces": {
				"north": {"uv": [0, 0, 16, 16], "texture": "#1"},
				"south": {"uv": [0, 0, 1, 1], "texture": "#0"}
			}
		},
		{
			"from": [16.70163, 8.5, 28],
			"to": [17.29837, 11.5, 29],
			"rotation": {"angle": -22.5, "axis": "z", "origin": [17, 10, 28]},
			"faces": {
				"north": {"uv": [0, 0, 16, 16], "texture": "#1"},
				"south": {"uv": [0, 0, 1, 1], "texture": "#0"},
				"up": {"uv": [1, 1, 0, 0], "texture": "#0"}
			}
		},
		{
			"from": [-12.29837, 8.5, 0],
			"to": [-11.70163, 11.5, 1],
			"rotation": {"angle": 45, "axis": "z", "origin": [-12, 10, 0]},
			"faces": {
				"north": {"uv": [0, 0, 16, 16], "texture": "#1"},
				"south": {"uv": [0, 0, 1, 1], "texture": "#0"},
				"up": {"uv": [1, 1, 0, 0], "texture": "#0"}
			}
		},
		{
			"from": [-12.29837, 8.5, 0],
			"to": [-11.70163, 11.5, 1],
			"rotation": {"angle": 22.5, "axis": "z", "origin": [-12, 10, 0]},
			"faces": {
				"north": {"uv": [0, 0, 16, 16], "texture": "#1"},
				"south": {"uv": [0, 0, 1, 1], "texture": "#0"},
				"up": {"uv": [1, 1, 0, 0], "texture": "#0"}
			}
		},
		{
			"from": [-12.29837, 8.5, 0],
			"to": [-5.70163, 11.5, 1],
			"rotation": {"angle": 0, "axis": "z", "origin": [-12, 10, 0]},
			"faces": {
				"north": {"uv": [0, 0, 16, 16], "texture": "#1"},
				"south": {"uv": [0, 0, 1, 1], "texture": "#0"},
				"up": {"uv": [1, 1, 0, 0], "texture": "#0"}
			}
		},
		{
			"from": [-12.29837, 8.5, 0],
			"to": [-11.70163, 11.5, 1],
			"rotation": {"angle": -22.5, "axis": "z", "origin": [-12, 10, 0]},
			"faces": {
				"north": {"uv": [0, 0, 16, 16], "texture": "#1"},
				"south": {"uv": [0, 0, 1, 1], "texture": "#0"}
			}
		},
		{
			"from": [-12.29837, 8.5, 0],
			"to": [-11.70163, 11.5, 1],
			"rotation": {"angle": -45, "axis": "z", "origin": [-12, 10, 0]},
			"faces": {
				"north": {"uv": [0, 0, 16, 16], "texture": "#1"},
				"south": {"uv": [0, 0, 1, 1], "texture": "#0"}
			}
		},
		{
			"from": [-13.5, 9.70163, 0],
			"to": [-10.5, 10.29837, 1],
			"rotation": {"angle": 22.5, "axis": "z", "origin": [-12, 10, 0]},
			"faces": {
				"north": {"uv": [0, 0, 16, 16], "texture": "#1"},
				"south": {"uv": [0, 0, 1, 1], "texture": "#0"}
			}
		},
		{
			"from": [-13.5, 9.70163, 0],
			"to": [-10.5, 10.29837, 1],
			"rotation": {"angle": 0, "axis": "z", "origin": [-12, 10, 0]},
			"faces": {
				"north": {"uv": [0, 0, 16, 16], "texture": "#1"},
				"south": {"uv": [0, 0, 1, 1], "texture": "#0"},
				"west": {"uv": [0, 0, 1, 1], "texture": "#0"}
			}
		},
		{
			"from": [-13.5, 9.70163, 0],
			"to": [-10.5, 10.29837, 1],
			"rotation": {"angle": -22.5, "axis": "z", "origin": [-12, 10, 0]},
			"faces": {
				"north": {"uv": [0, 0, 16, 16], "texture": "#1"},
				"south": {"uv": [0, 0, 1, 1], "texture": "#0"},
				"west": {"uv": [0, 0, 1, 1], "texture": "#0"}
			}
		},
		{
			"from": [-12.29837, 8.5, 14],
			"to": [-11.70163, 11.5, 15],
			"rotation": {"angle": 45, "axis": "z", "origin": [-12, 10, 14]},
			"faces": {
				"north": {"uv": [0, 0, 16, 16], "texture": "#1"},
				"south": {"uv": [0, 0, 1, 1], "texture": "#0"},
				"up": {"uv": [1, 1, 0, 0], "texture": "#0"}
			}
		},
		{
			"from": [-12.29837, 8.5, 14],
			"to": [-11.70163, 11.5, 15],
			"rotation": {"angle": 22.5, "axis": "z", "origin": [-12, 10, 14]},
			"faces": {
				"north": {"uv": [0, 0, 16, 16], "texture": "#1"},
				"south": {"uv": [0, 0, 1, 1], "texture": "#0"},
				"up": {"uv": [1, 1, 0, 0], "texture": "#0"}
			}
		},
		{
			"from": [-12.29837, 8.5, 14],
			"to": [-5.70163, 11.5, 15],
			"rotation": {"angle": 0, "axis": "z", "origin": [-12, 10, 14]},
			"faces": {
				"north": {"uv": [0, 0, 16, 16], "texture": "#1"},
				"south": {"uv": [0, 0, 1, 1], "texture": "#0"},
				"up": {"uv": [1, 1, 0, 0], "texture": "#0"}
			}
		},
		{
			"from": [-12.29837, 8.5, 14],
			"to": [-11.70163, 11.5, 15],
			"rotation": {"angle": -22.5, "axis": "z", "origin": [-12, 10, 14]},
			"faces": {
				"north": {"uv": [0, 0, 16, 16], "texture": "#1"},
				"south": {"uv": [0, 0, 1, 1], "texture": "#0"}
			}
		},
		{
			"from": [-12.29837, 8.5, 14],
			"to": [-11.70163, 11.5, 15],
			"rotation": {"angle": -45, "axis": "z", "origin": [-12, 10, 14]},
			"faces": {
				"north": {"uv": [0, 0, 16, 16], "texture": "#1"},
				"south": {"uv": [0, 0, 1, 1], "texture": "#0"}
			}
		},
		{
			"from": [-13.5, 9.70163, 14],
			"to": [-10.5, 10.29837, 15],
			"rotation": {"angle": 22.5, "axis": "z", "origin": [-12, 10, 14]},
			"faces": {
				"north": {"uv": [0, 0, 16, 16], "texture": "#1"},
				"south": {"uv": [0, 0, 1, 1], "texture": "#0"}
			}
		},
		{
			"from": [-13.5, 9.70163, 14],
			"to": [-10.5, 10.29837, 15],
			"rotation": {"angle": 0, "axis": "z", "origin": [-12, 10, 14]},
			"faces": {
				"north": {"uv": [0, 0, 16, 16], "texture": "#1"},
				"south": {"uv": [0, 0, 1, 1], "texture": "#0"},
				"west": {"uv": [0, 0, 1, 1], "texture": "#0"}
			}
		},
		{
			"from": [-13.5, 9.70163, 14],
			"to": [-10.5, 10.29837, 15],
			"rotation": {"angle": -22.5, "axis": "z", "origin": [-12, 10, 14]},
			"faces": {
				"north": {"uv": [0, 0, 16, 16], "texture": "#1"},
				"south": {"uv": [0, 0, 1, 1], "texture": "#0"},
				"west": {"uv": [0, 0, 1, 1], "texture": "#0"}
			}
		},
		{
			"from": [-12.29837, 8.5, 28],
			"to": [-11.70163, 11.5, 29],
			"rotation": {"angle": 45, "axis": "z", "origin": [-12, 10, 28]},
			"faces": {
				"north": {"uv": [0, 0, 16, 16], "texture": "#1"},
				"south": {"uv": [0, 0, 1, 1], "texture": "#0"},
				"up": {"uv": [1, 1, 0, 0], "texture": "#0"}
			}
		},
		{
			"from": [-12.29837, 8.5, 28],
			"to": [-11.70163, 11.5, 29],
			"rotation": {"angle": 22.5, "axis": "z", "origin": [-12, 10, 28]},
			"faces": {
				"north": {"uv": [0, 0, 16, 16], "texture": "#1"},
				"south": {"uv": [0, 0, 1, 1], "texture": "#0"},
				"up": {"uv": [1, 1, 0, 0], "texture": "#0"}
			}
		},
		{
			"from": [-12.29837, 8.5, 28],
			"to": [-5.70163, 11.5, 29],
			"rotation": {"angle": 0, "axis": "z", "origin": [-12, 10, 28]},
			"faces": {
				"north": {"uv": [0, 0, 16, 16], "texture": "#1"},
				"south": {"uv": [0, 0, 1, 1], "texture": "#0"},
				"up": {"uv": [1, 1, 0, 0], "texture": "#0"}
			}
		},
		{
			"from": [-12.29837, 8.5, 28],
			"to": [-11.70163, 11.5, 29],
			"rotation": {"angle": -22.5, "axis": "z", "origin": [-12, 10, 28]},
			"faces": {
				"north": {"uv": [0, 0, 16, 16], "texture": "#1"},
				"south": {"uv": [0, 0, 1, 1], "texture": "#0"}
			}
		},
		{
			"from": [-12.29837, 8.5, 28],
			"to": [-11.70163, 11.5, 29],
			"rotation": {"angle": -45, "axis": "z", "origin": [-12, 10, 28]},
			"faces": {
				"north": {"uv": [0, 0, 16, 16], "texture": "#1"},
				"south": {"uv": [0, 0, 1, 1], "texture": "#0"}
			}
		},
		{
			"from": [-13.5, 9.70163, 28],
			"to": [-10.5, 10.29837, 29],
			"rotation": {"angle": 22.5, "axis": "z", "origin": [-12, 10, 28]},
			"faces": {
				"north": {"uv": [0, 0, 16, 16], "texture": "#1"},
				"south": {"uv": [0, 0, 1, 1], "texture": "#0"}
			}
		},
		{
			"from": [-13.5, 9.70163, 28],
			"to": [-10.5, 10.29837, 29],
			"rotation": {"angle": 0, "axis": "z", "origin": [-12, 10, 28]},
			"faces": {
				"north": {"uv": [0, 0, 16, 16], "texture": "#1"},
				"south": {"uv": [0, 0, 1, 1], "texture": "#0"},
				"west": {"uv": [0, 0, 1, 1], "texture": "#0"}
			}
		},
		{
			"from": [-13.5, 9.70163, 28],
			"to": [-10.5, 10.29837, 29],
			"rotation": {"angle": -22.5, "axis": "z", "origin": [-12, 10, 28]},
			"faces": {
				"north": {"uv": [0, 0, 16, 16], "texture": "#1"},
				"south": {"uv": [0, 0, 1, 1], "texture": "#0"},
				"west": {"uv": [0, 0, 1, 1], "texture": "#0"}
			}
		},
		{
			"from": [21.70163, 8.5, 0],
			"to": [22.29837, 11.5, 1],
			"rotation": {"angle": 45, "axis": "z", "origin": [22, 10, 0]},
			"faces": {
				"north": {"uv": [0, 0, 16, 16], "texture": "#1"},
				"south": {"uv": [0, 0, 1, 1], "texture": "#0"},
				"up": {"uv": [1, 1, 0, 0], "texture": "#0"}
			}
		},
		{
			"from": [21.70163, 8.5, 0],
			"to": [22.29837, 11.5, 1],
			"rotation": {"angle": 22.5, "axis": "z", "origin": [22, 10, 0]},
			"faces": {
				"north": {"uv": [0, 0, 16, 16], "texture": "#1"},
				"south": {"uv": [0, 0, 1, 1], "texture": "#0"},
				"up": {"uv": [1, 1, 0, 0], "texture": "#0"}
			}
		},
		{
			"from": [21.70163, 8.5, 0],
			"to": [28.29837, 11.5, 1],
			"rotation": {"angle": 0, "axis": "z", "origin": [22, 10, 0]},
			"faces": {
				"north": {"uv": [0, 0, 16, 16], "texture": "#1"},
				"south": {"uv": [0, 0, 1, 1], "texture": "#0"},
				"up": {"uv": [1, 1, 0, 0], "texture": "#0"}
			}
		},
		{
			"from": [21.70163, 8.5, 0],
			"to": [22.29837, 11.5, 1],
			"rotation": {"angle": -22.5, "axis": "z", "origin": [22, 10, 0]},
			"faces": {
				"north": {"uv": [0, 0, 16, 16], "texture": "#1"},
				"south": {"uv": [0, 0, 1, 1], "texture": "#0"}
			}
		},
		{
			"from": [21.70163, 8.5, 0],
			"to": [22.29837, 11.5, 1],
			"rotation": {"angle": -45, "axis": "z", "origin": [22, 10, 0]},
			"faces": {
				"north": {"uv": [0, 0, 16, 16], "texture": "#1"},
				"south": {"uv": [0, 0, 1, 1], "texture": "#0"}
			}
		},
		{
			"from": [20.5, 9.70163, 0],
			"to": [23.5, 10.29837, 1],
			"rotation": {"angle": 22.5, "axis": "z", "origin": [22, 10, 0]},
			"faces": {
				"north": {"uv": [0, 0, 16, 16], "texture": "#1"},
				"south": {"uv": [0, 0, 1, 1], "texture": "#0"}
			}
		},
		{
			"from": [20.5, 9.70163, 0],
			"to": [23.5, 10.29837, 1],
			"rotation": {"angle": 0, "axis": "z", "origin": [22, 10, 0]},
			"faces": {
				"north": {"uv": [0, 0, 16, 16], "texture": "#1"},
				"south": {"uv": [0, 0, 1, 1], "texture": "#0"},
				"west": {"uv": [0, 0, 1, 1], "texture": "#0"}
			}
		},
		{
			"from": [20.5, 9.70163, 0],
			"to": [23.5, 10.29837, 1],
			"rotation": {"angle": -22.5, "axis": "z", "origin": [22, 10, 0]},
			"faces": {
				"north": {"uv": [0, 0, 16, 16], "texture": "#1"},
				"south": {"uv": [0, 0, 1, 1], "texture": "#0"},
				"west": {"uv": [0, 0, 1, 1], "texture": "#0"}
			}
		},
		{
			"from": [20.5, 9.70163, 14],
			"to": [23.5, 10.29837, 15],
			"rotation": {"angle": -22.5, "axis": "z", "origin": [22, 10, 14]},
			"faces": {
				"north": {"uv": [0, 0, 16, 16], "texture": "#1"},
				"south": {"uv": [0, 0, 1, 1], "texture": "#0"},
				"west": {"uv": [0, 0, 1, 1], "texture": "#0"}
			}
		},
		{
			"from": [20.5, 9.70163, 14],
			"to": [23.5, 10.29837, 15],
			"rotation": {"angle": 0, "axis": "z", "origin": [22, 10, 14]},
			"faces": {
				"north": {"uv": [0, 0, 16, 16], "texture": "#1"},
				"south": {"uv": [0, 0, 1, 1], "texture": "#0"},
				"west": {"uv": [0, 0, 1, 1], "texture": "#0"}
			}
		},
		{
			"from": [20.5, 9.70163, 14],
			"to": [23.5, 10.29837, 15],
			"rotation": {"angle": 22.5, "axis": "z", "origin": [22, 10, 14]},
			"faces": {
				"north": {"uv": [0, 0, 16, 16], "texture": "#1"},
				"south": {"uv": [0, 0, 1, 1], "texture": "#0"}
			}
		},
		{
			"from": [21.70163, 8.5, 14],
			"to": [22.29837, 11.5, 15],
			"rotation": {"angle": -45, "axis": "z", "origin": [22, 10, 14]},
			"faces": {
				"north": {"uv": [0, 0, 16, 16], "texture": "#1"},
				"south": {"uv": [0, 0, 1, 1], "texture": "#0"}
			}
		},
		{
			"from": [21.70163, 8.5, 14],
			"to": [22.29837, 11.5, 15],
			"rotation": {"angle": -22.5, "axis": "z", "origin": [22, 10, 14]},
			"faces": {
				"north": {"uv": [0, 0, 16, 16], "texture": "#1"},
				"south": {"uv": [0, 0, 1, 1], "texture": "#0"}
			}
		},
		{
			"from": [21.70163, 8.5, 14],
			"to": [28.29837, 11.5, 15],
			"rotation": {"angle": 0, "axis": "z", "origin": [22, 10, 14]},
			"faces": {
				"north": {"uv": [0, 0, 16, 16], "texture": "#1"},
				"south": {"uv": [0, 0, 1, 1], "texture": "#0"},
				"up": {"uv": [1, 1, 0, 0], "texture": "#0"}
			}
		},
		{
			"from": [21.70163, 8.5, 14],
			"to": [22.29837, 11.5, 15],
			"rotation": {"angle": 22.5, "axis": "z", "origin": [22, 10, 14]},
			"faces": {
				"north": {"uv": [0, 0, 16, 16], "texture": "#1"},
				"south": {"uv": [0, 0, 1, 1], "texture": "#0"},
				"up": {"uv": [1, 1, 0, 0], "texture": "#0"}
			}
		},
		{
			"from": [21.70163, 8.5, 14],
			"to": [22.29837, 11.5, 15],
			"rotation": {"angle": 45, "axis": "z", "origin": [22, 10, 14]},
			"faces": {
				"north": {"uv": [0, 0, 16, 16], "texture": "#1"},
				"south": {"uv": [0, 0, 1, 1], "texture": "#0"},
				"up": {"uv": [1, 1, 0, 0], "texture": "#0"}
			}
		},
		{
			"from": [20.5, 9.70163, 28],
			"to": [23.5, 10.29837, 29],
			"rotation": {"angle": -22.5, "axis": "z", "origin": [22, 10, 28]},
			"faces": {
				"north": {"uv": [0, 0, 16, 16], "texture": "#1"},
				"south": {"uv": [0, 0, 1, 1], "texture": "#0"},
				"west": {"uv": [0, 0, 1, 1], "texture": "#0"}
			}
		},
		{
			"from": [20.5, 9.70163, 28],
			"to": [23.5, 10.29837, 29],
			"rotation": {"angle": 0, "axis": "z", "origin": [22, 10, 28]},
			"faces": {
				"north": {"uv": [0, 0, 16, 16], "texture": "#1"},
				"south": {"uv": [0, 0, 1, 1], "texture": "#0"},
				"west": {"uv": [0, 0, 1, 1], "texture": "#0"}
			}
		},
		{
			"from": [20.5, 9.70163, 28],
			"to": [23.5, 10.29837, 29],
			"rotation": {"angle": 22.5, "axis": "z", "origin": [22, 10, 28]},
			"faces": {
				"north": {"uv": [0, 0, 16, 16], "texture": "#1"},
				"south": {"uv": [0, 0, 1, 1], "texture": "#0"}
			}
		},
		{
			"from": [21.70163, 8.5, 28],
			"to": [22.29837, 11.5, 29],
			"rotation": {"angle": -45, "axis": "z", "origin": [22, 10, 28]},
			"faces": {
				"north": {"uv": [0, 0, 16, 16], "texture": "#1"},
				"south": {"uv": [0, 0, 1, 1], "texture": "#0"}
			}
		},
		{
			"from": [21.70163, 8.5, 28],
			"to": [22.29837, 11.5, 29],
			"rotation": {"angle": -22.5, "axis": "z", "origin": [22, 10, 28]},
			"faces": {
				"north": {"uv": [0, 0, 16, 16], "texture": "#1"},
				"south": {"uv": [0, 0, 1, 1], "texture": "#0"}
			}
		},
		{
			"from": [21.70163, 8.5, 28],
			"to": [28.29837, 11.5, 29],
			"rotation": {"angle": 0, "axis": "z", "origin": [22, 10, 28]},
			"faces": {
				"north": {"uv": [0, 0, 16, 16], "texture": "#1"},
				"south": {"uv": [0, 0, 1, 1], "texture": "#0"},
				"up": {"uv": [1, 1, 0, 0], "texture": "#0"}
			}
		},
		{
			"from": [21.70163, 8.5, 28],
			"to": [22.29837, 11.5, 29],
			"rotation": {"angle": 22.5, "axis": "z", "origin": [22, 10, 28]},
			"faces": {
				"north": {"uv": [0, 0, 16, 16], "texture": "#1"},
				"south": {"uv": [0, 0, 1, 1], "texture": "#0"},
				"up": {"uv": [1, 1, 0, 0], "texture": "#0"}
			}
		},
		{
			"from": [21.70163, 8.5, 28],
			"to": [22.29837, 11.5, 29],
			"rotation": {"angle": 45, "axis": "z", "origin": [22, 10, 28]},
			"faces": {
				"north": {"uv": [0, 0, 16, 16], "texture": "#1"},
				"south": {"uv": [0, 0, 1, 1], "texture": "#0"},
				"up": {"uv": [1, 1, 0, 0], "texture": "#0"}
			}
		},
		{
			"from": [10.70163, 8.5, 0],
			"to": [11.29837, 11.5, 1],
			"rotation": {"angle": 45, "axis": "z", "origin": [11, 10, 0]},
			"faces": {
				"north": {"uv": [0, 0, 16, 16], "texture": "#1"},
				"south": {"uv": [0, 0, 1, 1], "texture": "#0"},
				"up": {"uv": [1, 1, 0, 0], "texture": "#0"}
			}
		},
		{
			"from": [10.70163, 8.5, 0],
			"to": [11.29837, 11.5, 1],
			"rotation": {"angle": 22.5, "axis": "z", "origin": [11, 10, 0]},
			"faces": {
				"north": {"uv": [0, 0, 16, 16], "texture": "#1"},
				"south": {"uv": [0, 0, 1, 1], "texture": "#0"},
				"up": {"uv": [1, 1, 0, 0], "texture": "#0"}
			}
		},
		{
			"from": [10.70163, 8.5, 0],
			"to": [17.29837, 11.5, 1],
			"rotation": {"angle": 0, "axis": "z", "origin": [11, 10, 0]},
			"faces": {
				"north": {"uv": [0, 0, 16, 16], "texture": "#1"},
				"south": {"uv": [0, 0, 1, 1], "texture": "#0"},
				"up": {"uv": [1, 1, 0, 0], "texture": "#0"}
			}
		},
		{
			"from": [10.70163, 8.5, 0],
			"to": [11.29837, 11.5, 1],
			"rotation": {"angle": -22.5, "axis": "z", "origin": [11, 10, 0]},
			"faces": {
				"north": {"uv": [0, 0, 16, 16], "texture": "#1"},
				"south": {"uv": [0, 0, 1, 1], "texture": "#0"}
			}
		},
		{
			"from": [10.70163, 8.5, 0],
			"to": [11.29837, 11.5, 1],
			"rotation": {"angle": -45, "axis": "z", "origin": [11, 10, 0]},
			"faces": {
				"north": {"uv": [0, 0, 16, 16], "texture": "#1"},
				"south": {"uv": [0, 0, 1, 1], "texture": "#0"}
			}
		},
		{
			"from": [9.5, 9.70163, 0],
			"to": [12.5, 10.29837, 1],
			"rotation": {"angle": 22.5, "axis": "z", "origin": [11, 10, 0]},
			"faces": {
				"north": {"uv": [0, 0, 16, 16], "texture": "#1"},
				"south": {"uv": [0, 0, 1, 1], "texture": "#0"}
			}
		},
		{
			"from": [9.5, 9.70163, 0],
			"to": [12.5, 10.29837, 1],
			"rotation": {"angle": 0, "axis": "z", "origin": [11, 10, 0]},
			"faces": {
				"north": {"uv": [0, 0, 16, 16], "texture": "#1"},
				"south": {"uv": [0, 0, 1, 1], "texture": "#0"},
				"west": {"uv": [0, 0, 1, 1], "texture": "#0"}
			}
		},
		{
			"from": [9.5, 9.70163, 0],
			"to": [12.5, 10.29837, 1],
			"rotation": {"angle": -22.5, "axis": "z", "origin": [11, 10, 0]},
			"faces": {
				"north": {"uv": [0, 0, 16, 16], "texture": "#1"},
				"south": {"uv": [0, 0, 1, 1], "texture": "#0"},
				"west": {"uv": [0, 0, 1, 1], "texture": "#0"}
			}
		},
		{
			"from": [9.5, 9.70163, 14],
			"to": [12.5, 10.29837, 15],
			"rotation": {"angle": -22.5, "axis": "z", "origin": [11, 10, 14]},
			"faces": {
				"north": {"uv": [0, 0, 16, 16], "texture": "#1"},
				"south": {"uv": [0, 0, 1, 1], "texture": "#0"},
				"west": {"uv": [0, 0, 1, 1], "texture": "#0"}
			}
		},
		{
			"from": [9.5, 9.70163, 14],
			"to": [12.5, 10.29837, 15],
			"rotation": {"angle": 0, "axis": "z", "origin": [11, 10, 14]},
			"faces": {
				"north": {"uv": [0, 0, 16, 16], "texture": "#1"},
				"south": {"uv": [0, 0, 1, 1], "texture": "#0"},
				"west": {"uv": [0, 0, 1, 1], "texture": "#0"}
			}
		},
		{
			"from": [9.5, 9.70163, 14],
			"to": [12.5, 10.29837, 15],
			"rotation": {"angle": 22.5, "axis": "z", "origin": [11, 10, 14]},
			"faces": {
				"north": {"uv": [0, 0, 16, 16], "texture": "#1"},
				"south": {"uv": [0, 0, 1, 1], "texture": "#0"}
			}
		},
		{
			"from": [10.70163, 8.5, 14],
			"to": [11.29837, 11.5, 15],
			"rotation": {"angle": -45, "axis": "z", "origin": [11, 10, 14]},
			"faces": {
				"north": {"uv": [0, 0, 16, 16], "texture": "#1"},
				"south": {"uv": [0, 0, 1, 1], "texture": "#0"}
			}
		},
		{
			"from": [10.70163, 8.5, 14],
			"to": [11.29837, 11.5, 15],
			"rotation": {"angle": -22.5, "axis": "z", "origin": [11, 10, 14]},
			"faces": {
				"north": {"uv": [0, 0, 16, 16], "texture": "#1"},
				"south": {"uv": [0, 0, 1, 1], "texture": "#0"}
			}
		},
		{
			"from": [10.70163, 8.5, 14],
			"to": [17.29837, 11.5, 15],
			"rotation": {"angle": 0, "axis": "z", "origin": [11, 10, 14]},
			"faces": {
				"north": {"uv": [0, 0, 16, 16], "texture": "#1"},
				"south": {"uv": [0, 0, 1, 1], "texture": "#0"},
				"up": {"uv": [1, 1, 0, 0], "texture": "#0"}
			}
		},
		{
			"from": [10.70163, 8.5, 14],
			"to": [11.29837, 11.5, 15],
			"rotation": {"angle": 22.5, "axis": "z", "origin": [11, 10, 14]},
			"faces": {
				"north": {"uv": [0, 0, 16, 16], "texture": "#1"},
				"south": {"uv": [0, 0, 1, 1], "texture": "#0"},
				"up": {"uv": [1, 1, 0, 0], "texture": "#0"}
			}
		},
		{
			"from": [10.70163, 8.5, 14],
			"to": [11.29837, 11.5, 15],
			"rotation": {"angle": 45, "axis": "z", "origin": [11, 10, 14]},
			"faces": {
				"north": {"uv": [0, 0, 16, 16], "texture": "#1"},
				"south": {"uv": [0, 0, 1, 1], "texture": "#0"},
				"up": {"uv": [1, 1, 0, 0], "texture": "#0"}
			}
		},
		{
			"from": [9.5, 9.70163, 28],
			"to": [12.5, 10.29837, 29],
			"rotation": {"angle": -22.5, "axis": "z", "origin": [11, 10, 28]},
			"faces": {
				"north": {"uv": [0, 0, 16, 16], "texture": "#1"},
				"south": {"uv": [0, 0, 1, 1], "texture": "#0"},
				"west": {"uv": [0, 0, 1, 1], "texture": "#0"}
			}
		},
		{
			"from": [9.5, 9.70163, 28],
			"to": [12.5, 10.29837, 29],
			"rotation": {"angle": 0, "axis": "z", "origin": [11, 10, 28]},
			"faces": {
				"north": {"uv": [0, 0, 16, 16], "texture": "#1"},
				"south": {"uv": [0, 0, 1, 1], "texture": "#0"},
				"west": {"uv": [0, 0, 1, 1], "texture": "#0"}
			}
		},
		{
			"from": [9.5, 9.70163, 28],
			"to": [12.5, 10.29837, 29],
			"rotation": {"angle": 22.5, "axis": "z", "origin": [11, 10, 28]},
			"faces": {
				"north": {"uv": [0, 0, 16, 16], "texture": "#1"},
				"south": {"uv": [0, 0, 1, 1], "texture": "#0"}
			}
		},
		{
			"from": [10.70163, 8.5, 28],
			"to": [11.29837, 11.5, 29],
			"rotation": {"angle": -45, "axis": "z", "origin": [11, 10, 28]},
			"faces": {
				"north": {"uv": [0, 0, 16, 16], "texture": "#1"},
				"south": {"uv": [0, 0, 1, 1], "texture": "#0"}
			}
		},
		{
			"from": [10.70163, 8.5, 28],
			"to": [11.29837, 11.5, 29],
			"rotation": {"angle": -22.5, "axis": "z", "origin": [11, 10, 28]},
			"faces": {
				"north": {"uv": [0, 0, 16, 16], "texture": "#1"},
				"south": {"uv": [0, 0, 1, 1], "texture": "#0"}
			}
		},
		{
			"from": [10.70163, 8.5, 28],
			"to": [17.29837, 11.5, 29],
			"rotation": {"angle": 0, "axis": "z", "origin": [11, 10, 28]},
			"faces": {
				"north": {"uv": [0, 0, 16, 16], "texture": "#1"},
				"south": {"uv": [0, 0, 1, 1], "texture": "#0"},
				"up": {"uv": [1, 1, 0, 0], "texture": "#0"}
			}
		},
		{
			"from": [10.70163, 8.5, 28],
			"to": [11.29837, 11.5, 29],
			"rotation": {"angle": 22.5, "axis": "z", "origin": [11, 10, 28]},
			"faces": {
				"north": {"uv": [0, 0, 16, 16], "texture": "#1"},
				"south": {"uv": [0, 0, 1, 1], "texture": "#0"},
				"up": {"uv": [1, 1, 0, 0], "texture": "#0"}
			}
		},
		{
			"from": [10.70163, 8.5, 28],
			"to": [11.29837, 11.5, 29],
			"rotation": {"angle": 45, "axis": "z", "origin": [11, 10, 28]},
			"faces": {
				"north": {"uv": [0, 0, 16, 16], "texture": "#1"},
				"south": {"uv": [0, 0, 1, 1], "texture": "#0"},
				"up": {"uv": [1, 1, 0, 0], "texture": "#0"}
			}
		},
		{
			"from": [9.4, 15.92541, 0.625],
			"to": [9.5, 16.07459, 1.375],
			"rotation": {"angle": 45, "axis": "x", "origin": [9, 16, 1]},
			"faces": {
				"north": {"uv": [0, 0, 1, 1], "texture": "#4"},
				"east": {"uv": [0, 0, 1, 1], "texture": "#4"},
				"south": {"uv": [0, 0, 1, 1], "texture": "#4"},
				"west": {"uv": [0, 0, 1, 1], "texture": "#4"},
				"up": {"uv": [1, 1, 0, 0], "texture": "#4"},
				"down": {"uv": [1, 1, 0, 0], "texture": "#4"}
			}
		},
		{
			"from": [9.4, 15.92541, 0.625],
			"to": [9.5, 16.07459, 1.375],
			"rotation": {"angle": 22.5, "axis": "x", "origin": [9, 16, 1]},
			"faces": {
				"north": {"uv": [0, 0, 1, 1], "texture": "#4"},
				"east": {"uv": [0, 0, 1, 1], "texture": "#4"},
				"south": {"uv": [0, 0, 1, 1], "texture": "#4"},
				"west": {"uv": [0, 0, 1, 1], "texture": "#4"},
				"up": {"uv": [1, 1, 0, 0], "texture": "#4"},
				"down": {"uv": [1, 1, 0, 0], "texture": "#4"}
			}
		},
		{
			"from": [9.4, 15.92541, 0.625],
			"to": [9.5, 16.07459, 1.375],
			"rotation": {"angle": 0, "axis": "x", "origin": [9, 16, 1]},
			"faces": {
				"north": {"uv": [0, 0, 1, 1], "texture": "#4"},
				"south": {"uv": [0, 0, 1, 1], "texture": "#4"},
				"west": {"uv": [0, 0, 1, 1], "texture": "#4"},
				"up": {"uv": [1, 1, 0, 0], "texture": "#4"},
				"down": {"uv": [1, 1, 0, 0], "texture": "#4"}
			}
		},
		{
			"from": [9.4, 15.92541, 0.625],
			"to": [9.5, 16.07459, 1.375],
			"rotation": {"angle": -22.5, "axis": "x", "origin": [9, 16, 1]},
			"faces": {
				"north": {"uv": [0, 0, 1, 1], "texture": "#4"},
				"east": {"uv": [0, 0, 1, 1], "texture": "#4"},
				"south": {"uv": [0, 0, 1, 1], "texture": "#4"},
				"west": {"uv": [0, 0, 1, 1], "texture": "#4"},
				"up": {"uv": [1, 1, 0, 0], "texture": "#4"},
				"down": {"uv": [1, 1, 0, 0], "texture": "#4"}
			}
		},
		{
			"from": [9.4, 15.92541, 0.625],
			"to": [9.5, 16.07459, 1.375],
			"rotation": {"angle": -45, "axis": "x", "origin": [9, 16, 1]},
			"faces": {
				"north": {"uv": [0, 0, 1, 1], "texture": "#4"},
				"east": {"uv": [0, 0, 1, 1], "texture": "#4"},
				"south": {"uv": [0, 0, 1, 1], "texture": "#4"},
				"west": {"uv": [0, 0, 1, 1], "texture": "#4"},
				"up": {"uv": [1, 1, 0, 0], "texture": "#4"},
				"down": {"uv": [1, 1, 0, 0], "texture": "#4"}
			}
		},
		{
			"from": [9.4, 15.625, 0.92541],
			"to": [9.5, 16.375, 1.07459],
			"rotation": {"angle": 22.5, "axis": "x", "origin": [9, 16, 1]},
			"faces": {
				"north": {"uv": [0, 0, 1, 1], "texture": "#4"},
				"east": {"uv": [0, 0, 1, 1], "texture": "#4"},
				"south": {"uv": [0, 0, 1, 1], "texture": "#4"},
				"west": {"uv": [0, 0, 1, 1], "texture": "#4"},
				"up": {"uv": [1, 1, 0, 0], "texture": "#4"},
				"down": {"uv": [1, 1, 0, 0], "texture": "#4"}
			}
		},
		{
			"from": [9.4, 15.625, 0.92541],
			"to": [9.5, 16.375, 1.07459],
			"rotation": {"angle": 0, "axis": "x", "origin": [9, 16, 1]},
			"faces": {
				"north": {"uv": [0, 0, 1, 1], "texture": "#4"},
				"south": {"uv": [0, 0, 1, 1], "texture": "#4"},
				"west": {"uv": [0, 0, 1, 1], "texture": "#4"},
				"up": {"uv": [1, 1, 0, 0], "texture": "#4"},
				"down": {"uv": [1, 1, 0, 0], "texture": "#4"}
			}
		},
		{
			"from": [9.4, 15.625, 0.92541],
			"to": [9.5, 16.375, 1.07459],
			"rotation": {"angle": -22.5, "axis": "x", "origin": [9, 16, 1]},
			"faces": {
				"north": {"uv": [0, 0, 1, 1], "texture": "#4"},
				"east": {"uv": [0, 0, 1, 1], "texture": "#4"},
				"south": {"uv": [0, 0, 1, 1], "texture": "#4"},
				"west": {"uv": [0, 0, 1, 1], "texture": "#4"},
				"up": {"uv": [1, 1, 0, 0], "texture": "#4"},
				"down": {"uv": [1, 1, 0, 0], "texture": "#4"}
			}
		},
		{
			"from": [9.4, 15.92541, 28.625],
			"to": [9.5, 16.07459, 29.375],
			"rotation": {"angle": 45, "axis": "x", "origin": [9, 16, 29]},
			"faces": {
				"north": {"uv": [0, 0, 1, 1], "texture": "#4"},
				"east": {"uv": [0, 0, 1, 1], "texture": "#4"},
				"south": {"uv": [0, 0, 1, 1], "texture": "#4"},
				"west": {"uv": [0, 0, 1, 1], "texture": "#4"},
				"up": {"uv": [1, 1, 0, 0], "texture": "#4"},
				"down": {"uv": [1, 1, 0, 0], "texture": "#4"}
			}
		},
		{
			"from": [9.4, 15.625, 28.92541],
			"to": [9.5, 16.375, 29.07459],
			"rotation": {"angle": -22.5, "axis": "x", "origin": [9, 16, 29]},
			"faces": {
				"north": {"uv": [0, 0, 1, 1], "texture": "#4"},
				"east": {"uv": [0, 0, 1, 1], "texture": "#4"},
				"south": {"uv": [0, 0, 1, 1], "texture": "#4"},
				"west": {"uv": [0, 0, 1, 1], "texture": "#4"},
				"up": {"uv": [1, 1, 0, 0], "texture": "#4"},
				"down": {"uv": [1, 1, 0, 0], "texture": "#4"}
			}
		},
		{
			"from": [9.4, 15.625, 28.92541],
			"to": [9.5, 16.375, 29.07459],
			"rotation": {"angle": 0, "axis": "x", "origin": [9, 16, 29]},
			"faces": {
				"north": {"uv": [0, 0, 1, 1], "texture": "#4"},
				"south": {"uv": [0, 0, 1, 1], "texture": "#4"},
				"west": {"uv": [0, 0, 1, 1], "texture": "#4"},
				"up": {"uv": [1, 1, 0, 0], "texture": "#4"},
				"down": {"uv": [1, 1, 0, 0], "texture": "#4"}
			}
		},
		{
			"from": [9.4, 15.625, 28.92541],
			"to": [9.5, 16.375, 29.07459],
			"rotation": {"angle": 22.5, "axis": "x", "origin": [9, 16, 29]},
			"faces": {
				"north": {"uv": [0, 0, 1, 1], "texture": "#4"},
				"east": {"uv": [0, 0, 1, 1], "texture": "#4"},
				"south": {"uv": [0, 0, 1, 1], "texture": "#4"},
				"west": {"uv": [0, 0, 1, 1], "texture": "#4"},
				"up": {"uv": [1, 1, 0, 0], "texture": "#4"},
				"down": {"uv": [1, 1, 0, 0], "texture": "#4"}
			}
		},
		{
			"from": [9.4, 15.92541, 28.625],
			"to": [9.5, 16.07459, 29.375],
			"rotation": {"angle": -45, "axis": "x", "origin": [9, 16, 29]},
			"faces": {
				"north": {"uv": [0, 0, 1, 1], "texture": "#4"},
				"east": {"uv": [0, 0, 1, 1], "texture": "#4"},
				"south": {"uv": [0, 0, 1, 1], "texture": "#4"},
				"west": {"uv": [0, 0, 1, 1], "texture": "#4"},
				"up": {"uv": [1, 1, 0, 0], "texture": "#4"},
				"down": {"uv": [1, 1, 0, 0], "texture": "#4"}
			}
		},
		{
			"from": [9.4, 15.92541, 28.625],
			"to": [9.5, 16.07459, 29.375],
			"rotation": {"angle": -22.5, "axis": "x", "origin": [9, 16, 29]},
			"faces": {
				"north": {"uv": [0, 0, 1, 1], "texture": "#4"},
				"east": {"uv": [0, 0, 1, 1], "texture": "#4"},
				"south": {"uv": [0, 0, 1, 1], "texture": "#4"},
				"west": {"uv": [0, 0, 1, 1], "texture": "#4"},
				"up": {"uv": [1, 1, 0, 0], "texture": "#4"},
				"down": {"uv": [1, 1, 0, 0], "texture": "#4"}
			}
		},
		{
			"from": [9.4, 15.92541, 28.625],
			"to": [9.5, 16.07459, 29.375],
			"rotation": {"angle": 0, "axis": "x", "origin": [9, 16, 29]},
			"faces": {
				"north": {"uv": [0, 0, 1, 1], "texture": "#4"},
				"south": {"uv": [0, 0, 1, 1], "texture": "#4"},
				"west": {"uv": [0, 0, 1, 1], "texture": "#4"},
				"up": {"uv": [1, 1, 0, 0], "texture": "#4"},
				"down": {"uv": [1, 1, 0, 0], "texture": "#4"}
			}
		},
		{
			"from": [9.4, 15.92541, 28.625],
			"to": [9.5, 16.07459, 29.375],
			"rotation": {"angle": 22.5, "axis": "x", "origin": [9, 16, 29]},
			"faces": {
				"north": {"uv": [0, 0, 1, 1], "texture": "#4"},
				"east": {"uv": [0, 0, 1, 1], "texture": "#4"},
				"south": {"uv": [0, 0, 1, 1], "texture": "#4"},
				"west": {"uv": [0, 0, 1, 1], "texture": "#4"},
				"up": {"uv": [1, 1, 0, 0], "texture": "#4"},
				"down": {"uv": [1, 1, 0, 0], "texture": "#4"}
			}
		},
		{
			"from": [-16, 3.70163, -12.5],
			"to": [-15, 23.29837, -12],
			"rotation": {"angle": 0, "axis": "x", "origin": [-16, 4, -11]},
			"faces": {
				"east": {"uv": [0, 0, 1, 1], "texture": "#0"},
				"south": {"uv": [0, 0, 1, 1], "texture": "#0"},
				"west": {"uv": [0, 0, 1, 1], "texture": "#0"}
			}
		},
		{
			"from": [-16, 2, 26.70163],
			"to": [-15, 3, 27.29837],
			"rotation": {"angle": -22.5, "axis": "x", "origin": [-16, 4, 27]},
			"faces": {
				"east": {"uv": [1, 0, 0, 1], "texture": "#0"},
				"west": {"uv": [1, 0, 0, 1], "texture": "#0"},
				"up": {"uv": [1, 0, 0, 1], "texture": "#0"}
			}
		},
		{
			"from": [-16, 3.70163, 28],
			"to": [-15, 4.29837, 29.5],
			"rotation": {"angle": 45, "axis": "x", "origin": [-16, 4, 27]},
			"faces": {
				"north": {"uv": [1, 0, 0, 1], "texture": "#0"},
				"east": {"uv": [1, 0, 0, 1], "texture": "#0"},
				"west": {"uv": [1, 0, 0, 1], "texture": "#0"}
			}
		},
		{
			"from": [-16, 3.70163, 28],
			"to": [-15, 4.29837, 29.5],
			"rotation": {"angle": 22.5, "axis": "x", "origin": [-16, 4, 27]},
			"faces": {
				"north": {"uv": [1, 0, 0, 1], "texture": "#0"},
				"east": {"uv": [1, 0, 0, 1], "texture": "#0"},
				"west": {"uv": [1, 0, 0, 1], "texture": "#0"}
			}
		},
		{
			"from": [-16, 22.70163, 28],
			"to": [-15, 23.29837, 29.5],
			"rotation": {"angle": -22.5, "axis": "x", "origin": [-16, 23, 27]},
			"faces": {
				"east": {"uv": [1, 1, 0, 0], "texture": "#0"},
				"west": {"uv": [1, 1, 0, 0], "texture": "#0"}
			}
		},
		{
			"from": [-16, 22.70163, 28],
			"to": [-15, 23.29837, 29.5],
			"rotation": {"angle": -45, "axis": "x", "origin": [-16, 23, 27]},
			"faces": {
				"east": {"uv": [1, 1, 0, 0], "texture": "#0"},
				"west": {"uv": [1, 1, 0, 0], "texture": "#0"}
			}
		},
		{
			"from": [-16, 24, 26.70163],
			"to": [-15, 25, 27.29837],
			"rotation": {"angle": 22.5, "axis": "x", "origin": [-16, 23, 27]},
			"faces": {
				"east": {"uv": [1, 1, 0, 0], "texture": "#0"},
				"west": {"uv": [1, 1, 0, 0], "texture": "#0"}
			}
		},
		{
			"from": [-16, 22.70163, -13.5],
			"to": [-15, 23.29837, -12],
			"rotation": {"angle": 22.5, "axis": "x", "origin": [-16, 23, -11]},
			"faces": {
				"east": {"uv": [0, 1, 1, 0], "texture": "#0"},
				"west": {"uv": [0, 1, 1, 0], "texture": "#0"}
			}
		},
		{
			"from": [-16, 22.70163, -13.5],
			"to": [-15, 23.29837, -12],
			"rotation": {"angle": 45, "axis": "x", "origin": [-16, 23, -11]},
			"faces": {
				"east": {"uv": [0, 1, 1, 0], "texture": "#0"},
				"west": {"uv": [0, 1, 1, 0], "texture": "#0"}
			}
		},
		{
			"from": [-16, 24, -11.29837],
			"to": [-15, 25, -10.70163],
			"rotation": {"angle": -22.5, "axis": "x", "origin": [-16, 23, -11]},
			"faces": {
				"east": {"uv": [0, 1, 1, 0], "texture": "#0"},
				"west": {"uv": [0, 1, 1, 0], "texture": "#0"}
			}
		},
		{
			"from": [-16, 3.70163, -13.5],
			"to": [-15, 4.29837, -12],
			"rotation": {"angle": -22.5, "axis": "x", "origin": [-16, 4, -11]},
			"faces": {
				"east": {"uv": [0, 0, 1, 1], "texture": "#0"},
				"south": {"uv": [0, 0, 1, 1], "texture": "#0"},
				"west": {"uv": [0, 0, 1, 1], "texture": "#0"}
			}
		},
		{
			"from": [-16, 3.70163, -13.5],
			"to": [-15, 4.29837, -12],
			"rotation": {"angle": -45, "axis": "x", "origin": [-16, 4, -11]},
			"faces": {
				"east": {"uv": [0, 0, 1, 1], "texture": "#0"},
				"south": {"uv": [0, 0, 1, 1], "texture": "#0"},
				"west": {"uv": [0, 0, 1, 1], "texture": "#0"}
			}
		},
		{
			"from": [-16, 2, -11.29837],
			"to": [-15, 3, -10.70163],
			"rotation": {"angle": 22.5, "axis": "x", "origin": [-16, 4, -11]},
			"faces": {
				"east": {"uv": [0, 0, 1, 1], "texture": "#0"},
				"west": {"uv": [0, 0, 1, 1], "texture": "#0"},
				"up": {"uv": [1, 1, 0, 0], "texture": "#0"}
			}
		},
		{
			"from": [-16, 22.70163, 28],
			"to": [-15, 23.29837, 28.5],
			"rotation": {"angle": -45, "axis": "x", "origin": [-16, 23, 27]},
			"faces": {
				"north": {"uv": [1, 1, 0, 0], "texture": "#0"}
			}
		},
		{
			"from": [-16, 22.70163, 28],
			"to": [-15, 23.29837, 28.5],
			"rotation": {"angle": -22.5, "axis": "x", "origin": [-16, 23, 27]},
			"faces": {
				"north": {"uv": [1, 1, 0, 0], "texture": "#0"}
			}
		},
		{
			"from": [-16, 24, 26.70163],
			"to": [-15, 24.5, 27.29837],
			"rotation": {"angle": 22.5, "axis": "x", "origin": [-16, 23, 27]},
			"faces": {
				"down": {"uv": [1, 1, 0, 0], "texture": "#0"}
			}
		},
		{
			"from": [-16, 24, -11.29837],
			"to": [-15, 24.5, -10.70163],
			"rotation": {"angle": -22.5, "axis": "x", "origin": [-16, 23, -11]},
			"faces": {
				"down": {"uv": [1, 0, 0, 1], "texture": "#0"}
			}
		},
		{
			"from": [-16, 22.70163, -12.5],
			"to": [-15, 23.29837, -12],
			"rotation": {"angle": 45, "axis": "x", "origin": [-16, 23, -11]},
			"faces": {
				"south": {"uv": [0, 1, 1, 0], "texture": "#0"}
			}
		},
		{
			"from": [-16, 22.70163, -12.5],
			"to": [-15, 23.29837, -12],
			"rotation": {"angle": 22.5, "axis": "x", "origin": [-16, 23, -11]},
			"faces": {
				"south": {"uv": [0, 1, 1, 0], "texture": "#0"}
			}
		},
		{
			"from": [-16, 3.70163, 28],
			"to": [-15, 23.29837, 28.5],
			"rotation": {"angle": 0, "axis": "x", "origin": [-16, 4, 27]},
			"faces": {
				"north": {"uv": [1, 0, 0, 1], "texture": "#0"},
				"east": {"uv": [1, 0, 0, 1], "texture": "#0"},
				"west": {"uv": [1, 0, 0, 1], "texture": "#0"}
			}
		},
		{
			"from": [-16, 2.5, -11.29837],
			"to": [-15, 3, 27.29837],
			"rotation": {"angle": 0, "axis": "x", "origin": [-16, 4, -11]},
			"faces": {
				"east": {"uv": [0, 0, 1, 1], "texture": "#0"},
				"west": {"uv": [0, 0, 1, 1], "texture": "#0"},
				"up": {"uv": [1, 1, 0, 0], "texture": "#0"}
			}
		},
		{
			"from": [-16, 24, -11.29837],
			"to": [-15, 24.5, 27.29837],
			"rotation": {"angle": 0, "axis": "x", "origin": [-16, 23, -11]},
			"faces": {
				"east": {"uv": [0, 1, 1, 0], "texture": "#0"},
				"west": {"uv": [0, 1, 1, 0], "texture": "#0"},
				"down": {"uv": [1, 0, 0, 1], "texture": "#0"}
			}
		},
		{
			"from": [31, 3.70163, 28],
			"to": [32, 4.29837, 29.5],
			"rotation": {"angle": 22.5, "axis": "x", "origin": [32, 4, 27]},
			"faces": {
				"east": {"uv": [0, 0, 1, 1], "texture": "#0"},
				"west": {"uv": [0, 0, 1, 1], "texture": "#0"}
			}
		},
		{
			"from": [31, 3.70163, 28],
			"to": [32, 4.29837, 29.5],
			"rotation": {"angle": 45, "axis": "x", "origin": [32, 4, 27]},
			"faces": {
				"east": {"uv": [0, 0, 1, 1], "texture": "#0"},
				"west": {"uv": [0, 0, 1, 1], "texture": "#0"}
			}
		},
		{
			"from": [31, 2, 26.70163],
			"to": [32, 3, 27.29837],
			"rotation": {"angle": -22.5, "axis": "x", "origin": [32, 4, 27]},
			"faces": {
				"east": {"uv": [0, 0, 1, 1], "texture": "#0"},
				"west": {"uv": [0, 0, 1, 1], "texture": "#0"}
			}
		},
		{
			"from": [31, 24, 26.70163],
			"to": [32, 25, 27.29837],
			"rotation": {"angle": 22.5, "axis": "x", "origin": [32, 23, 27]},
			"faces": {
				"east": {"uv": [0, 1, 1, 0], "texture": "#0"},
				"west": {"uv": [0, 1, 1, 0], "texture": "#0"}
			}
		},
		{
			"from": [31, 22.70163, 28],
			"to": [32, 23.29837, 29.5],
			"rotation": {"angle": -45, "axis": "x", "origin": [32, 23, 27]},
			"faces": {
				"east": {"uv": [0, 1, 1, 0], "texture": "#0"},
				"west": {"uv": [0, 1, 1, 0], "texture": "#0"}
			}
		},
		{
			"from": [31, 22.70163, 28],
			"to": [32, 23.29837, 29.5],
			"rotation": {"angle": -22.5, "axis": "x", "origin": [32, 23, 27]},
			"faces": {
				"east": {"uv": [0, 1, 1, 0], "texture": "#0"},
				"west": {"uv": [0, 1, 1, 0], "texture": "#0"}
			}
		},
		{
			"from": [31, 24, -11.29837],
			"to": [32, 25, -10.70163],
			"rotation": {"angle": -22.5, "axis": "x", "origin": [32, 23, -11]},
			"faces": {
				"east": {"uv": [1, 1, 0, 0], "texture": "#0"},
				"west": {"uv": [1, 1, 0, 0], "texture": "#0"}
			}
		},
		{
			"from": [31, 22.70163, -13.5],
			"to": [32, 23.29837, -12],
			"rotation": {"angle": 45, "axis": "x", "origin": [32, 23, -11]},
			"faces": {
				"east": {"uv": [1, 1, 0, 0], "texture": "#0"},
				"west": {"uv": [1, 1, 0, 0], "texture": "#0"}
			}
		},
		{
			"from": [31, 22.70163, -13.5],
			"to": [32, 23.29837, -12],
			"rotation": {"angle": 22.5, "axis": "x", "origin": [32, 23, -11]},
			"faces": {
				"east": {"uv": [1, 1, 0, 0], "texture": "#0"},
				"west": {"uv": [1, 1, 0, 0], "texture": "#0"}
			}
		},
		{
			"from": [31, 2, -11.29837],
			"to": [32, 3, -10.70163],
			"rotation": {"angle": 22.5, "axis": "x", "origin": [32, 4, -11]},
			"faces": {
				"east": {"uv": [1, 0, 0, 1], "texture": "#0"},
				"west": {"uv": [1, 0, 0, 1], "texture": "#0"}
			}
		},
		{
			"from": [31, 3.70163, -13.5],
			"to": [32, 4.29837, -12],
			"rotation": {"angle": -45, "axis": "x", "origin": [32, 4, -11]},
			"faces": {
				"east": {"uv": [1, 0, 0, 1], "texture": "#0"},
				"west": {"uv": [1, 0, 0, 1], "texture": "#0"}
			}
		},
		{
			"from": [31, 3.70163, -13.5],
			"to": [32, 4.29837, -12],
			"rotation": {"angle": -22.5, "axis": "x", "origin": [32, 4, -11]},
			"faces": {
				"east": {"uv": [1, 0, 0, 1], "texture": "#0"},
				"west": {"uv": [1, 0, 0, 1], "texture": "#0"}
			}
		},
		{
			"from": [31, 2.5, -11.29837],
			"to": [32, 3, 27.29837],
			"rotation": {"angle": 0, "axis": "x", "origin": [32, 4, -11]},
			"faces": {
				"east": {"uv": [1, 0, 0, 1], "texture": "#0"},
				"west": {"uv": [1, 0, 0, 1], "texture": "#0"},
				"up": {"uv": [0, 1, 1, 0], "texture": "#0"}
			}
		},
		{
			"from": [31, 2.5, 26.70163],
			"to": [32, 3, 27.29837],
			"rotation": {"angle": -22.5, "axis": "x", "origin": [32, 4, 27]},
			"faces": {
				"up": {"uv": [0, 0, 1, 1], "texture": "#0"}
			}
		},
		{
			"from": [31, 3.70163, 28],
			"to": [32, 4.29837, 28.5],
			"rotation": {"angle": 45, "axis": "x", "origin": [32, 4, 27]},
			"faces": {
				"north": {"uv": [0, 0, 1, 1], "texture": "#0"}
			}
		},
		{
			"from": [31, 3.70163, 28],
			"to": [32, 4.29837, 28.5],
			"rotation": {"angle": 22.5, "axis": "x", "origin": [32, 4, 27]},
			"faces": {
				"north": {"uv": [0, 0, 1, 1], "texture": "#0"}
			}
		},
		{
			"from": [31, 3.70163, 28],
			"to": [32, 23.29837, 28.5],
			"rotation": {"angle": 0, "axis": "x", "origin": [32, 4, 27]},
			"faces": {
				"north": {"uv": [0, 0, 1, 1], "texture": "#0"},
				"east": {"uv": [0, 0, 1, 1], "texture": "#0"},
				"west": {"uv": [0, 0, 1, 1], "texture": "#0"}
			}
		},
		{
			"from": [31, 3.70163, -12.5],
			"to": [32, 4.29837, -12],
			"rotation": {"angle": -45, "axis": "x", "origin": [32, 4, -11]},
			"faces": {
				"south": {"uv": [1, 0, 0, 1], "texture": "#0"}
			}
		},
		{
			"from": [31, 2.5, -11.29837],
			"to": [32, 3, -10.70163],
			"rotation": {"angle": 22.5, "axis": "x", "origin": [32, 4, -11]},
			"faces": {
				"up": {"uv": [0, 1, 1, 0], "texture": "#0"}
			}
		},
		{
			"from": [31, 3.70163, -12.5],
			"to": [32, 4.29837, -12],
			"rotation": {"angle": -22.5, "axis": "x", "origin": [32, 4, -11]},
			"faces": {
				"south": {"uv": [1, 0, 0, 1], "texture": "#0"}
			}
		},
		{
			"from": [31, 3.70163, -12.5],
			"to": [32, 23.29837, -12],
			"rotation": {"angle": 0, "axis": "x", "origin": [32, 4, -11]},
			"faces": {
				"east": {"uv": [1, 0, 0, 1], "texture": "#0"},
				"south": {"uv": [1, 0, 0, 1], "texture": "#0"},
				"west": {"uv": [1, 0, 0, 1], "texture": "#0"}
			}
		},
		{
			"from": [31, 22.70163, -12.5],
			"to": [32, 23.29837, -12],
			"rotation": {"angle": 22.5, "axis": "x", "origin": [32, 23, -11]},
			"faces": {
				"south": {"uv": [1, 1, 0, 0], "texture": "#0"}
			}
		},
		{
			"from": [31, 22.70163, -12.5],
			"to": [32, 23.29837, -12],
			"rotation": {"angle": 45, "axis": "x", "origin": [32, 23, -11]},
			"faces": {
				"south": {"uv": [1, 1, 0, 0], "texture": "#0"}
			}
		},
		{
			"from": [31, 24, -11.29837],
			"to": [32, 24.5, -10.70163],
			"rotation": {"angle": -22.5, "axis": "x", "origin": [32, 23, -11]},
			"faces": {
				"down": {"uv": [0, 0, 1, 1], "texture": "#0"}
			}
		},
		{
			"from": [31, 24, -11.29837],
			"to": [32, 24.5, 27.29837],
			"rotation": {"angle": 0, "axis": "x", "origin": [32, 23, -11]},
			"faces": {
				"east": {"uv": [1, 1, 0, 0], "texture": "#0"},
				"west": {"uv": [1, 1, 0, 0], "texture": "#0"},
				"down": {"uv": [0, 0, 1, 1], "texture": "#0"}
			}
		},
		{
			"from": [31, 22.70163, 28],
			"to": [32, 23.29837, 28.5],
			"rotation": {"angle": -45, "axis": "x", "origin": [32, 23, 27]},
			"faces": {
				"north": {"uv": [0, 1, 1, 0], "texture": "#0"}
			}
		},
		{
			"from": [31, 24, 26.70163],
			"to": [32, 24.5, 27.29837],
			"rotation": {"angle": 22.5, "axis": "x", "origin": [32, 23, 27]},
			"faces": {
				"down": {"uv": [0, 1, 1, 0], "texture": "#0"}
			}
		},
		{
			"from": [31, 22.70163, 28],
			"to": [32, 23.29837, 28.5],
			"rotation": {"angle": -22.5, "axis": "x", "origin": [32, 23, 27]},
			"faces": {
				"north": {"uv": [0, 1, 1, 0], "texture": "#0"}
			}
		},
		{
			"from": [13.70163, 28.5, -16],
			"to": [14.29837, 29, 32],
			"rotation": {"angle": 45, "axis": "z", "origin": [14, 30, 8]},
			"faces": {
				"north": {"uv": [0, 0, 1, 1], "texture": "#8"},
				"south": {"uv": [0, 0, 1, 1], "texture": "#8"},
				"up": {"uv": [1, 1, 0, 0], "texture": "#8"},
				"down": {"uv": [1, 1, 0, 0], "texture": "#8"}
			}
		},
		{
			"from": [13.70163, 28.5, -16],
			"to": [14.29837, 29, 32],
			"rotation": {"angle": 22.5, "axis": "z", "origin": [14, 30, 8]},
			"faces": {
				"north": {"uv": [0, 0, 1, 1], "texture": "#8"},
				"south": {"uv": [0, 0, 1, 1], "texture": "#8"},
				"up": {"uv": [1, 1, 0, 0], "texture": "#8"},
				"down": {"uv": [1, 1, 0, 0], "texture": "#8"}
			}
		},
		{
			"from": [13.70163, 28.5, -16],
			"to": [14.29837, 29, 32],
			"rotation": {"angle": 0, "axis": "z", "origin": [14, 30, 8]},
			"faces": {
				"north": {"uv": [0, 0, 1, 1], "texture": "#8"},
				"south": {"uv": [0, 0, 1, 1], "texture": "#8"},
				"up": {"uv": [1, 1, 0, 0], "texture": "#8"},
				"down": {"uv": [1, 1, 0, 0], "texture": "#8"}
			}
		},
		{
			"from": [13.70163, 28.5, -16],
			"to": [14.29837, 29, 32],
			"rotation": {"angle": -22.5, "axis": "z", "origin": [14, 30, 8]},
			"faces": {
				"north": {"uv": [0, 0, 1, 1], "texture": "#8"},
				"south": {"uv": [0, 0, 1, 1], "texture": "#8"},
				"up": {"uv": [1, 1, 0, 0], "texture": "#8"},
				"down": {"uv": [1, 1, 0, 0], "texture": "#8"}
			}
		},
		{
			"from": [13.70163, 28.5, -16],
			"to": [14.29837, 29, 32],
			"rotation": {"angle": -45, "axis": "z", "origin": [14, 30, 8]},
			"faces": {
				"north": {"uv": [0, 0, 1, 1], "texture": "#8"},
				"south": {"uv": [0, 0, 1, 1], "texture": "#8"},
				"up": {"uv": [1, 1, 0, 0], "texture": "#8"},
				"down": {"uv": [1, 1, 0, 0], "texture": "#8"}
			}
		},
		{
			"from": [15, 29.70163, -16],
			"to": [15.5, 30.29837, 32],
			"rotation": {"angle": -22.5, "axis": "z", "origin": [14, 30, 8]},
			"faces": {
				"north": {"uv": [0, 0, 1, 1], "texture": "#8"},
				"east": {"uv": [0, 0, 1, 1], "texture": "#8"},
				"south": {"uv": [0, 0, 1, 1], "texture": "#8"},
				"west": {"uv": [0, 0, 1, 1], "texture": "#8"}
			}
		},
		{
			"from": [12.5, 29.70163, -16],
			"to": [13, 30.29837, 32],
			"rotation": {"angle": 22.5, "axis": "z", "origin": [14, 30, 8]},
			"faces": {
				"north": {"uv": [0, 0, 1, 1], "texture": "#8"},
				"east": {"uv": [0, 0, 1, 1], "texture": "#8"},
				"south": {"uv": [0, 0, 1, 1], "texture": "#8"},
				"west": {"uv": [0, 0, 1, 1], "texture": "#8"}
			}
		},
		{
			"from": [-8.29837, 28.5, -16],
			"to": [-7.70163, 29, 32],
			"rotation": {"angle": 45, "axis": "z", "origin": [-8, 30, 8]},
			"faces": {
				"north": {"uv": [0, 0, 1, 1], "texture": "#8"},
				"south": {"uv": [0, 0, 1, 1], "texture": "#8"},
				"up": {"uv": [1, 1, 0, 0], "texture": "#8"},
				"down": {"uv": [1, 1, 0, 0], "texture": "#8"}
			}
		},
		{
			"from": [-8.29837, 28.5, -16],
			"to": [-7.70163, 29, 32],
			"rotation": {"angle": 22.5, "axis": "z", "origin": [-8, 30, 8]},
			"faces": {
				"north": {"uv": [0, 0, 1, 1], "texture": "#8"},
				"south": {"uv": [0, 0, 1, 1], "texture": "#8"},
				"up": {"uv": [1, 1, 0, 0], "texture": "#8"},
				"down": {"uv": [1, 1, 0, 0], "texture": "#8"}
			}
		},
		{
			"from": [-8.29837, 28.5, -16],
			"to": [-7.70163, 29, 32],
			"rotation": {"angle": 0, "axis": "z", "origin": [-8, 30, 8]},
			"faces": {
				"north": {"uv": [0, 0, 1, 1], "texture": "#8"},
				"south": {"uv": [0, 0, 1, 1], "texture": "#8"},
				"up": {"uv": [1, 1, 0, 0], "texture": "#8"},
				"down": {"uv": [1, 1, 0, 0], "texture": "#8"}
			}
		},
		{
			"from": [-8.29837, 28.5, -16],
			"to": [-7.70163, 29, 32],
			"rotation": {"angle": -22.5, "axis": "z", "origin": [-8, 30, 8]},
			"faces": {
				"north": {"uv": [0, 0, 1, 1], "texture": "#8"},
				"south": {"uv": [0, 0, 1, 1], "texture": "#8"},
				"up": {"uv": [1, 1, 0, 0], "texture": "#8"},
				"down": {"uv": [1, 1, 0, 0], "texture": "#8"}
			}
		},
		{
			"from": [-8.29837, 28.5, -16],
			"to": [-7.70163, 29, 32],
			"rotation": {"angle": -45, "axis": "z", "origin": [-8, 30, 8]},
			"faces": {
				"north": {"uv": [0, 0, 1, 1], "texture": "#8"},
				"south": {"uv": [0, 0, 1, 1], "texture": "#8"},
				"up": {"uv": [1, 1, 0, 0], "texture": "#8"},
				"down": {"uv": [1, 1, 0, 0], "texture": "#8"}
			}
		},
		{
			"from": [-7, 29.70163, -16],
			"to": [-6.5, 30.29837, 32],
			"rotation": {"angle": -22.5, "axis": "z", "origin": [-8, 30, 8]},
			"faces": {
				"north": {"uv": [0, 0, 1, 1], "texture": "#8"},
				"east": {"uv": [0, 0, 1, 1], "texture": "#8"},
				"south": {"uv": [0, 0, 1, 1], "texture": "#8"},
				"west": {"uv": [0, 0, 1, 1], "texture": "#8"}
			}
		},
		{
			"from": [-9.5, 29.70163, -16],
			"to": [-9, 30.29837, 32],
			"rotation": {"angle": 22.5, "axis": "z", "origin": [-8, 30, 8]},
			"faces": {
				"north": {"uv": [0, 0, 1, 1], "texture": "#8"},
				"east": {"uv": [0, 0, 1, 1], "texture": "#8"},
				"south": {"uv": [0, 0, 1, 1], "texture": "#8"},
				"west": {"uv": [0, 0, 1, 1], "texture": "#8"}
			}
		}
	],
	"display": {
		"head": {
			"scale": [1.5, 1.5, 1.5]
		}
	}
}