{
  "model": {
    "type": "minecraft:range_dispatch",
    "property": "minecraft:custom_model_data",
    "entries": [
      {
        "model": {
          "type": "minecraft:model",
          "model": "minecraft:item/firework_star",
          "tints": [
            {
              "type": "minecraft:constant",
              "value": -1
            },
            {
              "type": "minecraft:firework",
              "default": -7697782
            }
          ]
        },
        "threshold": 0
      },
      {
        "threshold": 10000,
        "model": {
          "model": "tce:vehicles/pickup_double_cab",
          "type": "minecraft:model",
          "tints": [
            {
              "type": "minecraft:constant",
              "value": -1
            },
            {
              "type": "minecraft:firework",
              "default": -7697782
            }
          ]
        }
      },
      {
        "threshold": 10001,
        "model": {
          "model": "tce:vehicles/sedan",
          "type": "minecraft:model",
          "tints": [
            {
              "type": "minecraft:constant",
              "value": -1
            },
            {
              "type": "minecraft:firework",
              "default": -7697782
            }
          ]
        }
      },
      {
        "threshold": 10001,
        "model": {
          "model": "item/busmodel/noodle/noodle",
          "type": "minecraft:model",
          "tints": [
            {
              "type": "minecraft:constant",
              "value": -1
            },
            {
              "type": "minecraft:firework",
              "default": -7697782
            }
          ]
        }
      },
      {
        "threshold": 20000,
        "model": {
          "model": "tce:wheels/wheel_1",
          "type": "minecraft:model",
          "tints": [
            {
              "type": "minecraft:constant",
              "value": -1
            },
            {
              "type": "minecraft:firework",
              "default": -7697782
            }
          ]
        }
      }
    ]
  }
}