{
    "model": {
        "type": "range_dispatch",
        "property": "damage",
        "fallback": {
            "type": "model",
            "model": "minecraft:item/golden_pickaxe"
        },
        "entries": [
            {
                "threshold": 0.03125,
                "model": {
                    "type": "model",
                    "model": "minecraft:item/trainmodel/entetsu/c27_head"
                }
            },
            {
                "threshold": 0.0625,
                "model": {
                    "type": "model",
                    "model": "minecraft:item/trainmodel/entetsu/c27_end"
                }
            },
            {
                "threshold": 0.09375,
                "model": {
                    "type": "model",
                    "model": "minecraft:item/trainmodel/entetsu/c27_mid"
                }
            },
            {
                "threshold": 0.125,
                "model": {
                    "type": "model",
                    "model": "minecraft:item/trainmodel/entetsu/t813_head"
                }
            },
            {
                "threshold": 0.15625,
                "model": {
                    "type": "model",
                    "model": "minecraft:item/trainmodel/unused"
                }
            },
            {
                "threshold": 0.1875,
                "model": {
                    "type": "model",
                    "model": "minecraft:item/trainmodel/misc/entetsu_door"
                }
            },
            {
                "threshold": 0.21875,
                "model": {
                    "type": "model",
                    "model": "minecraft:item/trainmodel/ycm/e235_end"
                }
            },
            {
                "threshold": 0.25,
                "model": {
                    "type": "model",
                    "model": "minecraft:item/trainmodel/ycm/e235_head"
                }
            },
            {
                "threshold": 0.28125,
                "model": {
                    "type": "model",
                    "model": "minecraft:item/trainmodel/unused"
                }
            },
            {
                "threshold": 0.3125,
                "model": {
                    "type": "model",
                    "model": "minecraft:item/trainmodel/ycm/e235_door"
                }
            },
            {
                "threshold": 0.34375,
                "model": {
                    "type": "model",
                    "model": "minecraft:item/trainmodel/ycm/e235_connector"
                }
            },
            {
                "threshold": 0.375,
                "model": {
                    "type": "model",
                    "model": "minecraft:item/trainmodel/ycm/e235_headyellow"
                }
            },
            {
                "threshold": 0.40625,
                "model": {
                    "type": "model",
                    "model": "minecraft:item/trainmodel/entetsu/c28_head"
                }
            },
            {
                "threshold": 0.4375,
                "model": {
                    "type": "model",
                    "model": "minecraft:item/trainmodel/entetsu/c28_end"
                }
            },
            {
                "threshold": 0.46875,
                "model": {
                    "type": "model",
                    "model": "minecraft:item/trainmodel/entetsu/c28_mid"
                }
            },
            {
                "threshold": 0.5,
                "model": {
                    "type": "model",
                    "model": "minecraft:item/trainmodel/misc/c28_door"
                }
            },
            {
                "threshold": 0.53125,
                "model": {
                    "type": "model",
                    "model": "minecraft:item/trainmodel/unused"
                }
            },
            {
                "threshold": 0.5625,
                "model": {
                    "type": "model",
                    "model": "minecraft:item/trainmodel/entetsu/l89"
                }
            },
            {
                "threshold": 0.59375,
                "model": {
                    "type": "model",
                    "model": "minecraft:item/trainmodel/lipan/lipan_2000_be"
                }
            },
            {
                "threshold": 0.625,
                "model": {
                    "type": "model",
                    "model": "minecraft:item/trainmodel/unused"
                }
            },
            {
                "threshold": 0.65625,
                "model": {
                    "type": "model",
                    "model": "minecraft:item/trainmodel/lipan/lipan_500_bm_dm_b"
                }
            },
            {
                "threshold": 0.6875,
                "model": {
                    "type": "model",
                    "model": "minecraft:item/trainmodel/lipan/lipan_dptlowside"
                }
            },
            {
                "threshold": 0.71875,
                "model": {
                    "type": "model",
                    "model": "minecraft:item/trainmodel/lipan/lipan_gondola"
                }
            },
            {
                "threshold": 0.75,
                "model": {
                    "type": "model",
                    "model": "minecraft:item/trainmodel/lipan/lipan_500_bm_dm_f"
                }
            },
            {
                "threshold": 0.78125,
                "model": {
                    "type": "model",
                    "model": "minecraft:item/trainmodel/misc/lipan500_doorhalf"
                }
            },
            {
                "threshold": 0.8125,
                "model": {
                    "type": "model",
                    "model": "minecraft:item/trainmodel/misc/lipan500_doorquarter"
                }
            },
            {
                "threshold": 0.84375,
                "model": {
                    "type": "model",
                    "model": "minecraft:item/trainmodel/lipan/lipan_500_bm_m_b"
                }
            },
            {
                "threshold": 0.875,
                "model": {
                    "type": "model",
                    "model": "minecraft:item/trainmodel/lipan/lipan_500_bm_m_f"
                }
            },
            {
                "threshold": 0.90625,
                "model": {
                    "type": "model",
                    "model": "minecraft:item/trainmodel/misc/lipan_type500bogie"
                }
            },
            {
                "threshold": 0.9375,
                "model": {
                    "type": "model",
                    "model": "minecraft:item/trainmodel/lipan/lipan_lowside"
                }
            },
            {
                "threshold": 0.96875,
                "model": {
                    "type": "model",
                    "model": "minecraft:item/trainmodel/lipan/lipan_orehopper"
                }
            }
        ]
    }
}