{
    "model": {
        "type": "range_dispatch",
        "property": "custom_model_data",
        "fallback": {
            "type": "model",
            "model": "item/iron_ingot"
        },
        "entries": [
            {
                "threshold": 500,
                "model": {
                    "type": "model",
                    "model": "item/ycm_third_rail"
                }
            },
            {
                "threshold": 1001,
                "model": {
                    "type": "model",
                    "model": "item/trainmodel/lipan/lipan_midori_dm_bck"
                }
            },
            {
                "threshold": 1002,
                "model": {
                    "type": "model",
                    "model": "item/trainmodel/lipan/lipan_midori_dm_cabdoor"
                }
            },
            {
                "threshold": 1003,
                "model": {
                    "type": "model",
                    "model": "item/trainmodel/lipan/lipan_midori_dm_doorl"
                }
            },
            {
                "threshold": 1004,
                "model": {
                    "type": "model",
                    "model": "item/trainmodel/lipan/lipan_midori_dm_doorr"
                }
            },
            {
                "threshold": 1005,
                "model": {
                    "type": "model",
                    "model": "item/trainmodel/lipan/lipan_midori_dm_fnt"
                }
            },
            {
                "threshold": 1006,
                "model": {
                    "type": "model",
                    "model": "item/trainmodel/lipan/lipan_midori_dm_seat"
                }
            },
            {
                "threshold": 1007,
                "model": {
                    "type": "model",
                    "model": "item/trainmodel/lipan/lipan_midori_gang"
                }
            },
            {
                "threshold": 1008,
                "model": {
                    "type": "model",
                    "model": "item/trainmodel/lipan/lipan_midori_m_bck"
                }
            },
            {
                "threshold": 1009,
                "model": {
                    "type": "model",
                    "model": "item/trainmodel/lipan/lipan_midori_m_fnt"
                }
            },
            {
                "threshold": 1010,
                "model": {
                    "type": "model",
                    "model": "item/trainmodel/lipan/lipan_midori_m_mid"
                }
            },
            {
                "threshold": 1011,
                "model": {
                    "type": "model",
                    "model": "item/trainmodel/lipan/lipan_midori_pdoor"
                }
            },
            {
                "threshold": 1012,
                "model": {
                    "type": "model",
                    "model": "item/trainmodel/ycm/e24_end"
                }
            },
            {
                "threshold": 1013,
                "model": {
                    "type": "model",
                    "model": "item/trainmodel/ycm/e24_mid"
                }
            },
            {
                "threshold": 1014,
                "model": {
                    "type": "model",
                    "model": "item/trainmodel/ycm/e24_head"
                }
            },
            {
                "threshold": 1015,
                "model": {
                    "type": "model",
                    "model": "item/trainmodel/entetsu/s702_end"
                }
            },
            {
                "threshold": 1016,
                "model": {
                    "type": "model",
                    "model": "item/trainmodel/entetsu/s702_end_alt"
                }
            },
            {
                "threshold": 1017,
                "model": {
                    "type": "model",
                    "model": "item/trainmodel/entetsu/s702_mid"
                }
            },
            {
                "threshold": 1018,
                "model": {
                    "type": "model",
                    "model": "item/trainmodel/entetsu/s702_head"
                }
            },
            {
                "threshold": 1019,
                "model": {
                    "type": "model",
                    "model": "item/trainmodel/entetsu/b28_mid"
                }
            },
            {
                "threshold": 1020,
                "model": {
                    "type": "model",
                    "model": "item/trainmodel/entetsu/s701_head"
                }
            },
            {
                "threshold": 1021,
                "model": {
                    "type": "model",
                    "model": "item/trainmodel/entetsu/s701_mid_alt"
                }
            },
            {
                "threshold": 1022,
                "model": {
                    "type": "model",
                    "model": "item/trainmodel/entetsu/s701_end"
                }
            },
            {
                "threshold": 1023,
                "model": {
                    "type": "model",
                    "model": "item/trainmodel/lipan/l500_dm_b"
                }
            },
            {
                "threshold": 1024,
                "model": {
                    "type": "model",
                    "model": "item/trainmodel/lipan/l500_dm_f"
                }
            },
            {
                "threshold": 1025,
                "model": {
                    "type": "model",
                    "model": "item/trainmodel/lipan/l500_dm_m"
                }
            },
            {
                "threshold": 1026,
                "model": {
                    "type": "model",
                    "model": "item/trainmodel/entetsu/c278_end"
                }
            },
            {
                "threshold": 1027,
                "model": {
                    "type": "model",
                    "model": "item/trainmodel/entetsu/c278_mid"
                }
            },
            {
                "threshold": 1028,
                "model": {
                    "type": "model",
                    "model": "item/trainmodel/entetsu/c278_head"
                }
            },
            {
                "threshold": 1029,
                "model": {
                    "type": "model",
                    "model": "item/trainmodel/entetsu/r152_mid"
                }
            },
            {
                "threshold": 1030,
                "model": {
                    "type": "model",
                    "model": "item/trainmodel/misc/c27_front_cab_door"
                }
            },
            {
                "threshold": 1031,
                "model": {
                    "type": "model",
                    "model": "item/trainmodel/misc/c27_front_escape_door"
                }
            },
            {
                "threshold": 1032,
                "model": {
                    "type": "model",
                    "model": "item/busmodel/kt-bus/ktbus"
                }
            },
            {
                "threshold": 1033,
                "model": {
                    "type": "model",
                    "model": "item/busmodel/kt-bus/ktbus_front_door"
                }
            },
            {
                "threshold": 1034,
                "model": {
                    "type": "model",
                    "model": "item/busmodel/kt-bus/ktbus_center_door_a"
                }
            },
            {
                "threshold": 1035,
                "model": {
                    "type": "model",
                    "model": "item/busmodel/kt-bus/ktbus_center_door_b"
                }
            },
            {
                "threshold": 1036,
                "model": {
                    "type": "model",
                    "model": "item/busmodel/kt-bus/ktbus_rht"
                }
            },
            {
                "threshold": 1037,
                "model": {
                    "type": "model",
                    "model": "item/busmodel/kt-bus/ktbus_front_door_rht"
                }
            },
            {
                "threshold": 1038,
                "model": {
                    "type": "model",
                    "model": "item/busmodel/kt-bus/ktbus_center_door_a_rht"
                }
            },
            {
                "threshold": 1039,
                "model": {
                    "type": "model",
                    "model": "item/busmodel/kt-bus/ktbus_center_door_b_rht"
                }
            },
            {
                "threshold": 1040,
                "model": {
                    "type": "model",
                    "model": "item/trainmodel/s-trec/b37/bogie"
                }
            },
            {
                "threshold": 1041,
                "model": {
                    "type": "model",
                    "model": "item/trainmodel/s-trec/b37/center"
                }
            },
            {
                "threshold": 1042,
                "model": {
                    "type": "model",
                    "model": "item/trainmodel/s-trec/b37/door_la"
                }
            },
            {
                "threshold": 1043,
                "model": {
                    "type": "model",
                    "model": "item/trainmodel/s-trec/b37/door_lb"
                }
            },
            {
                "threshold": 1044,
                "model": {
                    "type": "model",
                    "model": "item/trainmodel/s-trec/b37/door_ra"
                }
            },
            {
                "threshold": 1045,
                "model": {
                    "type": "model",
                    "model": "item/trainmodel/s-trec/b37/door_rb"
                }
            },
            {
                "threshold": 1046,
                "model": {
                    "type": "model",
                    "model": "item/trainmodel/s-trec/b37/nopower"
                }
            },
            {
                "threshold": 1047,
                "model": {
                    "type": "model",
                    "model": "item/trainmodel/s-trec/b37/cab"
                }
            },
            {
                "threshold": 1048,
                "model": {
                    "type": "model",
                    "model": "item/trainmodel/s-trec/b37/cab_door"
                }
            },
            {
                "threshold": 1049,
                "model": {
                    "type": "model",
                    "model": "item/trainmodel/s-trec/b37/cab_interior_door"
                }
            },
            {
                "threshold": 1050,
                "model": {
                    "type": "model",
                    "model": "item/trainmodel/s-trec/b37/pan_base"
                }
            },
            {
                "threshold": 1051,
                "model": {
                    "type": "model",
                    "model": "item/trainmodel/s-trec/b37/pan_bottom"
                }
            },
            {
                "threshold": 1052,
                "model": {
                    "type": "model",
                    "model": "item/trainmodel/s-trec/b37/pan_top"
                }
            },
            {
                "threshold": 1053,
                "model": {
                    "type": "model",
                    "model": "item/trainmodel/s-trec/b37/pan_contact"
                }
            },
            {
                "threshold": 1054,
                "model": {
                    "type": "model",
                    "model": "item/trainmodel/s-trec/b37/display/local_shinetsu"
                }
            },
            {
                "threshold": 1055,
                "model": {
                    "type": "model",
                    "model": "item/trainmodel/s-trec/b37/display/rapid_shinetsu"
                }
            },
            {
                "threshold": 1056,
                "model": {
                    "type": "model",
                    "model": "item/trainmodel/s-trec/b37/display/rapid_via_shinetsu"
                }
            },
            {
                "threshold": 1057,
                "model": {
                    "type": "model",
                    "model": "item/trainmodel/s-trec/b37/display/local_joetsu"
                }
            },
            {
                "threshold": 1058,
                "model": {
                    "type": "model",
                    "model": "item/trainmodel/s-trec/b37/display/local_chinoya"
                }
            },
            {
                "threshold": 1059,
                "model": {
                    "type": "model",
                    "model": "item/trainmodel/s-trec/b37/display/local_thamakka"
                }
            },
            {
                "threshold": 1060,
                "model": {
                    "type": "model",
                    "model": "item/trainmodel/s-trec/b37/display/bits_local"
                }
            },
            {
                "threshold": 1061,
                "model": {
                    "type": "model",
                    "model": "item/trainmodel/s-trec/b37/display/bits_rapid"
                }
            },
            {
                "threshold": 1062,
                "model": {
                    "type": "model",
                    "model": "item/trainmodel/s-trec/b37/display/bits_express"
                }
            },
            {
                "threshold": 1063,
                "model": {
                    "type": "model",
                    "model": "item/trainmodel/s-trec/b37/display/bits_ltdexp"
                }
            },
            {
                "threshold": 1064,
                "model": {
                    "type": "model",
                    "model": "item/trainmodel/s-trec/b37/display/local_goraria"
                }
            },
            {
                "threshold": 1065,
                "model": {
                    "type": "model",
                    "model": "item/trainmodel/s-trec/b37/display/local_kotoha"
                }
            },
            {
                "threshold": 1066,
                "model": {
                    "type": "model",
                    "model": "item/trainmodel/s-trec/b37/display/special_private"
                }
            },
            {
                "threshold": 1067,
                "model": {
                    "type": "model",
                    "model": "item/trainmodel/s-trec/b37/display/excursion_military"
                }
            },
            {
                "threshold": 1068,
                "model": {
                    "type": "model",
                    "model": "item/trainmodel/s-trec/b37/display/ordinary_goraria"
                }
            },
            {
                "threshold": 1069,
                "model": {
                    "type": "model",
                    "model": "item/trainmodel/s-trec/b37/display/neml_local"
                }
            },
            {
                "threshold": 1070,
                "model": {
                    "type": "model",
                    "model": "item/trainmodel/s-trec/b37/display/neml_rapid"
                }
            },
            {
                "threshold": 1071,
                "model": {
                    "type": "model",
                    "model": "item/trainmodel/s-trec/b37/display/neml_express"
                }
            },
            {
                "threshold": 1072,
                "model": {
                    "type": "model",
                    "model": "item/trainmodel/ktb/mugunghwa/flatcar"
                }
            },
            {
                "threshold": 1073,
                "model": {
                    "type": "model",
                    "model": "item/trainmodel/ktb/mugunghwa/mizuno_container"
                }
            },
            {
                "threshold": 1074,
                "model": {
                    "type": "model",
                    "model": "item/trainmodel/ktb/mugunghwa/lipan_container"
                }
            },
            {
                "threshold": 1075,
                "model": {
                    "type": "model",
                    "model": "item/trainmodel/ktb/mugunghwa/loco"
                }
            },
            {
                "threshold": 1076,
                "model": {
                    "type": "model",
                    "model": "item/trainmodel/ktb/mugunghwa/thirdclass"
                }
            },
            {
                "threshold": 1077,
                "model": {
                    "type": "model",
                    "model": "item/trainmodel/ktb/mugunghwa/thirdclass_door_r"
                }
            },
            {
                "threshold": 1078,
                "model": {
                    "type": "model",
                    "model": "item/trainmodel/ktb/mugunghwa/thirdclass_door_l"
                }
            },
            {
                "threshold": 1079,
                "model": {
                    "type": "model",
                    "model": "item/trainmodel/ktb/mugunghwa/powercar"
                }
            },
            {
                "threshold": 1080,
                "model": {
                    "type": "model",
                    "model": "item/trainmodel/ktb/mugunghwa/powercardoor"
                }
            },
            {
                "threshold": 1081,
                "model": {
                    "type": "model",
                    "model": "item/trainmodel/ktb/mugunghwa/secondclass"
                }
            },
            {
                "threshold": 1082,
                "model": {
                    "type": "model",
                    "model": "item/trainmodel/ktb/mugunghwa/scnodoor"
                }
            },
            {
                "threshold": 1083,
                "model": {
                    "type": "model",
                    "model": "item/trainmodel/ktb/mugunghwa/secondclass_door_l"
                }
            },
            {
                "threshold": 1084,
                "model": {
                    "type": "model",
                    "model": "item/trainmodel/ktb/mugunghwa/secondclass_door_r"
                }
            },
            {
                "threshold": 1085,
                "model": {
                    "type": "model",
                    "model": "item/trainmodel/ktb/mugunghwa/firstclass"
                }
            },
            {
                "threshold": 1086,
                "model": {
                    "type": "model",
                    "model": "item/trainmodel/ktb/mugunghwa/fcnodoor"
                }
            },
            {
                "threshold": 1087,
                "model": {
                    "type": "model",
                    "model": "item/trainmodel/ktb/mugunghwa/firstclass_door_l"
                }
            },
            {
                "threshold": 1088,
                "model": {
                    "type": "model",
                    "model": "item/trainmodel/ktb/mugunghwa/firstclass_door_r"
                }
            },
            {
                "threshold": 1089,
                "model": {
                    "type": "model",
                    "model": "item/busmodel/autonomous/main_body"
                }
            },
            {
                "threshold": 1090,
                "model": {
                    "type": "model",
                    "model": "item/busmodel/autonomous/door_left"
                }
            },
            {
                "threshold": 1091,
                "model": {
                    "type": "model",
                    "model": "item/busmodel/autonomous/door_right"
                }
            },
            {
                "threshold": 1092,
                "model": {
                    "type": "model",
                    "model": "item/busmodel/autonomous/display_outside/nis"
                }
            },
            {
                "threshold": 1093,
                "model": {
                    "type": "model",
                    "model": "item/busmodel/autonomous/display_outside/rte"
                }
            },
            {
                "threshold": 1094,
                "model": {
                    "type": "model",
                    "model": "item/busmodel/autonomous/display_outside/gotrip_via"
                }
            },
            {
                "threshold": 1095,
                "model": {
                    "type": "model",
                    "model": "item/busmodel/autonomous/display_outside/gotrip"
                }
            },
            {
                "threshold": 1096,
                "model": {
                    "type": "model",
                    "model": "item/busmodel/autonomous/display_outside/returntrip_via"
                }
            },
            {
                "threshold": 1097,
                "model": {
                    "type": "model",
                    "model": "item/busmodel/autonomous/display_outside/returntrip"
                }
            },
            {
                "threshold": 1098,
                "model": {
                    "type": "model",
                    "model": "item/busmodel/autonomous/display_inside/ktb"
                }
            },
            {
                "threshold": 1099,
                "model": {
                    "type": "model",
                    "model": "item/busmodel/autonomous/display_inside/m5u1"
                }
            },
            {
                "threshold": 1100,
                "model": {
                    "type": "model",
                    "model": "item/busmodel/autonomous/display_inside/m5u2"
                }
            },
            {
                "threshold": 1101,
                "model": {
                    "type": "model",
                    "model": "item/busmodel/autonomous/display_inside/m5u3"
                }
            },
            {
                "threshold": 1102,
                "model": {
                    "type": "model",
                    "model": "item/busmodel/autonomous/display_inside/m5u4"
                }
            },
            {
                "threshold": 1103,
                "model": {
                    "type": "model",
                    "model": "item/busmodel/autonomous/display_inside/m5u5"
                }
            },
            {
                "threshold": 1104,
                "model": {
                    "type": "model",
                    "model": "item/busmodel/autonomous/display_inside/m5u6"
                }
            },
            {
                "threshold": 1105,
                "model": {
                    "type": "model",
                    "model": "item/busmodel/autonomous/display_inside/m5u7"
                }
            },
            {
                "threshold": 1106,
                "model": {
                    "type": "model",
                    "model": "item/busmodel/autonomous/display_inside/m5u8"
                }
            },
            {
                "threshold": 1107,
                "model": {
                    "type": "model",
                    "model": "item/busmodel/autonomous/display_inside/m5u9"
                }
            },
            {
                "threshold": 1108,
                "model": {
                    "type": "model",
                    "model": "item/busmodel/autonomous/display_inside/m5u10"
                }
            },
            {
                "threshold": 1109,
                "model": {
                    "type": "model",
                    "model": "item/busmodel/autonomous/display_inside/m5u11"
                }
            },
            {
                "threshold": 1110,
                "model": {
                    "type": "model",
                    "model": "item/busmodel/autonomous/display_inside/m5u12"
                }
            },
            {
                "threshold": 1111,
                "model": {
                    "type": "model",
                    "model": "item/busmodel/autonomous/display_inside/m5u13"
                }
            },
            {
                "threshold": 1112,
                "model": {
                    "type": "model",
                    "model": "item/busmodel/autonomous/display_inside/m5d1"
                }
            },
            {
                "threshold": 1113,
                "model": {
                    "type": "model",
                    "model": "item/busmodel/autonomous/display_inside/m5d2"
                }
            },
            {
                "threshold": 1114,
                "model": {
                    "type": "model",
                    "model": "item/busmodel/autonomous/display_inside/m5d3"
                }
            },
            {
                "threshold": 1115,
                "model": {
                    "type": "model",
                    "model": "item/busmodel/autonomous/display_inside/m5d4"
                }
            },
            {
                "threshold": 1116,
                "model": {
                    "type": "model",
                    "model": "item/busmodel/autonomous/display_inside/m5d5"
                }
            },
            {
                "threshold": 1117,
                "model": {
                    "type": "model",
                    "model": "item/busmodel/autonomous/display_inside/m5d6"
                }
            },
            {
                "threshold": 1118,
                "model": {
                    "type": "model",
                    "model": "item/busmodel/autonomous/display_inside/m5d7"
                }
            },
            {
                "threshold": 1119,
                "model": {
                    "type": "model",
                    "model": "item/busmodel/autonomous/display_inside/m5d8"
                }
            },
            {
                "threshold": 1120,
                "model": {
                    "type": "model",
                    "model": "item/busmodel/autonomous/display_inside/m5d9"
                }
            },
            {
                "threshold": 1121,
                "model": {
                    "type": "model",
                    "model": "item/busmodel/autonomous/display_inside/m5d10"
                }
            },
            {
                "threshold": 1122,
                "model": {
                    "type": "model",
                    "model": "item/busmodel/autonomous/display_inside/m5d11"
                }
            },
            {
                "threshold": 1123,
                "model": {
                    "type": "model",
                    "model": "item/busmodel/autonomous/display_inside/m5d12"
                }
            },
            {
                "threshold": 1124,
                "model": {
                    "type": "model",
                    "model": "item/busmodel/autonomous/display_inside/m5d13"
                }
            },
            {
                "threshold": 1125,
                "model": {
                    "type": "model",
                    "model": "item/busmodel/autonomous/main_body_taxi"
                }
            },
            {
                "threshold": 1126,
                "model": {
                    "type": "model",
                    "model": "item/busmodel/autonomous/taxi_pass_door"
                }
            },
            {
                "threshold": 1127,
                "model": {
                    "type": "model",
                    "model": "item/busmodel/autonomous/taxi_dis_start"
                }
            },
            {
                "threshold": 1128,
                "model": {
                    "type": "model",
                    "model": "item/busmodel/autonomous/taxi_dis_way"
                }
            },
            {
                "threshold": 1129,
                "model": {
                    "type": "model",
                    "model": "item/busmodel/autonomous/taxi_dis_end"
                }
            },
{
                "threshold": 1130,
                "model": {
                    "type": "model",
                    "model": "item/trainmodel/entetsu/r152_end"
                }
            },
        ]
    }
}