{
  "model": {
    "type": "minecraft:range_dispatch",
    "property": "minecraft:custom_model_data",
    "entries": [
      {
        "model": {
          "type": "minecraft:model",
          "model": "minecraft:item/leather_horse_armor",
          "tints": [
            {
              "type": "minecraft:dye",
              "default": -6265536
            }
          ]
        },
        "threshold": 0
      },
      {
        "threshold": 50000,
        "model": {
          "model": "tce:items/spray_can",
          "type": "minecraft:model",
          "tints": [
            {
              "type": "minecraft:dye",
              "default": -6265536
            }
          ]
        }
      }
    ]
  }
}