{
	"credit": "Made with Blockbench",
	"textures": {
		"0": "block/white_shulker_box",
		"1": "block/polished_blackstone",
		"2": "block/tinted_glass",
		"particle": "block/white_shulker_box"
	},
	"elements": [
		{
			"from": [7.75, 0.5, 1],
			"to": [8.25, 11.5, 15],
			"rotation": {"angle": 0, "axis": "y", "origin": [8, 8, 8]},
			"faces": {
				"north": {"uv": [3, 3, 13, 13], "texture": "#0"},
				"east": {"uv": [3, 3, 13, 13], "texture": "#0"},
				"south": {"uv": [3, 3, 13, 13], "texture": "#0"},
				"west": {"uv": [3, 3, 13, 13], "texture": "#0"},
				"up": {"uv": [3, 3, 13, 13], "texture": "#0"},
				"down": {"uv": [3, 3, 13, 13], "texture": "#0"}
			}
		},
		{
			"from": [7.75, 23.5, 1],
			"to": [8.25, 25, 15],
			"rotation": {"angle": 0, "axis": "y", "origin": [8, 21, 8]},
			"faces": {
				"north": {"uv": [3, 3, 13, 13], "texture": "#0"},
				"east": {"uv": [3, 3, 13, 13], "texture": "#0"},
				"south": {"uv": [3, 3, 13, 13], "texture": "#0"},
				"west": {"uv": [3, 3, 13, 13], "texture": "#0"},
				"up": {"uv": [3, 3, 13, 13], "texture": "#0"},
				"down": {"uv": [3, 3, 13, 13], "texture": "#0"}
			}
		},
		{
			"from": [7.75, 20.49288, 0.20083],
			"to": [8.25, 21.61788, 0.82583],
			"rotation": {"angle": 45, "axis": "x", "origin": [8, 18.36788, 4.82583]},
			"faces": {
				"north": {"uv": [3, 3, 13, 13], "texture": "#0"},
				"east": {"uv": [3, 3, 13, 13], "texture": "#0"},
				"south": {"uv": [3, 3, 13, 13], "texture": "#0"},
				"west": {"uv": [3, 3, 13, 13], "texture": "#0"},
				"up": {"uv": [3, 3, 13, 13], "texture": "#0"},
				"down": {"uv": [3, 3, 13, 13], "texture": "#0"}
			}
		},
		{
			"from": [7.75, 20.49288, 15.17417],
			"to": [8.25, 21.61788, 15.79917],
			"rotation": {"angle": -45, "axis": "x", "origin": [8, 18.36788, 11.17417]},
			"faces": {
				"north": {"uv": [3, 3, 13, 13], "texture": "#0"},
				"east": {"uv": [3, 3, 13, 13], "texture": "#0"},
				"south": {"uv": [3, 3, 13, 13], "texture": "#0"},
				"west": {"uv": [3, 3, 13, 13], "texture": "#0"},
				"up": {"uv": [3, 3, 13, 13], "texture": "#0"},
				"down": {"uv": [3, 3, 13, 13], "texture": "#0"}
			}
		},
		{
			"from": [7.75, 13.38212, 15.17417],
			"to": [8.25, 14.50712, 15.79917],
			"rotation": {"angle": 45, "axis": "x", "origin": [8, 16.63212, 11.17417]},
			"faces": {
				"north": {"uv": [3, 3, 13, 13], "texture": "#0"},
				"east": {"uv": [3, 3, 13, 13], "texture": "#0"},
				"south": {"uv": [3, 3, 13, 13], "texture": "#0"},
				"west": {"uv": [3, 3, 13, 13], "texture": "#0"},
				"up": {"uv": [3, 3, 13, 13], "texture": "#0"},
				"down": {"uv": [3, 3, 13, 13], "texture": "#0"}
			}
		},
		{
			"from": [7.75, 13.38212, 0.20083],
			"to": [8.25, 14.50712, 0.82583],
			"rotation": {"angle": -45, "axis": "x", "origin": [8, 16.63212, 4.82583]},
			"faces": {
				"north": {"uv": [3, 3, 13, 13], "texture": "#0"},
				"east": {"uv": [3, 3, 13, 13], "texture": "#0"},
				"south": {"uv": [3, 3, 13, 13], "texture": "#0"},
				"west": {"uv": [3, 3, 13, 13], "texture": "#0"},
				"up": {"uv": [3, 3, 13, 13], "texture": "#0"},
				"down": {"uv": [3, 3, 13, 13], "texture": "#0"}
			}
		},
		{
			"from": [7.75, 11.5, 1],
			"to": [8.25, 23.5, 3.5],
			"rotation": {"angle": 0, "axis": "y", "origin": [8, 20, 8]},
			"faces": {
				"north": {"uv": [3, 3, 13, 13], "texture": "#0"},
				"east": {"uv": [3, 3, 13, 13], "texture": "#0"},
				"south": {"uv": [3, 3, 13, 13], "texture": "#0"},
				"west": {"uv": [3, 3, 13, 13], "texture": "#0"},
				"up": {"uv": [3, 3, 13, 13], "texture": "#0"},
				"down": {"uv": [3, 3, 13, 13], "texture": "#0"}
			}
		},
		{
			"from": [7.75, 11.5, 12.5],
			"to": [8.25, 23.5, 15],
			"rotation": {"angle": 0, "axis": "y", "origin": [8, 20, 19]},
			"faces": {
				"north": {"uv": [3, 3, 13, 13], "texture": "#0"},
				"east": {"uv": [3, 3, 13, 13], "texture": "#0"},
				"south": {"uv": [3, 3, 13, 13], "texture": "#0"},
				"west": {"uv": [3, 3, 13, 13], "texture": "#0"},
				"up": {"uv": [3, 3, 13, 13], "texture": "#0"},
				"down": {"uv": [3, 3, 13, 13], "texture": "#0"}
			}
		},
		{
			"from": [7.75, 0.5, 0.5],
			"to": [8.25, 25, 1],
			"rotation": {"angle": 0, "axis": "y", "origin": [8, 8, 6]},
			"faces": {
				"north": {"uv": [0, 0, 0.5, 16], "texture": "#1"},
				"east": {"uv": [0, 0, 0.5, 16], "texture": "#1"},
				"south": {"uv": [0, 0, 0.5, 16], "texture": "#1"},
				"west": {"uv": [0, 0, 0.5, 16], "texture": "#1"},
				"up": {"uv": [0, 0, 0.5, 0.5], "texture": "#1"},
				"down": {"uv": [0, 0, 0.5, 0.5], "texture": "#1"}
			}
		},
		{
			"from": [7.75, 0.5, 15],
			"to": [8.25, 25, 15.5],
			"rotation": {"angle": 0, "axis": "y", "origin": [8, 8, 20.5]},
			"faces": {
				"north": {"uv": [0, 0, 0.5, 16], "texture": "#1"},
				"east": {"uv": [0, 0, 0.5, 16], "texture": "#1"},
				"south": {"uv": [0, 0, 0.5, 16], "texture": "#1"},
				"west": {"uv": [0, 0, 0.5, 16], "texture": "#1"},
				"up": {"uv": [0, 0, 0.5, 0.5], "texture": "#1"},
				"down": {"uv": [0, 0, 0.5, 0.5], "texture": "#1"}
			}
		},
		{
			"name": "window",
			"from": [7.75, 12, 4],
			"to": [8.25, 23, 12],
			"rotation": {"angle": 0, "axis": "y", "origin": [8, 20, 8]},
			"faces": {
				"north": {"uv": [0, 0, 16, 16], "texture": "#2"},
				"east": {"uv": [0, 0, 16, 16], "texture": "#2"},
				"south": {"uv": [0, 0, 16, 16], "texture": "#2"},
				"west": {"uv": [0, 0, 16, 16], "texture": "#2"},
				"up": {"uv": [0, 0, 16, 16], "texture": "#2"},
				"down": {"uv": [0, 0, 16, 16], "texture": "#2"}
			}
		},
		{
			"name": "hexadecagon",
			"from": [7.725, 12.30109, 3.5],
			"to": [8.275, 12.69891, 4],
			"rotation": {"angle": -45, "axis": "x", "origin": [8, 12.5, 4.5]},
			"faces": {
				"north": {"uv": [0, 0, 0.55, 0.39782], "texture": "#1"},
				"east": {"uv": [0, 0, 0.5, 0.39782], "texture": "#1"},
				"south": {"uv": [0, 0, 0.55, 0.39782], "texture": "#1"},
				"west": {"uv": [0, 0, 0.5, 0.39782], "texture": "#1"},
				"up": {"uv": [0, 0, 0.55, 0.5], "texture": "#1"},
				"down": {"uv": [0, 0, 0.55, 0.5], "texture": "#1"}
			}
		},
		{
			"name": "hexadecagon",
			"from": [7.725, 12.30109, 3.5],
			"to": [8.275, 12.69891, 4],
			"rotation": {"angle": -22.5, "axis": "x", "origin": [8, 12.5, 4.5]},
			"faces": {
				"north": {"uv": [0, 0, 0.55, 0.39782], "texture": "#1"},
				"east": {"uv": [0, 0, 0.5, 0.39782], "texture": "#1"},
				"south": {"uv": [0, 0, 0.55, 0.39782], "texture": "#1"},
				"west": {"uv": [0, 0, 0.5, 0.39782], "texture": "#1"},
				"up": {"uv": [0, 0, 0.55, 0.5], "texture": "#1"},
				"down": {"uv": [0, 0, 0.55, 0.5], "texture": "#1"}
			}
		},
		{
			"name": "hexadecagon",
			"from": [7.725, 12.30109, 3.5],
			"to": [8.275, 22.69891, 4],
			"rotation": {"angle": 0, "axis": "x", "origin": [8, 22.5, 4.5]},
			"faces": {
				"north": {"uv": [0, 0, 0.55, 10.39782], "texture": "#1"},
				"east": {"uv": [0, 0, 0.5, 10.39782], "texture": "#1"},
				"south": {"uv": [0, 0, 0.55, 10.39782], "texture": "#1"},
				"west": {"uv": [0, 0, 0.5, 10.39782], "texture": "#1"},
				"up": {"uv": [0, 0, 0.55, 0.5], "texture": "#1"},
				"down": {"uv": [0, 0, 0.55, 0.5], "texture": "#1"}
			}
		},
		{
			"name": "hexadecagon",
			"from": [7.725, 22.30109, 3.5],
			"to": [8.275, 22.69891, 4],
			"rotation": {"angle": 22.5, "axis": "x", "origin": [8, 22.5, 4.5]},
			"faces": {
				"north": {"uv": [0, 0, 0.55, 0.39782], "texture": "#1"},
				"east": {"uv": [0, 0, 0.5, 0.39782], "texture": "#1"},
				"south": {"uv": [0, 0, 0.55, 0.39782], "texture": "#1"},
				"west": {"uv": [0, 0, 0.5, 0.39782], "texture": "#1"},
				"up": {"uv": [0, 0, 0.55, 0.5], "texture": "#1"},
				"down": {"uv": [0, 0, 0.55, 0.5], "texture": "#1"}
			}
		},
		{
			"name": "hexadecagon",
			"from": [7.725, 22.30109, 3.5],
			"to": [8.275, 22.69891, 4],
			"rotation": {"angle": 45, "axis": "x", "origin": [8, 22.5, 4.5]},
			"faces": {
				"north": {"uv": [0, 0, 0.55, 0.39782], "texture": "#1"},
				"east": {"uv": [0, 0, 0.5, 0.39782], "texture": "#1"},
				"south": {"uv": [0, 0, 0.55, 0.39782], "texture": "#1"},
				"west": {"uv": [0, 0, 0.5, 0.39782], "texture": "#1"},
				"up": {"uv": [0, 0, 0.55, 0.5], "texture": "#1"},
				"down": {"uv": [0, 0, 0.55, 0.5], "texture": "#1"}
			}
		},
		{
			"name": "hexadecagon",
			"from": [7.725, 22.30109, 12],
			"to": [8.275, 22.69891, 12.5],
			"rotation": {"angle": -45, "axis": "x", "origin": [8, 22.5, 11.5]},
			"faces": {
				"north": {"uv": [0, 0, 0.55, 0.39782], "texture": "#1"},
				"east": {"uv": [0, 0, 0.5, 0.39782], "texture": "#1"},
				"south": {"uv": [0, 0, 0.55, 0.39782], "texture": "#1"},
				"west": {"uv": [0, 0, 0.5, 0.39782], "texture": "#1"},
				"up": {"uv": [0, 0, 0.55, 0.5], "texture": "#1"},
				"down": {"uv": [0, 0, 0.55, 0.5], "texture": "#1"}
			}
		},
		{
			"name": "hexadecagon",
			"from": [7.725, 22.30109, 12],
			"to": [8.275, 22.69891, 12.5],
			"rotation": {"angle": -22.5, "axis": "x", "origin": [8, 22.5, 11.5]},
			"faces": {
				"north": {"uv": [0, 0, 0.55, 0.39782], "texture": "#1"},
				"east": {"uv": [0, 0, 0.5, 0.39782], "texture": "#1"},
				"south": {"uv": [0, 0, 0.55, 0.39782], "texture": "#1"},
				"west": {"uv": [0, 0, 0.5, 0.39782], "texture": "#1"},
				"up": {"uv": [0, 0, 0.55, 0.5], "texture": "#1"},
				"down": {"uv": [0, 0, 0.55, 0.5], "texture": "#1"}
			}
		},
		{
			"name": "hexadecagon",
			"from": [7.725, 12.30109, 12],
			"to": [8.275, 22.69891, 12.5],
			"rotation": {"angle": 0, "axis": "x", "origin": [8, 22.5, 11.5]},
			"faces": {
				"north": {"uv": [0, 0, 0.55, 10.39782], "texture": "#1"},
				"east": {"uv": [0, 0, 0.5, 10.39782], "texture": "#1"},
				"south": {"uv": [0, 0, 0.55, 10.39782], "texture": "#1"},
				"west": {"uv": [0, 0, 0.5, 10.39782], "texture": "#1"},
				"up": {"uv": [0, 0, 0.55, 0.5], "texture": "#1"},
				"down": {"uv": [0, 0, 0.55, 0.5], "texture": "#1"}
			}
		},
		{
			"name": "hexadecagon",
			"from": [7.725, 12.30109, 12],
			"to": [8.275, 12.69891, 12.5],
			"rotation": {"angle": 22.5, "axis": "x", "origin": [8, 12.5, 11.5]},
			"faces": {
				"north": {"uv": [0, 0, 0.55, 0.39782], "texture": "#1"},
				"east": {"uv": [0, 0, 0.5, 0.39782], "texture": "#1"},
				"south": {"uv": [0, 0, 0.55, 0.39782], "texture": "#1"},
				"west": {"uv": [0, 0, 0.5, 0.39782], "texture": "#1"},
				"up": {"uv": [0, 0, 0.55, 0.5], "texture": "#1"},
				"down": {"uv": [0, 0, 0.55, 0.5], "texture": "#1"}
			}
		},
		{
			"name": "hexadecagon",
			"from": [7.725, 12.30109, 12],
			"to": [8.275, 12.69891, 12.5],
			"rotation": {"angle": 45, "axis": "x", "origin": [8, 12.5, 11.5]},
			"faces": {
				"north": {"uv": [0, 0, 0.55, 0.39782], "texture": "#1"},
				"east": {"uv": [0, 0, 0.5, 0.39782], "texture": "#1"},
				"south": {"uv": [0, 0, 0.55, 0.39782], "texture": "#1"},
				"west": {"uv": [0, 0, 0.5, 0.39782], "texture": "#1"},
				"up": {"uv": [0, 0, 0.55, 0.5], "texture": "#1"},
				"down": {"uv": [0, 0, 0.55, 0.5], "texture": "#1"}
			}
		},
		{
			"name": "hexadecagon",
			"from": [7.725, 11.5, 11.30109],
			"to": [8.275, 12, 11.69891],
			"rotation": {"angle": -22.5, "axis": "x", "origin": [8, 12.5, 11.5]},
			"faces": {
				"north": {"uv": [0, 0, 0.55, 0.5], "texture": "#1"},
				"east": {"uv": [0, 0, 0.39782, 0.5], "texture": "#1"},
				"south": {"uv": [0, 0, 0.55, 0.5], "texture": "#1"},
				"west": {"uv": [0, 0, 0.39782, 0.5], "texture": "#1"},
				"up": {"uv": [0, 0, 0.55, 0.39782], "texture": "#1"},
				"down": {"uv": [0, 0, 0.55, 0.39782], "texture": "#1"}
			}
		},
		{
			"name": "hexadecagon",
			"from": [7.725, 11.5, 4.30109],
			"to": [8.275, 12, 11.69891],
			"rotation": {"angle": 0, "axis": "x", "origin": [8, 12.5, 11.5]},
			"faces": {
				"north": {"uv": [0, 0, 0.55, 0.5], "texture": "#1"},
				"east": {"uv": [0, 0, 7.39782, 0.5], "texture": "#1"},
				"south": {"uv": [0, 0, 0.55, 0.5], "texture": "#1"},
				"west": {"uv": [0, 0, 7.39782, 0.5], "texture": "#1"},
				"up": {"uv": [0, 0, 0.55, 7.39782], "texture": "#1"},
				"down": {"uv": [0, 0, 0.55, 7.39782], "texture": "#1"}
			}
		},
		{
			"name": "hexadecagon",
			"from": [7.725, 11.5, 4.30109],
			"to": [8.275, 12, 4.69891],
			"rotation": {"angle": 22.5, "axis": "x", "origin": [8, 12.5, 4.5]},
			"faces": {
				"north": {"uv": [0, 0, 0.55, 0.5], "texture": "#1"},
				"east": {"uv": [0, 0, 0.39782, 0.5], "texture": "#1"},
				"south": {"uv": [0, 0, 0.55, 0.5], "texture": "#1"},
				"west": {"uv": [0, 0, 0.39782, 0.5], "texture": "#1"},
				"up": {"uv": [0, 0, 0.55, 0.39782], "texture": "#1"},
				"down": {"uv": [0, 0, 0.55, 0.39782], "texture": "#1"}
			}
		},
		{
			"name": "hexadecagon",
			"from": [7.725, 23, 4.30109],
			"to": [8.275, 23.5, 4.69891],
			"rotation": {"angle": -22.5, "axis": "x", "origin": [8, 22.5, 4.5]},
			"faces": {
				"north": {"uv": [0, 0, 0.55, 0.5], "texture": "#1"},
				"east": {"uv": [0, 0, 0.39782, 0.5], "texture": "#1"},
				"south": {"uv": [0, 0, 0.55, 0.5], "texture": "#1"},
				"west": {"uv": [0, 0, 0.39782, 0.5], "texture": "#1"},
				"up": {"uv": [0, 0, 0.55, 0.39782], "texture": "#1"},
				"down": {"uv": [0, 0, 0.55, 0.39782], "texture": "#1"}
			}
		},
		{
			"name": "hexadecagon",
			"from": [7.725, 23, 4.30109],
			"to": [8.275, 23.5, 11.69891],
			"rotation": {"angle": 0, "axis": "x", "origin": [8, 22.5, 4.5]},
			"faces": {
				"north": {"uv": [0, 0, 0.55, 0.5], "texture": "#1"},
				"east": {"uv": [0, 0, 7.39782, 0.5], "texture": "#1"},
				"south": {"uv": [0, 0, 0.55, 0.5], "texture": "#1"},
				"west": {"uv": [0, 0, 7.39782, 0.5], "texture": "#1"},
				"up": {"uv": [0, 0, 0.55, 7.39782], "texture": "#1"},
				"down": {"uv": [0, 0, 0.55, 7.39782], "texture": "#1"}
			}
		},
		{
			"name": "hexadecagon",
			"from": [7.725, 23, 11.30109],
			"to": [8.275, 23.5, 11.69891],
			"rotation": {"angle": 22.5, "axis": "x", "origin": [8, 22.5, 11.5]},
			"faces": {
				"north": {"uv": [0, 0, 0.55, 0.5], "texture": "#1"},
				"east": {"uv": [0, 0, 0.39782, 0.5], "texture": "#1"},
				"south": {"uv": [0, 0, 0.55, 0.5], "texture": "#1"},
				"west": {"uv": [0, 0, 0.39782, 0.5], "texture": "#1"},
				"up": {"uv": [0, 0, 0.55, 0.39782], "texture": "#1"},
				"down": {"uv": [0, 0, 0.55, 0.39782], "texture": "#1"}
			}
		}
	],
	"display": {
		"head": {
			"scale": [2, 2, 2]
		}
	},
	"groups": [
		0,
		1,
		2,
		3,
		4,
		5,
		6,
		7,
		8,
		9,
		10,
		{
			"name": "hexadecagon",
			"origin": [8, 8, 8],
			"color": 0,
			"children": [11, 12, 13, 14, 15, 16, 17, 18, 19, 20, 21, 22, 23, 24, 25, 26]
		}
	]
}