{
	"credit": "Made with Blockbench",
	"textures": {
		"1": "block/netherite_block"
	},
	"elements": [
		{
			"from": [8.5, 0, 0],
			"to": [9.5, 0.5, 3],
			"rotation": {"angle": 0, "axis": "x", "origin": [0, -5, 0]},
			"faces": {
				"north": {"uv": [1, 1, 2, 1.5], "texture": "#1"},
				"east": {"uv": [1, 1, 4, 1.5], "texture": "#1"},
				"south": {"uv": [1, 1, 2, 1.5], "texture": "#1"},
				"west": {"uv": [1, 1, 4, 1.5], "texture": "#1"},
				"up": {"uv": [1, 1, 2, 4], "texture": "#1"},
				"down": {"uv": [1, 1, 2, 4], "texture": "#1"}
			}
		},
		{
			"from": [6.5, 0, 0],
			"to": [7.5, 0.5, 3],
			"rotation": {"angle": 0, "axis": "x", "origin": [0, -5, 0]},
			"faces": {
				"north": {"uv": [1, 1, 2, 1.5], "texture": "#1"},
				"east": {"uv": [1, 1, 4, 1.5], "texture": "#1"},
				"south": {"uv": [1, 1, 2, 1.5], "texture": "#1"},
				"west": {"uv": [1, 1, 4, 1.5], "texture": "#1"},
				"up": {"uv": [1, 1, 2, 4], "texture": "#1"},
				"down": {"uv": [1, 1, 2, 4], "texture": "#1"}
			}
		},
		{
			"from": [7.5, 0, 2],
			"to": [8.5, 0.5, 8],
			"rotation": {"angle": 0, "axis": "x", "origin": [0, -5, 0]},
			"faces": {
				"north": {"uv": [1, 1, 2, 1.5], "texture": "#1"},
				"east": {"uv": [1, 1, 7, 1.5], "texture": "#1"},
				"south": {"uv": [1, 1, 2, 1.5], "texture": "#1"},
				"west": {"uv": [1, 1, 7, 1.5], "texture": "#1"},
				"up": {"uv": [1, 1, 2, 7], "texture": "#1"},
				"down": {"uv": [1, 1, 2, 7], "texture": "#1"}
			}
		},
		{
			"from": [6.5, 0, 8],
			"to": [9.5, 0.5, 9],
			"rotation": {"angle": 0, "axis": "x", "origin": [0, -5, 0]},
			"faces": {
				"north": {"uv": [1, 1, 4, 1.5], "texture": "#1"},
				"east": {"uv": [1, 1, 2, 1.5], "texture": "#1"},
				"south": {"uv": [1, 1, 4, 1.5], "texture": "#1"},
				"west": {"uv": [1, 1, 2, 1.5], "texture": "#1"},
				"up": {"uv": [1, 1, 4, 2], "texture": "#1"},
				"down": {"uv": [1, 1, 4, 2], "texture": "#1"}
			}
		}
	],
	"display": {
		"head": {
			"scale": [2, 2, 2]
		}
	}
}