{
	"credit": "Made with Blockbench",
	"textures": {
		"1": "LipanLocoTextures/shine metal",
		"5": "LipanLocoTextures/dark metal",
		"7": "LipanLocoTextures/snowplough yellow",
		"9": "LipanLocoTextures/Crimson",
		"15": "LipanLocoTextures/Namboku Green",
		"17": "LipanLocoTextures/texture",
		"particle": "LipanLocoTextures/Snow White"
	},
	"elements": [
		{
			"from": [12, -13, -3],
			"to": [14, -8, 2],
			"rotation": {"angle": 0, "axis": "y", "origin": [-3, 13, 4]},
			"faces": {
				"north": {"uv": [0, 0, 1, 2.5], "texture": "#5"},
				"east": {"uv": [0, 0, 2.5, 2.5], "texture": "#5"},
				"south": {"uv": [0, 0, 1, 2.5], "texture": "#5"},
				"west": {"uv": [0, 0, 2.5, 2.5], "texture": "#5"},
				"up": {"uv": [0, 0, 1, 2.5], "texture": "#5"},
				"down": {"uv": [0, 0, 1, 2.5], "texture": "#5"}
			}
		},
		{
			"from": [2, -13, -3],
			"to": [4, -8, 2],
			"rotation": {"angle": 0, "axis": "y", "origin": [-3, 13, 4]},
			"faces": {
				"north": {"uv": [0, 0, 1, 2.5], "texture": "#5"},
				"east": {"uv": [0, 0, 2.5, 2.5], "texture": "#5"},
				"south": {"uv": [0, 0, 1, 2.5], "texture": "#5"},
				"west": {"uv": [0, 0, 2.5, 2.5], "texture": "#5"},
				"up": {"uv": [0, 0, 1, 2.5], "texture": "#5"},
				"down": {"uv": [0, 0, 1, 2.5], "texture": "#5"}
			}
		},
		{
			"from": [12, -8, -3],
			"to": [13, -7, 2],
			"rotation": {"angle": 0, "axis": "y", "origin": [-3, 13, 4]},
			"faces": {
				"north": {"uv": [0, 0, 0.5, 0.5], "texture": "#1"},
				"east": {"uv": [0, 0, 2.5, 0.5], "texture": "#1"},
				"south": {"uv": [0, 0, 0.5, 0.5], "texture": "#1"},
				"west": {"uv": [0, 0, 2.5, 0.5], "texture": "#1"},
				"up": {"uv": [0, 0, 0.5, 2.5], "texture": "#1"},
				"down": {"uv": [0, 0, 0.5, 2.5], "texture": "#1"}
			}
		},
		{
			"from": [12, -14, -3],
			"to": [13, -13, 2],
			"rotation": {"angle": 0, "axis": "y", "origin": [-3, 13, 4]},
			"faces": {
				"north": {"uv": [0, 0, 0.5, 0.5], "texture": "#1"},
				"east": {"uv": [0, 0, 2.5, 0.5], "texture": "#1"},
				"south": {"uv": [0, 0, 0.5, 0.5], "texture": "#1"},
				"west": {"uv": [0, 0, 2.5, 0.5], "texture": "#1"},
				"up": {"uv": [0, 0, 0.5, 2.5], "texture": "#1"},
				"down": {"uv": [0, 0, 0.5, 2.5], "texture": "#1"}
			}
		},
		{
			"from": [3, -14, -3],
			"to": [4, -13, 2],
			"rotation": {"angle": 0, "axis": "y", "origin": [-3, 13, 4]},
			"faces": {
				"north": {"uv": [0, 0, 0.5, 0.5], "texture": "#1"},
				"east": {"uv": [0, 0, 2.5, 0.5], "texture": "#1"},
				"south": {"uv": [0, 0, 0.5, 0.5], "texture": "#1"},
				"west": {"uv": [0, 0, 2.5, 0.5], "texture": "#1"},
				"up": {"uv": [0, 0, 0.5, 2.5], "texture": "#1"},
				"down": {"uv": [0, 0, 0.5, 2.5], "texture": "#1"}
			}
		},
		{
			"from": [3, -8, -3],
			"to": [4, -7, 2],
			"rotation": {"angle": 0, "axis": "y", "origin": [-3, 13, 4]},
			"faces": {
				"north": {"uv": [0, 0, 0.5, 0.5], "texture": "#1"},
				"east": {"uv": [0, 0, 2.5, 0.5], "texture": "#1"},
				"south": {"uv": [0, 0, 0.5, 0.5], "texture": "#1"},
				"west": {"uv": [0, 0, 2.5, 0.5], "texture": "#1"},
				"up": {"uv": [0, 0, 0.5, 2.5], "texture": "#1"},
				"down": {"uv": [0, 0, 0.5, 2.5], "texture": "#1"}
			}
		},
		{
			"from": [12, -13, 2],
			"to": [13, -8, 3],
			"rotation": {"angle": 0, "axis": "y", "origin": [-3, 13, 4]},
			"faces": {
				"north": {"uv": [0, 0, 0.5, 2.5], "texture": "#1"},
				"east": {"uv": [0, 0, 0.5, 2.5], "texture": "#1"},
				"south": {"uv": [0, 0, 0.5, 2.5], "texture": "#1"},
				"west": {"uv": [0, 0, 0.5, 2.5], "texture": "#1"},
				"up": {"uv": [0, 0, 0.5, 0.5], "texture": "#1"},
				"down": {"uv": [0, 0, 0.5, 0.5], "texture": "#1"}
			}
		},
		{
			"from": [12, -13, -4],
			"to": [13, -8, -3],
			"rotation": {"angle": 0, "axis": "y", "origin": [-3, 13, 4]},
			"faces": {
				"north": {"uv": [0, 0, 0.5, 2.5], "texture": "#1"},
				"east": {"uv": [0, 0, 0.5, 2.5], "texture": "#1"},
				"south": {"uv": [0, 0, 0.5, 2.5], "texture": "#1"},
				"west": {"uv": [0, 0, 0.5, 2.5], "texture": "#1"},
				"up": {"uv": [0, 0, 0.5, 0.5], "texture": "#1"},
				"down": {"uv": [0, 0, 0.5, 0.5], "texture": "#1"}
			}
		},
		{
			"from": [3, -13, -4],
			"to": [4, -8, -3],
			"rotation": {"angle": 0, "axis": "y", "origin": [-3, 13, 4]},
			"faces": {
				"north": {"uv": [0, 0, 0.5, 2.5], "texture": "#1"},
				"east": {"uv": [0, 0, 0.5, 2.5], "texture": "#1"},
				"south": {"uv": [0, 0, 0.5, 2.5], "texture": "#1"},
				"west": {"uv": [0, 0, 0.5, 2.5], "texture": "#1"},
				"up": {"uv": [0, 0, 0.5, 0.5], "texture": "#1"},
				"down": {"uv": [0, 0, 0.5, 0.5], "texture": "#1"}
			}
		},
		{
			"from": [3, -13, 2],
			"to": [4, -8, 3],
			"rotation": {"angle": 0, "axis": "y", "origin": [-3, 13, 4]},
			"faces": {
				"north": {"uv": [0, 0, 0.5, 2.5], "texture": "#1"},
				"east": {"uv": [0, 0, 0.5, 2.5], "texture": "#1"},
				"south": {"uv": [0, 0, 0.5, 2.5], "texture": "#1"},
				"west": {"uv": [0, 0, 0.5, 2.5], "texture": "#1"},
				"up": {"uv": [0, 0, 0.5, 0.5], "texture": "#1"},
				"down": {"uv": [0, 0, 0.5, 0.5], "texture": "#1"}
			}
		},
		{
			"from": [4, -11, -1],
			"to": [12, -10, 0],
			"rotation": {"angle": 0, "axis": "y", "origin": [-3, 13, 4]},
			"faces": {
				"north": {"uv": [0, 0, 4, 0.5], "texture": "#1"},
				"east": {"uv": [0, 0, 0.5, 0.5], "texture": "#1"},
				"south": {"uv": [0, 0, 4, 0.5], "texture": "#1"},
				"west": {"uv": [0, 0, 0.5, 0.5], "texture": "#1"},
				"up": {"uv": [0, 0, 4, 0.5], "texture": "#1"},
				"down": {"uv": [0, 0, 4, 0.5], "texture": "#1"}
			}
		},
		{
			"from": [12, -13, 7],
			"to": [14, -8, 12],
			"rotation": {"angle": 0, "axis": "y", "origin": [-3, 13, 4]},
			"faces": {
				"north": {"uv": [0, 0, 1, 2.5], "texture": "#5"},
				"east": {"uv": [0, 0, 2.5, 2.5], "texture": "#5"},
				"south": {"uv": [0, 0, 1, 2.5], "texture": "#5"},
				"west": {"uv": [0, 0, 2.5, 2.5], "texture": "#5"},
				"up": {"uv": [0, 0, 1, 2.5], "texture": "#5"},
				"down": {"uv": [0, 0, 1, 2.5], "texture": "#5"}
			}
		},
		{
			"from": [2, -13, 7],
			"to": [4, -8, 12],
			"rotation": {"angle": 0, "axis": "y", "origin": [-3, 13, 4]},
			"faces": {
				"north": {"uv": [0, 0, 1, 2.5], "texture": "#5"},
				"east": {"uv": [0, 0, 2.5, 2.5], "texture": "#5"},
				"south": {"uv": [0, 0, 1, 2.5], "texture": "#5"},
				"west": {"uv": [0, 0, 2.5, 2.5], "texture": "#5"},
				"up": {"uv": [0, 0, 1, 2.5], "texture": "#5"},
				"down": {"uv": [0, 0, 1, 2.5], "texture": "#5"}
			}
		},
		{
			"from": [12, -8, 7],
			"to": [13, -7, 12],
			"rotation": {"angle": 0, "axis": "y", "origin": [-3, 13, 4]},
			"faces": {
				"north": {"uv": [0, 0, 0.5, 0.5], "texture": "#1"},
				"east": {"uv": [0, 0, 2.5, 0.5], "texture": "#1"},
				"south": {"uv": [0, 0, 0.5, 0.5], "texture": "#1"},
				"west": {"uv": [0, 0, 2.5, 0.5], "texture": "#1"},
				"up": {"uv": [0, 0, 0.5, 2.5], "texture": "#1"},
				"down": {"uv": [0, 0, 0.5, 2.5], "texture": "#1"}
			}
		},
		{
			"from": [12, -14, 7],
			"to": [13, -13, 12],
			"rotation": {"angle": 0, "axis": "y", "origin": [-3, 13, 4]},
			"faces": {
				"north": {"uv": [0, 0, 0.5, 0.5], "texture": "#1"},
				"east": {"uv": [0, 0, 2.5, 0.5], "texture": "#1"},
				"south": {"uv": [0, 0, 0.5, 0.5], "texture": "#1"},
				"west": {"uv": [0, 0, 2.5, 0.5], "texture": "#1"},
				"up": {"uv": [0, 0, 0.5, 2.5], "texture": "#1"},
				"down": {"uv": [0, 0, 0.5, 2.5], "texture": "#1"}
			}
		},
		{
			"from": [3, -14, 7],
			"to": [4, -13, 12],
			"rotation": {"angle": 0, "axis": "y", "origin": [-3, 13, 4]},
			"faces": {
				"north": {"uv": [0, 0, 0.5, 0.5], "texture": "#1"},
				"east": {"uv": [0, 0, 2.5, 0.5], "texture": "#1"},
				"south": {"uv": [0, 0, 0.5, 0.5], "texture": "#1"},
				"west": {"uv": [0, 0, 2.5, 0.5], "texture": "#1"},
				"up": {"uv": [0, 0, 0.5, 2.5], "texture": "#1"},
				"down": {"uv": [0, 0, 0.5, 2.5], "texture": "#1"}
			}
		},
		{
			"from": [3, -8, 7],
			"to": [4, -7, 12],
			"rotation": {"angle": 0, "axis": "y", "origin": [-3, 13, 4]},
			"faces": {
				"north": {"uv": [0, 0, 0.5, 0.5], "texture": "#1"},
				"east": {"uv": [0, 0, 2.5, 0.5], "texture": "#1"},
				"south": {"uv": [0, 0, 0.5, 0.5], "texture": "#1"},
				"west": {"uv": [0, 0, 2.5, 0.5], "texture": "#1"},
				"up": {"uv": [0, 0, 0.5, 2.5], "texture": "#1"},
				"down": {"uv": [0, 0, 0.5, 2.5], "texture": "#1"}
			}
		},
		{
			"from": [12, -13, 12],
			"to": [13, -8, 13],
			"rotation": {"angle": 0, "axis": "y", "origin": [-3, 13, 4]},
			"faces": {
				"north": {"uv": [0, 0, 0.5, 2.5], "texture": "#1"},
				"east": {"uv": [0, 0, 0.5, 2.5], "texture": "#1"},
				"south": {"uv": [0, 0, 0.5, 2.5], "texture": "#1"},
				"west": {"uv": [0, 0, 0.5, 2.5], "texture": "#1"},
				"up": {"uv": [0, 0, 0.5, 0.5], "texture": "#1"},
				"down": {"uv": [0, 0, 0.5, 0.5], "texture": "#1"}
			}
		},
		{
			"from": [12, -13, 6],
			"to": [13, -8, 7],
			"rotation": {"angle": 0, "axis": "y", "origin": [-3, 13, 4]},
			"faces": {
				"north": {"uv": [0, 0, 0.5, 2.5], "texture": "#1"},
				"east": {"uv": [0, 0, 0.5, 2.5], "texture": "#1"},
				"south": {"uv": [0, 0, 0.5, 2.5], "texture": "#1"},
				"west": {"uv": [0, 0, 0.5, 2.5], "texture": "#1"},
				"up": {"uv": [0, 0, 0.5, 0.5], "texture": "#1"},
				"down": {"uv": [0, 0, 0.5, 0.5], "texture": "#1"}
			}
		},
		{
			"from": [3, -13, 6],
			"to": [4, -8, 7],
			"rotation": {"angle": 0, "axis": "y", "origin": [-3, 13, 4]},
			"faces": {
				"north": {"uv": [0, 0, 0.5, 2.5], "texture": "#1"},
				"east": {"uv": [0, 0, 0.5, 2.5], "texture": "#1"},
				"south": {"uv": [0, 0, 0.5, 2.5], "texture": "#1"},
				"west": {"uv": [0, 0, 0.5, 2.5], "texture": "#1"},
				"up": {"uv": [0, 0, 0.5, 0.5], "texture": "#1"},
				"down": {"uv": [0, 0, 0.5, 0.5], "texture": "#1"}
			}
		},
		{
			"from": [3, -13, 12],
			"to": [4, -8, 13],
			"rotation": {"angle": 0, "axis": "y", "origin": [-3, 13, 4]},
			"faces": {
				"north": {"uv": [0, 0, 0.5, 2.5], "texture": "#1"},
				"east": {"uv": [0, 0, 0.5, 2.5], "texture": "#1"},
				"south": {"uv": [0, 0, 0.5, 2.5], "texture": "#1"},
				"west": {"uv": [0, 0, 0.5, 2.5], "texture": "#1"},
				"up": {"uv": [0, 0, 0.5, 0.5], "texture": "#1"},
				"down": {"uv": [0, 0, 0.5, 0.5], "texture": "#1"}
			}
		},
		{
			"from": [4, -11, 9],
			"to": [12, -10, 10],
			"rotation": {"angle": 0, "axis": "y", "origin": [-3, 13, 4]},
			"faces": {
				"north": {"uv": [0, 0, 4, 0.5], "texture": "#1"},
				"east": {"uv": [0, 0, 0.5, 0.5], "texture": "#1"},
				"south": {"uv": [0, 0, 4, 0.5], "texture": "#1"},
				"west": {"uv": [0, 0, 0.5, 0.5], "texture": "#1"},
				"up": {"uv": [0, 0, 4, 0.5], "texture": "#1"},
				"down": {"uv": [0, 0, 4, 0.5], "texture": "#1"}
			}
		},
		{
			"from": [3, -12, 13.5],
			"to": [4, -10, 14],
			"rotation": {"angle": 0, "axis": "y", "origin": [-3, 13, 4]},
			"faces": {
				"north": {"uv": [0, 0, 7, 1.5], "texture": "#5"},
				"east": {"uv": [0, 0, 0.5, 1.5], "texture": "#5"},
				"south": {"uv": [0, 0, 7, 1.5], "texture": "#5"},
				"west": {"uv": [0, 0, 0.5, 1.5], "texture": "#5"},
				"up": {"uv": [0, 0, 7, 0.5], "texture": "#5"},
				"down": {"uv": [0, 0, 7, 0.5], "texture": "#5"}
			}
		},
		{
			"from": [3, -11, 14],
			"to": [4, -9, 15],
			"rotation": {"angle": 0, "axis": "y", "origin": [-3, 13, 4]},
			"faces": {
				"north": {"uv": [0, 0, 0.5, 1], "texture": "#9"},
				"east": {"uv": [0, 0, 0.5, 1], "texture": "#9"},
				"south": {"uv": [0, 0, 0.5, 1], "texture": "#9"},
				"west": {"uv": [0, 0, 0.5, 1], "texture": "#9"},
				"up": {"uv": [0, 0, 0.5, 0.5], "texture": "#9"},
				"down": {"uv": [0, 0, 0.5, 0.5], "texture": "#9"}
			}
		},
		{
			"from": [3, -9, 14],
			"to": [13, -8, 15],
			"rotation": {"angle": 0, "axis": "y", "origin": [-3, 13, 4]},
			"faces": {
				"north": {"uv": [0, 0, 0.5, 1], "texture": "#9"},
				"east": {"uv": [0, 0, 0.5, 1], "texture": "#9"},
				"south": {"uv": [0, 0, 0.5, 1], "texture": "#9"},
				"west": {"uv": [0, 0, 0.5, 1], "texture": "#9"},
				"up": {"uv": [0, 0, 0.5, 0.5], "texture": "#9"},
				"down": {"uv": [0, 0, 0.5, 0.5], "texture": "#9"}
			}
		},
		{
			"from": [10, -9, 5],
			"to": [11, -8, 14],
			"rotation": {"angle": 0, "axis": "y", "origin": [-3, 13, 4]},
			"faces": {
				"north": {"uv": [0, 0, 0.5, 1], "texture": "#9"},
				"east": {"uv": [0, 0, 0.5, 1], "texture": "#9"},
				"south": {"uv": [0, 0, 0.5, 1], "texture": "#9"},
				"west": {"uv": [0, 0, 0.5, 1], "texture": "#9"},
				"up": {"uv": [0, 0, 0.5, 0.5], "texture": "#9"},
				"down": {"uv": [0, 0, 0.5, 0.5], "texture": "#9"}
			}
		},
		{
			"from": [5, -7, 7],
			"to": [8, -4, 12],
			"rotation": {"angle": 0, "axis": "y", "origin": [-3, 13, 4]},
			"faces": {
				"north": {"uv": [0, 0, 0.5, 1], "texture": "#15"},
				"east": {"uv": [0, 0, 0.5, 1], "texture": "#15"},
				"south": {"uv": [0, 0, 0.5, 1], "texture": "#15"},
				"west": {"uv": [0, 0, 0.5, 1], "texture": "#15"},
				"up": {"uv": [0, 0, 0.5, 0.5], "texture": "#15"},
				"down": {"uv": [0, 0, 0.5, 0.5], "texture": "#15"}
			}
		},
		{
			"from": [12, -7, 1],
			"to": [14, -5, 3],
			"rotation": {"angle": 0, "axis": "y", "origin": [-3, 13, 4]},
			"faces": {
				"north": {"uv": [0, 0, 0.5, 1], "texture": "#15"},
				"east": {"uv": [0, 0, 0.5, 1], "texture": "#15"},
				"south": {"uv": [0, 0, 0.5, 1], "texture": "#15"},
				"west": {"uv": [0, 0, 0.5, 1], "texture": "#15"},
				"up": {"uv": [0, 0, 0.5, 0.5], "texture": "#15"},
				"down": {"uv": [0, 0, 0.5, 0.5], "texture": "#15"}
			}
		},
		{
			"from": [6, -8, 8],
			"to": [7, -7, 9],
			"rotation": {"angle": 0, "axis": "y", "origin": [-3, 13, 4]},
			"faces": {
				"north": {"uv": [0, 0, 0.5, 1], "texture": "#7"},
				"east": {"uv": [0, 0, 0.5, 1], "texture": "#7"},
				"south": {"uv": [0, 0, 0.5, 1], "texture": "#7"},
				"west": {"uv": [0, 0, 0.5, 1], "texture": "#7"},
				"up": {"uv": [0, 0, 0.5, 0.5], "texture": "#7"},
				"down": {"uv": [0, 0, 0.5, 0.5], "texture": "#7"}
			}
		},
		{
			"from": [6, -9, 7],
			"to": [7, -8, 10],
			"rotation": {"angle": 0, "axis": "y", "origin": [-3, 13, 4]},
			"faces": {
				"north": {"uv": [0, 0, 0.5, 1], "texture": "#15"},
				"east": {"uv": [0, 0, 0.5, 1], "texture": "#15"},
				"south": {"uv": [0, 0, 0.5, 1], "texture": "#15"},
				"west": {"uv": [0, 0, 0.5, 1], "texture": "#15"},
				"up": {"uv": [0, 0, 0.5, 0.5], "texture": "#15"},
				"down": {"uv": [0, 0, 0.5, 0.5], "texture": "#15"}
			}
		},
		{
			"from": [6, -9, 5],
			"to": [7, -8, 7],
			"rotation": {"angle": 0, "axis": "y", "origin": [-3, 13, 4]},
			"faces": {
				"north": {"uv": [0, 0, 0.5, 1], "texture": "#1"},
				"east": {"uv": [0, 0, 0.5, 1], "texture": "#1"},
				"south": {"uv": [0, 0, 0.5, 1], "texture": "#1"},
				"west": {"uv": [0, 0, 0.5, 1], "texture": "#1"},
				"up": {"uv": [0, 0, 0.5, 0.5], "texture": "#1"},
				"down": {"uv": [0, 0, 0.5, 0.5], "texture": "#1"}
			}
		},
		{
			"from": [3, -9, 4],
			"to": [13, -8, 5],
			"rotation": {"angle": 0, "axis": "y", "origin": [-3, 13, 4]},
			"faces": {
				"north": {"uv": [0, 0, 0.5, 1], "texture": "#9"},
				"east": {"uv": [0, 0, 0.5, 1], "texture": "#9"},
				"south": {"uv": [0, 0, 0.5, 1], "texture": "#9"},
				"west": {"uv": [0, 0, 0.5, 1], "texture": "#9"},
				"up": {"uv": [0, 0, 0.5, 0.5], "texture": "#9"},
				"down": {"uv": [0, 0, 0.5, 0.5], "texture": "#9"}
			}
		},
		{
			"from": [3, -11, 4],
			"to": [4, -9, 5],
			"rotation": {"angle": 0, "axis": "y", "origin": [-3, 13, 4]},
			"faces": {
				"north": {"uv": [0, 0, 0.5, 1], "texture": "#9"},
				"east": {"uv": [0, 0, 0.5, 1], "texture": "#9"},
				"south": {"uv": [0, 0, 0.5, 1], "texture": "#9"},
				"west": {"uv": [0, 0, 0.5, 1], "texture": "#9"},
				"up": {"uv": [0, 0, 0.5, 0.5], "texture": "#9"},
				"down": {"uv": [0, 0, 0.5, 0.5], "texture": "#9"}
			}
		},
		{
			"from": [3, -12, 3.5],
			"to": [4, -10, 4],
			"rotation": {"angle": 0, "axis": "y", "origin": [-3, 13, 4]},
			"faces": {
				"north": {"uv": [0, 0, 7, 1.5], "texture": "#5"},
				"east": {"uv": [0, 0, 0.5, 1.5], "texture": "#5"},
				"south": {"uv": [0, 0, 7, 1.5], "texture": "#5"},
				"west": {"uv": [0, 0, 0.5, 1.5], "texture": "#5"},
				"up": {"uv": [0, 0, 7, 0.5], "texture": "#5"},
				"down": {"uv": [0, 0, 7, 0.5], "texture": "#5"}
			}
		},
		{
			"from": [12, -12, 13.5],
			"to": [13, -10, 14],
			"rotation": {"angle": 0, "axis": "y", "origin": [-3, 13, 4]},
			"faces": {
				"north": {"uv": [0, 0, 7, 1.5], "texture": "#5"},
				"east": {"uv": [0, 0, 0.5, 1.5], "texture": "#5"},
				"south": {"uv": [0, 0, 7, 1.5], "texture": "#5"},
				"west": {"uv": [0, 0, 0.5, 1.5], "texture": "#5"},
				"up": {"uv": [0, 0, 7, 0.5], "texture": "#5"},
				"down": {"uv": [0, 0, 7, 0.5], "texture": "#5"}
			}
		},
		{
			"from": [12, -11, 14],
			"to": [13, -9, 15],
			"rotation": {"angle": 0, "axis": "y", "origin": [-3, 13, 4]},
			"faces": {
				"north": {"uv": [0, 0, 0.5, 1], "texture": "#9"},
				"east": {"uv": [0, 0, 0.5, 1], "texture": "#9"},
				"south": {"uv": [0, 0, 0.5, 1], "texture": "#9"},
				"west": {"uv": [0, 0, 0.5, 1], "texture": "#9"},
				"up": {"uv": [0, 0, 0.5, 0.5], "texture": "#9"},
				"down": {"uv": [0, 0, 0.5, 0.5], "texture": "#9"}
			}
		},
		{
			"from": [12, -11, 4],
			"to": [13, -9, 5],
			"rotation": {"angle": 0, "axis": "y", "origin": [-3, 13, 4]},
			"faces": {
				"north": {"uv": [0, 0, 0.5, 1], "texture": "#9"},
				"east": {"uv": [0, 0, 0.5, 1], "texture": "#9"},
				"south": {"uv": [0, 0, 0.5, 1], "texture": "#9"},
				"west": {"uv": [0, 0, 0.5, 1], "texture": "#9"},
				"up": {"uv": [0, 0, 0.5, 0.5], "texture": "#9"},
				"down": {"uv": [0, 0, 0.5, 0.5], "texture": "#9"}
			}
		},
		{
			"from": [12, -12, 3.5],
			"to": [13, -10, 4],
			"rotation": {"angle": 0, "axis": "y", "origin": [-3, 13, 4]},
			"faces": {
				"north": {"uv": [0, 0, 7, 1.5], "texture": "#5"},
				"east": {"uv": [0, 0, 0.5, 1.5], "texture": "#5"},
				"south": {"uv": [0, 0, 7, 1.5], "texture": "#5"},
				"west": {"uv": [0, 0, 0.5, 1.5], "texture": "#5"},
				"up": {"uv": [0, 0, 7, 0.5], "texture": "#5"},
				"down": {"uv": [0, 0, 7, 0.5], "texture": "#5"}
			}
		},
		{
			"from": [1, -12, -2],
			"to": [2, -8, 1],
			"rotation": {"angle": 0, "axis": "y", "origin": [-3, 13, 4]},
			"faces": {
				"north": {"uv": [0, 4, 1, 8], "texture": "#17"},
				"east": {"uv": [0, 0, 3, 4], "texture": "#17"},
				"south": {"uv": [1, 4, 2, 8], "texture": "#17"},
				"west": {"uv": [3, 0, 6, 4], "texture": "#17"},
				"up": {"uv": [3, 7, 2, 4], "texture": "#17"},
				"down": {"uv": [4, 4, 3, 7], "texture": "#17"}
			}
		},
		{
			"from": [14, -12, -2],
			"to": [15, -8, 1],
			"rotation": {"angle": 0, "axis": "y", "origin": [-3, 13, 4]},
			"faces": {
				"north": {"uv": [0, 4, 1, 8], "texture": "#17"},
				"east": {"uv": [0, 0, 3, 4], "texture": "#17"},
				"south": {"uv": [1, 4, 2, 8], "texture": "#17"},
				"west": {"uv": [3, 0, 6, 4], "texture": "#17"},
				"up": {"uv": [3, 7, 2, 4], "texture": "#17"},
				"down": {"uv": [4, 4, 3, 7], "texture": "#17"}
			}
		},
		{
			"from": [14, -12, 8],
			"to": [15, -8, 11],
			"rotation": {"angle": 0, "axis": "y", "origin": [-3, 13, 4]},
			"faces": {
				"north": {"uv": [0, 4, 1, 8], "texture": "#17"},
				"east": {"uv": [0, 0, 3, 4], "texture": "#17"},
				"south": {"uv": [1, 4, 2, 8], "texture": "#17"},
				"west": {"uv": [3, 0, 6, 4], "texture": "#17"},
				"up": {"uv": [3, 7, 2, 4], "texture": "#17"},
				"down": {"uv": [4, 4, 3, 7], "texture": "#17"}
			}
		},
		{
			"from": [1, -12, 8],
			"to": [2, -8, 11],
			"rotation": {"angle": 0, "axis": "y", "origin": [-3, 13, 4]},
			"faces": {
				"north": {"uv": [0, 4, 1, 8], "texture": "#17"},
				"east": {"uv": [0, 0, 3, 4], "texture": "#17"},
				"south": {"uv": [1, 4, 2, 8], "texture": "#17"},
				"west": {"uv": [3, 0, 6, 4], "texture": "#17"},
				"up": {"uv": [3, 7, 2, 4], "texture": "#17"},
				"down": {"uv": [4, 4, 3, 7], "texture": "#17"}
			}
		},
		{
			"from": [1, -10, 1],
			"to": [2, -9, 3],
			"rotation": {"angle": 0, "axis": "y", "origin": [-3, 13, 4]},
			"faces": {
				"north": {"uv": [0, 0, 0.5, 0.5], "texture": "#1"},
				"east": {"uv": [0, 0, 3.5, 0.5], "texture": "#1"},
				"south": {"uv": [0, 0, 0.5, 0.5], "texture": "#1"},
				"west": {"uv": [0, 0, 3.5, 0.5], "texture": "#1"},
				"up": {"uv": [0, 0, 0.5, 3.5], "texture": "#1"},
				"down": {"uv": [0, 0, 0.5, 3.5], "texture": "#1"}
			}
		},
		{
			"from": [14, -10, 6],
			"to": [15, -9, 8],
			"rotation": {"angle": 0, "axis": "y", "origin": [-3, 13, 4]},
			"faces": {
				"north": {"uv": [0, 0, 0.5, 0.5], "texture": "#1"},
				"east": {"uv": [0, 0, 3.5, 0.5], "texture": "#1"},
				"south": {"uv": [0, 0, 0.5, 0.5], "texture": "#1"},
				"west": {"uv": [0, 0, 3.5, 0.5], "texture": "#1"},
				"up": {"uv": [0, 0, 0.5, 3.5], "texture": "#1"},
				"down": {"uv": [0, 0, 0.5, 3.5], "texture": "#1"}
			}
		},
		{
			"from": [14, -10, 1],
			"to": [15, -9, 3],
			"rotation": {"angle": 0, "axis": "y", "origin": [-3, 13, 4]},
			"faces": {
				"north": {"uv": [0, 0, 0.5, 0.5], "texture": "#1"},
				"east": {"uv": [0, 0, 3.5, 0.5], "texture": "#1"},
				"south": {"uv": [0, 0, 0.5, 0.5], "texture": "#1"},
				"west": {"uv": [0, 0, 3.5, 0.5], "texture": "#1"},
				"up": {"uv": [0, 0, 0.5, 3.5], "texture": "#1"},
				"down": {"uv": [0, 0, 0.5, 3.5], "texture": "#1"}
			}
		},
		{
			"from": [1, -10, 6],
			"to": [2, -9, 8],
			"rotation": {"angle": 0, "axis": "y", "origin": [-3, 13, 4]},
			"faces": {
				"north": {"uv": [0, 0, 0.5, 0.5], "texture": "#1"},
				"east": {"uv": [0, 0, 3.5, 0.5], "texture": "#1"},
				"south": {"uv": [0, 0, 0.5, 0.5], "texture": "#1"},
				"west": {"uv": [0, 0, 3.5, 0.5], "texture": "#1"},
				"up": {"uv": [0, 0, 0.5, 3.5], "texture": "#1"},
				"down": {"uv": [0, 0, 0.5, 3.5], "texture": "#1"}
			}
		},
		{
			"from": [1, -9, 2],
			"to": [2, -8, 7],
			"rotation": {"angle": 0, "axis": "y", "origin": [-3, 13, 4]},
			"faces": {
				"north": {"uv": [0, 0, 0.5, 0.5], "texture": "#1"},
				"east": {"uv": [0, 0, 3.5, 0.5], "texture": "#1"},
				"south": {"uv": [0, 0, 0.5, 0.5], "texture": "#1"},
				"west": {"uv": [0, 0, 3.5, 0.5], "texture": "#1"},
				"up": {"uv": [0, 0, 0.5, 3.5], "texture": "#1"},
				"down": {"uv": [0, 0, 0.5, 3.5], "texture": "#1"}
			}
		},
		{
			"from": [14, -9, 2],
			"to": [15, -8, 7],
			"rotation": {"angle": 0, "axis": "y", "origin": [-3, 13, 4]},
			"faces": {
				"north": {"uv": [0, 0, 0.5, 0.5], "texture": "#1"},
				"east": {"uv": [0, 0, 3.5, 0.5], "texture": "#1"},
				"south": {"uv": [0, 0, 0.5, 0.5], "texture": "#1"},
				"west": {"uv": [0, 0, 3.5, 0.5], "texture": "#1"},
				"up": {"uv": [0, 0, 0.5, 3.5], "texture": "#1"},
				"down": {"uv": [0, 0, 0.5, 3.5], "texture": "#1"}
			}
		},
		{
			"from": [1, -9, -6],
			"to": [15, -4, -5],
			"rotation": {"angle": 0, "axis": "y", "origin": [-3, 13, 4]},
			"faces": {
				"north": {"uv": [0, 0, 7, 2.5], "texture": "#1"},
				"east": {"uv": [0, 6, 0.5, 8.5], "texture": "#1"},
				"south": {"uv": [0, 2.5, 7, 5], "texture": "#1"},
				"west": {"uv": [0.5, 6, 1, 8.5], "texture": "#1"},
				"up": {"uv": [7, 5.5, 0, 5], "texture": "#1"},
				"down": {"uv": [7, 5.5, 0, 6], "texture": "#1"}
			}
		},
		{
			"from": [1, -7, 14],
			"to": [15, -4, 15],
			"rotation": {"angle": 0, "axis": "y", "origin": [-3, 13, 4]},
			"faces": {
				"north": {"uv": [0, 0, 7, 1.5], "texture": "#1"},
				"east": {"uv": [0, 0, 0.5, 1.5], "texture": "#1"},
				"south": {"uv": [0, 0, 7, 1.5], "texture": "#1"},
				"west": {"uv": [0, 0, 0.5, 1.5], "texture": "#1"},
				"up": {"uv": [0, 0, 7, 0.5], "texture": "#1"},
				"down": {"uv": [0, 0, 7, 0.5], "texture": "#1"}
			}
		},
		{
			"from": [1, -7, -5],
			"to": [2, -6, 14],
			"rotation": {"angle": 0, "axis": "y", "origin": [-3, 13, 4]},
			"faces": {
				"north": {"uv": [0, 0, 0.5, 1.5], "texture": "#1"},
				"east": {"uv": [0, 0, 9.5, 1.5], "texture": "#1"},
				"south": {"uv": [0, 0, 0.5, 1.5], "texture": "#1"},
				"west": {"uv": [0, 0, 9.5, 1.5], "texture": "#1"},
				"up": {"uv": [0, 0, 0.5, 9.5], "texture": "#1"},
				"down": {"uv": [0, 0, 0.5, 9.5], "texture": "#1"}
			}
		},
		{
			"from": [1, -5, -5],
			"to": [2, -4, 14],
			"rotation": {"angle": 0, "axis": "y", "origin": [-3, 13, 4]},
			"faces": {
				"north": {"uv": [0, 0, 0.5, 1.5], "texture": "#1"},
				"east": {"uv": [0, 0, 9.5, 1.5], "texture": "#1"},
				"south": {"uv": [0, 0, 0.5, 1.5], "texture": "#1"},
				"west": {"uv": [0, 0, 9.5, 1.5], "texture": "#1"},
				"up": {"uv": [0, 0, 0.5, 9.5], "texture": "#1"},
				"down": {"uv": [0, 0, 0.5, 9.5], "texture": "#1"}
			}
		},
		{
			"from": [14, -5, -5],
			"to": [15, -4, 14],
			"rotation": {"angle": 0, "axis": "y", "origin": [-3, 13, 4]},
			"faces": {
				"north": {"uv": [0, 0, 0.5, 1.5], "texture": "#1"},
				"east": {"uv": [0, 0, 9.5, 1.5], "texture": "#1"},
				"south": {"uv": [0, 0, 0.5, 1.5], "texture": "#1"},
				"west": {"uv": [0, 0, 9.5, 1.5], "texture": "#1"},
				"up": {"uv": [0, 0, 0.5, 9.5], "texture": "#1"},
				"down": {"uv": [0, 0, 0.5, 9.5], "texture": "#1"}
			}
		},
		{
			"from": [14, -7, -5],
			"to": [15, -6, 14],
			"rotation": {"angle": 0, "axis": "y", "origin": [-3, 13, 4]},
			"faces": {
				"north": {"uv": [0, 0, 0.5, 1.5], "texture": "#1"},
				"east": {"uv": [0, 0, 9.5, 1.5], "texture": "#1"},
				"south": {"uv": [0, 0, 0.5, 1.5], "texture": "#1"},
				"west": {"uv": [0, 0, 9.5, 1.5], "texture": "#1"},
				"up": {"uv": [0, 0, 0.5, 9.5], "texture": "#1"},
				"down": {"uv": [0, 0, 0.5, 9.5], "texture": "#1"}
			}
		},
		{
			"from": [2, -5, 3],
			"to": [14, -4, 6],
			"rotation": {"angle": 0, "axis": "y", "origin": [-3, 13, 4]},
			"faces": {
				"north": {"uv": [0, 0, 6, 1], "texture": "#5"},
				"east": {"uv": [0, 0, 1.5, 1], "texture": "#5"},
				"south": {"uv": [0, 0, 6, 1], "texture": "#5"},
				"west": {"uv": [0, 0, 1.5, 1], "texture": "#5"},
				"up": {"uv": [0, 0, 6, 1.5], "texture": "#5"},
				"down": {"uv": [0, 0, 6, 1.5], "texture": "#5"}
			}
		},
		{
			"from": [2, -7, 3],
			"to": [14, -6, 6],
			"rotation": {"angle": 0, "axis": "y", "origin": [-3, 13, 4]},
			"faces": {
				"north": {"uv": [0, 0, 6, 1], "texture": "#5"},
				"east": {"uv": [0, 0, 1.5, 1], "texture": "#5"},
				"south": {"uv": [0, 0, 6, 1], "texture": "#5"},
				"west": {"uv": [0, 0, 1.5, 1], "texture": "#5"},
				"up": {"uv": [0, 0, 6, 1.5], "texture": "#5"},
				"down": {"uv": [0, 0, 6, 1.5], "texture": "#5"}
			}
		},
		{
			"from": [14, -9, 11],
			"to": [15, -7, 12],
			"rotation": {"angle": 0, "axis": "y", "origin": [-3, 13, 4]},
			"faces": {
				"north": {"uv": [0, 0, 0.5, 1], "texture": "#7"},
				"east": {"uv": [0, 0, 0.5, 1], "texture": "#7"},
				"south": {"uv": [0, 0, 0.5, 1], "texture": "#7"},
				"west": {"uv": [0, 0, 0.5, 1], "texture": "#7"},
				"up": {"uv": [0, 0, 0.5, 0.5], "texture": "#7"},
				"down": {"uv": [0, 0, 0.5, 0.5], "texture": "#7"}
			}
		},
		{
			"from": [1, -9, -3],
			"to": [2, -7, -2],
			"rotation": {"angle": 0, "axis": "y", "origin": [-3, 13, 4]},
			"faces": {
				"north": {"uv": [0, 0, 0.5, 1], "texture": "#7"},
				"east": {"uv": [0, 0, 0.5, 1], "texture": "#7"},
				"south": {"uv": [0, 0, 0.5, 1], "texture": "#7"},
				"west": {"uv": [0, 0, 0.5, 1], "texture": "#7"},
				"up": {"uv": [0, 0, 0.5, 0.5], "texture": "#7"},
				"down": {"uv": [0, 0, 0.5, 0.5], "texture": "#7"}
			}
		},
		{
			"from": [6, -7, -4],
			"to": [7, -6, -1],
			"rotation": {"angle": 0, "axis": "y", "origin": [-3, 13, 4]},
			"faces": {
				"north": {"uv": [0, 0, 0.5, 1], "texture": "#7"},
				"east": {"uv": [0, 0, 0.5, 1], "texture": "#7"},
				"south": {"uv": [0, 0, 0.5, 1], "texture": "#7"},
				"west": {"uv": [0, 0, 0.5, 1], "texture": "#7"},
				"up": {"uv": [0, 0, 0.5, 0.5], "texture": "#7"},
				"down": {"uv": [0, 0, 0.5, 0.5], "texture": "#7"}
			}
		},
		{
			"from": [6, -7, 0],
			"to": [7, -6, 2],
			"rotation": {"angle": 0, "axis": "y", "origin": [-3, 13, 4]},
			"faces": {
				"north": {"uv": [0, 0, 0.5, 1], "texture": "#7"},
				"east": {"uv": [0, 0, 0.5, 1], "texture": "#7"},
				"south": {"uv": [0, 0, 0.5, 1], "texture": "#7"},
				"west": {"uv": [0, 0, 0.5, 1], "texture": "#7"},
				"up": {"uv": [0, 0, 0.5, 0.5], "texture": "#7"},
				"down": {"uv": [0, 0, 0.5, 0.5], "texture": "#7"}
			}
		},
		{
			"from": [9, -7, 0],
			"to": [10, -6, 2],
			"rotation": {"angle": 0, "axis": "y", "origin": [-3, 13, 4]},
			"faces": {
				"north": {"uv": [0, 0, 0.5, 1], "texture": "#7"},
				"east": {"uv": [0, 0, 0.5, 1], "texture": "#7"},
				"south": {"uv": [0, 0, 0.5, 1], "texture": "#7"},
				"west": {"uv": [0, 0, 0.5, 1], "texture": "#7"},
				"up": {"uv": [0, 0, 0.5, 0.5], "texture": "#7"},
				"down": {"uv": [0, 0, 0.5, 0.5], "texture": "#7"}
			}
		},
		{
			"from": [9, -7, -4],
			"to": [10, -6, -1],
			"rotation": {"angle": 0, "axis": "y", "origin": [-3, 13, 4]},
			"faces": {
				"north": {"uv": [0, 0, 0.5, 1], "texture": "#7"},
				"east": {"uv": [0, 0, 0.5, 1], "texture": "#7"},
				"south": {"uv": [0, 0, 0.5, 1], "texture": "#7"},
				"west": {"uv": [0, 0, 0.5, 1], "texture": "#7"},
				"up": {"uv": [0, 0, 0.5, 0.5], "texture": "#7"},
				"down": {"uv": [0, 0, 0.5, 0.5], "texture": "#7"}
			}
		},
		{
			"from": [1, -9, 1],
			"to": [2, -7, 2],
			"rotation": {"angle": 0, "axis": "y", "origin": [-3, 13, 4]},
			"faces": {
				"north": {"uv": [0, 0, 0.5, 1], "texture": "#7"},
				"east": {"uv": [0, 0, 0.5, 1], "texture": "#7"},
				"south": {"uv": [0, 0, 0.5, 1], "texture": "#7"},
				"west": {"uv": [0, 0, 0.5, 1], "texture": "#7"},
				"up": {"uv": [0, 0, 0.5, 0.5], "texture": "#7"},
				"down": {"uv": [0, 0, 0.5, 0.5], "texture": "#7"}
			}
		},
		{
			"from": [1, -9, 7],
			"to": [2, -7, 8],
			"rotation": {"angle": 0, "axis": "y", "origin": [-3, 13, 4]},
			"faces": {
				"north": {"uv": [0, 0, 0.5, 1], "texture": "#7"},
				"east": {"uv": [0, 0, 0.5, 1], "texture": "#7"},
				"south": {"uv": [0, 0, 0.5, 1], "texture": "#7"},
				"west": {"uv": [0, 0, 0.5, 1], "texture": "#7"},
				"up": {"uv": [0, 0, 0.5, 0.5], "texture": "#7"},
				"down": {"uv": [0, 0, 0.5, 0.5], "texture": "#7"}
			}
		},
		{
			"from": [3, -11, 4],
			"to": [4, -9, 5],
			"rotation": {"angle": 0, "axis": "y", "origin": [-3, 13, 4]},
			"faces": {
				"north": {"uv": [0, 0, 0.5, 1], "texture": "#9"},
				"east": {"uv": [0, 0, 0.5, 1], "texture": "#9"},
				"south": {"uv": [0, 0, 0.5, 1], "texture": "#9"},
				"west": {"uv": [0, 0, 0.5, 1], "texture": "#9"},
				"up": {"uv": [0, 0, 0.5, 0.5], "texture": "#9"},
				"down": {"uv": [0, 0, 0.5, 0.5], "texture": "#9"}
			}
		},
		{
			"from": [1, -9, 11],
			"to": [2, -7, 12],
			"rotation": {"angle": 0, "axis": "y", "origin": [-3, 13, 4]},
			"faces": {
				"north": {"uv": [0, 0, 0.5, 1], "texture": "#7"},
				"east": {"uv": [0, 0, 0.5, 1], "texture": "#7"},
				"south": {"uv": [0, 0, 0.5, 1], "texture": "#7"},
				"west": {"uv": [0, 0, 0.5, 1], "texture": "#7"},
				"up": {"uv": [0, 0, 0.5, 0.5], "texture": "#7"},
				"down": {"uv": [0, 0, 0.5, 0.5], "texture": "#7"}
			}
		},
		{
			"from": [14, -9, 7],
			"to": [15, -7, 8],
			"rotation": {"angle": 0, "axis": "y", "origin": [-3, 13, 4]},
			"faces": {
				"north": {"uv": [0, 0, 0.5, 1], "texture": "#7"},
				"east": {"uv": [0, 0, 0.5, 1], "texture": "#7"},
				"south": {"uv": [0, 0, 0.5, 1], "texture": "#7"},
				"west": {"uv": [0, 0, 0.5, 1], "texture": "#7"},
				"up": {"uv": [0, 0, 0.5, 0.5], "texture": "#7"},
				"down": {"uv": [0, 0, 0.5, 0.5], "texture": "#7"}
			}
		},
		{
			"from": [14, -9, -3],
			"to": [15, -7, -2],
			"rotation": {"angle": 0, "axis": "y", "origin": [-3, 13, 4]},
			"faces": {
				"north": {"uv": [0, 0, 0.5, 1], "texture": "#7"},
				"east": {"uv": [0, 0, 0.5, 1], "texture": "#7"},
				"south": {"uv": [0, 0, 0.5, 1], "texture": "#7"},
				"west": {"uv": [0, 0, 0.5, 1], "texture": "#7"},
				"up": {"uv": [0, 0, 0.5, 0.5], "texture": "#7"},
				"down": {"uv": [0, 0, 0.5, 0.5], "texture": "#7"}
			}
		},
		{
			"from": [14, -9, 1],
			"to": [15, -7, 2],
			"rotation": {"angle": 0, "axis": "y", "origin": [-3, 13, 4]},
			"faces": {
				"north": {"uv": [0, 0, 0.5, 1], "texture": "#7"},
				"east": {"uv": [0, 0, 0.5, 1], "texture": "#7"},
				"south": {"uv": [0, 0, 0.5, 1], "texture": "#7"},
				"west": {"uv": [0, 0, 0.5, 1], "texture": "#7"},
				"up": {"uv": [0, 0, 0.5, 0.5], "texture": "#7"},
				"down": {"uv": [0, 0, 0.5, 0.5], "texture": "#7"}
			}
		},
		{
			"from": [7, -4, 3],
			"to": [9, -3, 6],
			"rotation": {"angle": 0, "axis": "y", "origin": [-3, 13, 4]},
			"faces": {
				"north": {"uv": [0, 0, 1, 1], "texture": "#1"},
				"east": {"uv": [0, 0, 1.5, 1], "texture": "#1"},
				"south": {"uv": [0, 0, 1, 1], "texture": "#1"},
				"west": {"uv": [0, 0, 1.5, 1], "texture": "#1"},
				"up": {"uv": [0, 0, 1, 1.5], "texture": "#1"},
				"down": {"uv": [0, 0, 1, 1.5], "texture": "#1"}
			}
		},
		{
			"from": [7, -6, 3],
			"to": [9, -5, 6],
			"rotation": {"angle": 0, "axis": "y", "origin": [-3, 13, 4]},
			"faces": {
				"north": {"uv": [0, 0, 1, 1], "texture": "#1"},
				"east": {"uv": [0, 0, 1.5, 1], "texture": "#1"},
				"south": {"uv": [0, 0, 1, 1], "texture": "#1"},
				"west": {"uv": [0, 0, 1.5, 1], "texture": "#1"},
				"up": {"uv": [0, 0, 1, 1.5], "texture": "#1"},
				"down": {"uv": [0, 0, 1, 1.5], "texture": "#1"}
			}
		},
		{
			"from": [1, -10, -3],
			"to": [2, -9, -2],
			"faces": {
				"north": {"uv": [0, 0, 0.5, 0.5], "texture": "#1"},
				"east": {"uv": [0, 0, 0.5, 0.5], "texture": "#1"},
				"south": {"uv": [0, 0, 0.5, 0.5], "texture": "#1"},
				"west": {"uv": [0, 0, 0.5, 0.5], "texture": "#1"},
				"up": {"uv": [0, 0, 0.5, 0.5], "texture": "#1"},
				"down": {"uv": [0, 0, 0.5, 0.5], "texture": "#1"}
			}
		},
		{
			"from": [1, -8, 3],
			"to": [2, -7, 4],
			"faces": {
				"north": {"uv": [0, 0, 0.5, 0.5], "texture": "#5"},
				"east": {"uv": [0, 0, 0.5, 0.5], "texture": "#5"},
				"south": {"uv": [0, 0, 0.5, 0.5], "texture": "#5"},
				"west": {"uv": [0, 0, 0.5, 0.5], "texture": "#5"},
				"up": {"uv": [0, 0, 0.5, 0.5], "texture": "#5"},
				"down": {"uv": [0, 0, 0.5, 0.5], "texture": "#5"}
			}
		},
		{
			"from": [1, -8, 5],
			"to": [2, -7, 6],
			"faces": {
				"north": {"uv": [0, 0, 0.5, 0.5], "texture": "#5"},
				"east": {"uv": [0, 0, 0.5, 0.5], "texture": "#5"},
				"south": {"uv": [0, 0, 0.5, 0.5], "texture": "#5"},
				"west": {"uv": [0, 0, 0.5, 0.5], "texture": "#5"},
				"up": {"uv": [0, 0, 0.5, 0.5], "texture": "#5"},
				"down": {"uv": [0, 0, 0.5, 0.5], "texture": "#5"}
			}
		},
		{
			"from": [1, -6, -3],
			"to": [2, -5, 2],
			"faces": {
				"north": {"uv": [0, 0, 0.5, 0.5], "texture": "#1"},
				"east": {"uv": [0, 0, 2.5, 0.5], "texture": "#1"},
				"south": {"uv": [0, 0, 0.5, 0.5], "texture": "#1"},
				"west": {"uv": [0, 0, 2.5, 0.5], "texture": "#1"},
				"up": {"uv": [0, 0, 0.5, 2.5], "texture": "#1"},
				"down": {"uv": [0, 0, 0.5, 2.5], "texture": "#1"}
			}
		},
		{
			"from": [1, -6, 7],
			"to": [5, -5, 12],
			"faces": {
				"north": {"uv": [0, 0, 2, 0.5], "texture": "#1"},
				"east": {"uv": [0, 0, 2.5, 0.5], "texture": "#1"},
				"south": {"uv": [0, 0, 2, 0.5], "texture": "#1"},
				"west": {"uv": [0, 0, 2.5, 0.5], "texture": "#1"},
				"up": {"uv": [0, 0, 2, 2.5], "texture": "#1"},
				"down": {"uv": [0, 0, 2, 2.5], "texture": "#1"}
			}
		},
		{
			"from": [14, -6, 7],
			"to": [15, -5, 12],
			"faces": {
				"north": {"uv": [0, 0, 0.5, 0.5], "texture": "#1"},
				"east": {"uv": [0, 0, 2.5, 0.5], "texture": "#1"},
				"south": {"uv": [0, 0, 0.5, 0.5], "texture": "#1"},
				"west": {"uv": [0, 0, 2.5, 0.5], "texture": "#1"},
				"up": {"uv": [0, 0, 0.5, 2.5], "texture": "#1"},
				"down": {"uv": [0, 0, 0.5, 2.5], "texture": "#1"}
			}
		},
		{
			"from": [14, -6, -3],
			"to": [15, -5, 2],
			"faces": {
				"north": {"uv": [0, 0, 0.5, 0.5], "texture": "#1"},
				"east": {"uv": [0, 0, 2.5, 0.5], "texture": "#1"},
				"south": {"uv": [0, 0, 0.5, 0.5], "texture": "#1"},
				"west": {"uv": [0, 0, 2.5, 0.5], "texture": "#1"},
				"up": {"uv": [0, 0, 0.5, 2.5], "texture": "#1"},
				"down": {"uv": [0, 0, 0.5, 2.5], "texture": "#1"}
			}
		},
		{
			"from": [5, -8, 4],
			"to": [6, -7, 5],
			"faces": {
				"north": {"uv": [0, 0, 0.5, 0.5], "texture": "#5"},
				"east": {"uv": [0, 0, 0.5, 0.5], "texture": "#5"},
				"south": {"uv": [0, 0, 0.5, 0.5], "texture": "#5"},
				"west": {"uv": [0, 0, 0.5, 0.5], "texture": "#5"},
				"up": {"uv": [0, 0, 0.5, 0.5], "texture": "#5"},
				"down": {"uv": [0, 0, 0.5, 0.5], "texture": "#5"}
			}
		},
		{
			"from": [10, -8, 4],
			"to": [11, -7, 5],
			"faces": {
				"north": {"uv": [0, 0, 0.5, 0.5], "texture": "#5"},
				"east": {"uv": [0, 0, 0.5, 0.5], "texture": "#5"},
				"south": {"uv": [0, 0, 0.5, 0.5], "texture": "#5"},
				"west": {"uv": [0, 0, 0.5, 0.5], "texture": "#5"},
				"up": {"uv": [0, 0, 0.5, 0.5], "texture": "#5"},
				"down": {"uv": [0, 0, 0.5, 0.5], "texture": "#5"}
			}
		},
		{
			"from": [10, -8, 14],
			"to": [11, -7, 15],
			"faces": {
				"north": {"uv": [0, 0, 0.5, 0.5], "texture": "#5"},
				"east": {"uv": [0, 0, 0.5, 0.5], "texture": "#5"},
				"south": {"uv": [0, 0, 0.5, 0.5], "texture": "#5"},
				"west": {"uv": [0, 0, 0.5, 0.5], "texture": "#5"},
				"up": {"uv": [0, 0, 0.5, 0.5], "texture": "#5"},
				"down": {"uv": [0, 0, 0.5, 0.5], "texture": "#5"}
			}
		},
		{
			"from": [5, -8, 14],
			"to": [6, -7, 15],
			"faces": {
				"north": {"uv": [0, 0, 0.5, 0.5], "texture": "#5"},
				"east": {"uv": [0, 0, 0.5, 0.5], "texture": "#5"},
				"south": {"uv": [0, 0, 0.5, 0.5], "texture": "#5"},
				"west": {"uv": [0, 0, 0.5, 0.5], "texture": "#5"},
				"up": {"uv": [0, 0, 0.5, 0.5], "texture": "#5"},
				"down": {"uv": [0, 0, 0.5, 0.5], "texture": "#5"}
			}
		},
		{
			"from": [14, -8, 5],
			"to": [15, -7, 6],
			"faces": {
				"north": {"uv": [0, 0, 0.5, 0.5], "texture": "#5"},
				"east": {"uv": [0, 0, 0.5, 0.5], "texture": "#5"},
				"south": {"uv": [0, 0, 0.5, 0.5], "texture": "#5"},
				"west": {"uv": [0, 0, 0.5, 0.5], "texture": "#5"},
				"up": {"uv": [0, 0, 0.5, 0.5], "texture": "#5"},
				"down": {"uv": [0, 0, 0.5, 0.5], "texture": "#5"}
			}
		},
		{
			"from": [14, -10, 11],
			"to": [15, -9, 12],
			"faces": {
				"north": {"uv": [0, 0, 0.5, 0.5], "texture": "#1"},
				"east": {"uv": [0, 0, 0.5, 0.5], "texture": "#1"},
				"south": {"uv": [0, 0, 0.5, 0.5], "texture": "#1"},
				"west": {"uv": [0, 0, 0.5, 0.5], "texture": "#1"},
				"up": {"uv": [0, 0, 0.5, 0.5], "texture": "#1"},
				"down": {"uv": [0, 0, 0.5, 0.5], "texture": "#1"}
			}
		},
		{
			"from": [14, -10, -3],
			"to": [15, -9, -2],
			"faces": {
				"north": {"uv": [0, 0, 0.5, 0.5], "texture": "#1"},
				"east": {"uv": [0, 0, 0.5, 0.5], "texture": "#1"},
				"south": {"uv": [0, 0, 0.5, 0.5], "texture": "#1"},
				"west": {"uv": [0, 0, 0.5, 0.5], "texture": "#1"},
				"up": {"uv": [0, 0, 0.5, 0.5], "texture": "#1"},
				"down": {"uv": [0, 0, 0.5, 0.5], "texture": "#1"}
			}
		},
		{
			"from": [14, -8, 3],
			"to": [15, -7, 4],
			"faces": {
				"north": {"uv": [0, 0, 0.5, 0.5], "texture": "#5"},
				"east": {"uv": [0, 0, 0.5, 0.5], "texture": "#5"},
				"south": {"uv": [0, 0, 0.5, 0.5], "texture": "#5"},
				"west": {"uv": [0, 0, 0.5, 0.5], "texture": "#5"},
				"up": {"uv": [0, 0, 0.5, 0.5], "texture": "#5"},
				"down": {"uv": [0, 0, 0.5, 0.5], "texture": "#5"}
			}
		},
		{
			"from": [1, -10, 11],
			"to": [2, -9, 12],
			"faces": {
				"north": {"uv": [0, 0, 0.5, 0.5], "texture": "#1"},
				"east": {"uv": [0, 0, 0.5, 0.5], "texture": "#1"},
				"south": {"uv": [0, 0, 0.5, 0.5], "texture": "#1"},
				"west": {"uv": [0, 0, 0.5, 0.5], "texture": "#1"},
				"up": {"uv": [0, 0, 0.5, 0.5], "texture": "#1"},
				"down": {"uv": [0, 0, 0.5, 0.5], "texture": "#1"}
			}
		},
		{
			"from": [7, -8, -14],
			"to": [9, -6, -1],
			"rotation": {"angle": 0, "axis": "y", "origin": [-8, 15, -24]},
			"faces": {
				"north": {"uv": [0, 0, 1, 1], "texture": "#1"},
				"east": {"uv": [0, 0, 3, 1], "texture": "#1"},
				"south": {"uv": [0, 0, 1, 1], "texture": "#1"},
				"west": {"uv": [0, 0, 3, 1], "texture": "#1"},
				"up": {"uv": [0, 0, 1, 3], "texture": "#1"},
				"down": {"uv": [0, 0, 1, 3], "texture": "#1"}
			}
		},
		{
			"from": [6, -8, -15],
			"to": [7, -6, -14],
			"rotation": {"angle": 0, "axis": "y", "origin": [-8, 15, -24]},
			"faces": {
				"north": {"uv": [0, 0, 0.5, 1], "texture": "#1"},
				"east": {"uv": [0, 0, 0.5, 1], "texture": "#1"},
				"south": {"uv": [0, 0, 0.5, 1], "texture": "#1"},
				"west": {"uv": [0, 0, 0.5, 1], "texture": "#1"},
				"up": {"uv": [0, 0, 0.5, 0.5], "texture": "#1"},
				"down": {"uv": [0, 0, 0.5, 0.5], "texture": "#1"}
			}
		},
		{
			"from": [9, -8, -15],
			"to": [10, -6, -14],
			"rotation": {"angle": 0, "axis": "y", "origin": [-8, 15, -24]},
			"faces": {
				"north": {"uv": [0, 0, 0.5, 1], "texture": "#1"},
				"east": {"uv": [0, 0, 0.5, 1], "texture": "#1"},
				"south": {"uv": [0, 0, 0.5, 1], "texture": "#1"},
				"west": {"uv": [0, 0, 0.5, 1], "texture": "#1"},
				"up": {"uv": [0, 0, 0.5, 0.5], "texture": "#1"},
				"down": {"uv": [0, 0, 0.5, 0.5], "texture": "#1"}
			}
		},
		{
			"from": [8, -8, -16],
			"to": [10, -6, -15],
			"rotation": {"angle": 0, "axis": "y", "origin": [-8, 15, -24]},
			"faces": {
				"north": {"uv": [0, 0, 1, 1], "texture": "#1"},
				"east": {"uv": [0, 0, 0.5, 1], "texture": "#1"},
				"south": {"uv": [0, 0, 1, 1], "texture": "#1"},
				"west": {"uv": [0, 0, 0.5, 1], "texture": "#1"},
				"up": {"uv": [0, 0, 1, 0.5], "texture": "#1"},
				"down": {"uv": [0, 0, 1, 0.5], "texture": "#1"}
			}
		},
		{
			"from": [6, -9, -7],
			"to": [10, -8, -6],
			"faces": {
				"north": {"uv": [0, 0, 2, 0.5], "texture": "#5"},
				"east": {"uv": [0, 0, 0.5, 0.5], "texture": "#5"},
				"south": {"uv": [0, 0, 2, 0.5], "texture": "#5"},
				"west": {"uv": [0, 0, 0.5, 0.5], "texture": "#5"},
				"up": {"uv": [0, 0, 2, 0.5], "texture": "#5"},
				"down": {"uv": [0, 0, 2, 0.5], "texture": "#5"}
			}
		},
		{
			"from": [6, -6, -7],
			"to": [10, -5, -6],
			"faces": {
				"north": {"uv": [0, 0, 2, 0.5], "texture": "#5"},
				"east": {"uv": [0, 0, 0.5, 0.5], "texture": "#5"},
				"south": {"uv": [0, 0, 2, 0.5], "texture": "#5"},
				"west": {"uv": [0, 0, 0.5, 0.5], "texture": "#5"},
				"up": {"uv": [0, 0, 2, 0.5], "texture": "#5"},
				"down": {"uv": [0, 0, 2, 0.5], "texture": "#5"}
			}
		},
		{
			"from": [6, -9, -1],
			"to": [10, -5, 0],
			"faces": {
				"north": {"uv": [0, 0, 2, 2], "texture": "#5"},
				"east": {"uv": [0, 0, 0.5, 2], "texture": "#5"},
				"south": {"uv": [0, 0, 2, 2], "texture": "#5"},
				"west": {"uv": [0, 0, 0.5, 2], "texture": "#5"},
				"up": {"uv": [0, 0, 2, 0.5], "texture": "#5"},
				"down": {"uv": [0, 0, 2, 0.5], "texture": "#5"}
			}
		},
		{
			"from": [6, -9, -5],
			"to": [7, -5, -4],
			"faces": {
				"north": {"uv": [0, 0, 0.5, 2], "texture": "#5"},
				"east": {"uv": [0, 0, 0.5, 2], "texture": "#5"},
				"south": {"uv": [0, 0, 0.5, 2], "texture": "#5"},
				"west": {"uv": [0, 0, 0.5, 2], "texture": "#5"},
				"up": {"uv": [0, 0, 0.5, 0.5], "texture": "#5"},
				"down": {"uv": [0, 0, 0.5, 0.5], "texture": "#5"}
			}
		},
		{
			"from": [9, -9, -5],
			"to": [10, -5, -4],
			"faces": {
				"north": {"uv": [0, 0, 0.5, 2], "texture": "#5"},
				"east": {"uv": [0, 0, 0.5, 2], "texture": "#5"},
				"south": {"uv": [0, 0, 0.5, 2], "texture": "#5"},
				"west": {"uv": [0, 0, 0.5, 2], "texture": "#5"},
				"up": {"uv": [0, 0, 0.5, 0.5], "texture": "#5"},
				"down": {"uv": [0, 0, 0.5, 0.5], "texture": "#5"}
			}
		},
		{
			"from": [6, -8, 2],
			"to": [10, -4, 3],
			"faces": {
				"north": {"uv": [0, 0, 2, 2], "texture": "#5"},
				"east": {"uv": [0, 0, 0.5, 2], "texture": "#5"},
				"south": {"uv": [0, 0, 2, 2], "texture": "#5"},
				"west": {"uv": [0, 0, 0.5, 2], "texture": "#5"},
				"up": {"uv": [0, 0, 2, 0.5], "texture": "#5"},
				"down": {"uv": [0, 0, 2, 0.5], "texture": "#5"}
			}
		}
	],
	"display": {
		"head": {
			"scale": [2.0, 2.0, 2.0]
		}
	},
	"groups": [
		{
			"name": "Test Bogie",
			"origin": [-3, 13, 4],
			"color": 0,
			"children": [
				{
					"name": "Bogie1",
					"origin": [-3, 13, 4],
					"color": 0,
					"children": [
						{
							"name": "Wheelset1",
							"origin": [-3, 13, 4],
							"color": 0,
							"children": [0, 1, 2, 3, 4, 5, 6, 7, 8, 9, 10]
						},
						{
							"name": "Wheelset2",
							"origin": [-3, 13, 4],
							"color": 0,
							"children": [11, 12, 13, 14, 15, 16, 17, 18, 19, 20, 21]
						},
						{
							"name": "Brakes",
							"origin": [-3, 13, 4],
							"color": 0,
							"children": [22, 23, 24, 25, 26, 27, 28, 29, 30, 31, 32, 33]
						},
						{
							"name": "Brakes",
							"origin": [-3, 13, 4],
							"color": 0,
							"children": [34, 35, 36, 37]
						},
						38,
						39,
						40,
						41,
						42,
						43,
						44,
						45,
						46,
						47,
						48,
						49,
						50,
						51,
						52,
						53,
						54,
						55,
						56,
						57,
						58,
						59,
						60,
						61,
						62,
						63,
						64,
						65,
						66,
						67,
						68,
						69,
						70,
						71,
						{
							"name": "group",
							"origin": [0, 0, 0],
							"color": 0,
							"children": [72, 73, 74, 75, 76, 77]
						},
						{
							"name": "group",
							"origin": [0, 0, 0],
							"color": 0,
							"children": [78, 79, 80, 81, 82, 83, 84, 85]
						},
						86
					]
				},
				{
					"name": "Coupler2",
					"origin": [0, 17, 0],
					"color": 0,
					"children": [87, 88, 89, 90, 91, 92, 93, 94, 95, 96]
				}
			]
		}
	]
}