{
	"credit": "Made by Mike Shafter",
	"textures": {
		"2": "block/light_blue_concrete",
		"3": "block/white_concrete",
		"4": "block/light_gray_concrete",
		"6": "block/stripped_oak_log",
		"7": "block/light_blue_shulker_box",
		"10": "block/pink_shulker_box",
		"11": "block/redstone_torch",
		"12": "block/yellow_wool",
		"13": "block/daylight_detector_side",
		"14": "block/dispenser_front_vertical",
		"15": "block/pink_wool",
		"18": "block/cobbled_deepslate",
		"24": "block/glass",
		"particle": "block/black_stained_glass"
	},
	"elements": [
		{
			"from": [-9, -5, -15],
			"to": [25, -4, 31],
			"rotation": {"angle": 0, "axis": "y", "origin": [8, 11.26613, 8]},
			"faces": {
				"north": {"uv": [0, 0, 14, 1], "texture": "#6"},
				"south": {"uv": [0, 0, 14, 1], "texture": "#6"},
				"west": {"uv": [0, 0, 16, 1], "texture": "#4"},
				"up": {"uv": [0, 0, 16, 16], "texture": "#6"},
				"down": {"uv": [0, 0, 14, 16], "texture": "#4"}
			}
		},
		{
			"from": [24, -5, 24],
			"to": [25, -1, 26],
			"rotation": {"angle": 0, "axis": "z", "origin": [8, 11.26613, 9]},
			"faces": {
				"east": {"uv": [0, 0, 2, 4], "texture": "#4"},
				"south": {"uv": [1, 0, 0, 4], "texture": "#6"},
				"west": {"uv": [0, 12, 2, 16], "texture": "#6"}
			}
		},
		{
			"from": [-9, -4, 24],
			"to": [-8, -1, 26],
			"rotation": {"angle": 0, "axis": "z", "origin": [8, 11.26613, 9]},
			"faces": {
				"east": {"uv": [2, 12, 0, 16], "texture": "#6"},
				"south": {"uv": [0, 0, 1, 4], "texture": "#6"},
				"west": {"uv": [2, 0, 0, 4], "texture": "#4"}
			}
		},
		{
			"from": [-9, 19.75, -15],
			"to": [-8, 23.75, 2],
			"rotation": {"angle": 0, "axis": "z", "origin": [8, 11.26613, 8]},
			"faces": {
				"north": {"uv": [0, 0, 1, 3.25], "texture": "#6"},
				"east": {"uv": [0, 0, 16, 4], "texture": "#6"},
				"south": {"uv": [0, 0, 1, 3.25], "texture": "#6"},
				"west": {"uv": [3, 3, 13, 13], "texture": "#10"},
				"down": {"uv": [0, 0, 1, 16], "texture": "#4"}
			}
		},
		{
			"from": [-9, 19.75, 14],
			"to": [-8, 23.75, 31],
			"rotation": {"angle": 0, "axis": "z", "origin": [8, 11.26613, 8]},
			"faces": {
				"north": {"uv": [0, 0, 1, 3.25], "texture": "#6"},
				"east": {"uv": [0, 0, 16, 4], "texture": "#6"},
				"south": {"uv": [0, 0, 1, 3.25], "texture": "#6"},
				"west": {"uv": [3, 3, 13, 13], "texture": "#10"},
				"down": {"uv": [0, 0, 1, 16], "texture": "#4"}
			}
		},
		{
			"from": [-9, 19.75, 2],
			"to": [-8, 20.25, 14],
			"rotation": {"angle": 0, "axis": "z", "origin": [8, 11.26613, 8]},
			"faces": {
				"east": {"uv": [0, 0, 16, 4], "texture": "#6"},
				"west": {"uv": [3, 3, 13, 13], "texture": "#10"},
				"up": {"uv": [0, 0, 1, 12], "texture": "#6"}
			}
		},
		{
			"from": [-9, 23.25, 2],
			"to": [-8, 23.75, 14],
			"rotation": {"angle": 0, "axis": "z", "origin": [8, 11.26613, 8]},
			"faces": {
				"east": {"uv": [0, 0, 16, 4], "texture": "#6"},
				"west": {"uv": [3, 3, 13, 13], "texture": "#10"},
				"down": {"uv": [0, 0, 1, 16], "texture": "#4"}
			}
		},
		{
			"from": [-8, 23.5, -15],
			"to": [24, 24.5, 31],
			"rotation": {"angle": 0, "axis": "z", "origin": [8, 11.26613, 8]},
			"faces": {
				"north": {"uv": [0, 0, 16, 16], "texture": "#4"},
				"south": {"uv": [0, 0, 16, 16], "texture": "#4"},
				"up": {"uv": [0, 0, 16, 16], "texture": "#4"},
				"down": {"uv": [0, 0, 16, 16], "texture": "#4"}
			}
		},
		{
			"name": "gapfiller",
			"from": [-10, -5, -15],
			"to": [-9, -4, -9],
			"rotation": {"angle": 0, "axis": "z", "origin": [8, 11.26613, 8]},
			"faces": {
				"north": {"uv": [0, 0, 16, 16], "texture": "#18"},
				"south": {"uv": [0, 0, 16, 16], "texture": "#18"},
				"west": {"uv": [0, 0, 16, 16], "texture": "#18"},
				"up": {"uv": [0, 0, 16, 16], "texture": "#18"},
				"down": {"uv": [0, 0, 16, 16], "texture": "#18"}
			}
		},
		{
			"name": "gapfiller",
			"from": [-10, -5, 25],
			"to": [-9, -4, 31],
			"rotation": {"angle": 0, "axis": "z", "origin": [8, 11.26613, 8]},
			"faces": {
				"north": {"uv": [0, 0, 16, 16], "texture": "#18"},
				"south": {"uv": [0, 0, 16, 16], "texture": "#18"},
				"west": {"uv": [0, 0, 16, 16], "texture": "#18"},
				"up": {"uv": [0, 0, 16, 16], "texture": "#18"},
				"down": {"uv": [0, 0, 16, 16], "texture": "#18"}
			}
		},
		{
			"name": "gapfiller",
			"from": [25, -5, 25],
			"to": [26, -4, 31],
			"rotation": {"angle": 0, "axis": "z", "origin": [8, 11.26613, 8]},
			"faces": {
				"north": {"uv": [0, 0, 16, 16], "texture": "#18"},
				"east": {"uv": [0, 0, 16, 16], "texture": "#18"},
				"south": {"uv": [0, 0, 16, 16], "texture": "#18"},
				"up": {"uv": [0, 0, 16, 16], "texture": "#18"},
				"down": {"uv": [0, 0, 16, 16], "texture": "#18"}
			}
		},
		{
			"name": "gapfiller",
			"from": [25, -5, -15],
			"to": [26, -4, -9],
			"rotation": {"angle": 0, "axis": "z", "origin": [8, 11.26613, 8]},
			"faces": {
				"north": {"uv": [0, 0, 16, 16], "texture": "#18"},
				"east": {"uv": [0, 0, 16, 16], "texture": "#18"},
				"south": {"uv": [0, 0, 16, 16], "texture": "#18"},
				"up": {"uv": [0, 0, 16, 16], "texture": "#18"},
				"down": {"uv": [0, 0, 16, 16], "texture": "#18"}
			}
		},
		{
			"from": [24, -1, 24],
			"to": [25, 4, 26],
			"rotation": {"angle": 0, "axis": "z", "origin": [8, 11.26613, 9]},
			"faces": {
				"east": {"uv": [14, 5, 16, 11], "texture": "#7"},
				"south": {"uv": [1, 0, 2, 5.25], "texture": "#6"},
				"west": {"uv": [0, 5, 2, 11], "texture": "#6"}
			}
		},
		{
			"from": [-9, -1, 24],
			"to": [-8, 4, 26],
			"rotation": {"angle": 0, "axis": "z", "origin": [8, 11.26613, 9]},
			"faces": {
				"east": {"uv": [2, 5, 0, 11], "texture": "#6"},
				"south": {"uv": [2, 0, 1, 5.25], "texture": "#6"},
				"west": {"uv": [2, 5, 0, 11], "texture": "#7"}
			}
		},
		{
			"from": [24, 19.75, 14],
			"to": [25, 23.75, 31],
			"rotation": {"angle": 0, "axis": "z", "origin": [8, 11.26613, 8]},
			"faces": {
				"north": {"uv": [1, 0, 2, 3.25], "texture": "#6"},
				"east": {"uv": [3, 3, 13, 13], "texture": "#10"},
				"south": {"uv": [1, 0, 2, 3.25], "texture": "#6"},
				"west": {"uv": [0, 0, 16, 4], "texture": "#6"},
				"down": {"uv": [1, 0, 2, 16], "texture": "#4"}
			}
		},
		{
			"from": [24, 19.75, -15],
			"to": [25, 23.75, 2],
			"rotation": {"angle": 0, "axis": "z", "origin": [8, 11.26613, 8]},
			"faces": {
				"north": {"uv": [1, 0, 2, 3.25], "texture": "#6"},
				"east": {"uv": [3, 3, 13, 13], "texture": "#10"},
				"south": {"uv": [1, 0, 2, 3.25], "texture": "#6"},
				"west": {"uv": [0, 0, 16, 4], "texture": "#6"},
				"down": {"uv": [1, 0, 2, 16], "texture": "#4"}
			}
		},
		{
			"from": [24, 23.25, 2],
			"to": [25, 23.75, 14],
			"rotation": {"angle": 0, "axis": "z", "origin": [8, 11.26613, 8]},
			"faces": {
				"east": {"uv": [3, 3, 13, 13], "texture": "#10"},
				"west": {"uv": [0, 0, 16, 4], "texture": "#6"},
				"down": {"uv": [1, 0, 2, 16], "texture": "#4"}
			}
		},
		{
			"from": [24, 19.75, 2],
			"to": [25, 20.25, 14],
			"rotation": {"angle": 0, "axis": "z", "origin": [8, 11.26613, 8]},
			"faces": {
				"east": {"uv": [3, 3, 13, 13], "texture": "#10"},
				"west": {"uv": [0, 0, 16, 4], "texture": "#6"},
				"up": {"uv": [0, 0, 1, 12], "texture": "#6"}
			}
		},
		{
			"from": [-9, 4, 24],
			"to": [-8, 19.75, 26],
			"rotation": {"angle": 0, "axis": "y", "origin": [8, 11.26613, 9]},
			"faces": {
				"east": {"uv": [0, 0, 2, 15.75], "texture": "#6"},
				"south": {"uv": [0, 0, 1, 12.75], "texture": "#6"},
				"west": {"uv": [0, 0, 2, 13], "texture": "#12"}
			}
		},
		{
			"from": [-9, 4, 23],
			"to": [-8, 19.75, 24],
			"rotation": {"angle": 0, "axis": "y", "origin": [8, 11.26613, 8]},
			"faces": {
				"north": {"uv": [0, 0, 1, 12.75], "texture": "#6"},
				"east": {"uv": [0, 0, 2, 15.75], "texture": "#6"},
				"west": {"uv": [0, 0, 2, 12.75], "texture": "#3"}
			}
		},
		{
			"from": [24, 4, 23],
			"to": [25, 19.75, 24],
			"rotation": {"angle": 0, "axis": "y", "origin": [8, 11.26613, 8]},
			"faces": {
				"north": {"uv": [1, 0, 0, 12.75], "texture": "#6"},
				"east": {"uv": [2, 0, 0, 12.75], "texture": "#3"},
				"west": {"uv": [2, 0, 0, 15.75], "texture": "#6"}
			}
		},
		{
			"from": [24, 4, 24],
			"to": [25, 19.75, 26],
			"rotation": {"angle": 0, "axis": "y", "origin": [8, 11.26613, 9]},
			"faces": {
				"east": {"uv": [2, 0, 0, 13], "texture": "#12"},
				"south": {"uv": [1, 0, 0, 12.75], "texture": "#6"},
				"west": {"uv": [2, 0, 0, 15.75], "texture": "#6"}
			}
		},
		{
			"from": [24, 4, -10],
			"to": [25, 19.75, -7],
			"rotation": {"angle": 0, "axis": "y", "origin": [8, 11.26613, 8]},
			"faces": {
				"north": {"uv": [1, 0, 0, 12.75], "texture": "#6"},
				"east": {"uv": [2, 0, 0, 12.75], "texture": "#3"},
				"south": {"uv": [1, 0, 0, 12.75], "texture": "#6"},
				"west": {"uv": [0, 0, 2, 12.75], "texture": "#6"}
			}
		},
		{
			"from": [24, -1, -10],
			"to": [25, 4, -8],
			"rotation": {"angle": 0, "axis": "z", "origin": [8, 11.26613, 7]},
			"faces": {
				"north": {"uv": [2, 0, 1, 5.25], "texture": "#6"},
				"east": {"uv": [16, 5, 14, 11], "texture": "#7"},
				"west": {"uv": [0, 5, 2, 11], "texture": "#6"}
			}
		},
		{
			"from": [24, -5, -10],
			"to": [25, -1, -8],
			"rotation": {"angle": 0, "axis": "z", "origin": [8, 11.26613, 7]},
			"faces": {
				"north": {"uv": [0, 0, 1, 4], "texture": "#6"},
				"east": {"uv": [2, 0, 0, 4], "texture": "#4"},
				"west": {"uv": [0, 12, 2, 16], "texture": "#6"}
			}
		},
		{
			"from": [-9, 4, -10],
			"to": [-8, 19.75, -7],
			"rotation": {"angle": 0, "axis": "y", "origin": [8, 11.26613, 8]},
			"faces": {
				"north": {"uv": [1, 0, 0, 12.75], "texture": "#6"},
				"east": {"uv": [2, 0, 0, 15.75], "texture": "#6"},
				"south": {"uv": [1, 0, 0, 12.75], "texture": "#6"},
				"west": {"uv": [0, 0, 2, 12.75], "texture": "#3"}
			}
		},
		{
			"from": [-9, -1, -10],
			"to": [-8, 4, -8],
			"rotation": {"angle": 0, "axis": "z", "origin": [8, 11.26613, 7]},
			"faces": {
				"north": {"uv": [1, 0, 2, 5.25], "texture": "#6"},
				"east": {"uv": [0, 5, 2, 11], "texture": "#6"},
				"west": {"uv": [2, 5, 0, 11], "texture": "#7"}
			}
		},
		{
			"from": [-9, -4, -10],
			"to": [-8, -1, -8],
			"rotation": {"angle": 0, "axis": "z", "origin": [8, 11.26613, 7]},
			"faces": {
				"north": {"uv": [1, 0, 0, 4], "texture": "#6"},
				"east": {"uv": [0, 12, 2, 16], "texture": "#6"},
				"west": {"uv": [2, 0, 0, 4], "texture": "#4"}
			}
		},
		{
			"from": [-8.25, 20.25, 2],
			"to": [-8, 23.25, 14],
			"rotation": {"angle": 0, "axis": "y", "origin": [8, 11.26613, 8]},
			"faces": {
				"east": {"uv": [12, 0, 0, 3], "texture": "#6"},
				"west": {"uv": [8, 7, 9, 8], "texture": "#11"}
			}
		},
		{
			"from": [24, 20.25, 2],
			"to": [24.25, 23.25, 14],
			"rotation": {"angle": 0, "axis": "y", "origin": [8, 11.26613, 8]},
			"faces": {
				"east": {"uv": [8, 7, 9, 8], "texture": "#11"},
				"west": {"uv": [0, 0, 12, 3], "texture": "#6"}
			}
		},
		{
			"from": [24, 8, 7],
			"to": [25, 19, 9],
			"rotation": {"angle": 0, "axis": "y", "origin": [8, 11.26613, 8]},
			"faces": {
				"north": {"uv": [0, 0, 1, 12.75], "texture": "#6"},
				"east": {"uv": [0, 0, 2, 12.75], "texture": "#3"},
				"south": {"uv": [0, 0, 1, 12.75], "texture": "#6"},
				"west": {"uv": [0, 0, 2, 12], "texture": "#6"}
			}
		},
		{
			"from": [24.25, 8, 9],
			"to": [24.75, 16, 23],
			"rotation": {"angle": 0, "axis": "y", "origin": [8, 11.26613, 8]},
			"faces": {
				"east": {"uv": [0, 0, 16, 16], "texture": "#24"},
				"west": {"uv": [0, 0, 16, 16], "texture": "#24"}
			}
		},
		{
			"from": [16, 25.5, 18],
			"to": [17, 26.5, 24],
			"rotation": {"angle": 0, "axis": "y", "origin": [8, 27, 8]},
			"faces": {
				"east": {"uv": [0, 0, 16, 16], "texture": "#13"},
				"up": {"uv": [0, 0, 16, 16], "texture": "#13"},
				"down": {"uv": [0, 0, 16, 16], "texture": "#13"}
			}
		},
		{
			"from": [16, 27.5, 18],
			"to": [17, 28.5, 24],
			"rotation": {"angle": 0, "axis": "y", "origin": [8, 27, 8]},
			"faces": {
				"east": {"uv": [0, 0, 16, 16], "texture": "#13"},
				"up": {"uv": [0, 0, 16, 16], "texture": "#13"},
				"down": {"uv": [0, 0, 16, 16], "texture": "#13"}
			}
		},
		{
			"from": [16, 24.5, 16],
			"to": [17, 28.5, 18],
			"rotation": {"angle": 0, "axis": "y", "origin": [8, 27, 8]},
			"faces": {
				"north": {"uv": [0, 0, 16, 16], "texture": "#13"},
				"east": {"uv": [0, 0, 16, 16], "texture": "#13"},
				"south": {"uv": [0, 0, 16, 16], "texture": "#13"},
				"up": {"uv": [0, 0, 16, 16], "texture": "#13"}
			}
		},
		{
			"from": [16, 27.5, 10],
			"to": [17, 28.5, 16],
			"rotation": {"angle": 0, "axis": "y", "origin": [8, 27, 8]},
			"faces": {
				"east": {"uv": [0, 0, 16, 16], "texture": "#13"},
				"up": {"uv": [0, 0, 16, 16], "texture": "#13"},
				"down": {"uv": [0, 0, 16, 16], "texture": "#13"}
			}
		},
		{
			"from": [16, 25.5, 10],
			"to": [17, 26.5, 16],
			"rotation": {"angle": 0, "axis": "y", "origin": [8, 27, 8]},
			"faces": {
				"east": {"uv": [0, 0, 16, 16], "texture": "#13"},
				"up": {"uv": [0, 0, 16, 16], "texture": "#13"},
				"down": {"uv": [0, 0, 16, 16], "texture": "#13"}
			}
		},
		{
			"from": [16, 24.5, 6],
			"to": [17, 28.5, 10],
			"rotation": {"angle": 0, "axis": "y", "origin": [8, 27, 8]},
			"faces": {
				"north": {"uv": [0, 0, 16, 16], "texture": "#13"},
				"east": {"uv": [0, 0, 16, 16], "texture": "#13"},
				"south": {"uv": [0, 0, 16, 16], "texture": "#13"},
				"up": {"uv": [0, 0, 16, 16], "texture": "#13"}
			}
		},
		{
			"from": [-1, 24.5, 6],
			"to": [0, 28.5, 10],
			"rotation": {"angle": 0, "axis": "y", "origin": [8, 27, 8]},
			"faces": {
				"north": {"uv": [0, 0, 16, 16], "texture": "#13"},
				"south": {"uv": [0, 0, 16, 16], "texture": "#13"},
				"west": {"uv": [0, 0, 16, 16], "texture": "#13"},
				"up": {"uv": [0, 0, 16, 16], "texture": "#13"}
			}
		},
		{
			"from": [-1, 24.5, 16],
			"to": [0, 28.5, 18],
			"rotation": {"angle": 0, "axis": "y", "origin": [8, 27, 8]},
			"faces": {
				"north": {"uv": [0, 0, 16, 16], "texture": "#13"},
				"south": {"uv": [0, 0, 16, 16], "texture": "#13"},
				"west": {"uv": [0, 0, 16, 16], "texture": "#13"},
				"up": {"uv": [0, 0, 16, 16], "texture": "#13"}
			}
		},
		{
			"from": [-1, 24.5, 24],
			"to": [0, 28.5, 28],
			"rotation": {"angle": 0, "axis": "y", "origin": [8, 27, 8]},
			"faces": {
				"north": {"uv": [0, 0, 16, 16], "texture": "#13"},
				"south": {"uv": [0, 0, 16, 16], "texture": "#13"},
				"west": {"uv": [0, 0, 16, 16], "texture": "#13"},
				"up": {"uv": [0, 0, 16, 16], "texture": "#13"}
			}
		},
		{
			"from": [-1, 25.5, 18],
			"to": [0, 26.5, 24],
			"rotation": {"angle": 0, "axis": "y", "origin": [8, 27, 8]},
			"faces": {
				"west": {"uv": [0, 0, 16, 16], "texture": "#13"},
				"up": {"uv": [0, 0, 16, 16], "texture": "#13"},
				"down": {"uv": [0, 0, 16, 16], "texture": "#13"}
			}
		},
		{
			"from": [-1, 25.5, 10],
			"to": [0, 26.5, 16],
			"rotation": {"angle": 0, "axis": "y", "origin": [8, 27, 8]},
			"faces": {
				"west": {"uv": [0, 0, 16, 16], "texture": "#13"},
				"up": {"uv": [0, 0, 16, 16], "texture": "#13"},
				"down": {"uv": [0, 0, 16, 16], "texture": "#13"}
			}
		},
		{
			"from": [-1, 27.5, 10],
			"to": [0, 28.5, 16],
			"rotation": {"angle": 0, "axis": "y", "origin": [8, 27, 8]},
			"faces": {
				"west": {"uv": [0, 0, 16, 16], "texture": "#13"},
				"up": {"uv": [0, 0, 16, 16], "texture": "#13"},
				"down": {"uv": [0, 0, 16, 16], "texture": "#13"}
			}
		},
		{
			"from": [-1, 27.5, 18],
			"to": [0, 28.5, 24],
			"rotation": {"angle": 0, "axis": "y", "origin": [8, 27, 8]},
			"faces": {
				"west": {"uv": [0, 0, 16, 16], "texture": "#13"},
				"up": {"uv": [0, 0, 16, 16], "texture": "#13"},
				"down": {"uv": [0, 0, 16, 16], "texture": "#13"}
			}
		},
		{
			"from": [0, 24.5, -12],
			"to": [16, 28.5, 8],
			"rotation": {"angle": 0, "axis": "y", "origin": [8, 27, 8]},
			"faces": {
				"north": {"uv": [0, 0, 16, 16], "texture": "#13"},
				"east": {"uv": [0, 0, 16, 16], "texture": "#18"},
				"west": {"uv": [0, 0, 16, 16], "texture": "#18"},
				"up": {"uv": [0, 0, 16, 16], "texture": "#14"}
			}
		},
		{
			"from": [16, 24.5, -12],
			"to": [17, 28.5, -8],
			"rotation": {"angle": 0, "axis": "y", "origin": [8, 27, 8]},
			"faces": {
				"north": {"uv": [0, 0, 16, 16], "texture": "#13"},
				"east": {"uv": [0, 0, 16, 16], "texture": "#13"},
				"south": {"uv": [0, 0, 16, 16], "texture": "#13"},
				"up": {"uv": [0, 0, 16, 16], "texture": "#13"}
			}
		},
		{
			"from": [16, 25.5, -8],
			"to": [17, 26.5, -2],
			"rotation": {"angle": 0, "axis": "y", "origin": [8, 27, 8]},
			"faces": {
				"east": {"uv": [0, 0, 16, 16], "texture": "#13"},
				"up": {"uv": [0, 0, 16, 16], "texture": "#13"},
				"down": {"uv": [0, 0, 16, 16], "texture": "#13"}
			}
		},
		{
			"from": [16, 27.5, -8],
			"to": [17, 28.5, -2],
			"rotation": {"angle": 0, "axis": "y", "origin": [8, 27, 8]},
			"faces": {
				"east": {"uv": [0, 0, 16, 16], "texture": "#13"},
				"up": {"uv": [0, 0, 16, 16], "texture": "#13"},
				"down": {"uv": [0, 0, 16, 16], "texture": "#13"}
			}
		},
		{
			"from": [16, 24.5, -2],
			"to": [17, 28.5, 0],
			"rotation": {"angle": 0, "axis": "y", "origin": [8, 27, 8]},
			"faces": {
				"north": {"uv": [0, 0, 16, 16], "texture": "#13"},
				"east": {"uv": [0, 0, 16, 16], "texture": "#13"},
				"south": {"uv": [0, 0, 16, 16], "texture": "#13"},
				"up": {"uv": [0, 0, 16, 16], "texture": "#13"}
			}
		},
		{
			"from": [16, 27.5, 0],
			"to": [17, 28.5, 6],
			"rotation": {"angle": 0, "axis": "y", "origin": [8, 27, 8]},
			"faces": {
				"east": {"uv": [0, 0, 16, 16], "texture": "#13"},
				"up": {"uv": [0, 0, 16, 16], "texture": "#13"},
				"down": {"uv": [0, 0, 16, 16], "texture": "#13"}
			}
		},
		{
			"from": [16, 25.5, 0],
			"to": [17, 26.5, 6],
			"rotation": {"angle": 0, "axis": "y", "origin": [8, 27, 8]},
			"faces": {
				"east": {"uv": [0, 0, 16, 16], "texture": "#13"},
				"up": {"uv": [0, 0, 16, 16], "texture": "#13"},
				"down": {"uv": [0, 0, 16, 16], "texture": "#13"}
			}
		},
		{
			"from": [-1, 24.5, -2],
			"to": [0, 28.5, 0],
			"rotation": {"angle": 0, "axis": "y", "origin": [8, 27, 8]},
			"faces": {
				"north": {"uv": [0, 0, 16, 16], "texture": "#13"},
				"south": {"uv": [0, 0, 16, 16], "texture": "#13"},
				"west": {"uv": [0, 0, 16, 16], "texture": "#13"},
				"up": {"uv": [0, 0, 16, 16], "texture": "#13"}
			}
		},
		{
			"from": [-1, 24.5, -12],
			"to": [0, 28.5, -8],
			"rotation": {"angle": 0, "axis": "y", "origin": [8, 27, 8]},
			"faces": {
				"north": {"uv": [0, 0, 16, 16], "texture": "#13"},
				"south": {"uv": [0, 0, 16, 16], "texture": "#13"},
				"west": {"uv": [0, 0, 16, 16], "texture": "#13"},
				"up": {"uv": [0, 0, 16, 16], "texture": "#13"}
			}
		},
		{
			"from": [-1, 25.5, -8],
			"to": [0, 26.5, -2],
			"rotation": {"angle": 0, "axis": "y", "origin": [8, 27, 8]},
			"faces": {
				"west": {"uv": [0, 0, 16, 16], "texture": "#13"},
				"up": {"uv": [0, 0, 16, 16], "texture": "#13"},
				"down": {"uv": [0, 0, 16, 16], "texture": "#13"}
			}
		},
		{
			"from": [-1, 25.5, 0],
			"to": [0, 26.5, 6],
			"rotation": {"angle": 0, "axis": "y", "origin": [8, 27, 8]},
			"faces": {
				"west": {"uv": [0, 0, 16, 16], "texture": "#13"},
				"up": {"uv": [0, 0, 16, 16], "texture": "#13"},
				"down": {"uv": [0, 0, 16, 16], "texture": "#13"}
			}
		},
		{
			"from": [-1, 27.5, 0],
			"to": [0, 28.5, 6],
			"rotation": {"angle": 0, "axis": "y", "origin": [8, 27, 8]},
			"faces": {
				"west": {"uv": [0, 0, 16, 16], "texture": "#13"},
				"up": {"uv": [0, 0, 16, 16], "texture": "#13"},
				"down": {"uv": [0, 0, 16, 16], "texture": "#13"}
			}
		},
		{
			"from": [-1, 27.5, -8],
			"to": [0, 28.5, -2],
			"rotation": {"angle": 0, "axis": "y", "origin": [8, 27, 8]},
			"faces": {
				"west": {"uv": [0, 0, 16, 16], "texture": "#13"},
				"up": {"uv": [0, 0, 16, 16], "texture": "#13"},
				"down": {"uv": [0, 0, 16, 16], "texture": "#13"}
			}
		},
		{
			"from": [0, 24.5, 8],
			"to": [16, 28.5, 28],
			"rotation": {"angle": 0, "axis": "y", "origin": [8, 27, 8]},
			"faces": {
				"east": {"uv": [16, 0, 0, 16], "texture": "#18"},
				"south": {"uv": [16, 0, 0, 16], "texture": "#13"},
				"west": {"uv": [16, 0, 0, 16], "texture": "#18"},
				"up": {"uv": [0, 16, 16, 0], "texture": "#14"}
			}
		},
		{
			"from": [16, 24.5, 24],
			"to": [17, 28.5, 28],
			"rotation": {"angle": 0, "axis": "y", "origin": [8, 27, 8]},
			"faces": {
				"north": {"uv": [0, 0, 16, 16], "texture": "#13"},
				"east": {"uv": [0, 0, 16, 16], "texture": "#13"},
				"south": {"uv": [0, 0, 16, 16], "texture": "#13"},
				"up": {"uv": [0, 0, 16, 16], "texture": "#13"}
			}
		},
		{
			"from": [-9, 19, -7],
			"to": [-8, 19.75, 23],
			"rotation": {"angle": 0, "axis": "y", "origin": [8, 11.26613, 8]},
			"faces": {
				"east": {"uv": [16, 0, 0, 0.75], "texture": "#6"},
				"west": {"uv": [2, 0, 0, 12.75], "texture": "#3"},
				"down": {"uv": [0, 2, 1, 0], "texture": "#6"}
			}
		},
		{
			"from": [24, 19, -7],
			"to": [25, 19.75, 23],
			"rotation": {"angle": 0, "axis": "y", "origin": [8, 11.26613, 8]},
			"faces": {
				"east": {"uv": [0, 0, 2, 12.75], "texture": "#3"},
				"west": {"uv": [0, 0, 16, 0.75], "texture": "#6"},
				"down": {"uv": [0, 0, 1, 2], "texture": "#6"}
			}
		},
		{
			"from": [-9, 8, 7],
			"to": [-8, 19, 9],
			"rotation": {"angle": 0, "axis": "y", "origin": [8, 11.26613, 8]},
			"faces": {
				"north": {"uv": [1, 0, 0, 12.75], "texture": "#6"},
				"east": {"uv": [2, 0, 0, 12], "texture": "#6"},
				"south": {"uv": [1, 0, 0, 12.75], "texture": "#6"},
				"west": {"uv": [2, 0, 0, 12.75], "texture": "#3"}
			}
		},
		{
			"from": [24.25, 8, -7],
			"to": [24.75, 16, 7],
			"rotation": {"angle": 0, "axis": "y", "origin": [8, 11.26613, 8]},
			"faces": {
				"east": {"uv": [0, 0, 16, 16], "texture": "#24"},
				"west": {"uv": [0, 0, 16, 16], "texture": "#24"}
			}
		},
		{
			"from": [24.23097, 16.09567, 9],
			"to": [24.73097, 19.09567, 23],
			"rotation": {"angle": 22.5, "axis": "z", "origin": [24.98097, 16.09567, 8]},
			"faces": {
				"north": {"uv": [0, 0, 16, 16], "texture": "#24"},
				"east": {"uv": [0, 0, 16, 16], "texture": "#24"},
				"south": {"uv": [0, 0, 16, 16], "texture": "#24"},
				"west": {"uv": [0, 0, 16, 16], "texture": "#24"},
				"up": {"uv": [0, 0, 16, 16], "texture": "#24"}
			}
		},
		{
			"from": [24.23097, 16.09567, -7],
			"to": [24.73097, 19.09567, 7],
			"rotation": {"angle": 22.5, "axis": "z", "origin": [24.98097, 16.09567, 8]},
			"faces": {
				"north": {"uv": [0, 0, 16, 16], "texture": "#24"},
				"east": {"uv": [0, 0, 16, 16], "texture": "#24"},
				"south": {"uv": [0, 0, 16, 16], "texture": "#24"},
				"west": {"uv": [0, 0, 16, 16], "texture": "#24"},
				"up": {"uv": [0, 0, 16, 16], "texture": "#24"}
			}
		},
		{
			"from": [-8.75, 8, 9],
			"to": [-8.25, 19, 23],
			"rotation": {"angle": 0, "axis": "y", "origin": [8, 11.26613, 8]},
			"faces": {
				"east": {"uv": [16, 0, 0, 16], "texture": "#24"},
				"west": {"uv": [16, 0, 0, 16], "texture": "#24"}
			}
		},
		{
			"from": [-8.75, 8, -7],
			"to": [-8.25, 16, 7],
			"rotation": {"angle": 0, "axis": "y", "origin": [8, 11.26613, 8]},
			"faces": {
				"east": {"uv": [16, 0, 0, 16], "texture": "#24"},
				"west": {"uv": [16, 0, 0, 16], "texture": "#24"}
			}
		},
		{
			"from": [-8.73097, 16.09567, -7],
			"to": [-8.23097, 19.09567, 7],
			"rotation": {"angle": -22.5, "axis": "z", "origin": [-8.98097, 16.09567, 0]},
			"faces": {
				"north": {"uv": [0, 0, 16, 16], "texture": "#24"},
				"east": {"uv": [0, 0, 16, 16], "texture": "#24"},
				"south": {"uv": [0, 0, 16, 16], "texture": "#24"},
				"west": {"uv": [0, 0, 16, 16], "texture": "#24"},
				"up": {"uv": [0, 0, 16, 16], "texture": "#24"}
			}
		},
		{
			"from": [-9, -4, -8],
			"to": [-8, -1, 24],
			"rotation": {"angle": 0, "axis": "z", "origin": [8, 11.26613, 8]},
			"faces": {
				"east": {"uv": [16, 0, 0, 4], "texture": "#6"},
				"west": {"uv": [16, 0, 0, 4], "texture": "#4"}
			}
		},
		{
			"from": [-9, -6, -15],
			"to": [-7, -5, 31],
			"rotation": {"angle": 0, "axis": "z", "origin": [8, 11.26613, 8]},
			"faces": {
				"north": {"uv": [1, 0, 0, 4], "rotation": 90, "texture": "#6"},
				"east": {"uv": [0, 16, 1, 0], "rotation": 270, "texture": "#4"},
				"south": {"uv": [1, 0, 0, 4], "rotation": 270, "texture": "#6"},
				"west": {"uv": [0, 0, 1, 16], "rotation": 270, "texture": "#4"},
				"down": {"uv": [16, 0, 0, 4], "rotation": 270, "texture": "#4"}
			}
		},
		{
			"from": [23, -6, -15],
			"to": [25, -5, 31],
			"rotation": {"angle": 0, "axis": "z", "origin": [8, 11.26613, 8]},
			"faces": {
				"north": {"uv": [0, 0, 1, 4], "rotation": 270, "texture": "#6"},
				"east": {"uv": [0, 0, 1, 16], "rotation": 90, "texture": "#4"},
				"south": {"uv": [0, 0, 1, 4], "rotation": 90, "texture": "#6"},
				"west": {"uv": [1, 16, 0, 0], "rotation": 90, "texture": "#4"},
				"down": {"uv": [0, 0, 16, 4], "rotation": 90, "texture": "#4"}
			}
		},
		{
			"from": [-9, -1, -8],
			"to": [-8, 4, 24],
			"rotation": {"angle": 0, "axis": "z", "origin": [8, 11.26613, 8]},
			"faces": {
				"east": {"uv": [16, 0, 0, 5.25], "texture": "#6"},
				"west": {"uv": [13, 3, 3, 13], "texture": "#7"}
			}
		},
		{
			"name": "hexadecagon",
			"from": [24.025, 18.28968, 25.8125],
			"to": [24.975, 19.08532, 26.0625],
			"rotation": {"angle": 22.5, "axis": "x", "origin": [24.5, 18.6875, 27.0625]},
			"faces": {
				"east": {"uv": [0, 0, 0.5, 0.5], "texture": "#3"},
				"south": {"uv": [0, 0, 0.5, 0.5], "texture": "#6"},
				"west": {"uv": [0, 0, 0.5, 0.5], "texture": "#6"}
			}
		},
		{
			"name": "hexadecagon",
			"from": [24.025, 18.28968, 25.5625],
			"to": [24.975, 19.08532, 26.0625],
			"rotation": {"angle": 45, "axis": "x", "origin": [24.5, 18.6875, 27.0625]},
			"faces": {
				"north": {"uv": [0, 0, 0.5, 0.5], "texture": "#6"},
				"east": {"uv": [0, 0, 0.5, 0.5], "texture": "#3"},
				"south": {"uv": [0, 0, 0.5, 0.5], "texture": "#6"},
				"west": {"uv": [0, 0, 0.5, 0.5], "texture": "#6"}
			}
		},
		{
			"name": "hexadecagon",
			"from": [24.025, 19.6875, 26.66468],
			"to": [24.975, 19.9375, 27.46032],
			"rotation": {"angle": -22.5, "axis": "x", "origin": [24.5, 18.6875, 27.0625]},
			"faces": {
				"east": {"uv": [0, 0, 0.5, 0.5], "texture": "#3"},
				"west": {"uv": [0, 0, 0.5, 0.5], "texture": "#6"},
				"down": {"uv": [0, 0, 0.5, 0.5], "texture": "#6"}
			}
		},
		{
			"name": "hexadecagon",
			"from": [-8.975, 18.28968, 25.8125],
			"to": [-8.025, 19.08532, 26.0625],
			"rotation": {"angle": 22.5, "axis": "x", "origin": [-8.5, 18.6875, 27.0625]},
			"faces": {
				"east": {"uv": [0.5, 0, 0, 0.5], "texture": "#6"},
				"south": {"uv": [0.5, 0, 0, 0.5], "texture": "#6"},
				"west": {"uv": [0.5, 0, 0, 0.5], "texture": "#3"}
			}
		},
		{
			"name": "hexadecagon",
			"from": [-8.975, 18.28968, 25.5625],
			"to": [-8.025, 19.08532, 26.0625],
			"rotation": {"angle": 45, "axis": "x", "origin": [-8.5, 18.6875, 27.0625]},
			"faces": {
				"north": {"uv": [0.5, 0, 0, 0.5], "texture": "#6"},
				"east": {"uv": [0.5, 0, 0, 0.5], "texture": "#6"},
				"south": {"uv": [0.5, 0, 0, 0.5], "texture": "#6"},
				"west": {"uv": [0.5, 0, 0, 0.5], "texture": "#3"}
			}
		},
		{
			"name": "hexadecagon",
			"from": [-8.975, 19.6875, 26.66468],
			"to": [-8.025, 19.9375, 27.46032],
			"rotation": {"angle": -22.5, "axis": "x", "origin": [-8.5, 18.6875, 27.0625]},
			"faces": {
				"east": {"uv": [0.5, 0, 0, 0.5], "texture": "#6"},
				"west": {"uv": [0.5, 0, 0, 0.5], "texture": "#3"},
				"down": {"uv": [0.5, 0, 0, 0.5], "texture": "#6"}
			}
		},
		{
			"name": "hexadecagon",
			"from": [-8.975, 18.28968, -10.0625],
			"to": [-8.025, 19.08532, -9.8125],
			"rotation": {"angle": -22.5, "axis": "x", "origin": [-8.5, 18.6875, -11.0625]},
			"faces": {
				"north": {"uv": [0, 0, 0.5, 0.5], "texture": "#6"},
				"east": {"uv": [0, 0, 0.5, 0.5], "texture": "#6"},
				"west": {"uv": [0, 0, 0.5, 0.5], "texture": "#3"}
			}
		},
		{
			"name": "hexadecagon",
			"from": [-8.975, 18.28968, -10.0625],
			"to": [-8.025, 19.08532, -9.5625],
			"rotation": {"angle": -45, "axis": "x", "origin": [-8.5, 18.6875, -11.0625]},
			"faces": {
				"north": {"uv": [0, 0, 0.5, 0.5], "texture": "#6"},
				"east": {"uv": [0, 0, 0.5, 0.5], "texture": "#6"},
				"south": {"uv": [0, 0, 0.5, 0.5], "texture": "#6"},
				"west": {"uv": [0, 0, 0.5, 0.5], "texture": "#3"}
			}
		},
		{
			"name": "hexadecagon",
			"from": [-8.975, 19.6875, -11.46032],
			"to": [-8.025, 19.9375, -10.66468],
			"rotation": {"angle": 22.5, "axis": "x", "origin": [-8.5, 18.6875, -11.0625]},
			"faces": {
				"east": {"uv": [0, 0, 0.5, 0.5], "texture": "#6"},
				"west": {"uv": [0, 0, 0.5, 0.5], "texture": "#3"},
				"down": {"uv": [0.5, 0.5, 0, 0], "texture": "#6"}
			}
		},
		{
			"name": "hexadecagon",
			"from": [24.025, 18.28968, -10.0625],
			"to": [24.975, 19.08532, -9.8125],
			"rotation": {"angle": -22.5, "axis": "x", "origin": [24.5, 18.6875, -11.0625]},
			"faces": {
				"north": {"uv": [0.5, 0, 0, 0.5], "texture": "#6"},
				"east": {"uv": [0.5, 0, 0, 0.5], "texture": "#3"},
				"west": {"uv": [0.5, 0, 0, 0.5], "texture": "#6"}
			}
		},
		{
			"name": "hexadecagon",
			"from": [24.025, 18.28968, -10.0625],
			"to": [24.975, 19.08532, -9.5625],
			"rotation": {"angle": -45, "axis": "x", "origin": [24.5, 18.6875, -11.0625]},
			"faces": {
				"north": {"uv": [0.5, 0, 0, 0.5], "texture": "#6"},
				"east": {"uv": [0.5, 0, 0, 0.5], "texture": "#3"},
				"south": {"uv": [0.5, 0, 0, 0.5], "texture": "#6"},
				"west": {"uv": [0.5, 0, 0, 0.5], "texture": "#6"}
			}
		},
		{
			"name": "hexadecagon",
			"from": [24.025, 19.6875, -11.46032],
			"to": [24.975, 19.9375, -10.66468],
			"rotation": {"angle": 22.5, "axis": "x", "origin": [24.5, 18.6875, -11.0625]},
			"faces": {
				"east": {"uv": [0.5, 0, 0, 0.5], "texture": "#3"},
				"west": {"uv": [0.5, 0, 0, 0.5], "texture": "#6"},
				"down": {"uv": [0, 0.5, 0.5, 0], "texture": "#6"}
			}
		},
		{
			"from": [-9, 4, -7],
			"to": [-8, 8, 23],
			"rotation": {"angle": 0, "axis": "z", "origin": [8, 11.26613, 8]},
			"faces": {
				"west": {"uv": [13, 3, 3, 13], "texture": "#3"},
				"up": {"uv": [0, 16, 1, 0], "texture": "#6"}
			}
		},
		{
			"from": [24, -1, -8],
			"to": [25, 4, 24],
			"rotation": {"angle": 0, "axis": "z", "origin": [8, 11.26613, 8]},
			"faces": {
				"east": {"uv": [3, 3, 13, 13], "texture": "#7"},
				"west": {"uv": [0, 0, 16, 5.25], "texture": "#6"}
			}
		},
		{
			"from": [24, 4, -7],
			"to": [25, 8, 23],
			"rotation": {"angle": 0, "axis": "z", "origin": [8, 11.26613, 8]},
			"faces": {
				"east": {"uv": [3, 3, 13, 13], "texture": "#3"},
				"up": {"uv": [1, 16, 0, 0], "texture": "#6"}
			}
		},
		{
			"from": [24, -5, -8],
			"to": [25, -1, 24],
			"rotation": {"angle": 0, "axis": "z", "origin": [8, 11.26613, 8]},
			"faces": {
				"east": {"uv": [0, 0, 16, 4], "texture": "#4"},
				"west": {"uv": [0, 0, 16, 4], "texture": "#6"}
			}
		},
		{
			"name": "hexadecagon",
			"from": [-5.68494, 26.36613, -15],
			"to": [-3.43494, 27.36613, 31],
			"rotation": {"angle": 45, "axis": "z", "origin": [-5.28712, 23.86613, 8]},
			"faces": {
				"north": {"uv": [3, 4, 4, 3], "texture": "#4"},
				"east": {"uv": [3, 4, 4, 3], "texture": "#4"},
				"south": {"uv": [3, 4, 4, 3], "texture": "#4"},
				"west": {"uv": [3, 4, 4, 3], "texture": "#4"},
				"up": {"uv": [3, 4, 4, 3], "texture": "#4"},
				"down": {"uv": [3, 4, 4, 3], "texture": "#4"}
			}
		},
		{
			"name": "hexadecagon",
			"from": [-6.29124, 23.59099, -15],
			"to": [-4.29124, 27.84099, 31],
			"rotation": {"angle": 22.5, "axis": "z", "origin": [-5.89342, 27.34099, 8]},
			"faces": {
				"north": {"uv": [3, 4, 4, 3], "texture": "#4"},
				"east": {"uv": [3, 4, 4, 3], "texture": "#4"},
				"south": {"uv": [3, 4, 4, 3], "texture": "#4"},
				"west": {"uv": [3, 4, 4, 3], "texture": "#4"},
				"up": {"uv": [3, 4, 4, 3], "texture": "#4"}
			}
		},
		{
			"from": [-8.4162, 23.43496, -15],
			"to": [-7.4162, 25.93496, 31],
			"rotation": {"angle": -22.5, "axis": "z", "origin": [-7.9162, 25.05996, 8]},
			"faces": {
				"north": {"uv": [0, 0, 1, 3.25], "texture": "#6"},
				"east": {"uv": [0, 0, 16, 4], "texture": "#4"},
				"south": {"uv": [0, 0, 1, 3.25], "texture": "#6"},
				"west": {"uv": [3, 3, 13, 13], "texture": "#4"}
			}
		},
		{
			"name": "hexadecagon",
			"from": [19.43494, 26.36613, -15],
			"to": [21.68494, 27.36613, 31],
			"rotation": {"angle": -45, "axis": "z", "origin": [21.28712, 23.86613, 8]},
			"faces": {
				"north": {"uv": [4, 4, 3, 3], "texture": "#4"},
				"east": {"uv": [4, 4, 3, 3], "texture": "#4"},
				"south": {"uv": [4, 4, 3, 3], "texture": "#4"},
				"west": {"uv": [4, 4, 3, 3], "texture": "#4"},
				"up": {"uv": [4, 4, 3, 3], "texture": "#4"},
				"down": {"uv": [4, 4, 3, 3], "texture": "#4"}
			}
		},
		{
			"name": "hexadecagon",
			"from": [20.29124, 23.591, -15],
			"to": [22.29124, 27.841, 31],
			"rotation": {"angle": -22.5, "axis": "z", "origin": [21.89342, 27.34099, 8]},
			"faces": {
				"north": {"uv": [4, 4, 3, 3], "texture": "#4"},
				"east": {"uv": [4, 4, 3, 3], "texture": "#4"},
				"south": {"uv": [4, 4, 3, 3], "texture": "#4"},
				"west": {"uv": [4, 4, 3, 3], "texture": "#4"},
				"up": {"uv": [4, 4, 3, 3], "texture": "#4"}
			}
		},
		{
			"from": [23.4162, 23.43496, -15],
			"to": [24.4162, 25.93496, 31],
			"rotation": {"angle": 22.5, "axis": "z", "origin": [23.9162, 25.05996, 8]},
			"faces": {
				"north": {"uv": [1, 0, 0, 3.25], "texture": "#6"},
				"east": {"uv": [13, 3, 3, 13], "texture": "#4"},
				"south": {"uv": [1, 0, 0, 3.25], "texture": "#6"},
				"west": {"uv": [16, 0, 0, 4], "texture": "#4"}
			}
		},
		{
			"from": [-8, 3, -8],
			"to": [-7, 9.5, 11],
			"rotation": {"angle": 0, "axis": "y", "origin": [8, 11.26613, 8]},
			"faces": {
				"north": {"uv": [0, 0, 16, 16], "rotation": 90, "texture": "#15"},
				"east": {"uv": [0, 0, 16, 16], "rotation": 90, "texture": "#15"},
				"south": {"uv": [0, 0, 16, 16], "rotation": 90, "texture": "#15"},
				"west": {"uv": [0, 0, 16, 16], "rotation": 90, "texture": "#15"},
				"up": {"uv": [0, 0, 16, 16], "rotation": 90, "texture": "#15"}
			}
		},
		{
			"from": [-8, 2, -8],
			"to": [-1, 3, 11],
			"rotation": {"angle": 0, "axis": "y", "origin": [8, 11.26613, 8]},
			"faces": {
				"north": {"uv": [16, 0, 0, 16], "texture": "#15"},
				"east": {"uv": [16, 0, 0, 16], "texture": "#15"},
				"south": {"uv": [16, 0, 0, 16], "texture": "#15"},
				"up": {"uv": [16, 0, 0, 16], "texture": "#15"},
				"down": {"uv": [16, 0, 0, 16], "texture": "#15"}
			}
		},
		{
			"from": [-8, 2, 12],
			"to": [-7, 9.5, 25],
			"rotation": {"angle": 0, "axis": "y", "origin": [8, 11.26613, 28]},
			"faces": {
				"north": {"uv": [0, 0, 1, 7.5], "texture": "#12"},
				"east": {"uv": [0, 0, 16, 16], "rotation": 90, "texture": "#12"},
				"south": {"uv": [0, 0, 16, 16], "rotation": 90, "texture": "#12"},
				"west": {"uv": [0, 0, 16, 16], "rotation": 90, "texture": "#12"},
				"up": {"uv": [0, 0, 16, 16], "rotation": 90, "texture": "#12"},
				"down": {"uv": [0, 0, 16, 16], "rotation": 90, "texture": "#12"}
			}
		},
		{
			"from": [-7.5, 1.5, 12],
			"to": [-6.5, 8.5, 25],
			"rotation": {"angle": -22.5, "axis": "z", "origin": [-7, 2.5, 19]},
			"faces": {
				"north": {"uv": [0, 0, 16, 16], "rotation": 90, "texture": "#12"},
				"east": {"uv": [0, 0, 16, 16], "rotation": 90, "texture": "#12"},
				"south": {"uv": [0, 0, 16, 16], "rotation": 90, "texture": "#12"},
				"west": {"uv": [0, 0, 16, 16], "rotation": 90, "texture": "#12"},
				"up": {"uv": [0, 0, 16, 16], "rotation": 90, "texture": "#12"},
				"down": {"uv": [0, 0, 16, 16], "rotation": 90, "texture": "#12"}
			}
		},
		{
			"from": [17, 2, -8],
			"to": [24, 3, 24],
			"rotation": {"angle": 0, "axis": "y", "origin": [8, 11.26613, 8]},
			"faces": {
				"north": {"uv": [0, 0, 16, 16], "texture": "#15"},
				"south": {"uv": [0, 0, 16, 16], "texture": "#15"},
				"west": {"uv": [0, 0, 16, 16], "texture": "#15"},
				"up": {"uv": [0, 0, 16, 16], "texture": "#15"},
				"down": {"uv": [0, 0, 16, 16], "texture": "#15"}
			}
		},
		{
			"from": [23, 3, -8],
			"to": [24, 9.5, 24],
			"rotation": {"angle": 0, "axis": "y", "origin": [8, 11.26613, 8]},
			"faces": {
				"north": {"uv": [0, 0, 16, 16], "texture": "#15"},
				"east": {"uv": [0, 0, 16, 16], "texture": "#15"},
				"south": {"uv": [0, 0, 16, 16], "texture": "#15"},
				"west": {"uv": [0, 0, 16, 16], "texture": "#15"},
				"up": {"uv": [0, 0, 16, 16], "texture": "#15"}
			}
		},
		{
			"name": "grabpole",
			"from": [18, -4, -9],
			"to": [19, 23.5, -8],
			"rotation": {"angle": 0, "axis": "y", "origin": [8, 11.26613, 7.5]},
			"faces": {
				"north": {"uv": [0, 0, 1, 16], "texture": "#2"},
				"east": {"uv": [0, 0, 1, 16], "texture": "#2"},
				"south": {"uv": [0, 0, 1, 16], "texture": "#2"},
				"west": {"uv": [0, 0, 1, 16], "texture": "#2"}
			}
		},
		{
			"name": "grabpole",
			"from": [16, 21, -9],
			"to": [18, 22, -8],
			"rotation": {"angle": 0, "axis": "y", "origin": [2, 24.26613, 7.5]},
			"faces": {
				"north": {"uv": [0, 0, 1, 16], "texture": "#2"},
				"south": {"uv": [0, 0, 1, 16], "texture": "#2"},
				"up": {"uv": [0, 0, 1, 16], "texture": "#2"},
				"down": {"uv": [0, 0, 1, 16], "texture": "#2"}
			}
		},
		{
			"name": "grabpole",
			"from": [21.41001, 29.94287, -9],
			"to": [25.91001, 30.94287, -8],
			"rotation": {"angle": -45, "axis": "z", "origin": [7.41001, 33.209, 7.5]},
			"faces": {
				"north": {"uv": [0, 0, 1, 16], "texture": "#2"},
				"south": {"uv": [0, 0, 1, 16], "texture": "#2"},
				"up": {"uv": [0, 0, 1, 16], "texture": "#2"},
				"down": {"uv": [0, 0, 1, 16], "texture": "#2"}
			}
		},
		{
			"name": "grabpole",
			"from": [16, 21, 24],
			"to": [18, 22, 25],
			"rotation": {"angle": 0, "axis": "y", "origin": [2, 24.26613, 8.5]},
			"faces": {
				"north": {"uv": [1, 0, 0, 16], "texture": "#2"},
				"south": {"uv": [1, 0, 0, 16], "texture": "#2"},
				"up": {"uv": [0, 16, 1, 0], "texture": "#2"},
				"down": {"uv": [0, 16, 1, 0], "texture": "#2"}
			}
		},
		{
			"name": "grabpole",
			"from": [21.41001, 29.94287, 24],
			"to": [25.91001, 30.94287, 25],
			"rotation": {"angle": -45, "axis": "z", "origin": [7.41001, 33.209, 8.5]},
			"faces": {
				"north": {"uv": [1, 0, 0, 16], "texture": "#2"},
				"south": {"uv": [1, 0, 0, 16], "texture": "#2"},
				"up": {"uv": [0, 16, 1, 0], "texture": "#2"},
				"down": {"uv": [0, 16, 1, 0], "texture": "#2"}
			}
		},
		{
			"name": "grabpole",
			"from": [19, 2, -9],
			"to": [24, 3, -8],
			"rotation": {"angle": 0, "axis": "y", "origin": [8, 8.26613, 7.5]},
			"faces": {
				"north": {"uv": [0, 0, 1, 16], "texture": "#2"},
				"down": {"uv": [0, 0, 1, 16], "texture": "#2"}
			}
		},
		{
			"name": "grabpole",
			"from": [19, 2, 24],
			"to": [24, 3, 25],
			"rotation": {"angle": 0, "axis": "y", "origin": [8, 8.26613, 8.5]},
			"faces": {
				"south": {"uv": [0, 0, 1, 16], "texture": "#2"},
				"down": {"uv": [0, 0, 1, 16], "texture": "#2"}
			}
		},
		{
			"name": "grabpole",
			"from": [18, -4, 24],
			"to": [19, 23.5, 25],
			"rotation": {"angle": 0, "axis": "y", "origin": [8, 11.26613, 8.5]},
			"faces": {
				"north": {"uv": [0, 0, 1, 16], "texture": "#2"},
				"east": {"uv": [0, 0, 1, 16], "texture": "#2"},
				"south": {"uv": [0, 0, 1, 16], "texture": "#2"},
				"west": {"uv": [0, 0, 1, 16], "texture": "#2"}
			}
		},
		{
			"name": "grabpole",
			"from": [18, 1, -8],
			"to": [19, 2, 24],
			"rotation": {"angle": 0, "axis": "y", "origin": [8, 11.26613, 8]},
			"faces": {
				"east": {"uv": [0, 0, 1, 16], "texture": "#2"},
				"west": {"uv": [0, 0, 1, 16], "texture": "#2"},
				"down": {"uv": [0, 0, 1, 16], "texture": "#2"}
			}
		},
		{
			"name": "grabpole",
			"from": [-3, 1, -8],
			"to": [-2, 2, 11],
			"rotation": {"angle": 0, "axis": "y", "origin": [8, 11.26613, 8.5]},
			"faces": {
				"east": {"uv": [1, 0, 0, 16], "texture": "#2"},
				"west": {"uv": [1, 0, 0, 16], "texture": "#2"},
				"down": {"uv": [1, 0, 0, 16], "texture": "#2"}
			}
		},
		{
			"name": "grabpole",
			"from": [-2, 21, -9],
			"to": [0, 22, -8],
			"rotation": {"angle": 0, "axis": "y", "origin": [14, 24.26613, 7.5]},
			"faces": {
				"north": {"uv": [1, 0, 0, 16], "texture": "#2"},
				"south": {"uv": [1, 0, 0, 16], "texture": "#2"},
				"up": {"uv": [1, 0, 0, 16], "texture": "#2"},
				"down": {"uv": [1, 0, 0, 16], "texture": "#2"}
			}
		},
		{
			"name": "grabpole",
			"from": [-9.91001, 29.94287, -9],
			"to": [-5.41001, 30.94287, -8],
			"rotation": {"angle": 45, "axis": "z", "origin": [8.58999, 33.209, 7.5]},
			"faces": {
				"north": {"uv": [1, 0, 0, 16], "texture": "#2"},
				"south": {"uv": [1, 0, 0, 16], "texture": "#2"},
				"up": {"uv": [1, 0, 0, 16], "texture": "#2"},
				"down": {"uv": [1, 0, 0, 16], "texture": "#2"}
			}
		},
		{
			"name": "grabpole",
			"from": [-9.91001, 29.94287, 11],
			"to": [-5.41001, 30.94287, 12],
			"rotation": {"angle": 45, "axis": "z", "origin": [8.58999, 33.209, 27.5]},
			"faces": {
				"north": {"uv": [1, 0, 0, 16], "texture": "#2"},
				"south": {"uv": [1, 0, 0, 16], "texture": "#2"},
				"up": {"uv": [1, 0, 0, 16], "texture": "#2"},
				"down": {"uv": [1, 0, 0, 16], "texture": "#2"}
			}
		},
		{
			"name": "grabpole",
			"from": [0, 21, -15],
			"to": [1, 22, 31],
			"rotation": {"angle": 0, "axis": "y", "origin": [11, 12.26613, 8]},
			"faces": {
				"east": {"uv": [1, 0, 0, 16], "texture": "#2"},
				"west": {"uv": [1, 0, 0, 16], "texture": "#2"},
				"up": {"uv": [1, 0, 0, 16], "texture": "#2"},
				"down": {"uv": [1, 0, 0, 16], "texture": "#2"}
			}
		},
		{
			"name": "grabpole",
			"from": [15, 21, -15],
			"to": [16, 22, 31],
			"rotation": {"angle": 0, "axis": "y", "origin": [5, 12.26613, 8]},
			"faces": {
				"east": {"uv": [0, 0, 1, 16], "texture": "#2"},
				"west": {"uv": [0, 0, 1, 16], "texture": "#2"},
				"up": {"uv": [0, 0, 1, 16], "texture": "#2"},
				"down": {"uv": [0, 0, 1, 16], "texture": "#2"}
			}
		},
		{
			"name": "grabpole",
			"from": [-8, 2, -9],
			"to": [-3, 3, -8],
			"rotation": {"angle": 0, "axis": "y", "origin": [8, 8.26613, 7.5]},
			"faces": {
				"north": {"uv": [1, 0, 0, 16], "texture": "#2"},
				"down": {"uv": [1, 0, 0, 16], "texture": "#2"}
			}
		},
		{
			"name": "grabpole",
			"from": [-8, 2, 11],
			"to": [-3, 3, 12],
			"rotation": {"angle": 0, "axis": "y", "origin": [8, 8.26613, 8.5]},
			"faces": {
				"south": {"uv": [1, 0, 0, 16], "texture": "#2"},
				"down": {"uv": [1, 0, 0, 16], "texture": "#2"}
			}
		},
		{
			"name": "grabpole",
			"from": [-8, 3, 11.125],
			"to": [-3, 18, 11.875],
			"rotation": {"angle": 0, "axis": "y", "origin": [8, 9.26613, 8.5]},
			"faces": {
				"north": {"uv": [0, 0.5, 16, 15.5], "texture": "#24"},
				"south": {"uv": [0, 0.5, 16, 15.5], "texture": "#24"},
				"west": {"uv": [0, 0.5, 16, 15.5], "texture": "#24"},
				"up": {"uv": [0, 0.5, 16, 15.5], "texture": "#24"}
			}
		},
		{
			"name": "grabpole",
			"from": [-8, 3, -8.875],
			"to": [-3, 18, -8.125],
			"rotation": {"angle": 0, "axis": "y", "origin": [8, 9.26613, -11.5]},
			"faces": {
				"north": {"uv": [0, 0.5, 16, 15.5], "texture": "#24"},
				"south": {"uv": [0, 0.5, 16, 15.5], "texture": "#24"},
				"up": {"uv": [0, 0.5, 16, 15.5], "texture": "#24"}
			}
		},
		{
			"name": "grabpole",
			"from": [19, 3, -8.875],
			"to": [24, 18, -8.125],
			"rotation": {"angle": 0, "axis": "y", "origin": [35, 9.26613, -11.5]},
			"faces": {
				"north": {"uv": [0, 0.5, 16, 15.5], "texture": "#24"},
				"south": {"uv": [0, 0.5, 16, 15.5], "texture": "#24"},
				"up": {"uv": [0, 0.5, 16, 15.5], "texture": "#24"}
			}
		},
		{
			"name": "grabpole",
			"from": [19, 3, 24.125],
			"to": [24, 18, 24.875],
			"rotation": {"angle": 0, "axis": "y", "origin": [35, 9.26613, 21.5]},
			"faces": {
				"north": {"uv": [0, 0.5, 16, 15.5], "texture": "#24"},
				"south": {"uv": [0, 0.5, 16, 15.5], "texture": "#24"},
				"up": {"uv": [0, 0.5, 16, 15.5], "texture": "#24"}
			}
		},
		{
			"name": "grabpole",
			"from": [-2, 21, 11],
			"to": [0, 22, 12],
			"rotation": {"angle": 0, "axis": "y", "origin": [8, 27.26613, 8.5]},
			"faces": {
				"north": {"uv": [1, 0, 0, 16], "texture": "#2"},
				"south": {"uv": [1, 0, 0, 16], "texture": "#2"},
				"up": {"uv": [1, 0, 0, 16], "texture": "#2"},
				"down": {"uv": [1, 0, 0, 16], "texture": "#2"}
			}
		},
		{
			"name": "grabpole",
			"from": [-3, -4, 11],
			"to": [-2, 23.5, 12],
			"rotation": {"angle": 0, "axis": "y", "origin": [8, 11.26613, 8.5]},
			"faces": {
				"north": {"uv": [0, 0, 1, 16], "texture": "#2"},
				"east": {"uv": [0, 0, 1, 16], "texture": "#2"},
				"south": {"uv": [0, 0, 1, 16], "texture": "#2"},
				"west": {"uv": [0, 0, 1, 16], "texture": "#2"}
			}
		},
		{
			"name": "grabpole",
			"from": [-3, -4, -9],
			"to": [-2, 23.5, -8],
			"rotation": {"angle": 0, "axis": "y", "origin": [8, 11.26613, 7.5]},
			"faces": {
				"north": {"uv": [1, 0, 0, 16], "texture": "#2"},
				"east": {"uv": [1, 0, 0, 16], "texture": "#2"},
				"south": {"uv": [1, 0, 0, 16], "texture": "#2"},
				"west": {"uv": [1, 0, 0, 16], "texture": "#2"}
			}
		}
	],
	"display": {
		"head": {
			"translation": [0, 10, 0],
			"scale": [2, 2, 2]
		}
	},
	"groups": [
		0,
		1,
		2,
		3,
		4,
		5,
		6,
		7,
		8,
		9,
		10,
		11,
		12,
		13,
		14,
		15,
		16,
		17,
		18,
		19,
		20,
		21,
		22,
		23,
		24,
		25,
		26,
		27,
		28,
		29,
		30,
		31,
		32,
		33,
		34,
		35,
		36,
		37,
		38,
		39,
		40,
		41,
		42,
		43,
		44,
		45,
		46,
		47,
		48,
		49,
		50,
		51,
		52,
		53,
		54,
		55,
		56,
		57,
		58,
		59,
		60,
		61,
		62,
		63,
		64,
		65,
		66,
		67,
		68,
		69,
		70,
		71,
		72,
		{
			"name": "hexadecagon",
			"origin": [8, 8, 8],
			"color": 0,
			"children": [73, 74, 75]
		},
		{
			"name": "hexadecagon",
			"origin": [8, 8, 8],
			"color": 0,
			"children": [76, 77, 78]
		},
		{
			"name": "hexadecagon",
			"origin": [8, 8, 8],
			"color": 0,
			"children": [79, 80, 81]
		},
		{
			"name": "hexadecagon",
			"origin": [8, 8, 8],
			"color": 0,
			"children": [82, 83, 84]
		},
		85,
		86,
		87,
		88,
		{
			"name": "hexadecagon",
			"origin": [8, 8, 8],
			"color": 0,
			"children": [89, 90, 91]
		},
		{
			"name": "hexadecagon",
			"origin": [8, 8, 8],
			"color": 0,
			"children": [92, 93, 94]
		},
		95,
		96,
		97,
		98,
		{
			"name": "seat",
			"origin": [-8.5, 1, -3],
			"color": 0,
			"children": [99, 100]
		},
		101,
		102,
		103,
		104,
		105,
		106,
		107,
		108,
		109,
		110,
		111,
		112,
		113,
		114,
		115,
		116,
		117,
		118,
		119,
		120,
		121,
		122,
		123,
		124
	]
}