{
	"credit": "Made by Mike Shafter",
	"textures": {
		"2": "block/lime_concrete",
		"3": "block/white_concrete",
		"4": "block/light_gray_concrete",
		"6": "block/stripped_birch_log",
		"7": "block/orange_shulker_box",
		"8": "block/cobbled_deepslate",
		"11": "block/redstone_torch",
		"12": "block/yellow_shulker_box",
		"14": "block/ent_logo",
		"16": "block/yellow_wool",
		"28": "block/glass",
		"particle": "block/black_stained_glass"
	},
	"elements": [
		{
			"from": [-9, -5, 9],
			"to": [25, -4, 20],
			"rotation": {"angle": 0, "axis": "y", "origin": [0, -5, 13]},
			"faces": {
				"south": {"uv": [0, 0, 14, 1], "texture": "#6"},
				"up": {"uv": [0, 0, 16, 16], "texture": "#6"},
				"down": {"uv": [0, 0, 14, 16], "texture": "#4"}
			}
		},
		{
			"from": [24, -5, 9],
			"to": [25, -1, 11],
			"rotation": {"angle": 0, "axis": "z", "origin": [15, -5, 13]},
			"faces": {
				"east": {"uv": [0, 0, 2, 4], "texture": "#4"},
				"south": {"uv": [1, 0, 0, 4], "texture": "#6"},
				"west": {"uv": [0, 12, 2, 16], "texture": "#6"}
			}
		},
		{
			"from": [-9, -5, 9],
			"to": [-8, -1, 11],
			"rotation": {"angle": 0, "axis": "z", "origin": [1, -5, 13]},
			"faces": {
				"east": {"uv": [2, 12, 0, 16], "texture": "#6"},
				"south": {"uv": [0, 0, 1, 4], "texture": "#6"},
				"west": {"uv": [2, 0, 0, 4], "texture": "#4"}
			}
		},
		{
			"from": [-9, 19.75, -4],
			"to": [-8, 23.75, 20],
			"rotation": {"angle": 0, "axis": "z", "origin": [1, -2, 13]},
			"faces": {
				"north": {"uv": [3, 3, 4, 6.25], "texture": "#7"},
				"east": {"uv": [0, 0, 16, 4], "texture": "#6"},
				"south": {"uv": [0, 0, 1, 3.25], "texture": "#6"},
				"west": {"uv": [3, 3, 13, 13], "texture": "#7"},
				"up": {"uv": [0, 0, 1, 16], "texture": "#6"},
				"down": {"uv": [0, 0, 1, 16], "texture": "#4"}
			}
		},
		{
			"from": [-8, 23.5, -4],
			"to": [24, 24.5, 20],
			"rotation": {"angle": 0, "axis": "z", "origin": [8, 27.875, 2]},
			"faces": {
				"north": {"uv": [0, 0, 16, 16], "texture": "#4"},
				"east": {"uv": [0, 0, 16, 16], "texture": "#4"},
				"south": {"uv": [0, 0, 16, 16], "texture": "#4"},
				"west": {"uv": [0, 0, 16, 16], "texture": "#4"},
				"up": {"uv": [0, 0, 16, 16], "texture": "#4"},
				"down": {"uv": [0, 0, 16, 16], "texture": "#4"}
			}
		},
		{
			"from": [24, -1, 9],
			"to": [25, 4, 11],
			"rotation": {"angle": 0, "axis": "z", "origin": [15, -5, 13]},
			"faces": {
				"east": {"uv": [14, 5, 16, 11], "texture": "#7"},
				"south": {"uv": [1, 0, 2, 5.25], "texture": "#6"},
				"west": {"uv": [0, 5, 2, 11], "texture": "#6"}
			}
		},
		{
			"from": [-9, -1, 9],
			"to": [-8, 4, 11],
			"rotation": {"angle": 0, "axis": "z", "origin": [1, -5, 13]},
			"faces": {
				"east": {"uv": [2, 5, 0, 11], "texture": "#6"},
				"south": {"uv": [2, 0, 1, 5.25], "texture": "#6"},
				"west": {"uv": [2, 5, 0, 11], "texture": "#7"}
			}
		},
		{
			"from": [25.001, 14, -3],
			"to": [25.001, 30, 13],
			"rotation": {"angle": 0, "axis": "z", "origin": [15, -2, 14]},
			"faces": {
				"east": {"uv": [0, 0, 16, 16], "texture": "#14"}
			}
		},
		{
			"from": [-9.001, 14, -3],
			"to": [-9.001, 30, 13],
			"rotation": {"angle": 0, "axis": "z", "origin": [1, -2, 14]},
			"faces": {
				"west": {"uv": [0, 0, 16, 16], "texture": "#14"}
			}
		},
		{
			"from": [24, 19.75, -4],
			"to": [25, 23.75, 20],
			"rotation": {"angle": 0, "axis": "z", "origin": [15, -2, 13]},
			"faces": {
				"north": {"uv": [3, 3, 4, 6.25], "texture": "#7"},
				"east": {"uv": [3, 3, 13, 13], "texture": "#7"},
				"south": {"uv": [1, 0, 2, 3.25], "texture": "#6"},
				"west": {"uv": [0, 0, 16, 4], "texture": "#6"},
				"up": {"uv": [1, 0, 2, 16], "texture": "#6"},
				"down": {"uv": [1, 0, 2, 16], "texture": "#4"}
			}
		},
		{
			"from": [-9, 4, 9],
			"to": [-8, 19.75, 11],
			"rotation": {"angle": 0, "axis": "y", "origin": [0, -5, 13]},
			"faces": {
				"north": {"uv": [0, 0, 1, 12.75], "texture": "#6"},
				"east": {"uv": [0, 0, 2, 12.75], "texture": "#6"},
				"south": {"uv": [0, 0, 1, 12.75], "texture": "#6"},
				"west": {"uv": [0, 0, 2, 13], "texture": "#12"}
			}
		},
		{
			"from": [24, 4, 9],
			"to": [25, 19.75, 11],
			"rotation": {"angle": 0, "axis": "y", "origin": [0, -5, 13]},
			"faces": {
				"north": {"uv": [0, 0, 1, 12.75], "texture": "#6"},
				"east": {"uv": [0, 0, 2, 12.75], "texture": "#12"},
				"south": {"uv": [0, 0, 1, 12.75], "texture": "#6"},
				"west": {"uv": [0, 0, 2, 12.75], "texture": "#6"}
			}
		},
		{
			"from": [24, 8.75, -4],
			"to": [25, 19.75, -2],
			"rotation": {"angle": 0, "axis": "y", "origin": [8, 11.1147, 2]},
			"faces": {
				"north": {"uv": [0, 0, 1, 12.75], "texture": "#3"},
				"east": {"uv": [0, 0, 2, 12.75], "texture": "#3"},
				"south": {"uv": [0, 0, 1, 12.75], "texture": "#6"},
				"west": {"uv": [0, 0, 2, 12.75], "texture": "#6"}
			}
		},
		{
			"from": [-9, -6, -4],
			"to": [-7, -5, 20],
			"rotation": {"angle": 0, "axis": "z", "origin": [-7.93934, -5.35355, 8]},
			"faces": {
				"north": {"uv": [1, 0, 0, 4], "rotation": 270, "texture": "#4"},
				"east": {"uv": [0, 16, 1, 0], "rotation": 90, "texture": "#4"},
				"south": {"uv": [1, 0, 0, 4], "rotation": 90, "texture": "#6"},
				"west": {"uv": [0, 16, 1, 0], "rotation": 90, "texture": "#4"},
				"down": {"uv": [16, 0, 0, 4], "rotation": 90, "texture": "#4"}
			}
		},
		{
			"from": [23, -6, -4],
			"to": [25, -5, 20],
			"rotation": {"angle": 0, "axis": "z", "origin": [23.93934, -5.35355, 8]},
			"faces": {
				"north": {"uv": [0, 0, 1, 4], "rotation": 270, "texture": "#4"},
				"east": {"uv": [1, 16, 0, 0], "rotation": 90, "texture": "#4"},
				"south": {"uv": [0, 0, 1, 4], "rotation": 90, "texture": "#6"},
				"west": {"uv": [1, 16, 0, 0], "rotation": 90, "texture": "#4"},
				"down": {"uv": [0, 0, 16, 4], "rotation": 90, "texture": "#4"}
			}
		},
		{
			"from": [24, -1, -4],
			"to": [25, 4, 9],
			"rotation": {"angle": 0, "axis": "z", "origin": [8, 11.1147, 1]},
			"faces": {
				"north": {"uv": [3, 3, 4, 8.25], "texture": "#7"},
				"east": {"uv": [3, 3, 13, 13], "texture": "#7"},
				"west": {"uv": [0, 0, 16, 5.25], "texture": "#6"}
			}
		},
		{
			"from": [24, 4, -4],
			"to": [25, 8.75, 9],
			"rotation": {"angle": 0, "axis": "z", "origin": [8, 11.1147, 1]},
			"faces": {
				"north": {"uv": [0, 0, 1, 5.25], "texture": "#3"},
				"east": {"uv": [3, 3, 13, 13], "texture": "#3"},
				"up": {"uv": [1, 16, 0, 0], "texture": "#6"}
			}
		},
		{
			"from": [24.25, 8.75, -2],
			"to": [24.75, 19.75, 9],
			"rotation": {"angle": 0, "axis": "z", "origin": [8, 11.1147, 1]},
			"faces": {
				"east": {"uv": [0, 0, 16, 16], "texture": "#28"},
				"west": {"uv": [0, 0, 16, 16], "texture": "#28"},
				"up": {"uv": [0, 0, 0.5, 11], "texture": "#28"}
			}
		},
		{
			"from": [-8.75, 8.75, -2],
			"to": [-8.25, 19.75, 9],
			"rotation": {"angle": 0, "axis": "z", "origin": [8, 11.1147, 1]},
			"faces": {
				"east": {"uv": [0, 0, 16, 16], "texture": "#28"},
				"west": {"uv": [0, 0, 16, 16], "texture": "#28"},
				"up": {"uv": [0, 0, 0.5, 11], "texture": "#28"}
			}
		},
		{
			"from": [-8, 8, -3.75],
			"to": [2, 18, -3.25],
			"rotation": {"angle": 0, "axis": "z", "origin": [8, 9.1147, 2]},
			"faces": {
				"north": {"uv": [0, 0, 16, 16], "texture": "#28"},
				"south": {"uv": [0, 0, 16, 16], "texture": "#28"},
				"up": {"uv": [0, 0, 10, 0.5], "texture": "#28"}
			}
		},
		{
			"from": [14, 8, -3.75],
			"to": [24, 18, -3.25],
			"rotation": {"angle": 0, "axis": "z", "origin": [8, 9.1147, 2]},
			"faces": {
				"north": {"uv": [0, 0, 16, 16], "texture": "#28"},
				"south": {"uv": [0, 0, 16, 16], "texture": "#28"},
				"up": {"uv": [0, 0, 10, 0.5], "texture": "#28"}
			}
		},
		{
			"from": [24, -5, -4],
			"to": [25, -1, 9],
			"rotation": {"angle": 0, "axis": "z", "origin": [8, 11.1147, 1]},
			"faces": {
				"north": {"uv": [0, 0, 1, 4], "texture": "#4"},
				"east": {"uv": [0, 0, 16, 4], "texture": "#4"},
				"west": {"uv": [0, 0, 16, 4], "texture": "#6"}
			}
		},
		{
			"from": [-9, 8.75, -4],
			"to": [-8, 19.75, -2],
			"rotation": {"angle": 0, "axis": "y", "origin": [8, 11.1147, -6]},
			"faces": {
				"north": {"uv": [0, 0, 1, 12.75], "texture": "#3"},
				"east": {"uv": [2, 0, 0, 12.75], "texture": "#6"},
				"south": {"uv": [1, 0, 0, 15.75], "texture": "#6"},
				"west": {"uv": [2, 0, 0, 12.75], "texture": "#3"}
			}
		},
		{
			"from": [-8, -4, -4],
			"to": [2, 10, -3],
			"rotation": {"angle": 0, "axis": "y", "origin": [8, 11.1147, -6]},
			"faces": {
				"north": {"uv": [4, 3, 5, 13], "texture": "#12"},
				"south": {"uv": [10, 0, 0, 14.75], "texture": "#6"},
				"up": {"uv": [0, 2, 1, 0], "texture": "#6"}
			}
		},
		{
			"from": [-3.5, -0.5, -4.25],
			"to": [-2.5, 0.5, -3.25],
			"rotation": {"angle": 0, "axis": "y", "origin": [1.5, -13, -6]},
			"faces": {
				"north": {"uv": [7, 6, 9, 8], "texture": "#11"},
				"east": {"uv": [7, 6, 9, 8], "texture": "#11"},
				"west": {"uv": [7, 6, 9, 8], "texture": "#11"},
				"up": {"uv": [7, 6, 9, 8], "texture": "#11"},
				"down": {"uv": [7, 6, 9, 8], "texture": "#11"}
			}
		},
		{
			"from": [18.5, -0.5, -4.25],
			"to": [19.5, 0.5, -3.25],
			"rotation": {"angle": 0, "axis": "y", "origin": [14.5, -13, -6]},
			"faces": {
				"north": {"uv": [9, 6, 7, 8], "texture": "#11"},
				"east": {"uv": [9, 6, 7, 8], "texture": "#11"},
				"west": {"uv": [9, 6, 7, 8], "texture": "#11"},
				"up": {"uv": [9, 6, 7, 8], "texture": "#11"},
				"down": {"uv": [9, 6, 7, 8], "texture": "#11"}
			}
		},
		{
			"from": [-8, 20, -4],
			"to": [2, 23.5, -3],
			"rotation": {"angle": 0, "axis": "y", "origin": [8, 11.1147, -6]},
			"faces": {
				"north": {"uv": [3, 3, 13, 6.5], "texture": "#7"},
				"south": {"uv": [10, 0, 0, 7.5], "texture": "#6"},
				"down": {"uv": [0, 2, 1, 0], "texture": "#6"}
			}
		},
		{
			"from": [2, 22.5, -4],
			"to": [14, 23.5, -3],
			"rotation": {"angle": 0, "axis": "y", "origin": [8, 11.1147, -6]},
			"faces": {
				"north": {"uv": [3, 3, 4, 13], "texture": "#4"},
				"south": {"uv": [10, 0, 0, 7.5], "texture": "#6"},
				"down": {"uv": [0, 2, 1, 0], "texture": "#6"}
			}
		},
		{
			"from": [3, -4, -4],
			"to": [13, -3, -3],
			"rotation": {"angle": 0, "axis": "y", "origin": [8, 11.1147, -6]},
			"faces": {
				"north": {"uv": [1, 0, 0, 12.75], "texture": "#4"},
				"south": {"uv": [10, 0, 0, 7.5], "texture": "#6"},
				"up": {"uv": [0, 2, 1, 0], "texture": "#6"}
			}
		},
		{
			"from": [14, 20, -4],
			"to": [24, 23.5, -3],
			"rotation": {"angle": 0, "axis": "y", "origin": [8, 11.1147, -6]},
			"faces": {
				"north": {"uv": [3, 3, 4, 13], "texture": "#7"},
				"south": {"uv": [10, 0, 0, 7.5], "texture": "#6"},
				"down": {"uv": [0, 2, 1, 0], "texture": "#6"}
			}
		},
		{
			"from": [13, -4, -4],
			"to": [14, 22.5, -3],
			"rotation": {"angle": 0, "axis": "y", "origin": [8, 11.1147, -6]},
			"faces": {
				"north": {"uv": [0, 0, 1, 16], "texture": "#6"},
				"east": {"uv": [0, 0, 1, 16], "texture": "#6"},
				"south": {"uv": [0, 0, 1, 16], "texture": "#6"},
				"west": {"uv": [0, 0, 1, 16], "texture": "#6"}
			}
		},
		{
			"from": [2, -4, -4],
			"to": [3, 22.5, -3],
			"rotation": {"angle": 0, "axis": "y", "origin": [8, 11.1147, -6]},
			"faces": {
				"north": {"uv": [1, 0, 0, 12.75], "texture": "#4"},
				"east": {"uv": [2, 0, 0, 12.75], "texture": "#6"},
				"south": {"uv": [1, 0, 0, 16], "texture": "#6"},
				"west": {"uv": [2, 0, 0, 12.75], "texture": "#3"}
			}
		},
		{
			"from": [2.25, -4, -10],
			"to": [2.75, 23.5, -4],
			"rotation": {"angle": 0, "axis": "y", "origin": [8, 11.1147, -6]},
			"faces": {
				"north": {"uv": [0, 0, 0.5, 16], "texture": "#8"},
				"east": {"uv": [0, 0, 6, 16], "texture": "#8"},
				"west": {"uv": [0, 0, 6, 16], "texture": "#8"},
				"up": {"uv": [0, 0, 0.5, 6], "texture": "#8"},
				"down": {"uv": [0, 0, 0.5, 6], "texture": "#8"}
			}
		},
		{
			"from": [13.25, -4, -10],
			"to": [13.75, 23.5, -4],
			"rotation": {"angle": 0, "axis": "y", "origin": [8, 11.1147, -6]},
			"faces": {
				"north": {"uv": [0, 0, 0.5, 16], "texture": "#8"},
				"east": {"uv": [0, 0, 6, 16], "texture": "#8"},
				"west": {"uv": [0, 0, 6, 16], "texture": "#8"},
				"up": {"uv": [0, 0, 0.5, 6], "texture": "#8"},
				"down": {"uv": [0, 0, 0.5, 6], "texture": "#8"}
			}
		},
		{
			"from": [2.75, 23, -10],
			"to": [13.25, 23.5, -4],
			"rotation": {"angle": 0, "axis": "y", "origin": [8, 11.1147, -6]},
			"faces": {
				"north": {"uv": [0, 0, 10.5, 0.5], "texture": "#8"},
				"up": {"uv": [0, 0, 10.5, 6], "texture": "#8"},
				"down": {"uv": [0, 0, 10.5, 6], "texture": "#8"}
			}
		},
		{
			"from": [2.75, -4, -10],
			"to": [13.25, -3.5, -4],
			"rotation": {"angle": 0, "axis": "y", "origin": [8, 11.1147, -6]},
			"faces": {
				"north": {"uv": [0, 0, 10.5, 0.5], "texture": "#8"},
				"up": {"uv": [0, 0, 10.5, 6], "texture": "#8"},
				"down": {"uv": [0, 0, 10.5, 6], "texture": "#8"}
			}
		},
		{
			"from": [14, -4, -4],
			"to": [24, 10, -3],
			"rotation": {"angle": 0, "axis": "y", "origin": [8, 11.1147, -6]},
			"faces": {
				"north": {"uv": [4, 3, 5, 13], "texture": "#12"},
				"south": {"uv": [10, 0, 0, 14.75], "texture": "#6"},
				"up": {"uv": [0, 2, 1, 0], "texture": "#6"}
			}
		},
		{
			"from": [-9, -1, -4],
			"to": [-8, 4, 9],
			"rotation": {"angle": 0, "axis": "z", "origin": [8, 11.1147, -7]},
			"faces": {
				"north": {"uv": [3, 3, 4, 8.25], "texture": "#7"},
				"east": {"uv": [16, 0, 0, 5.25], "texture": "#6"},
				"west": {"uv": [13, 3, 3, 13], "texture": "#7"}
			}
		},
		{
			"from": [-9, 4, -4],
			"to": [-8, 8.75, 9],
			"rotation": {"angle": 0, "axis": "z", "origin": [8, 11.1147, -7]},
			"faces": {
				"north": {"uv": [0, 0, 1, 5.25], "texture": "#3"},
				"east": {"uv": [16, 0, 0, 5.25], "texture": "#6"},
				"west": {"uv": [13, 3, 3, 13], "texture": "#3"},
				"up": {"uv": [0, 16, 1, 0], "texture": "#6"}
			}
		},
		{
			"from": [-9, -5, -4],
			"to": [-8, -1, 9],
			"rotation": {"angle": 0, "axis": "z", "origin": [8, 11.1147, -7]},
			"faces": {
				"north": {"uv": [1, 0, 0, 4], "texture": "#4"},
				"east": {"uv": [16, 0, 0, 4], "texture": "#6"},
				"west": {"uv": [16, 0, 0, 4], "texture": "#4"}
			}
		},
		{
			"from": [-8, -5, -4],
			"to": [24, -4, 9],
			"rotation": {"angle": 0, "axis": "y", "origin": [8, 11.1147, -7]},
			"faces": {
				"north": {"uv": [14, 0, 0, 1], "texture": "#4"},
				"up": {"uv": [0, 16, 14, 0], "texture": "#6"},
				"down": {"uv": [0, 16, 14, 0], "texture": "#4"}
			}
		},
		{
			"name": "grabpole",
			"from": [7.5, 21, 10.5],
			"to": [8.5, 22, 20],
			"rotation": {"angle": 0, "axis": "y", "origin": [8, 19.5, 8]},
			"faces": {
				"east": {"uv": [0, 0, 1, 16], "texture": "#2"},
				"south": {"uv": [0, 0, 1, 16], "texture": "#2"},
				"west": {"uv": [0, 0, 1, 16], "texture": "#2"},
				"up": {"uv": [0, 0, 1, 16], "texture": "#2"},
				"down": {"uv": [0, 0, 1, 16], "texture": "#2"}
			}
		},
		{
			"name": "grabpole",
			"from": [-8.5, 21, 9.5],
			"to": [24.5, 22, 10.5],
			"rotation": {"angle": 0, "axis": "y", "origin": [8, 19.5, 8]},
			"faces": {
				"north": {"uv": [0, 0, 1, 16], "texture": "#2"},
				"south": {"uv": [0, 0, 1, 16], "texture": "#2"},
				"up": {"uv": [0, 0, 1, 16], "texture": "#2"},
				"down": {"uv": [0, 0, 1, 16], "texture": "#2"}
			}
		},
		{
			"from": [17, 2, -3],
			"to": [24, 3, 9.5],
			"rotation": {"angle": 0, "axis": "y", "origin": [13.25, -1.75, -5]},
			"faces": {
				"south": {"uv": [0, 0, 16, 16], "texture": "#16"},
				"west": {"uv": [0, 0, 14, 1], "texture": "#16"},
				"up": {"uv": [0, 0, 16, 16], "texture": "#16"},
				"down": {"uv": [0, 0, 16, 16], "texture": "#16"}
			}
		},
		{
			"from": [23, 3, -3],
			"to": [24, 9.5, 9.5],
			"rotation": {"angle": 0, "axis": "y", "origin": [13.25, -1.75, -5]},
			"faces": {
				"east": {"uv": [0, 0, 16, 16], "rotation": 90, "texture": "#16"},
				"south": {"uv": [0, 0, 16, 16], "rotation": 90, "texture": "#16"},
				"west": {"uv": [0, 0, 7, 14], "rotation": 90, "texture": "#16"},
				"up": {"uv": [0, 0, 16, 16], "rotation": 90, "texture": "#16"}
			}
		},
		{
			"name": "grabpole",
			"from": [19, 8, 9.5],
			"to": [24, 9, 10.5],
			"rotation": {"angle": 0, "axis": "y", "origin": [0, 0, 16]},
			"faces": {
				"north": {"uv": [0, 0, 1, 1], "texture": "#2"},
				"south": {"uv": [0, 0, 1, 1], "texture": "#2"},
				"up": {"uv": [0, 0, 1, 1], "texture": "#2"},
				"down": {"uv": [0, 0, 1, 1], "texture": "#2"}
			}
		},
		{
			"name": "grabpole",
			"from": [19, 5, 9.5],
			"to": [24, 6, 10.5],
			"rotation": {"angle": 0, "axis": "y", "origin": [0, 0, 16]},
			"faces": {
				"north": {"uv": [0, 0, 1, 1], "texture": "#2"},
				"south": {"uv": [0, 0, 1, 1], "texture": "#2"},
				"up": {"uv": [0, 0, 1, 1], "texture": "#2"},
				"down": {"uv": [0, 0, 1, 1], "texture": "#2"}
			}
		},
		{
			"name": "grabpole",
			"from": [18, -4, 9.5],
			"to": [19, 23.5, 10.5],
			"rotation": {"angle": 0, "axis": "y", "origin": [0, 0, 16]},
			"faces": {
				"north": {"uv": [0, 0, 1, 16], "texture": "#2"},
				"east": {"uv": [0, 0, 1, 16], "texture": "#2"},
				"south": {"uv": [0, 0, 1, 16], "texture": "#2"},
				"west": {"uv": [0, 0, 1, 16], "texture": "#2"}
			}
		},
		{
			"from": [-7.67797, 7.94154, -2.5],
			"to": [-6.67797, 9.14154, 10.5],
			"rotation": {"angle": 22.5, "axis": "z", "origin": [-7.62287, 7.58668, -16.23002]},
			"faces": {
				"north": {"uv": [0, 0, 16, 16], "rotation": 270, "texture": "#16"},
				"east": {"uv": [0, 0, 16, 16], "rotation": 270, "texture": "#16"},
				"south": {"uv": [0, 0, 16, 16], "rotation": 270, "texture": "#16"},
				"down": {"uv": [0, 0, 16, 16], "rotation": 270, "texture": "#16"}
			}
		},
		{
			"from": [-8.5675, 6.01082, -2.5],
			"to": [-8.0675, 7.01082, 10.5],
			"rotation": {"angle": 22.5, "axis": "z", "origin": [-7.62287, 7.58668, -16.23002]},
			"faces": {
				"north": {"uv": [0, 0, 16, 16], "texture": "#16"},
				"south": {"uv": [0, 0, 16, 16], "texture": "#16"},
				"west": {"uv": [0, 0, 16, 16], "texture": "#16"},
				"down": {"uv": [0, 0, 16, 16], "texture": "#16"}
			}
		},
		{
			"from": [-7.33712, 6.57284, -2.5],
			"to": [-6.33712, 7.07284, 10.5],
			"rotation": {"angle": -45, "axis": "z", "origin": [-7.62287, 7.58668, -16.23002]},
			"faces": {
				"north": {"uv": [0, 0, 16, 16], "texture": "#16"},
				"east": {"uv": [0, 0, 16, 16], "texture": "#16"},
				"south": {"uv": [0, 0, 16, 16], "texture": "#16"}
			}
		},
		{
			"from": [-7.63162, 6.61992, -2.5],
			"to": [-6.63162, 7.11992, 10.5],
			"rotation": {"angle": -22.5, "axis": "z", "origin": [-7.62287, 7.58668, -16.23002]},
			"faces": {
				"north": {"uv": [0, 0, 16, 16], "texture": "#16"},
				"east": {"uv": [0, 0, 16, 16], "texture": "#16"},
				"south": {"uv": [0, 0, 16, 16], "texture": "#16"},
				"up": {"uv": [0, 0, 16, 16], "texture": "#16"},
				"down": {"uv": [0, 0, 16, 16], "texture": "#16"}
			}
		},
		{
			"from": [-6.42527, 8.66159, -2.5],
			"to": [-5.92527, 9.46159, 10.5],
			"rotation": {"angle": 45, "axis": "z", "origin": [-7.50806, 7.30952, -16.23002]},
			"faces": {
				"north": {"uv": [0, 0, 16, 16], "rotation": 270, "texture": "#16"},
				"east": {"uv": [0, 0, 16, 16], "rotation": 270, "texture": "#16"},
				"south": {"uv": [0, 0, 16, 16], "rotation": 270, "texture": "#16"},
				"up": {"uv": [0, 0, 16, 16], "rotation": 270, "texture": "#16"}
			}
		},
		{
			"from": [-8.27522, 6.69316, -2.5],
			"to": [-7.77522, 9.59316, 10.5],
			"rotation": {"angle": 0, "axis": "y", "origin": [-7.77522, 10.14316, 1]},
			"faces": {
				"north": {"uv": [0, 0, 16, 16], "texture": "#16"},
				"south": {"uv": [0, 0, 16, 16], "texture": "#16"}
			}
		},
		{
			"from": [-7.8857, 6.77612, -2.5],
			"to": [-6.8857, 8.27612, 10.5],
			"rotation": {"angle": 0, "axis": "y", "origin": [-7.62287, 7.58668, -16.23002]},
			"faces": {
				"north": {"uv": [0, 0, 16, 16], "rotation": 270, "texture": "#16"},
				"east": {"uv": [0, 0, 16, 16], "rotation": 270, "texture": "#16"},
				"south": {"uv": [0, 0, 16, 16], "rotation": 270, "texture": "#16"}
			}
		},
		{
			"name": "gapfiller",
			"from": [25, -5, 10],
			"to": [26, -4, 20],
			"rotation": {"angle": 0, "axis": "y", "origin": [8, 11.26613, 8]},
			"faces": {
				"north": {"uv": [0, 0, 16, 16], "texture": "#8"},
				"east": {"uv": [0, 0, 16, 16], "texture": "#8"},
				"south": {"uv": [0, 0, 16, 16], "texture": "#8"},
				"up": {"uv": [0, 0, 16, 16], "texture": "#8"},
				"down": {"uv": [0, 0, 16, 16], "texture": "#8"}
			}
		},
		{
			"name": "gapfiller",
			"from": [-10, -5, 10],
			"to": [-9, -4, 20],
			"rotation": {"angle": 0, "axis": "y", "origin": [8, 11.26613, 8]},
			"faces": {
				"north": {"uv": [0, 0, 16, 16], "texture": "#8"},
				"south": {"uv": [0, 0, 16, 16], "texture": "#8"},
				"west": {"uv": [0, 0, 16, 16], "texture": "#8"},
				"up": {"uv": [0, 0, 16, 16], "texture": "#8"},
				"down": {"uv": [0, 0, 16, 16], "texture": "#8"}
			}
		},
		{
			"name": "hexadecagon",
			"from": [-5.68494, 24.36613, -3.99],
			"to": [-3.43494, 27.36613, 20],
			"rotation": {"angle": 45, "axis": "z", "origin": [-5.28712, 23.86613, 8]},
			"faces": {
				"north": {"uv": [3, 4, 4, 3], "texture": "#4"},
				"east": {"uv": [3, 4, 4, 3], "texture": "#4"},
				"south": {"uv": [3, 4, 4, 3], "texture": "#4"},
				"west": {"uv": [3, 4, 4, 3], "texture": "#4"},
				"up": {"uv": [3, 4, 4, 3], "texture": "#4"},
				"down": {"uv": [3, 4, 4, 3], "texture": "#4"}
			}
		},
		{
			"name": "hexadecagon",
			"from": [-6.29124, 23.59099, -3.99],
			"to": [-4.29124, 27.84099, 20],
			"rotation": {"angle": 22.5, "axis": "z", "origin": [-5.89342, 27.34099, 8]},
			"faces": {
				"north": {"uv": [3, 4, 4, 3], "texture": "#4"},
				"east": {"uv": [3, 4, 4, 3], "texture": "#4"},
				"south": {"uv": [3, 4, 4, 3], "texture": "#4"},
				"west": {"uv": [3, 4, 4, 3], "texture": "#4"},
				"up": {"uv": [3, 4, 4, 3], "texture": "#4"}
			}
		},
		{
			"from": [-8.4162, 23.43496, -3.99],
			"to": [-6.4162, 25.93496, 20],
			"rotation": {"angle": -22.5, "axis": "z", "origin": [-7.9162, 25.05996, 8]},
			"faces": {
				"north": {"uv": [0, 0, 1, 16], "texture": "#4"},
				"east": {"uv": [0, 0, 1, 16], "texture": "#4"},
				"south": {"uv": [0, 0, 1, 16], "texture": "#4"},
				"west": {"uv": [0, 0, 1, 16], "texture": "#4"},
				"down": {"uv": [0, 0, 1, 16], "texture": "#4"}
			}
		},
		{
			"name": "hexadecagon",
			"from": [19.43494, 24.36613, -3.99],
			"to": [21.68494, 27.36613, 20],
			"rotation": {"angle": -45, "axis": "z", "origin": [21.28712, 23.86613, 8]},
			"faces": {
				"north": {"uv": [4, 4, 3, 3], "texture": "#4"},
				"east": {"uv": [4, 4, 3, 3], "texture": "#4"},
				"south": {"uv": [4, 4, 3, 3], "texture": "#4"},
				"west": {"uv": [4, 4, 3, 3], "texture": "#4"},
				"up": {"uv": [4, 4, 3, 3], "texture": "#4"},
				"down": {"uv": [4, 4, 3, 3], "texture": "#4"}
			}
		},
		{
			"name": "hexadecagon",
			"from": [20.29124, 23.59099, -3.99],
			"to": [22.29124, 27.84099, 20],
			"rotation": {"angle": -22.5, "axis": "z", "origin": [21.89342, 27.34099, 8]},
			"faces": {
				"north": {"uv": [4, 4, 3, 3], "texture": "#4"},
				"east": {"uv": [4, 4, 3, 3], "texture": "#4"},
				"south": {"uv": [4, 4, 3, 3], "texture": "#4"},
				"west": {"uv": [4, 4, 3, 3], "texture": "#4"},
				"up": {"uv": [4, 4, 3, 3], "texture": "#4"}
			}
		},
		{
			"from": [22.4162, 23.43496, -3.99],
			"to": [24.4162, 25.93496, 20],
			"rotation": {"angle": 22.5, "axis": "z", "origin": [23.9162, 25.05996, 8]},
			"faces": {
				"north": {"uv": [1, 0, 0, 16], "texture": "#4"},
				"east": {"uv": [1, 0, 0, 16], "texture": "#4"},
				"south": {"uv": [1, 0, 0, 16], "texture": "#4"},
				"west": {"uv": [1, 0, 0, 16], "texture": "#4"},
				"down": {"uv": [1, 0, 0, 16], "texture": "#4"}
			}
		},
		{
			"name": "hexadecagon",
			"from": [-8.975, 18.28968, 10.8125],
			"to": [-8.025, 19.08532, 11.0625],
			"rotation": {"angle": 22.5, "axis": "x", "origin": [-8.5, 18.6875, 12.0625]},
			"faces": {
				"east": {"uv": [0, 0, 1, 1], "texture": "#6"},
				"south": {"uv": [0, 0, 1, 1], "texture": "#6"},
				"west": {"uv": [0, 0, 1, 1], "texture": "#3"}
			}
		},
		{
			"name": "hexadecagon",
			"from": [-8.975, 18.28968, 10.5625],
			"to": [-8.025, 19.08532, 11.0625],
			"rotation": {"angle": 45, "axis": "x", "origin": [-8.5, 18.6875, 12.0625]},
			"faces": {
				"north": {"uv": [0, 0, 1, 1], "texture": "#6"},
				"east": {"uv": [0, 0, 1, 1], "texture": "#6"},
				"south": {"uv": [0, 0, 1, 1], "texture": "#6"},
				"west": {"uv": [0, 0, 1, 1], "texture": "#3"}
			}
		},
		{
			"name": "hexadecagon",
			"from": [-8.975, 19.6875, 11.66468],
			"to": [-8.025, 19.9375, 12.46032],
			"rotation": {"angle": -22.5, "axis": "x", "origin": [-8.5, 18.6875, 12.0625]},
			"faces": {
				"east": {"uv": [0, 0, 1, 1], "texture": "#6"},
				"west": {"uv": [0, 0, 1, 1], "texture": "#3"},
				"down": {"uv": [0, 0, 1, 1], "texture": "#6"}
			}
		},
		{
			"name": "hexadecagon",
			"from": [24.025, 18.28968, 10.8125],
			"to": [24.975, 19.08532, 11.0625],
			"rotation": {"angle": 22.5, "axis": "x", "origin": [24.5, 18.6875, 12.0625]},
			"faces": {
				"east": {"uv": [1, 0, 0, 1], "texture": "#3"},
				"south": {"uv": [1, 0, 0, 1], "texture": "#6"},
				"west": {"uv": [1, 0, 0, 1], "texture": "#6"}
			}
		},
		{
			"name": "hexadecagon",
			"from": [24.025, 18.28968, 10.5625],
			"to": [24.975, 19.08532, 11.0625],
			"rotation": {"angle": 45, "axis": "x", "origin": [24.5, 18.6875, 12.0625]},
			"faces": {
				"north": {"uv": [1, 0, 0, 1], "texture": "#6"},
				"east": {"uv": [1, 0, 0, 1], "texture": "#3"},
				"south": {"uv": [1, 0, 0, 1], "texture": "#6"},
				"west": {"uv": [1, 0, 0, 1], "texture": "#6"}
			}
		},
		{
			"name": "hexadecagon",
			"from": [24.025, 19.6875, 11.66468],
			"to": [24.975, 19.9375, 12.46032],
			"rotation": {"angle": -22.5, "axis": "x", "origin": [24.5, 18.6875, 12.0625]},
			"faces": {
				"east": {"uv": [1, 0, 0, 1], "texture": "#3"},
				"west": {"uv": [1, 0, 0, 1], "texture": "#6"},
				"down": {"uv": [1, 0, 0, 1], "texture": "#6"}
			}
		},
		{
			"name": "grabpole",
			"from": [-8.25, 19.25, 4.5],
			"to": [-7, 19.75, 5],
			"rotation": {"angle": 0, "axis": "y", "origin": [12, 12, 11]},
			"faces": {
				"north": {"uv": [1, 0, 0, 1], "texture": "#2"},
				"east": {"uv": [1, 0, 0, 1], "texture": "#2"},
				"south": {"uv": [1, 0, 0, 1], "texture": "#2"},
				"west": {"uv": [1, 0, 0, 1], "texture": "#2"},
				"up": {"uv": [1, 0, 0, 1], "texture": "#2"},
				"down": {"uv": [1, 0, 0, 1], "texture": "#2"}
			}
		},
		{
			"name": "grabpole",
			"from": [-8.25, 19.25, 2],
			"to": [-7, 19.75, 2.5],
			"rotation": {"angle": 0, "axis": "y", "origin": [12, 12, 8.5]},
			"faces": {
				"north": {"uv": [1, 0, 0, 1], "texture": "#2"},
				"east": {"uv": [1, 0, 0, 1], "texture": "#2"},
				"south": {"uv": [1, 0, 0, 1], "texture": "#2"},
				"west": {"uv": [1, 0, 0, 1], "texture": "#2"},
				"up": {"uv": [1, 0, 0, 1], "texture": "#2"},
				"down": {"uv": [1, 0, 0, 1], "texture": "#2"}
			}
		},
		{
			"name": "grabpole",
			"from": [-7.5, 19.25, 2.5],
			"to": [-7, 19.75, 4.5],
			"rotation": {"angle": 0, "axis": "y", "origin": [12, 12, 9]},
			"faces": {
				"north": {"uv": [1, 0, 0, 1], "texture": "#2"},
				"east": {"uv": [1, 0, 0, 1], "texture": "#2"},
				"south": {"uv": [1, 0, 0, 1], "texture": "#2"},
				"west": {"uv": [1, 0, 0, 1], "texture": "#2"},
				"up": {"uv": [1, 0, 0, 1], "texture": "#2"},
				"down": {"uv": [1, 0, 0, 1], "texture": "#2"}
			}
		},
		{
			"name": "grabpole",
			"from": [23, 19.25, 4.5],
			"to": [24.25, 19.75, 5],
			"rotation": {"angle": 0, "axis": "y", "origin": [4, 12, 11]},
			"faces": {
				"north": {"uv": [0, 0, 1, 1], "texture": "#2"},
				"east": {"uv": [0, 0, 1, 1], "texture": "#2"},
				"south": {"uv": [0, 0, 1, 1], "texture": "#2"},
				"west": {"uv": [0, 0, 1, 1], "texture": "#2"},
				"up": {"uv": [0, 0, 1, 1], "texture": "#2"},
				"down": {"uv": [0, 0, 1, 1], "texture": "#2"}
			}
		},
		{
			"name": "grabpole",
			"from": [23, 19.25, 2],
			"to": [24.25, 19.75, 2.5],
			"rotation": {"angle": 0, "axis": "y", "origin": [4, 12, 8.5]},
			"faces": {
				"north": {"uv": [0, 0, 1, 1], "texture": "#2"},
				"east": {"uv": [0, 0, 1, 1], "texture": "#2"},
				"south": {"uv": [0, 0, 1, 1], "texture": "#2"},
				"west": {"uv": [0, 0, 1, 1], "texture": "#2"},
				"up": {"uv": [0, 0, 1, 1], "texture": "#2"},
				"down": {"uv": [0, 0, 1, 1], "texture": "#2"}
			}
		},
		{
			"name": "grabpole",
			"from": [23, 19.25, 2.5],
			"to": [23.5, 19.75, 4.5],
			"rotation": {"angle": 0, "axis": "y", "origin": [4, 12, 9]},
			"faces": {
				"north": {"uv": [0, 0, 1, 1], "texture": "#2"},
				"east": {"uv": [0, 0, 1, 1], "texture": "#2"},
				"south": {"uv": [0, 0, 1, 1], "texture": "#2"},
				"west": {"uv": [0, 0, 1, 1], "texture": "#2"},
				"up": {"uv": [0, 0, 1, 1], "texture": "#2"},
				"down": {"uv": [0, 0, 1, 1], "texture": "#2"}
			}
		}
	],
	"display": {
		"head": {
			"translation": [0, 10, 10],
			"scale": [2, 2, 2]
		}
	},
	"groups": [
		0,
		1,
		2,
		3,
		4,
		5,
		6,
		7,
		8,
		9,
		10,
		11,
		12,
		13,
		14,
		15,
		16,
		17,
		18,
		19,
		20,
		21,
		22,
		23,
		24,
		25,
		26,
		27,
		28,
		29,
		30,
		31,
		32,
		33,
		34,
		35,
		36,
		37,
		38,
		39,
		40,
		41,
		42,
		{
			"name": "seat",
			"origin": [-8.5, 1, -3],
			"color": 0,
			"children": [43, 44]
		},
		45,
		46,
		47,
		{
			"name": "leaner",
			"origin": [16.12287, 11.58668, -9.73002],
			"color": 0,
			"children": []
		},
		{
			"name": "leaner",
			"origin": [16.12287, 11.58668, -9.73002],
			"color": 0,
			"children": [48, 49, 50, 51, 52, 53, 54]
		},
		55,
		56,
		{
			"name": "hexadecagon",
			"origin": [8, 8, 8],
			"color": 0,
			"children": [57, 58, 59]
		},
		{
			"name": "hexadecagon",
			"origin": [8, 8, 8],
			"color": 0,
			"children": [60, 61, 62]
		},
		{
			"name": "hexadecagon",
			"origin": [8, 8, 8],
			"color": 0,
			"children": [63, 64, 65]
		},
		{
			"name": "hexadecagon",
			"origin": [8, 8, 8],
			"color": 0,
			"children": [66, 67, 68]
		},
		69,
		70,
		71,
		72,
		73,
		74
	]
}