{
	"credit": "Made by Mike Shafter",
	"textures": {
		"3": "block/white_concrete",
		"4": "block/light_gray_concrete",
		"6": "block/stripped_birch_log",
		"7": "block/pink_shulker_box",
		"8": "block/cobbled_deepslate",
		"12": "block/light_blue_shulker_box",
		"14": "block/ent_logo",
		"16": "block/yellow_wool",
		"20": "block/cauldron_side",
		"28": "block/glass",
		"particle": "block/black_stained_glass"
	},
	"elements": [
		{
			"from": [-9, -6, 12],
			"to": [25, -4, 27],
			"rotation": {"angle": 0, "axis": "y", "origin": [0, -5, 15]},
			"faces": {
				"east": {"uv": [0, 0, 16, 1], "texture": "#4"},
				"south": {"uv": [0, 0, 14, 1], "texture": "#6"},
				"west": {"uv": [0, 0, 16, 1], "texture": "#4"},
				"up": {"uv": [0, 0, 16, 16], "texture": "#6"},
				"down": {"uv": [0, 0, 14, 16], "texture": "#4"}
			}
		},
		{
			"from": [24, -5, 12],
			"to": [25, -1, 14],
			"rotation": {"angle": 0, "axis": "z", "origin": [15, -5, 15]},
			"faces": {
				"east": {"uv": [0, 0, 2, 4], "texture": "#4"},
				"south": {"uv": [1, 0, 0, 4], "texture": "#6"},
				"west": {"uv": [0, 12, 2, 16], "texture": "#6"}
			}
		},
		{
			"from": [-9, -5, 12],
			"to": [-8, -1, 14],
			"rotation": {"angle": 0, "axis": "z", "origin": [1, -5, 15]},
			"faces": {
				"east": {"uv": [2, 12, 0, 16], "texture": "#6"},
				"south": {"uv": [0, 0, 1, 4], "texture": "#6"},
				"west": {"uv": [2, 0, 0, 4], "texture": "#4"}
			}
		},
		{
			"from": [-9, 19.75, -5],
			"to": [-8, 23.75, 14],
			"rotation": {"angle": 0, "axis": "z", "origin": [1, -2, 15]},
			"faces": {
				"north": {"uv": [0, 0, 1, 3.25], "texture": "#4"},
				"east": {"uv": [0, 0, 16, 4], "texture": "#6"},
				"south": {"uv": [0, 0, 1, 3.25], "texture": "#6"},
				"west": {"uv": [3, 3, 13, 13], "texture": "#7"},
				"down": {"uv": [0, 0, 1, 16], "texture": "#4"}
			}
		},
		{
			"from": [-9, 20.75, 14],
			"to": [-8, 23.75, 27],
			"rotation": {"angle": 0, "axis": "z", "origin": [1, -2, 15]},
			"faces": {
				"east": {"uv": [0, 0, 16, 4], "texture": "#6"},
				"south": {"uv": [0, 0, 1, 3.25], "texture": "#6"},
				"west": {"uv": [3, 3, 13, 10.5], "texture": "#7"},
				"down": {"uv": [0, 0, 1, 16], "texture": "#4"}
			}
		},
		{
			"from": [-9, 19.75, 14],
			"to": [-8, 20.25, 27],
			"rotation": {"angle": 0, "axis": "z", "origin": [1, -2, 15]},
			"faces": {
				"east": {"uv": [0, 0, 16, 0.5], "texture": "#12"},
				"south": {"uv": [0, 0, 1, 3.25], "texture": "#6"},
				"west": {"uv": [3, 11.75, 13, 13], "texture": "#7"},
				"up": {"uv": [0, 0, 1, 16], "texture": "#6"},
				"down": {"uv": [0, 0, 1, 16], "texture": "#4"}
			}
		},
		{
			"from": [-8.5, 20.25, 14],
			"to": [-8, 20.75, 27],
			"rotation": {"angle": 0, "axis": "z", "origin": [1, -2, 15]},
			"faces": {
				"east": {"uv": [0, 0, 16, 0.5], "texture": "#12"},
				"south": {"uv": [0, 0, 1, 3.25], "texture": "#6"},
				"west": {"uv": [3, 10.5, 13, 11.75], "texture": "#7"}
			}
		},
		{
			"from": [24, 19.75, 14],
			"to": [25, 20.25, 27],
			"rotation": {"angle": 0, "axis": "z", "origin": [15, -2, 15]},
			"faces": {
				"east": {"uv": [13, 11.75, 3, 13], "texture": "#7"},
				"south": {"uv": [1, 0, 0, 3.25], "texture": "#6"},
				"west": {"uv": [16, 0, 0, 0.5], "texture": "#12"},
				"up": {"uv": [1, 0, 0, 16], "texture": "#6"},
				"down": {"uv": [1, 0, 0, 16], "texture": "#4"}
			}
		},
		{
			"from": [24, 20.25, 14],
			"to": [24.5, 20.75, 27],
			"rotation": {"angle": 0, "axis": "z", "origin": [15, -2, 15]},
			"faces": {
				"east": {"uv": [13, 10.5, 3, 11.75], "texture": "#7"},
				"south": {"uv": [1, 0, 0, 3.25], "texture": "#6"},
				"west": {"uv": [16, 0, 0, 0.5], "texture": "#12"}
			}
		},
		{
			"from": [24, 20.75, 14],
			"to": [25, 23.75, 27],
			"rotation": {"angle": 0, "axis": "z", "origin": [15, -2, 15]},
			"faces": {
				"east": {"uv": [13, 3, 3, 10.5], "texture": "#7"},
				"south": {"uv": [1, 0, 0, 3.25], "texture": "#6"},
				"west": {"uv": [16, 0, 0, 4], "texture": "#6"},
				"down": {"uv": [1, 0, 0, 16], "texture": "#4"}
			}
		},
		{
			"from": [-8, 23.5, -2],
			"to": [24, 24.5, 27],
			"rotation": {"angle": 0, "axis": "z", "origin": [8, 27.875, 4]},
			"faces": {
				"south": {"uv": [0, 0, 16, 16], "texture": "#4"},
				"up": {"uv": [0, 0, 16, 16], "texture": "#4"},
				"down": {"uv": [0, 0, 16, 16], "texture": "#4"}
			}
		},
		{
			"from": [24, -1, 12],
			"to": [25, 4, 14],
			"rotation": {"angle": 0, "axis": "z", "origin": [15, -5, 15]},
			"faces": {
				"east": {"uv": [14, 5, 16, 11], "texture": "#12"},
				"south": {"uv": [1, 0, 2, 5.25], "texture": "#6"},
				"west": {"uv": [0, 5, 2, 11], "texture": "#6"}
			}
		},
		{
			"from": [-9, -1, 12],
			"to": [-8, 4, 14],
			"rotation": {"angle": 0, "axis": "z", "origin": [1, -5, 15]},
			"faces": {
				"east": {"uv": [2, 5, 0, 11], "texture": "#6"},
				"south": {"uv": [2, 0, 1, 5.25], "texture": "#6"},
				"west": {"uv": [2, 5, 0, 11], "texture": "#12"}
			}
		},
		{
			"from": [25.001, 14, -2],
			"to": [25.001, 30, 14],
			"rotation": {"angle": 0, "axis": "z", "origin": [15, -2, 15]},
			"faces": {
				"east": {"uv": [0, 0, 16, 16], "texture": "#14"}
			}
		},
		{
			"from": [-9.001, 14, -2],
			"to": [-9.001, 30, 14],
			"rotation": {"angle": 0, "axis": "z", "origin": [1, -2, 15]},
			"faces": {
				"west": {"uv": [0, 0, 16, 16], "texture": "#14"}
			}
		},
		{
			"from": [24, 19.75, -5],
			"to": [25, 23.75, 14],
			"rotation": {"angle": 0, "axis": "z", "origin": [15, -2, 15]},
			"faces": {
				"north": {"uv": [1, 0, 2, 3.25], "texture": "#4"},
				"east": {"uv": [3, 3, 13, 13], "texture": "#7"},
				"south": {"uv": [1, 0, 2, 3.25], "texture": "#6"},
				"west": {"uv": [0, 0, 16, 4], "texture": "#6"},
				"down": {"uv": [1, 0, 2, 16], "texture": "#4"}
			}
		},
		{
			"from": [-9, 4, 12],
			"to": [-8, 19.75, 14],
			"rotation": {"angle": 0, "axis": "y", "origin": [0, -5, 15]},
			"faces": {
				"north": {"uv": [0, 0, 1, 12.75], "texture": "#6"},
				"east": {"uv": [0, 0, 2, 12.75], "texture": "#6"},
				"south": {"uv": [0, 0, 1, 12.75], "texture": "#6"},
				"west": {"uv": [0, 0, 2, 12.75], "texture": "#3"}
			}
		},
		{
			"from": [24, 4, 12],
			"to": [25, 19.75, 14],
			"rotation": {"angle": 0, "axis": "y", "origin": [0, -5, 15]},
			"faces": {
				"north": {"uv": [0, 0, 1, 12.75], "texture": "#6"},
				"east": {"uv": [0, 0, 2, 12.75], "texture": "#3"},
				"south": {"uv": [0, 0, 1, 12.75], "texture": "#6"},
				"west": {"uv": [0, 0, 2, 12.75], "texture": "#6"}
			}
		},
		{
			"from": [24, 7, -5],
			"to": [25, 19.75, -1],
			"rotation": {"angle": 0, "axis": "y", "origin": [8, 11.1147, 3]},
			"faces": {
				"north": {"uv": [0, 0, 1, 12.75], "texture": "#4"},
				"east": {"uv": [0, 0, 2, 12.75], "texture": "#3"},
				"south": {"uv": [0, 0, 1, 12.75], "texture": "#6"},
				"west": {"uv": [0, 0, 2, 12.75], "texture": "#6"}
			}
		},
		{
			"name": "hexadecagon",
			"from": [-9, -6, -5],
			"to": [-8, -3.61306, 27],
			"rotation": {"angle": 22.5, "axis": "z", "origin": [-3, -4.80652, 28]},
			"faces": {
				"north": {"uv": [0, 0, 1, 2.38694], "texture": "#4"},
				"east": {"uv": [0, 0, 16, 2.38694], "texture": "#4"},
				"south": {"uv": [0, 0, 1, 2.38694], "texture": "#4"},
				"west": {"uv": [0, 0, 16, 2.38694], "texture": "#4"},
				"up": {"uv": [0, 0, 1, 16], "texture": "#4"}
			}
		},
		{
			"name": "hexadecagon",
			"from": [-4.19348, -10.80652, -5],
			"to": [-1.80652, -9.80652, 27],
			"rotation": {"angle": -22.5, "axis": "z", "origin": [-3, -4.80652, 29.5]},
			"faces": {
				"north": {"uv": [0, 0, 2.38696, 1], "texture": "#4"},
				"east": {"uv": [0, 0, 16, 1], "texture": "#4"},
				"south": {"uv": [0, 0, 2.38696, 1], "texture": "#4"},
				"up": {"uv": [0, 0, 2.38696, 16], "texture": "#4"},
				"down": {"uv": [0, 0, 2.38696, 16], "texture": "#4"}
			}
		},
		{
			"from": [24, -1, -5],
			"to": [25, 4, 12],
			"rotation": {"angle": 0, "axis": "z", "origin": [8, 11.1147, 3]},
			"faces": {
				"north": {"uv": [0, 0, 1, 5.25], "texture": "#4"},
				"east": {"uv": [3, 3, 13, 13], "texture": "#12"},
				"west": {"uv": [0, 0, 16, 5.25], "texture": "#6"}
			}
		},
		{
			"from": [24, 4, -5],
			"to": [25, 7, 12],
			"rotation": {"angle": 0, "axis": "z", "origin": [8, 11.1147, 3]},
			"faces": {
				"north": {"uv": [0, 0, 1, 5.25], "texture": "#4"},
				"east": {"uv": [3, 3, 13, 13], "texture": "#3"},
				"up": {"uv": [1, 16, 0, 0], "texture": "#6"}
			}
		},
		{
			"from": [24.25, 7, -1],
			"to": [24.75, 19.75, 12],
			"rotation": {"angle": 0, "axis": "z", "origin": [8, 11.1147, 3]},
			"faces": {
				"east": {"uv": [0, 0, 16, 16], "texture": "#28"},
				"west": {"uv": [0, 0, 16, 16], "texture": "#28"}
			}
		},
		{
			"from": [-8.75, 7, -1],
			"to": [-8.25, 19.75, 12],
			"rotation": {"angle": 0, "axis": "z", "origin": [8, 11.1147, 3]},
			"faces": {
				"east": {"uv": [0, 0, 16, 16], "texture": "#28"},
				"west": {"uv": [0, 0, 16, 16], "texture": "#28"}
			}
		},
		{
			"from": [24, -6, -5],
			"to": [25, -1, 12],
			"rotation": {"angle": 0, "axis": "z", "origin": [8, 11.1147, 3]},
			"faces": {
				"north": {"uv": [0, 0, 1, 4], "texture": "#4"},
				"east": {"uv": [0, 0, 16, 4], "texture": "#4"},
				"west": {"uv": [0, 0, 16, 4], "texture": "#6"}
			}
		},
		{
			"from": [-9, 7, -5],
			"to": [-8, 19.75, -1],
			"rotation": {"angle": 0, "axis": "y", "origin": [8, 11.1147, -5]},
			"faces": {
				"north": {"uv": [1, 0, 0, 12.75], "texture": "#4"},
				"east": {"uv": [2, 0, 0, 12.75], "texture": "#6"},
				"south": {"uv": [1, 0, 0, 15.75], "texture": "#6"},
				"west": {"uv": [2, 0, 0, 12.75], "texture": "#3"}
			}
		},
		{
			"from": [-8, -4, -5],
			"to": [-1.5, 24.5, -2],
			"rotation": {"angle": 0, "axis": "y", "origin": [8, 11.1147, -5]},
			"faces": {
				"north": {"uv": [5, 3, 4, 13], "texture": "#4"},
				"east": {"uv": [0, 0, 3, 16], "texture": "#6"},
				"south": {"uv": [0, 0, 10, 14.75], "texture": "#6"},
				"up": {"uv": [7.5, 0, 0, 1], "texture": "#4"}
			}
		},
		{
			"from": [-1.5, 22.5, -5],
			"to": [17.5, 24.5, -2],
			"rotation": {"angle": 0, "axis": "y", "origin": [8, 11.1147, -5]},
			"faces": {
				"north": {"uv": [3, 3, 4, 13], "texture": "#4"},
				"south": {"uv": [10, 0, 0, 7.5], "texture": "#6"},
				"up": {"uv": [0, 2, 1, 0], "texture": "#4"},
				"down": {"uv": [0, 2, 1, 0], "texture": "#6"}
			}
		},
		{
			"from": [-2.5, -5.5, -11],
			"to": [-2, 23, -5],
			"rotation": {"angle": 0, "axis": "y", "origin": [5.75, 11.1147, -7]},
			"faces": {
				"north": {"uv": [0, 0, 16, 0.5], "rotation": 90, "texture": "#20"},
				"east": {"uv": [0, 0, 16, 6], "rotation": 90, "texture": "#20"},
				"south": {"uv": [0, 0, 16, 0.5], "rotation": 90, "texture": "#20"},
				"west": {"uv": [0, 0, 16, 6], "rotation": 90, "texture": "#20"},
				"down": {"uv": [0, 0, 6, 0.5], "rotation": 90, "texture": "#20"}
			}
		},
		{
			"from": [-9.01903, 4, -7.90433],
			"to": [-8.51903, 19.5, -4.90433],
			"rotation": {"angle": -22.5, "axis": "y", "origin": [-8.76903, 9, -4.90433]},
			"faces": {
				"north": {"uv": [0, 0, 0.5, 15.5], "texture": "#8"},
				"east": {"uv": [0, 0, 3, 15.5], "texture": "#8"},
				"west": {"uv": [3, 0.5, 6, 16], "texture": "#3"}
			}
		},
		{
			"from": [-9.01903, 19.5, -7.90433],
			"to": [-8.51903, 24, -4.90433],
			"rotation": {"angle": -22.5, "axis": "y", "origin": [-8.76903, 9, -4.90433]},
			"faces": {
				"north": {"uv": [0, 0, 0.5, 4.5], "texture": "#8"},
				"east": {"uv": [0, 0, 3, 4.5], "texture": "#8"},
				"south": {"uv": [0, 0, 0.5, 4.5], "texture": "#8"},
				"west": {"uv": [3, 3, 6, 7.5], "texture": "#7"},
				"up": {"uv": [0, 0, 0.5, 3], "texture": "#8"}
			}
		},
		{
			"from": [-9.01903, -1, -7.90433],
			"to": [-8.51903, 4, -4.90433],
			"rotation": {"angle": -22.5, "axis": "y", "origin": [-8.76903, 9, -4.90433]},
			"faces": {
				"north": {"uv": [0, 0, 0.5, 5], "texture": "#8"},
				"east": {"uv": [0, 0, 3, 5], "texture": "#8"},
				"west": {"uv": [3, 3, 6, 8], "texture": "#12"}
			}
		},
		{
			"from": [-9.01903, -5, -7.90433],
			"to": [-8.51903, -1, -4.90433],
			"rotation": {"angle": -22.5, "axis": "y", "origin": [-8.76903, 9, -4.90433]},
			"faces": {
				"north": {"uv": [0, 0, 0.5, 4], "texture": "#8"},
				"east": {"uv": [0, 0, 3, 4], "texture": "#8"},
				"west": {"uv": [3, 3, 6, 7], "texture": "#4"},
				"down": {"uv": [0, 0, 0.5, 3], "texture": "#8"}
			}
		},
		{
			"from": [24.51903, 19.5, -7.90433],
			"to": [25.01903, 24, -4.90433],
			"rotation": {"angle": 22.5, "axis": "y", "origin": [24.76903, 9, -4.90433]},
			"faces": {
				"north": {"uv": [0.5, 0, 0, 4.5], "texture": "#8"},
				"east": {"uv": [6, 3, 3, 7.5], "texture": "#7"},
				"south": {"uv": [0.5, 0, 0, 4.5], "texture": "#8"},
				"west": {"uv": [3, 0, 0, 4.5], "texture": "#8"},
				"up": {"uv": [0.5, 0, 0, 3], "texture": "#8"}
			}
		},
		{
			"from": [24.51903, 4, -7.90433],
			"to": [25.01903, 19.5, -4.90433],
			"rotation": {"angle": 22.5, "axis": "y", "origin": [24.76903, 9, -4.90433]},
			"faces": {
				"north": {"uv": [0.5, 0, 0, 15.5], "texture": "#8"},
				"east": {"uv": [6, 0.5, 3, 16], "texture": "#3"},
				"west": {"uv": [3, 0, 0, 15.5], "texture": "#8"}
			}
		},
		{
			"from": [24.51903, -1, -7.90433],
			"to": [25.01903, 4, -4.90433],
			"rotation": {"angle": 22.5, "axis": "y", "origin": [24.76903, 9, -4.90433]},
			"faces": {
				"north": {"uv": [0.5, 0, 0, 5], "texture": "#8"},
				"east": {"uv": [6, 3, 3, 8], "texture": "#12"},
				"west": {"uv": [3, 0, 0, 5], "texture": "#8"}
			}
		},
		{
			"from": [24.51903, -5, -7.90433],
			"to": [25.01903, -1, -4.90433],
			"rotation": {"angle": 22.5, "axis": "y", "origin": [24.76903, 9, -4.90433]},
			"faces": {
				"north": {"uv": [0.5, 0, 0, 4], "texture": "#8"},
				"east": {"uv": [6, 3, 3, 7], "texture": "#4"},
				"west": {"uv": [3, 0, 0, 4], "texture": "#8"},
				"down": {"uv": [0.5, 0, 0, 3], "texture": "#8"}
			}
		},
		{
			"from": [18, -5.5, -11],
			"to": [18.5, 23, -5],
			"rotation": {"angle": 0, "axis": "y", "origin": [10.25, 11.1147, -7]},
			"faces": {
				"north": {"uv": [0, 0, 16, 0.5], "rotation": 90, "texture": "#20"},
				"east": {"uv": [0, 0, 16, 6], "rotation": 90, "texture": "#20"},
				"south": {"uv": [0, 0, 16, 0.5], "rotation": 90, "texture": "#20"},
				"west": {"uv": [0, 0, 16, 6], "rotation": 90, "texture": "#20"},
				"down": {"uv": [0, 0, 6, 0.5], "rotation": 90, "texture": "#20"}
			}
		},
		{
			"from": [-2.5, 23, -11],
			"to": [18.5, 23.5, -5],
			"rotation": {"angle": 0, "axis": "y", "origin": [8, 11.1147, -7]},
			"faces": {
				"north": {"uv": [0, 0, 16, 0.5], "texture": "#20"},
				"east": {"uv": [0, 0, 6, 0.5], "texture": "#20"},
				"west": {"uv": [0, 0, 6, 0.5], "texture": "#20"},
				"up": {"uv": [0, 0, 16, 6], "texture": "#20"},
				"down": {"uv": [0, 0, 16, 6], "texture": "#20"}
			}
		},
		{
			"from": [-2, -4.5, -11],
			"to": [18, -4, -5],
			"rotation": {"angle": 0, "axis": "y", "origin": [8, 11.1147, -7]},
			"faces": {
				"north": {"uv": [0, 0, 16, 0.5], "texture": "#20"},
				"up": {"uv": [0, 0, 16, 6], "texture": "#20"},
				"down": {"uv": [0, 0, 16, 6], "texture": "#20"}
			}
		},
		{
			"from": [17.5, -4, -5],
			"to": [24, 24.5, -2],
			"rotation": {"angle": 0, "axis": "y", "origin": [8, 11.1147, -5]},
			"faces": {
				"north": {"uv": [4, 3, 5, 13], "texture": "#4"},
				"south": {"uv": [10, 0, 0, 14.75], "texture": "#6"},
				"west": {"uv": [3, 0, 0, 16], "texture": "#6"},
				"up": {"uv": [0, 0, 7.5, 1], "texture": "#4"}
			}
		},
		{
			"from": [-9, -1, -5],
			"to": [-8, 4, 12],
			"rotation": {"angle": 0, "axis": "z", "origin": [8, 11.1147, -5]},
			"faces": {
				"north": {"uv": [1, 0, 0, 5.25], "texture": "#4"},
				"east": {"uv": [16, 0, 0, 5.25], "texture": "#6"},
				"west": {"uv": [13, 3, 3, 13], "texture": "#12"}
			}
		},
		{
			"from": [-9, 4, -5],
			"to": [-8, 7, 12],
			"rotation": {"angle": 0, "axis": "z", "origin": [8, 11.1147, -5]},
			"faces": {
				"north": {"uv": [1, 0, 0, 5.25], "texture": "#4"},
				"west": {"uv": [13, 3, 3, 13], "texture": "#3"},
				"up": {"uv": [0, 16, 1, 0], "texture": "#6"}
			}
		},
		{
			"from": [-9, -6, -5],
			"to": [-8, -1, 12],
			"rotation": {"angle": 0, "axis": "z", "origin": [8, 11.1147, -5]},
			"faces": {
				"north": {"uv": [1, 0, 0, 4], "texture": "#4"},
				"east": {"uv": [16, 0, 0, 4], "texture": "#6"},
				"west": {"uv": [16, 0, 0, 4], "texture": "#4"}
			}
		},
		{
			"from": [-8, -6, -5],
			"to": [24, -4, 12],
			"rotation": {"angle": 0, "axis": "y", "origin": [8, 11.1147, -5]},
			"faces": {
				"north": {"uv": [14, 0, 0, 1], "texture": "#4"},
				"up": {"uv": [0, 16, 14, 0], "texture": "#6"},
				"down": {"uv": [0, 16, 14, 0], "texture": "#4"}
			}
		},
		{
			"name": "grabpole",
			"from": [12, 20, 12.5],
			"to": [13, 21, 27],
			"rotation": {"angle": 0, "axis": "y", "origin": [8, 18.5, 10]},
			"faces": {
				"east": {"uv": [0, 0, 1, 1], "texture": "#7"},
				"south": {"uv": [0, 0, 1, 1], "texture": "#7"},
				"west": {"uv": [0, 0, 1, 1], "texture": "#7"},
				"up": {"uv": [0, 0, 1, 1], "texture": "#7"},
				"down": {"uv": [0, 0, 1, 1], "texture": "#7"}
			}
		},
		{
			"name": "grabpole",
			"from": [-2, 20, 11.5],
			"to": [18, 21, 12.5],
			"rotation": {"angle": 0, "axis": "y", "origin": [8, 18.5, 10]},
			"faces": {
				"north": {"uv": [0, 0, 1, 1], "texture": "#7"},
				"south": {"uv": [0, 0, 1, 1], "texture": "#7"},
				"up": {"uv": [0, 0, 1, 1], "texture": "#7"},
				"down": {"uv": [0, 0, 1, 1], "texture": "#7"}
			}
		},
		{
			"from": [-0.5, 7, -4],
			"to": [0.5, 15, -3],
			"rotation": {"angle": 0, "axis": "y", "origin": [0, 19, -1]},
			"faces": {
				"north": {"uv": [0, 0, 1, 1], "texture": "#7"},
				"east": {"uv": [0, 0, 1, 1], "texture": "#7"},
				"south": {"uv": [0, 0, 1, 1], "texture": "#7"},
				"west": {"uv": [0, 0, 1, 1], "texture": "#7"}
			}
		},
		{
			"from": [-1.99267, 14.50418, -4],
			"to": [-0.99267, 15.50418, -3],
			"rotation": {"angle": 22.5, "axis": "z", "origin": [-1.49267, 18.50418, -1]},
			"faces": {
				"north": {"uv": [0, 0, 1, 1], "texture": "#7"},
				"east": {"uv": [0, 0, 1, 1], "texture": "#7"},
				"south": {"uv": [0, 0, 1, 1], "texture": "#7"},
				"west": {"uv": [0, 0, 1, 1], "texture": "#7"}
			}
		},
		{
			"from": [-3.5728, 16.51785, -4],
			"to": [-2.5728, 17.51785, -3],
			"rotation": {"angle": 22.5, "axis": "z", "origin": [-3.0728, 20.51785, -1]},
			"faces": {
				"north": {"uv": [0, 0, 1, 1], "texture": "#7"},
				"east": {"uv": [0, 0, 1, 1], "texture": "#7"},
				"south": {"uv": [0, 0, 1, 1], "texture": "#7"},
				"up": {"uv": [1, 1, 0, 0], "rotation": 90, "texture": "#7"}
			}
		},
		{
			"from": [-3.56466, 14.39875, -4],
			"to": [-2.56466, 16.39875, -3],
			"rotation": {"angle": 45, "axis": "z", "origin": [-3.06466, 18.39875, -1]},
			"faces": {
				"north": {"uv": [0, 0, 1, 1], "texture": "#7"},
				"east": {"uv": [0, 0, 1, 1], "texture": "#7"},
				"south": {"uv": [0, 0, 1, 1], "texture": "#7"},
				"west": {"uv": [0, 0, 1, 1], "texture": "#7"}
			}
		},
		{
			"from": [-3.5728, 4.48215, -4],
			"to": [-2.5728, 5.48215, -3],
			"rotation": {"angle": -22.5, "axis": "z", "origin": [-3.0728, 1.48215, -1]},
			"faces": {
				"north": {"uv": [0, 1, 1, 0], "texture": "#7"},
				"east": {"uv": [0, 1, 1, 0], "texture": "#7"},
				"south": {"uv": [0, 1, 1, 0], "texture": "#7"},
				"down": {"uv": [1, 0, 0, 1], "rotation": 270, "texture": "#7"}
			}
		},
		{
			"from": [-3.56466, 5.60125, -4],
			"to": [-2.56466, 7.60125, -3],
			"rotation": {"angle": -45, "axis": "z", "origin": [-3.06466, 3.60125, -1]},
			"faces": {
				"north": {"uv": [0, 1, 1, 0], "texture": "#7"},
				"east": {"uv": [0, 1, 1, 0], "texture": "#7"},
				"south": {"uv": [0, 1, 1, 0], "texture": "#7"},
				"west": {"uv": [0, 1, 1, 0], "texture": "#7"}
			}
		},
		{
			"from": [-1.99267, 6.49582, -4],
			"to": [-0.99267, 7.49582, -3],
			"rotation": {"angle": -22.5, "axis": "z", "origin": [-1.49267, 3.49582, -1]},
			"faces": {
				"north": {"uv": [0, 1, 1, 0], "texture": "#7"},
				"east": {"uv": [0, 1, 1, 0], "texture": "#7"},
				"south": {"uv": [0, 1, 1, 0], "texture": "#7"},
				"west": {"uv": [0, 1, 1, 0], "texture": "#7"}
			}
		},
		{
			"from": [17, 2, -2],
			"to": [24, 3, 12],
			"rotation": {"angle": 0, "axis": "y", "origin": [13.25, -1.75, -3]},
			"faces": {
				"north": {"uv": [0, 0, 16, 16], "texture": "#16"},
				"south": {"uv": [0, 0, 16, 16], "texture": "#16"},
				"west": {"uv": [0, 0, 14, 1], "texture": "#16"},
				"up": {"uv": [0, 0, 16, 16], "texture": "#16"},
				"down": {"uv": [0, 0, 16, 16], "texture": "#16"}
			}
		},
		{
			"from": [23, 3, -2],
			"to": [24, 10, 12],
			"rotation": {"angle": 0, "axis": "y", "origin": [13.25, -1.75, -3]},
			"faces": {
				"east": {"uv": [0, 0, 16, 16], "rotation": 90, "texture": "#16"},
				"south": {"uv": [0, 0, 16, 16], "rotation": 90, "texture": "#16"},
				"west": {"uv": [0, 0, 7, 14], "rotation": 90, "texture": "#16"},
				"up": {"uv": [0, 0, 16, 16], "rotation": 90, "texture": "#16"}
			}
		},
		{
			"name": "grabpole",
			"from": [19, 8, 11.5],
			"to": [24, 9, 12.5],
			"rotation": {"angle": 0, "axis": "y", "origin": [0, 0, 18]},
			"faces": {
				"north": {"uv": [0, 0, 1, 1], "texture": "#7"},
				"south": {"uv": [0, 0, 1, 1], "texture": "#7"},
				"up": {"uv": [0, 0, 1, 1], "texture": "#7"},
				"down": {"uv": [0, 0, 1, 1], "texture": "#7"}
			}
		},
		{
			"name": "grabpole",
			"from": [19, 5, 11.5],
			"to": [24, 6, 12.5],
			"rotation": {"angle": 0, "axis": "y", "origin": [0, 0, 18]},
			"faces": {
				"north": {"uv": [0, 0, 1, 1], "texture": "#7"},
				"south": {"uv": [0, 0, 1, 1], "texture": "#7"},
				"up": {"uv": [0, 0, 1, 1], "texture": "#7"},
				"down": {"uv": [0, 0, 1, 1], "texture": "#7"}
			}
		},
		{
			"name": "grabpole",
			"from": [18, -4, 11.5],
			"to": [19, 23.5, 12.5],
			"rotation": {"angle": 0, "axis": "y", "origin": [0, 0, 18]},
			"faces": {
				"north": {"uv": [0, 0, 1, 1], "texture": "#7"},
				"east": {"uv": [0, 0, 1, 1], "texture": "#7"},
				"south": {"uv": [0, 0, 1, 1], "texture": "#7"},
				"west": {"uv": [0, 0, 1, 1], "texture": "#7"}
			}
		},
		{
			"name": "hexadecagon",
			"from": [-5.68494, 26.36613, -5],
			"to": [-3.43494, 27.36613, 27],
			"rotation": {"angle": 45, "axis": "z", "origin": [-5.28712, 23.86613, 10]},
			"faces": {
				"north": {"uv": [3, 4, 4, 3], "texture": "#4"},
				"east": {"uv": [3, 4, 4, 3], "texture": "#4"},
				"south": {"uv": [3, 4, 4, 3], "texture": "#4"},
				"west": {"uv": [3, 4, 4, 3], "texture": "#4"},
				"up": {"uv": [3, 4, 4, 3], "texture": "#4"},
				"down": {"uv": [3, 4, 4, 3], "texture": "#4"}
			}
		},
		{
			"name": "hexadecagon",
			"from": [-6.29124, 23.59099, -5],
			"to": [-4.29124, 27.84099, 27],
			"rotation": {"angle": 22.5, "axis": "z", "origin": [-5.89342, 27.34099, 10]},
			"faces": {
				"north": {"uv": [3, 4, 4, 3], "texture": "#4"},
				"east": {"uv": [3, 4, 4, 3], "texture": "#4"},
				"south": {"uv": [3, 4, 4, 3], "texture": "#4"},
				"west": {"uv": [3, 4, 4, 3], "texture": "#4"},
				"up": {"uv": [3, 4, 4, 3], "texture": "#4"}
			}
		},
		{
			"from": [-8.4162, 23.43496, -5],
			"to": [-7.4162, 25.93496, 27],
			"rotation": {"angle": -22.5, "axis": "z", "origin": [-7.9162, 25.05996, 10]},
			"faces": {
				"north": {"uv": [0, 0, 1, 16], "texture": "#4"},
				"east": {"uv": [0, 0, 1, 16], "texture": "#4"},
				"south": {"uv": [0, 0, 1, 16], "texture": "#4"},
				"west": {"uv": [0, 0, 1, 16], "texture": "#4"}
			}
		},
		{
			"name": "hexadecagon",
			"from": [19.43494, 26.36613, -5],
			"to": [21.68494, 27.36613, 27],
			"rotation": {"angle": -45, "axis": "z", "origin": [21.28712, 23.86613, 10]},
			"faces": {
				"north": {"uv": [4, 4, 3, 3], "texture": "#4"},
				"east": {"uv": [4, 4, 3, 3], "texture": "#4"},
				"south": {"uv": [4, 4, 3, 3], "texture": "#4"},
				"west": {"uv": [4, 4, 3, 3], "texture": "#4"},
				"up": {"uv": [4, 4, 3, 3], "texture": "#4"},
				"down": {"uv": [4, 4, 3, 3], "texture": "#4"}
			}
		},
		{
			"name": "hexadecagon",
			"from": [20.29124, 23.59099, -5],
			"to": [22.29124, 27.84099, 27],
			"rotation": {"angle": -22.5, "axis": "z", "origin": [21.89342, 27.34099, 10]},
			"faces": {
				"north": {"uv": [4, 4, 3, 3], "texture": "#4"},
				"east": {"uv": [4, 4, 3, 3], "texture": "#4"},
				"south": {"uv": [4, 4, 3, 3], "texture": "#4"},
				"west": {"uv": [4, 4, 3, 3], "texture": "#4"},
				"up": {"uv": [4, 4, 3, 3], "texture": "#4"}
			}
		},
		{
			"from": [23.4162, 23.43496, -5],
			"to": [24.4162, 25.93496, 27],
			"rotation": {"angle": 22.5, "axis": "z", "origin": [23.9162, 25.05996, 10]},
			"faces": {
				"north": {"uv": [1, 0, 0, 16], "texture": "#4"},
				"east": {"uv": [1, 0, 0, 16], "texture": "#4"},
				"south": {"uv": [1, 0, 0, 16], "texture": "#4"},
				"west": {"uv": [1, 0, 0, 16], "texture": "#4"}
			}
		},
		{
			"from": [-8, 2, -2],
			"to": [-1, 3, 12],
			"rotation": {"angle": 0, "axis": "y", "origin": [2.75, -1.75, -3]},
			"faces": {
				"north": {"uv": [16, 0, 0, 16], "texture": "#16"},
				"east": {"uv": [14, 0, 0, 1], "texture": "#16"},
				"south": {"uv": [16, 0, 0, 16], "texture": "#16"},
				"up": {"uv": [16, 0, 0, 16], "texture": "#16"},
				"down": {"uv": [16, 0, 0, 16], "texture": "#16"}
			}
		},
		{
			"from": [-8, 3, -2],
			"to": [-7, 10, 12],
			"rotation": {"angle": 0, "axis": "y", "origin": [2.75, -1.75, -3]},
			"faces": {
				"east": {"uv": [0, 14, 7, 0], "rotation": 90, "texture": "#16"},
				"south": {"uv": [0, 16, 16, 0], "rotation": 90, "texture": "#16"},
				"west": {"uv": [0, 16, 16, 0], "rotation": 90, "texture": "#16"},
				"up": {"uv": [0, 16, 16, 0], "rotation": 90, "texture": "#16"}
			}
		},
		{
			"name": "grabpole",
			"from": [-8, 5, 11.5],
			"to": [-3, 6, 12.5],
			"rotation": {"angle": 0, "axis": "y", "origin": [16, 0, 18]},
			"faces": {
				"north": {"uv": [1, 0, 0, 1], "texture": "#7"},
				"south": {"uv": [1, 0, 0, 1], "texture": "#7"},
				"up": {"uv": [1, 0, 0, 1], "texture": "#7"},
				"down": {"uv": [1, 0, 0, 1], "texture": "#7"}
			}
		},
		{
			"name": "grabpole",
			"from": [-8, 8, 11.5],
			"to": [-3, 9, 12.5],
			"rotation": {"angle": 0, "axis": "y", "origin": [16, 0, 18]},
			"faces": {
				"north": {"uv": [1, 0, 0, 1], "texture": "#7"},
				"south": {"uv": [1, 0, 0, 1], "texture": "#7"},
				"up": {"uv": [1, 0, 0, 1], "texture": "#7"},
				"down": {"uv": [1, 0, 0, 1], "texture": "#7"}
			}
		},
		{
			"name": "grabpole",
			"from": [-3, -4, 11.5],
			"to": [-2, 23.5, 12.5],
			"rotation": {"angle": 0, "axis": "y", "origin": [16, 0, 18]},
			"faces": {
				"north": {"uv": [1, 0, 0, 1], "texture": "#7"},
				"east": {"uv": [1, 0, 0, 1], "texture": "#7"},
				"south": {"uv": [1, 0, 0, 1], "texture": "#7"},
				"west": {"uv": [1, 0, 0, 1], "texture": "#7"}
			}
		},
		{
			"from": [15.5, 7, -4],
			"to": [16.5, 15, -3],
			"rotation": {"angle": 0, "axis": "y", "origin": [16, 19, -6]},
			"faces": {
				"north": {"uv": [0, 0, 1, 1], "texture": "#7"},
				"east": {"uv": [0, 0, 1, 1], "texture": "#7"},
				"south": {"uv": [0, 0, 1, 1], "texture": "#7"},
				"west": {"uv": [0, 0, 1, 1], "texture": "#7"}
			}
		},
		{
			"from": [16.99267, 14.50418, -4],
			"to": [17.99267, 15.50418, -3],
			"rotation": {"angle": -22.5, "axis": "z", "origin": [17.49267, 18.50418, -6]},
			"faces": {
				"north": {"uv": [0, 0, 1, 1], "texture": "#7"},
				"east": {"uv": [0, 0, 1, 1], "texture": "#7"},
				"south": {"uv": [0, 0, 1, 1], "texture": "#7"},
				"west": {"uv": [0, 0, 1, 1], "texture": "#7"}
			}
		},
		{
			"from": [18.5728, 16.51785, -4],
			"to": [19.5728, 17.51785, -3],
			"rotation": {"angle": -22.5, "axis": "z", "origin": [19.0728, 20.51785, -6]},
			"faces": {
				"north": {"uv": [0, 0, 1, 1], "texture": "#7"},
				"south": {"uv": [0, 0, 1, 1], "texture": "#7"},
				"west": {"uv": [0, 0, 1, 1], "texture": "#7"},
				"up": {"uv": [0, 0, 1, 1], "rotation": 90, "texture": "#7"}
			}
		},
		{
			"from": [18.56466, 14.39875, -4],
			"to": [19.56466, 16.39875, -3],
			"rotation": {"angle": -45, "axis": "z", "origin": [19.06466, 18.39875, -6]},
			"faces": {
				"north": {"uv": [0, 0, 1, 1], "texture": "#7"},
				"east": {"uv": [0, 0, 1, 1], "texture": "#7"},
				"south": {"uv": [0, 0, 1, 1], "texture": "#7"},
				"west": {"uv": [0, 0, 1, 1], "texture": "#7"}
			}
		},
		{
			"from": [18.5728, 4.48215, -4],
			"to": [19.5728, 5.48215, -3],
			"rotation": {"angle": 22.5, "axis": "z", "origin": [19.0728, 1.48215, -6]},
			"faces": {
				"north": {"uv": [0, 1, 1, 0], "texture": "#7"},
				"south": {"uv": [0, 1, 1, 0], "texture": "#7"},
				"west": {"uv": [0, 1, 1, 0], "texture": "#7"},
				"down": {"uv": [0, 1, 1, 0], "rotation": 270, "texture": "#7"}
			}
		},
		{
			"from": [18.56466, 5.60125, -4],
			"to": [19.56466, 7.60125, -3],
			"rotation": {"angle": 45, "axis": "z", "origin": [19.06466, 3.60125, -6]},
			"faces": {
				"north": {"uv": [0, 1, 1, 0], "texture": "#7"},
				"east": {"uv": [0, 1, 1, 0], "texture": "#7"},
				"south": {"uv": [0, 1, 1, 0], "texture": "#7"},
				"west": {"uv": [0, 1, 1, 0], "texture": "#7"}
			}
		},
		{
			"from": [16.99267, 6.49582, -4],
			"to": [17.99267, 7.49582, -3],
			"rotation": {"angle": 22.5, "axis": "z", "origin": [17.49267, 3.49582, -6]},
			"faces": {
				"north": {"uv": [0, 1, 1, 0], "texture": "#7"},
				"east": {"uv": [0, 1, 1, 0], "texture": "#7"},
				"south": {"uv": [0, 1, 1, 0], "texture": "#7"},
				"west": {"uv": [0, 1, 1, 0], "texture": "#7"}
			}
		},
		{
			"name": "grabpole",
			"from": [3, 20, 12.5],
			"to": [4, 21, 27],
			"rotation": {"angle": 0, "axis": "y", "origin": [8, 18.5, 10]},
			"faces": {
				"east": {"uv": [1, 0, 0, 1], "texture": "#7"},
				"south": {"uv": [1, 0, 0, 1], "texture": "#7"},
				"west": {"uv": [1, 0, 0, 1], "texture": "#7"},
				"up": {"uv": [1, 0, 0, 1], "texture": "#7"},
				"down": {"uv": [1, 0, 0, 1], "texture": "#7"}
			}
		},
		{
			"name": "hexadecagon",
			"from": [17.80652, -10.80652, -5],
			"to": [20.19348, -9.80652, 27],
			"rotation": {"angle": 45, "axis": "z", "origin": [19, -4.80652, 28]},
			"faces": {
				"north": {"uv": [2.38696, 0, 0, 1], "texture": "#4"},
				"south": {"uv": [2.38696, 0, 0, 1], "texture": "#4"},
				"up": {"uv": [2.38696, 0, 0, 16], "texture": "#4"},
				"down": {"uv": [2.38696, 0, 0, 16], "texture": "#4"}
			}
		},
		{
			"name": "hexadecagon",
			"from": [24, -6, -5],
			"to": [25, -3.61306, 27],
			"rotation": {"angle": -22.5, "axis": "z", "origin": [19, -4.80652, 28]},
			"faces": {
				"north": {"uv": [1, 0, 0, 2.38694], "texture": "#4"},
				"east": {"uv": [16, 0, 0, 2.38694], "texture": "#4"},
				"south": {"uv": [1, 0, 0, 2.38694], "texture": "#4"},
				"west": {"uv": [16, 0, 0, 2.38694], "texture": "#4"},
				"up": {"uv": [1, 0, 0, 16], "texture": "#4"}
			}
		},
		{
			"name": "hexadecagon",
			"from": [17.80652, -10.80652, -5],
			"to": [20.19348, -9.80652, 27],
			"rotation": {"angle": 22.5, "axis": "z", "origin": [19, -4.80652, 29.5]},
			"faces": {
				"north": {"uv": [2.38696, 0, 0, 1], "texture": "#4"},
				"south": {"uv": [2.38696, 0, 0, 1], "texture": "#4"},
				"west": {"uv": [16, 0, 0, 1], "texture": "#4"},
				"up": {"uv": [2.38696, 0, 0, 16], "texture": "#4"},
				"down": {"uv": [2.38696, 0, 0, 16], "texture": "#4"}
			}
		},
		{
			"name": "hexadecagon",
			"from": [-4.19348, -10.80652, -5],
			"to": [-1.80652, -9.80652, 27],
			"rotation": {"angle": -45, "axis": "z", "origin": [-3, -4.80652, 28]},
			"faces": {
				"north": {"uv": [0, 0, 2.38696, 1], "texture": "#4"},
				"south": {"uv": [0, 0, 2.38696, 1], "texture": "#4"},
				"up": {"uv": [0, 0, 2.38696, 16], "texture": "#4"},
				"down": {"uv": [0, 0, 2.38696, 16], "texture": "#4"}
			}
		},
		{
			"name": "hexadecagon",
			"from": [24.025, 18.35218, 13.75],
			"to": [24.975, 19.14782, 14],
			"rotation": {"angle": 22.5, "axis": "x", "origin": [24.5, 18.75, 15]},
			"faces": {
				"north": {"uv": [0, 0, 0.5, 0.5], "texture": "#missing"},
				"east": {"uv": [0, 0, 0.5, 0.5], "texture": "#3"},
				"south": {"uv": [0, 0, 0.5, 0.5], "texture": "#6"},
				"west": {"uv": [0, 0, 0.5, 0.5], "texture": "#6"},
				"up": {"uv": [0, 0, 0.5, 0.5], "texture": "#missing"},
				"down": {"uv": [0, 0, 0.5, 0.5], "texture": "#6"}
			}
		},
		{
			"name": "hexadecagon",
			"from": [24.025, 18.35218, 13.5],
			"to": [24.975, 19.14782, 14],
			"rotation": {"angle": 45, "axis": "x", "origin": [24.5, 18.75, 15]},
			"faces": {
				"north": {"uv": [0, 0, 0.5, 0.5], "texture": "#missing"},
				"east": {"uv": [0, 0, 0.5, 0.5], "texture": "#3"},
				"south": {"uv": [0, 0, 0.5, 0.5], "texture": "#6"},
				"west": {"uv": [0, 0, 0.5, 0.5], "texture": "#6"},
				"up": {"uv": [0, 0, 0.5, 0.5], "texture": "#missing"},
				"down": {"uv": [0, 0, 0.5, 0.5], "texture": "#6"}
			}
		},
		{
			"name": "hexadecagon",
			"from": [24.025, 19.75, 14.60218],
			"to": [24.975, 20, 15.39782],
			"rotation": {"angle": -22.5, "axis": "x", "origin": [24.5, 18.75, 15]},
			"faces": {
				"north": {"uv": [0, 0, 0.5, 0.5], "texture": "#missing"},
				"east": {"uv": [0, 0, 0.5, 0.5], "texture": "#3"},
				"south": {"uv": [0, 0, 0.5, 0.5], "texture": "#6"},
				"west": {"uv": [0, 0, 0.5, 0.5], "texture": "#6"},
				"up": {"uv": [0, 0, 0.5, 0.5], "texture": "#missing"},
				"down": {"uv": [0, 0, 0.5, 0.5], "texture": "#6"}
			}
		},
		{
			"name": "hexadecagon",
			"from": [-8.975, 18.35218, 13.75],
			"to": [-8.025, 19.14782, 14],
			"rotation": {"angle": 22.5, "axis": "x", "origin": [-8.5, 18.75, 15]},
			"faces": {
				"north": {"uv": [0.5, 0, 0, 0.5], "texture": "#missing"},
				"east": {"uv": [0.5, 0, 0, 0.5], "texture": "#6"},
				"south": {"uv": [0.5, 0, 0, 0.5], "texture": "#6"},
				"west": {"uv": [0.5, 0, 0, 0.5], "texture": "#3"},
				"up": {"uv": [0.5, 0, 0, 0.5], "texture": "#missing"},
				"down": {"uv": [0.5, 0, 0, 0.5], "texture": "#6"}
			}
		},
		{
			"name": "hexadecagon",
			"from": [-8.975, 18.35218, 13.5],
			"to": [-8.025, 19.14782, 14],
			"rotation": {"angle": 45, "axis": "x", "origin": [-8.5, 18.75, 15]},
			"faces": {
				"north": {"uv": [0.5, 0, 0, 0.5], "texture": "#missing"},
				"east": {"uv": [0.5, 0, 0, 0.5], "texture": "#6"},
				"south": {"uv": [0.5, 0, 0, 0.5], "texture": "#6"},
				"west": {"uv": [0.5, 0, 0, 0.5], "texture": "#3"},
				"up": {"uv": [0.5, 0, 0, 0.5], "texture": "#missing"},
				"down": {"uv": [0.5, 0, 0, 0.5], "texture": "#6"}
			}
		},
		{
			"name": "hexadecagon",
			"from": [-8.975, 19.75, 14.60218],
			"to": [-8.025, 20, 15.39782],
			"rotation": {"angle": -22.5, "axis": "x", "origin": [-8.5, 18.75, 15]},
			"faces": {
				"north": {"uv": [0.5, 0, 0, 0.5], "texture": "#missing"},
				"east": {"uv": [0.5, 0, 0, 0.5], "texture": "#6"},
				"south": {"uv": [0.5, 0, 0, 0.5], "texture": "#6"},
				"west": {"uv": [0.5, 0, 0, 0.5], "texture": "#3"},
				"up": {"uv": [0.5, 0, 0, 0.5], "texture": "#missing"},
				"down": {"uv": [0.5, 0, 0, 0.5], "texture": "#6"}
			}
		}
	],
	"display": {
		"head": {
			"translation": [0, 10, 10],
			"scale": [2, 2, 2]
		}
	},
	"groups": [
		0,
		1,
		2,
		3,
		4,
		5,
		6,
		7,
		8,
		9,
		10,
		11,
		12,
		13,
		14,
		15,
		16,
		17,
		18,
		19,
		20,
		21,
		22,
		23,
		24,
		25,
		26,
		27,
		28,
		29,
		30,
		31,
		32,
		33,
		34,
		35,
		36,
		37,
		38,
		39,
		40,
		41,
		42,
		43,
		44,
		45,
		46,
		47,
		{
			"name": "grabpole",
			"origin": [18, -0.50418, 2.50733],
			"color": 0,
			"children": [48, 49, 50, 51, 52, 53, 54]
		},
		{
			"name": "seat",
			"origin": [-8.5, 1, -3],
			"color": 0,
			"children": [55, 56]
		},
		57,
		58,
		59,
		{
			"name": "hexadecagon",
			"origin": [8, 8, 8],
			"color": 0,
			"children": [60, 61, 62]
		},
		{
			"name": "hexadecagon",
			"origin": [8, 8, 8],
			"color": 0,
			"children": [63, 64, 65]
		},
		{
			"name": "seat",
			"origin": [24.5, 1, -3],
			"color": 0,
			"children": [66, 67]
		},
		68,
		69,
		70,
		{
			"name": "grabpole",
			"origin": [-2, -0.50418, 2.50733],
			"color": 0,
			"children": [71, 72, 73, 74, 75, 76, 77]
		},
		78,
		79,
		80,
		81,
		82,
		{
			"name": "hexadecagon",
			"origin": [8, 8, 8],
			"color": 0,
			"children": [83, 84, 85]
		},
		{
			"name": "hexadecagon",
			"origin": [8, 8, 8],
			"color": 0,
			"children": [86, 87, 88]
		}
	]
}