{
	"credit": "Made by Mike Shafter",
	"textures": {
		"0": "block/redstone_block",
		"1": "block/pink_shulker_box",
		"particle": "block/redstone_block"
	},
	"elements": [
		{
			"from": [7.75, 0, 3],
			"to": [8.25, 0.5, 13],
			"rotation": {"angle": 0, "axis": "y", "origin": [8, 0.25, 8]},
			"faces": {
				"north": {"uv": [0, 0, 0.5, 0.5], "texture": "#0"},
				"east": {"uv": [0, 0, 12, 0.5], "texture": "#0"},
				"south": {"uv": [0, 0, 0.5, 0.5], "texture": "#0"},
				"west": {"uv": [0, 0, 12, 0.5], "texture": "#0"},
				"up": {"uv": [0, 0, 0.5, 12], "texture": "#1"},
				"down": {"uv": [0, 0, 0.5, 12], "texture": "#1"}
			}
		}
	],
	"display": {
		"head": {
			"translation": [0, 10, 10],
			"scale": [2, 2, 2]
		}
	}
}