{
	"credit": "Made by Mike Shafter",
	"textures": {
		"2": "block/light_blue_shulker_box",
		"3": "block/white_concrete",
		"4": "block/light_gray_concrete",
		"6": "block/stripped_birch_log",
		"7": "block/pink_shulker_box",
		"8": "block/coal_block",
		"11": "block/cobbled_deepslate",
		"12": "block/ent_controller",
		"13": "block/glass",
		"14": "block/ent_logo",
		"15": "block/calibrated_sculk_sensor_amethyst",
		"21": "block/redstone_torch",
		"particle": "block/black_stained_glass"
	},
	"elements": [
		{
			"from": [4, -1, -3],
			"to": [12, 9, 1],
			"rotation": {"angle": 0, "axis": "y", "origin": [8, 4, -1]},
			"faces": {
				"north": {"uv": [0, 0, 8, 12], "texture": "#8"},
				"east": {"uv": [0, 0, 8, 12], "texture": "#8"},
				"south": {"uv": [0, 0, 8, 12], "texture": "#8"},
				"west": {"uv": [0, 0, 8, 12], "texture": "#8"},
				"up": {"uv": [0, 0, 16, 16], "texture": "#12"},
				"down": {"uv": [0, 0, 8, 12], "texture": "#8"}
			}
		},
		{
			"from": [-6.5, -4, -3.5],
			"to": [22.5, 8.5, 0],
			"rotation": {"angle": 0, "axis": "y", "origin": [16, -5, -4.5]},
			"faces": {
				"north": {"uv": [0, 0, 16, 16], "texture": "#11"},
				"east": {"uv": [0, 0, 16, 16], "texture": "#11"},
				"south": {"uv": [0, 0, 16, 16], "texture": "#11"},
				"west": {"uv": [0, 0, 16, 16], "texture": "#11"},
				"up": {"uv": [0, 0, 16, 16], "texture": "#11"},
				"down": {"uv": [0, 0, 16, 16], "texture": "#11"}
			}
		},
		{
			"from": [-5, -3.5, -5],
			"to": [21, 8, -4],
			"rotation": {"angle": 0, "axis": "y", "origin": [16, -5, -4.5]},
			"faces": {
				"north": {"uv": [0, 0, 16, 16], "texture": "#11"},
				"east": {"uv": [0, 0, 16, 16], "texture": "#11"},
				"south": {"uv": [0, 0, 16, 16], "texture": "#11"},
				"west": {"uv": [0, 0, 16, 16], "texture": "#11"},
				"up": {"uv": [0, 0, 16, 16], "texture": "#11"}
			}
		},
		{
			"from": [-7, -4, -2.5],
			"to": [-6.5, 8.5, 0],
			"rotation": {"angle": 0, "axis": "y", "origin": [16, -5, -4.5]},
			"faces": {
				"north": {"uv": [0, 0, 16, 16], "texture": "#4"},
				"south": {"uv": [0, 0, 16, 16], "texture": "#4"},
				"west": {"uv": [0, 0, 16, 16], "texture": "#4"},
				"up": {"uv": [0, 0, 16, 16], "texture": "#4"},
				"down": {"uv": [0, 0, 16, 16], "texture": "#4"}
			}
		},
		{
			"from": [22.5, -4, -2.5],
			"to": [23, 8.5, 0],
			"rotation": {"angle": 0, "axis": "y", "origin": [0, -5, -4.5]},
			"faces": {
				"north": {"uv": [16, 0, 0, 16], "texture": "#4"},
				"east": {"uv": [16, 0, 0, 16], "texture": "#4"},
				"south": {"uv": [16, 0, 0, 16], "texture": "#4"},
				"up": {"uv": [16, 0, 0, 16], "texture": "#4"},
				"down": {"uv": [16, 0, 0, 16], "texture": "#4"}
			}
		},
		{
			"from": [8.5, 9, -1],
			"to": [10.25, 9.5, -0.5],
			"rotation": {"angle": 0, "axis": "y", "origin": [7.375, 6.625, -0.875]},
			"faces": {
				"north": {"uv": [7, 0, 0, 2], "texture": "#3"},
				"east": {"uv": [0.5, 0, 0, 0.5], "texture": "#3"},
				"south": {"uv": [7, 0, 0, 2], "texture": "#3"},
				"west": {"uv": [0.5, 0, 0, 0.5], "texture": "#3"},
				"up": {"uv": [7, 0, 0, 2], "texture": "#3"}
			}
		},
		{
			"from": [4.5, 9, -1],
			"to": [6.25, 9.5, -0.5],
			"rotation": {"angle": 0, "axis": "y", "origin": [7.375, 6.625, -0.875]},
			"faces": {
				"north": {"uv": [7, 0, 0, 2], "texture": "#3"},
				"east": {"uv": [0.5, 0, 0, 0.5], "texture": "#3"},
				"south": {"uv": [7, 0, 0, 2], "texture": "#3"},
				"west": {"uv": [0.5, 0, 0, 0.5], "texture": "#3"},
				"up": {"uv": [7, 0, 0, 2], "texture": "#3"}
			}
		},
		{
			"from": [-9, -5, 11.5],
			"to": [25, -4, 27.5],
			"rotation": {"angle": 0, "axis": "y", "origin": [0, -5, 15.5]},
			"faces": {
				"east": {"uv": [0, 0, 16, 16], "texture": "#4"},
				"south": {"uv": [0, 0, 14, 1], "texture": "#6"},
				"west": {"uv": [0, 0, 16, 16], "texture": "#4"},
				"up": {"uv": [0, 0, 16, 16], "texture": "#6"}
			}
		},
		{
			"from": [24, -5, 9.5],
			"to": [25, -1, 13.5],
			"rotation": {"angle": 0, "axis": "z", "origin": [15, -5, 15.5]},
			"faces": {
				"east": {"uv": [0, 0, 2, 4], "texture": "#4"},
				"south": {"uv": [1, 0, 0, 4], "texture": "#6"},
				"west": {"uv": [0, 12, 2, 16], "texture": "#6"}
			}
		},
		{
			"from": [-9, 19.75, 5.25],
			"to": [-8, 23.75, 13.5],
			"rotation": {"angle": 0, "axis": "z", "origin": [1, -2, 15.5]},
			"faces": {
				"east": {"uv": [0, 0, 16, 4], "texture": "#6"},
				"south": {"uv": [3, 3, 4, 7], "texture": "#7"},
				"west": {"uv": [3, 3, 13, 13], "texture": "#7"},
				"down": {"uv": [0, 0, 1, 16], "texture": "#4"}
			}
		},
		{
			"from": [-9, 20.75, 13.5],
			"to": [-8, 23.75, 27.5],
			"rotation": {"angle": 0, "axis": "z", "origin": [1, -2, 15.5]},
			"faces": {
				"east": {"uv": [0, 0, 16, 4], "texture": "#6"},
				"south": {"uv": [0, 0, 1, 3.25], "texture": "#6"},
				"west": {"uv": [3, 3, 13, 13], "texture": "#7"},
				"down": {"uv": [3, 3, 4, 13], "texture": "#7"}
			}
		},
		{
			"from": [24, 20.75, 13.5],
			"to": [25, 23.75, 27.5],
			"rotation": {"angle": 0, "axis": "z", "origin": [15, -2, 15.5]},
			"faces": {
				"east": {"uv": [13, 3, 3, 13], "texture": "#7"},
				"south": {"uv": [1, 0, 0, 3.25], "texture": "#6"},
				"west": {"uv": [16, 0, 0, 4], "texture": "#6"},
				"down": {"uv": [4, 3, 3, 13], "texture": "#7"}
			}
		},
		{
			"from": [24, 20.25, 13.5],
			"to": [24.5, 20.75, 27.5],
			"rotation": {"angle": 0, "axis": "z", "origin": [15, -2, 15.5]},
			"faces": {
				"east": {"uv": [13, 3, 3, 13], "texture": "#7"},
				"south": {"uv": [1, 0, 0, 3.25], "texture": "#6"},
				"west": {"uv": [16, 0, 0, 0.5], "texture": "#2"}
			}
		},
		{
			"from": [24, 19.75, 13.5],
			"to": [25, 20.25, 27.5],
			"rotation": {"angle": 0, "axis": "z", "origin": [15, -2, 15.5]},
			"faces": {
				"east": {"uv": [13, 3, 3, 13], "texture": "#7"},
				"south": {"uv": [1, 0, 0, 3.25], "texture": "#6"},
				"west": {"uv": [16, 0.5, 0, 1], "texture": "#2"},
				"up": {"uv": [4, 3, 3, 13], "texture": "#7"},
				"down": {"uv": [1, 0, 0, 16], "texture": "#4"}
			}
		},
		{
			"from": [-8.5, 20.25, 13.5],
			"to": [-8, 20.75, 27.5],
			"rotation": {"angle": 0, "axis": "z", "origin": [1, -2, 15.5]},
			"faces": {
				"east": {"uv": [0, 0, 16, 0.5], "texture": "#2"},
				"south": {"uv": [0, 0, 1, 3.25], "texture": "#6"},
				"west": {"uv": [3, 3, 13, 13], "texture": "#7"}
			}
		},
		{
			"from": [-9, 19.75, 13.5],
			"to": [-8, 20.25, 27.5],
			"rotation": {"angle": 0, "axis": "z", "origin": [1, -2, 15.5]},
			"faces": {
				"east": {"uv": [0, 0.5, 16, 1], "texture": "#2"},
				"south": {"uv": [0, 0, 1, 3.25], "texture": "#6"},
				"west": {"uv": [3, 3, 13, 13], "texture": "#7"},
				"up": {"uv": [3, 3, 4, 13], "texture": "#7"},
				"down": {"uv": [0, 0, 1, 16], "texture": "#4"}
			}
		},
		{
			"from": [24, 19.75, 5.25],
			"to": [25, 23.75, 13.5],
			"rotation": {"angle": 0, "axis": "z", "origin": [15, -2, 15.5]},
			"faces": {
				"east": {"uv": [13, 3, 3, 13], "texture": "#7"},
				"south": {"uv": [1, 0, 0, 3.25], "texture": "#6"},
				"west": {"uv": [16, 0, 0, 4], "texture": "#6"},
				"down": {"uv": [1, 0, 0, 16], "texture": "#4"}
			}
		},
		{
			"from": [-4.59914, 28.08394, 20.30932],
			"to": [20.60086, 28.08394, 30.80932],
			"rotation": {"angle": 22.5, "axis": "x", "origin": [7.90086, 27.45894, 21.30932]},
			"faces": {
				"up": {"uv": [0, 0, 16, 16], "texture": "#4"},
				"down": {"uv": [0, 0, 16, 16], "texture": "#4"}
			}
		},
		{
			"from": [-9.56882, 23.75, 5.14034],
			"to": [-5.56882, 28.41905, 16.64034],
			"rotation": {"angle": 22.5, "axis": "y", "origin": [2.93118, 21.625, 6.14034]},
			"faces": {
				"north": {"uv": [0, 0, 16, 16], "texture": "#4"},
				"east": {"uv": [0, 0, 16, 16], "texture": "#4"},
				"south": {"uv": [0, 0, 16, 16], "texture": "#4"},
				"west": {"uv": [0, 0, 16, 16], "texture": "#4"},
				"up": {"uv": [0, 0, 16, 16], "texture": "#4"},
				"down": {"uv": [0, 0, 16, 16], "texture": "#4"}
			}
		},
		{
			"from": [21.56882, 23.75, 5.14034],
			"to": [25.56882, 28.41905, 16.64034],
			"rotation": {"angle": -22.5, "axis": "y", "origin": [13.06882, 21.625, 6.14034]},
			"faces": {
				"north": {"uv": [16, 0, 0, 16], "texture": "#4"},
				"east": {"uv": [16, 0, 0, 16], "texture": "#4"},
				"south": {"uv": [16, 0, 0, 16], "texture": "#4"},
				"west": {"uv": [16, 0, 0, 16], "texture": "#4"},
				"up": {"uv": [16, 0, 0, 16], "texture": "#4"},
				"down": {"uv": [16, 0, 0, 16], "texture": "#4"}
			}
		},
		{
			"from": [-4.64914, 28.41905, 8.49961],
			"to": [20.60086, 28.41905, 20.62461],
			"rotation": {"angle": 0, "axis": "y", "origin": [29.10086, 21.625, 10.12461]},
			"faces": {
				"up": {"uv": [0, 0, 16, 16], "texture": "#4"},
				"down": {"uv": [0, 0, 16, 16], "texture": "#4"}
			}
		},
		{
			"from": [-9, 22.91717, 7.89962],
			"to": [25, 24.91717, 11.89962],
			"rotation": {"angle": -22.5, "axis": "x", "origin": [29, 18.12312, 1.39962]},
			"faces": {
				"north": {"uv": [0, 0, 16, 16], "texture": "#4"},
				"east": {"uv": [0, 0, 16, 16], "texture": "#4"},
				"south": {"uv": [0, 0, 16, 16], "texture": "#4"},
				"west": {"uv": [0, 0, 16, 16], "texture": "#4"},
				"up": {"uv": [0, 0, 1, 1], "texture": "#8"},
				"down": {"uv": [0, 0, 16, 16], "texture": "#4"}
			}
		},
		{
			"from": [-9, 18.95297, 10.68469],
			"to": [25, 21.45297, 12.68469],
			"rotation": {"angle": -45, "axis": "x", "origin": [29, 14.65892, 2.18469]},
			"faces": {
				"north": {"uv": [0, 0, 16, 16], "texture": "#4"},
				"east": {"uv": [0, 0, 16, 16], "texture": "#4"},
				"south": {"uv": [0, 0, 16, 16], "texture": "#4"},
				"west": {"uv": [0, 0, 16, 16], "texture": "#4"},
				"up": {"uv": [0, 0, 1, 1], "texture": "#8"},
				"down": {"uv": [0, 0, 16, 16], "texture": "#4"}
			}
		},
		{
			"from": [-9, 15.95297, 6.68469],
			"to": [-8, 21.45297, 10.68469],
			"rotation": {"angle": -45, "axis": "x", "origin": [29, 14.65892, 2.18469]},
			"faces": {
				"east": {"uv": [3, 3, 13, 13], "texture": "#6"},
				"west": {"uv": [3, 3, 13, 13], "texture": "#7"},
				"up": {"uv": [3, 3, 13, 13], "texture": "#7"}
			}
		},
		{
			"from": [-8, 20.45297, 6.68469],
			"to": [24, 21.45297, 10.68469],
			"rotation": {"angle": -45, "axis": "x", "origin": [29, 14.65892, 2.18469]},
			"faces": {
				"up": {"uv": [0, 0, 1, 1], "texture": "#8"},
				"down": {"uv": [0, 0, 16, 16], "texture": "#4"}
			}
		},
		{
			"from": [18, 12.69207, -3.207],
			"to": [23, 20.69207, -2.207],
			"rotation": {"angle": 22.5, "axis": "x", "origin": [28, 12.19207, 3.58663]},
			"faces": {
				"north": {"uv": [0, 0, 1, 1], "rotation": 180, "texture": "#8"},
				"south": {"uv": [0, 0, 16, 16], "texture": "#4"},
				"down": {"uv": [0, 0, 16, 16], "rotation": 180, "texture": "#4"}
			}
		},
		{
			"from": [18, 4.69207, -3.207],
			"to": [21, 12.69207, -2.207],
			"rotation": {"angle": 22.5, "axis": "x", "origin": [28, 12.19207, 3.58663]},
			"faces": {
				"north": {"uv": [0, 0, 1, 1], "rotation": 180, "texture": "#8"},
				"east": {"uv": [0, 0, 16, 16], "rotation": 90, "texture": "#4"},
				"south": {"uv": [0, 0, 16, 16], "texture": "#4"}
			}
		},
		{
			"from": [-3, -0.30793, -3.207],
			"to": [19, 4.69207, -2.207],
			"rotation": {"angle": 22.5, "axis": "x", "origin": [28, 12.19207, 3.58663]},
			"faces": {
				"north": {"uv": [0, 0, 1, 1], "rotation": 180, "texture": "#8"},
				"east": {"uv": [0, 0, 16, 16], "rotation": 90, "texture": "#4"},
				"south": {"uv": [0, 0, 16, 16], "texture": "#4"},
				"west": {"uv": [0, 0, 16, 16], "rotation": 270, "texture": "#4"},
				"down": {"uv": [0, 0, 16, 16], "rotation": 180, "texture": "#4"}
			}
		},
		{
			"from": [-1, -3.30793, -3.207],
			"to": [17, -0.30793, -2.207],
			"rotation": {"angle": 22.5, "axis": "x", "origin": [28, 12.19207, 3.58663]},
			"faces": {
				"north": {"uv": [0, 0, 1, 1], "rotation": 180, "texture": "#8"},
				"east": {"uv": [0, 0, 16, 16], "rotation": 90, "texture": "#4"},
				"south": {"uv": [0, 0, 16, 16], "texture": "#4"},
				"west": {"uv": [0, 0, 16, 16], "rotation": 270, "texture": "#4"}
			}
		},
		{
			"from": [5, -4.30793, -3.20742],
			"to": [11, -3.30793, -2.20742],
			"rotation": {"angle": 22.5, "axis": "x", "origin": [28, 12.19207, 3.58663]},
			"faces": {
				"north": {"uv": [0, 0, 1, 1], "rotation": 180, "texture": "#8"}
			}
		},
		{
			"from": [-8, 23.5, 2.75],
			"to": [24, 24.5, 27.5],
			"rotation": {"angle": 0, "axis": "z", "origin": [8, 27.875, 4.5]},
			"faces": {
				"south": {"uv": [0, 0, 16, 16], "texture": "#4"},
				"up": {"uv": [0, 0, 16, 16], "texture": "#4"},
				"down": {"uv": [0, 0, 16, 16], "texture": "#4"}
			}
		},
		{
			"from": [24, -1, 11.5],
			"to": [25, 4, 13.5],
			"rotation": {"angle": 0, "axis": "z", "origin": [15, -5, 15.5]},
			"faces": {
				"east": {"uv": [14, 5, 16, 11], "texture": "#2"},
				"south": {"uv": [1, 0, 2, 5.25], "texture": "#6"},
				"west": {"uv": [0, 5, 2, 11], "texture": "#6"}
			}
		},
		{
			"from": [-9, -1, 11.5],
			"to": [-8, 4, 13.5],
			"rotation": {"angle": 0, "axis": "z", "origin": [1, -5, 15.5]},
			"faces": {
				"east": {"uv": [2, 5, 0, 11], "texture": "#6"},
				"south": {"uv": [2, 0, 1, 5.25], "texture": "#6"},
				"west": {"uv": [16, 5, 14, 11], "texture": "#2"}
			}
		},
		{
			"from": [14, 20, 10.5],
			"to": [24, 23.5, 11.5],
			"rotation": {"angle": 0, "axis": "z", "origin": [1, -5, 15.5]},
			"faces": {
				"north": {"uv": [0, 0, 16, 3.5], "texture": "#6"},
				"south": {"uv": [0, 0, 16, 3.5], "texture": "#6"}
			}
		},
		{
			"from": [2, 20, 10.5],
			"to": [14, 23.5, 11.5],
			"rotation": {"angle": 0, "axis": "z", "origin": [1, -5, 15.5]},
			"faces": {
				"north": {"uv": [0, 0, 16, 3.5], "texture": "#6"},
				"south": {"uv": [0, 0, 16, 3.5], "texture": "#6"}
			}
		},
		{
			"from": [2, -4, 10.5],
			"to": [14, 20, 11.5],
			"rotation": {"angle": 0, "axis": "z", "origin": [1, -8.5, 15.5]},
			"faces": {
				"north": {"uv": [0, 0, 16, 16], "texture": "#6"},
				"south": {"uv": [0, 0, 16, 16], "texture": "#6"}
			}
		},
		{
			"from": [24.125, 4, 0.5],
			"to": [24.875, 19.75, 9.5],
			"rotation": {"angle": 0, "axis": "y", "origin": [16, -5, 15.5]},
			"faces": {
				"east": {"uv": [0, 0, 16, 16], "texture": "#13"},
				"west": {"uv": [0, 0, 16, 16], "texture": "#13"}
			}
		},
		{
			"from": [-9, 23.75, 8.5],
			"to": [-4.5, 28.4191, 10],
			"rotation": {"angle": 0, "axis": "z", "origin": [8, 11.1147, 3.5]},
			"faces": {
				"north": {"uv": [1, 0, 0, 4], "texture": "#4"},
				"east": {"uv": [16, 0, 0, 4], "texture": "#6"},
				"west": {"uv": [16, 0, 0, 4], "texture": "#4"},
				"up": {"uv": [0, 0, 1, 1.5], "texture": "#4"}
			}
		},
		{
			"from": [-9, 23.75, 5],
			"to": [25, 26.4191, 9],
			"rotation": {"angle": 0, "axis": "z", "origin": [8, 11.1147, 3.5]},
			"faces": {
				"east": {"uv": [16, 0, 0, 4], "texture": "#4"},
				"west": {"uv": [16, 0, 0, 4], "texture": "#4"},
				"up": {"uv": [0, 0, 1, 1.5], "texture": "#4"}
			}
		},
		{
			"from": [20.5, 23.75, 8.5],
			"to": [25, 28.4191, 10],
			"rotation": {"angle": 0, "axis": "z", "origin": [8, 11.1147, 3.5]},
			"faces": {
				"north": {"uv": [0, 0, 1, 4], "texture": "#4"},
				"east": {"uv": [0, 0, 16, 4], "texture": "#4"},
				"west": {"uv": [0, 0, 16, 4], "texture": "#6"},
				"up": {"uv": [1, 0, 0, 1.5], "texture": "#4"}
			}
		},
		{
			"from": [-9, -6, 0.5],
			"to": [25, -5, 27.5],
			"rotation": {"angle": 0, "axis": "z", "origin": [-7.93934, -5.35355, 10.5]},
			"faces": {
				"north": {"uv": [5, 3, 3, 5], "rotation": 90, "texture": "#7"},
				"east": {"uv": [0, 16, 1, 0], "rotation": 270, "texture": "#4"},
				"south": {"uv": [1, 0, 0, 4], "rotation": 270, "texture": "#6"},
				"west": {"uv": [0, 16, 1, 0], "rotation": 270, "texture": "#4"},
				"down": {"uv": [16, 0, 0, 4], "rotation": 270, "texture": "#4"}
			}
		},
		{
			"name": "hexadecagon",
			"from": [17.80652, -10.80652, -3.5],
			"to": [20.19348, -9.80652, 27.5],
			"rotation": {"angle": 22.5, "axis": "z", "origin": [19, -4.80652, 29]},
			"faces": {
				"north": {"uv": [0, 0, 16, 16], "texture": "#4"},
				"south": {"uv": [0, 0, 16, 16], "texture": "#4"},
				"west": {"uv": [0, 0, 16, 16], "texture": "#4"},
				"up": {"uv": [0, 0, 16, 16], "texture": "#4"},
				"down": {"uv": [0, 0, 16, 16], "texture": "#4"}
			}
		},
		{
			"name": "hexadecagon",
			"from": [24, -6, -3.5],
			"to": [25, -3.61306, 27.5],
			"rotation": {"angle": -22.5, "axis": "z", "origin": [19, -4.80652, 29]},
			"faces": {
				"north": {"uv": [0, 0, 16, 16], "texture": "#4"},
				"east": {"uv": [0, 0, 16, 16], "texture": "#4"},
				"south": {"uv": [0, 0, 16, 16], "texture": "#4"},
				"west": {"uv": [0, 0, 16, 16], "texture": "#4"},
				"up": {"uv": [0, 0, 16, 16], "texture": "#4"}
			}
		},
		{
			"name": "hexadecagon",
			"from": [17.80652, -10.80652, -3.5],
			"to": [20.19348, -9.80652, 27.5],
			"rotation": {"angle": 45, "axis": "z", "origin": [19, -4.80652, 29]},
			"faces": {
				"north": {"uv": [0, 0, 16, 16], "texture": "#4"},
				"south": {"uv": [0, 0, 16, 16], "texture": "#4"},
				"up": {"uv": [0, 0, 16, 16], "texture": "#4"},
				"down": {"uv": [0, 0, 16, 16], "texture": "#4"}
			}
		},
		{
			"name": "hexadecagon",
			"from": [-4.19348, -10.80652, -3.5],
			"to": [-1.80652, -9.80652, 27.5],
			"rotation": {"angle": -45, "axis": "z", "origin": [-3, -4.80652, 29]},
			"faces": {
				"north": {"uv": [0, 0, 16, 16], "texture": "#4"},
				"south": {"uv": [0, 0, 16, 16], "texture": "#4"},
				"up": {"uv": [0, 0, 16, 16], "texture": "#4"},
				"down": {"uv": [0, 0, 16, 16], "texture": "#4"}
			}
		},
		{
			"name": "hexadecagon",
			"from": [-9, -6, -3.5],
			"to": [-8, -3.61306, 27.5],
			"rotation": {"angle": 22.5, "axis": "z", "origin": [-3, -4.80652, 29]},
			"faces": {
				"north": {"uv": [0, 0, 16, 16], "texture": "#4"},
				"east": {"uv": [0, 0, 16, 16], "texture": "#4"},
				"south": {"uv": [0, 0, 16, 16], "texture": "#4"},
				"west": {"uv": [0, 0, 16, 16], "texture": "#4"},
				"up": {"uv": [0, 0, 16, 16], "texture": "#4"}
			}
		},
		{
			"name": "hexadecagon",
			"from": [-4.19348, -10.80652, -3.5],
			"to": [-1.80652, -9.80652, 27.5],
			"rotation": {"angle": -22.5, "axis": "z", "origin": [-3, -4.80652, 29]},
			"faces": {
				"north": {"uv": [0, 0, 16, 16], "texture": "#4"},
				"east": {"uv": [0, 0, 16, 16], "texture": "#4"},
				"south": {"uv": [0, 0, 16, 16], "texture": "#4"},
				"up": {"uv": [0, 0, 16, 16], "texture": "#4"},
				"down": {"uv": [0, 0, 16, 16], "texture": "#4"}
			}
		},
		{
			"from": [-8.5, -5, -0.5],
			"to": [24.5, -4, 12],
			"rotation": {"angle": 0, "axis": "y", "origin": [8, 11.1147, -4.5]},
			"faces": {
				"north": {"uv": [3, 3, 13, 13], "texture": "#7"},
				"up": {"uv": [0, 16, 14, 0], "texture": "#6"}
			}
		},
		{
			"from": [3.5, 1.9, 4.97444],
			"to": [12.5, 3.1, 10.57444],
			"rotation": {"angle": 0, "axis": "y", "origin": [8, 5.3, 8.99944]},
			"faces": {
				"north": {"uv": [8, 0, 0, 6], "texture": "#7"},
				"east": {"uv": [16, 13, 0, 16], "texture": "#7"},
				"west": {"uv": [16, 13, 0, 16], "texture": "#7"},
				"up": {"uv": [16, 0, 0, 16], "rotation": 90, "texture": "#7"},
				"down": {"uv": [16, 0, 0, 16], "rotation": 270, "texture": "#7"}
			}
		},
		{
			"from": [3.5, 3.1, 9.87444],
			"to": [12.5, 13.1, 10.57444],
			"rotation": {"angle": 0, "axis": "y", "origin": [8, 5.3, 8.99944]},
			"faces": {
				"north": {"uv": [16, 0, 0, 16], "texture": "#7"},
				"east": {"uv": [1, 0, 0, 8], "texture": "#7"},
				"west": {"uv": [1, 0, 0, 8], "texture": "#7"},
				"up": {"uv": [1, 0, 0, 8], "rotation": 90, "texture": "#7"}
			}
		},
		{
			"from": [3.5, 2.74391, 8.97843],
			"to": [12.5, 7.64391, 9.67843],
			"rotation": {"angle": 22.5, "axis": "x", "origin": [8, 5.3, 8.99944]},
			"faces": {
				"north": {"uv": [16, 7, 0, 16], "texture": "#7"},
				"east": {"uv": [1, 0, 0, 7], "texture": "#7"},
				"south": {"uv": [16, 0, 0, 16], "texture": "#7"},
				"west": {"uv": [1, 0, 0, 7], "texture": "#7"}
			}
		},
		{
			"name": "grabpole",
			"from": [3, 20, 11.5],
			"to": [4, 21, 27.5],
			"rotation": {"angle": 0, "axis": "y", "origin": [8, 18.5, 10.5]},
			"faces": {
				"east": {"uv": [0, 0, 1, 1], "texture": "#7"},
				"south": {"uv": [0, 0, 1, 1], "texture": "#7"},
				"west": {"uv": [0, 0, 1, 1], "texture": "#7"},
				"up": {"uv": [0, 0, 1, 1], "texture": "#7"},
				"down": {"uv": [0, 0, 1, 1], "texture": "#7"}
			}
		},
		{
			"name": "grabpole",
			"from": [12, 20, 11.5],
			"to": [13, 21, 27.5],
			"rotation": {"angle": 0, "axis": "y", "origin": [8, 18.5, 10.5]},
			"faces": {
				"east": {"uv": [0, 0, 1, 1], "texture": "#7"},
				"south": {"uv": [0, 0, 1, 1], "texture": "#7"},
				"west": {"uv": [0, 0, 1, 1], "texture": "#7"},
				"up": {"uv": [0, 0, 1, 1], "texture": "#7"},
				"down": {"uv": [0, 0, 1, 1], "texture": "#7"}
			}
		},
		{
			"name": "grabpole",
			"from": [-7.5, -4, 23],
			"to": [-6.5, 23.5, 24],
			"rotation": {"angle": 0, "axis": "y", "origin": [-2.5, 13, 21.5]},
			"faces": {
				"north": {"uv": [1, 1, 0, 0], "rotation": 180, "texture": "#7"},
				"east": {"uv": [0, 0, 1, 1], "rotation": 90, "texture": "#7"},
				"south": {"uv": [1, 1, 0, 0], "texture": "#7"},
				"west": {"uv": [0, 0, 1, 1], "rotation": 270, "texture": "#7"}
			}
		},
		{
			"name": "grabpole",
			"from": [22.5, -4, 23],
			"to": [23.5, 23.5, 24],
			"rotation": {"angle": 0, "axis": "y", "origin": [18.5, 13, 21.5]},
			"faces": {
				"north": {"uv": [0, 0, 1, 1], "rotation": 180, "texture": "#7"},
				"east": {"uv": [0, 0, 1, 1], "rotation": 270, "texture": "#7"},
				"south": {"uv": [0, 0, 1, 1], "texture": "#7"},
				"west": {"uv": [0, 0, 1, 1], "rotation": 90, "texture": "#7"}
			}
		},
		{
			"name": "hexadecagon",
			"from": [-5.68494, 26.36613, 10],
			"to": [-3.43494, 27.36613, 27.5],
			"rotation": {"angle": 45, "axis": "z", "origin": [-5.28712, 23.86613, 10.5]},
			"faces": {
				"north": {"uv": [3, 4, 4, 3], "texture": "#4"},
				"east": {"uv": [3, 4, 4, 3], "texture": "#4"},
				"south": {"uv": [3, 4, 4, 3], "texture": "#4"},
				"west": {"uv": [3, 4, 4, 3], "texture": "#4"},
				"up": {"uv": [3, 4, 4, 3], "texture": "#4"},
				"down": {"uv": [3, 4, 4, 3], "texture": "#4"}
			}
		},
		{
			"name": "hexadecagon",
			"from": [-6.29124, 23.59099, 10],
			"to": [-4.29124, 27.84099, 27.5],
			"rotation": {"angle": 22.5, "axis": "z", "origin": [-5.89342, 27.34099, 10.5]},
			"faces": {
				"north": {"uv": [3, 4, 4, 3], "texture": "#4"},
				"east": {"uv": [3, 4, 4, 3], "texture": "#4"},
				"south": {"uv": [3, 4, 4, 3], "texture": "#4"},
				"west": {"uv": [3, 4, 4, 3], "texture": "#4"},
				"up": {"uv": [3, 4, 4, 3], "texture": "#4"}
			}
		},
		{
			"from": [-8.4162, 23.43496, 10],
			"to": [-7.4162, 25.93496, 27.5],
			"rotation": {"angle": -22.5, "axis": "z", "origin": [-7.9162, 25.05996, 10.5]},
			"faces": {
				"north": {"uv": [0, 0, 1, 16], "texture": "#4"},
				"east": {"uv": [0, 0, 1, 16], "texture": "#4"},
				"south": {"uv": [0, 0, 1, 16], "texture": "#4"},
				"west": {"uv": [0, 0, 1, 16], "texture": "#4"}
			}
		},
		{
			"name": "hexadecagon",
			"from": [19.43494, 26.36613, 10],
			"to": [21.68494, 27.36613, 27.5],
			"rotation": {"angle": -45, "axis": "z", "origin": [21.28712, 23.86613, 10.5]},
			"faces": {
				"north": {"uv": [4, 4, 3, 3], "texture": "#4"},
				"east": {"uv": [4, 4, 3, 3], "texture": "#4"},
				"south": {"uv": [4, 4, 3, 3], "texture": "#4"},
				"west": {"uv": [4, 4, 3, 3], "texture": "#4"},
				"up": {"uv": [4, 4, 3, 3], "texture": "#4"},
				"down": {"uv": [4, 4, 3, 3], "texture": "#4"}
			}
		},
		{
			"name": "hexadecagon",
			"from": [20.29124, 23.59099, 10],
			"to": [22.29124, 27.84099, 27.5],
			"rotation": {"angle": -22.5, "axis": "z", "origin": [21.89342, 27.34099, 10.5]},
			"faces": {
				"north": {"uv": [4, 4, 3, 3], "texture": "#4"},
				"east": {"uv": [4, 4, 3, 3], "texture": "#4"},
				"south": {"uv": [4, 4, 3, 3], "texture": "#4"},
				"west": {"uv": [4, 4, 3, 3], "texture": "#4"},
				"up": {"uv": [4, 4, 3, 3], "texture": "#4"}
			}
		},
		{
			"from": [23.4162, 23.43496, 10],
			"to": [24.4162, 25.93496, 27.5],
			"rotation": {"angle": 22.5, "axis": "z", "origin": [23.9162, 25.05996, 10.5]},
			"faces": {
				"north": {"uv": [1, 0, 0, 16], "texture": "#4"},
				"east": {"uv": [1, 0, 0, 16], "texture": "#4"},
				"south": {"uv": [1, 0, 0, 16], "texture": "#4"},
				"west": {"uv": [1, 0, 0, 16], "texture": "#4"}
			}
		},
		{
			"from": [24, 15.95297, 6.68469],
			"to": [25, 21.45297, 10.68469],
			"rotation": {"angle": -45, "axis": "x", "origin": [-13, 14.65892, 2.18469]},
			"faces": {
				"east": {"uv": [13, 3, 3, 13], "texture": "#7"},
				"west": {"uv": [13, 3, 3, 13], "texture": "#6"},
				"up": {"uv": [13, 3, 3, 13], "texture": "#7"}
			}
		},
		{
			"from": [-7, 4.69207, -2.208],
			"to": [-6, 12.69207, -1.208],
			"rotation": {"angle": 22.5, "axis": "x", "origin": [29, 12.19207, 3.58663]},
			"faces": {
				"north": {"uv": [3, 3, 13, 13], "rotation": 180, "texture": "#7"},
				"east": {"uv": [3, 3, 13, 13], "rotation": 180, "texture": "#7"},
				"south": {"uv": [3, 3, 13, 13], "rotation": 180, "texture": "#7"},
				"west": {"uv": [3, 3, 13, 13], "rotation": 180, "texture": "#7"},
				"down": {"uv": [3, 3, 13, 13], "rotation": 180, "texture": "#7"}
			}
		},
		{
			"from": [-8, 4.69207, -1.208],
			"to": [-7, 8.69207, -0.208],
			"rotation": {"angle": 22.5, "axis": "x", "origin": [29, 12.19207, 3.58663]},
			"faces": {
				"north": {"uv": [3, 3, 13, 13], "rotation": 180, "texture": "#7"},
				"east": {"uv": [3, 3, 13, 13], "rotation": 180, "texture": "#7"},
				"west": {"uv": [3, 3, 13, 13], "rotation": 180, "texture": "#7"},
				"down": {"uv": [3, 3, 13, 13], "rotation": 180, "texture": "#7"}
			}
		},
		{
			"from": [-7, -0.30793, -1.208],
			"to": [-6, 4.69207, -0.208],
			"rotation": {"angle": 22.5, "axis": "x", "origin": [29, 12.19207, 3.58663]},
			"faces": {
				"north": {"uv": [3, 3, 13, 13], "rotation": 180, "texture": "#7"},
				"east": {"uv": [3, 3, 13, 13], "rotation": 180, "texture": "#7"},
				"south": {"uv": [3, 3, 13, 13], "rotation": 180, "texture": "#7"},
				"west": {"uv": [3, 3, 13, 13], "rotation": 180, "texture": "#7"},
				"up": {"uv": [3, 3, 13, 13], "rotation": 180, "texture": "#7"},
				"down": {"uv": [3, 3, 13, 13], "rotation": 180, "texture": "#7"}
			}
		},
		{
			"from": [-8, -0.30793, -0.208],
			"to": [-7, 4.69207, 0.792],
			"rotation": {"angle": 22.5, "axis": "x", "origin": [29, 12.19207, 3.58663]},
			"faces": {
				"north": {"uv": [3, 3, 13, 13], "rotation": 180, "texture": "#7"},
				"east": {"uv": [3, 3, 13, 13], "rotation": 180, "texture": "#7"},
				"west": {"uv": [3, 3, 13, 13], "rotation": 180, "texture": "#7"},
				"down": {"uv": [3, 3, 13, 13], "rotation": 180, "texture": "#7"}
			}
		},
		{
			"from": [-9, -0.30793, 0.792],
			"to": [-7, 4.69207, 3.292],
			"rotation": {"angle": 22.5, "axis": "x", "origin": [29, 12.19207, 3.58663]},
			"faces": {
				"north": {"uv": [3, 3, 13, 13], "rotation": 180, "texture": "#7"},
				"east": {"uv": [3, 3, 13, 13], "rotation": 180, "texture": "#7"},
				"west": {"uv": [3, 3, 13, 13], "rotation": 180, "texture": "#7"},
				"down": {"uv": [3, 3, 13, 13], "rotation": 180, "texture": "#7"}
			}
		},
		{
			"from": [22, 12.69207, -3.208],
			"to": [24, 16.69207, -1.208],
			"rotation": {"angle": 22.5, "axis": "x", "origin": [-13, 12.19207, 3.58663]},
			"faces": {
				"south": {"uv": [13, 3, 3, 13], "rotation": 180, "texture": "#7"},
				"west": {"uv": [13, 3, 3, 13], "rotation": 180, "texture": "#7"},
				"up": {"uv": [13, 3, 3, 13], "rotation": 180, "texture": "#7"},
				"down": {"uv": [13, 3, 3, 13], "rotation": 180, "texture": "#7"}
			}
		},
		{
			"from": [-9, 4.69207, -0.208],
			"to": [-7, 8.69207, 1.792],
			"rotation": {"angle": 22.5, "axis": "x", "origin": [29, 12.19207, 3.58663]},
			"faces": {
				"north": {"uv": [3, 3, 13, 13], "rotation": 180, "texture": "#7"},
				"east": {"uv": [3, 3, 13, 13], "rotation": 180, "texture": "#7"},
				"south": {"uv": [3, 3, 13, 13], "rotation": 180, "texture": "#7"},
				"west": {"uv": [3, 3, 13, 13], "rotation": 180, "texture": "#7"},
				"down": {"uv": [3, 3, 13, 13], "rotation": 180, "texture": "#7"}
			}
		},
		{
			"from": [22, 12.69207, -3.208],
			"to": [24, 16.69207, -2.208],
			"rotation": {"angle": 22.5, "axis": "x", "origin": [-13, 12.19207, 3.58663]},
			"faces": {
				"north": {"uv": [13, 3, 3, 13], "rotation": 180, "texture": "#7"}
			}
		},
		{
			"from": [-5, 1.69207, -3.208],
			"to": [-3, 4.69207, -2.208],
			"rotation": {"angle": 22.5, "axis": "x", "origin": [29, 12.19207, 3.58663]},
			"faces": {
				"north": {"uv": [3, 3, 13, 13], "rotation": 180, "texture": "#7"},
				"east": {"uv": [3, 3, 13, 13], "rotation": 180, "texture": "#7"},
				"south": {"uv": [3, 3, 13, 13], "rotation": 180, "texture": "#7"},
				"west": {"uv": [3, 3, 13, 13], "rotation": 180, "texture": "#7"},
				"up": {"uv": [3, 3, 13, 13], "rotation": 180, "texture": "#7"},
				"down": {"uv": [3, 3, 13, 13], "rotation": 180, "texture": "#7"}
			}
		},
		{
			"from": [-6, -0.30793, -2.208],
			"to": [-4, 4.69207, -1.208],
			"rotation": {"angle": 22.5, "axis": "x", "origin": [29, 12.19207, 3.58663]},
			"faces": {
				"north": {"uv": [3, 3, 13, 13], "rotation": 180, "texture": "#7"},
				"east": {"uv": [3, 3, 13, 13], "rotation": 180, "texture": "#7"},
				"south": {"uv": [3, 3, 13, 13], "rotation": 180, "texture": "#7"},
				"west": {"uv": [3, 3, 13, 13], "rotation": 180, "texture": "#7"},
				"up": {"uv": [3, 3, 13, 13], "rotation": 180, "texture": "#7"},
				"down": {"uv": [3, 3, 13, 13], "rotation": 180, "texture": "#7"}
			}
		},
		{
			"from": [-5, -2.30793, -2.208],
			"to": [-3, -0.30793, -1.208],
			"rotation": {"angle": 22.5, "axis": "x", "origin": [29, 12.19207, 3.58663]},
			"faces": {
				"north": {"uv": [3, 3, 13, 13], "rotation": 180, "texture": "#7"},
				"east": {"uv": [3, 3, 13, 13], "rotation": 180, "texture": "#7"},
				"south": {"uv": [3, 3, 13, 13], "rotation": 180, "texture": "#7"},
				"west": {"uv": [3, 3, 13, 13], "rotation": 180, "texture": "#7"},
				"up": {"uv": [3, 3, 13, 13], "rotation": 180, "texture": "#7"},
				"down": {"uv": [3, 3, 13, 13], "rotation": 180, "texture": "#7"}
			}
		},
		{
			"from": [-8, -2.30793, 0.792],
			"to": [-7, -0.30793, 2.292],
			"rotation": {"angle": 22.5, "axis": "x", "origin": [29, 12.19207, 3.58663]},
			"faces": {
				"north": {"uv": [3, 3, 13, 13], "rotation": 180, "texture": "#7"},
				"east": {"uv": [3, 3, 13, 13], "rotation": 180, "texture": "#7"},
				"west": {"uv": [3, 3, 13, 13], "rotation": 180, "texture": "#7"},
				"down": {"uv": [3, 3, 13, 13], "rotation": 180, "texture": "#7"}
			}
		},
		{
			"from": [-6, -2.30793, -1.208],
			"to": [-5, -0.30793, -0.208],
			"rotation": {"angle": 22.5, "axis": "x", "origin": [29, 12.19207, 3.58663]},
			"faces": {
				"north": {"uv": [3, 3, 13, 13], "rotation": 180, "texture": "#7"},
				"east": {"uv": [3, 3, 13, 13], "rotation": 180, "texture": "#7"},
				"south": {"uv": [3, 3, 13, 13], "rotation": 180, "texture": "#7"},
				"west": {"uv": [3, 3, 13, 13], "rotation": 180, "texture": "#7"},
				"up": {"uv": [3, 3, 13, 13], "rotation": 180, "texture": "#7"},
				"down": {"uv": [3, 3, 13, 13], "rotation": 180, "texture": "#7"}
			}
		},
		{
			"from": [-7, -2.30793, -0.208],
			"to": [-6, -0.30793, 0.792],
			"rotation": {"angle": 22.5, "axis": "x", "origin": [29, 12.19207, 3.58663]},
			"faces": {
				"north": {"uv": [3, 3, 13, 13], "rotation": 180, "texture": "#7"},
				"east": {"uv": [3, 3, 13, 13], "rotation": 180, "texture": "#7"},
				"south": {"uv": [3, 3, 13, 13], "rotation": 180, "texture": "#7"},
				"west": {"uv": [3, 3, 13, 13], "rotation": 180, "texture": "#7"},
				"up": {"uv": [3, 3, 13, 13], "rotation": 180, "texture": "#7"},
				"down": {"uv": [3, 3, 13, 13], "rotation": 180, "texture": "#7"}
			}
		},
		{
			"from": [-5, -7.30793, -1.208],
			"to": [-3, -2.30793, 3.792],
			"rotation": {"angle": 22.5, "axis": "x", "origin": [29, 12.19207, 3.58663]},
			"faces": {
				"north": {"uv": [3, 3, 13, 13], "rotation": 180, "texture": "#7"},
				"south": {"uv": [3, 3, 13, 13], "rotation": 180, "texture": "#7"},
				"west": {"uv": [3, 3, 13, 13], "rotation": 180, "texture": "#7"},
				"up": {"uv": [3, 3, 13, 13], "rotation": 180, "texture": "#7"},
				"down": {"uv": [3, 3, 13, 13], "rotation": 180, "texture": "#7"}
			}
		},
		{
			"from": [-8, -7.30793, 1.792],
			"to": [-7, -2.30793, 3.792],
			"rotation": {"angle": 22.5, "axis": "x", "origin": [29, 12.19207, 3.58663]},
			"faces": {
				"north": {"uv": [3, 3, 13, 13], "rotation": 180, "texture": "#7"},
				"south": {"uv": [3, 3, 13, 13], "rotation": 180, "texture": "#7"},
				"west": {"uv": [3, 3, 13, 13], "rotation": 180, "texture": "#7"},
				"down": {"uv": [3, 3, 13, 13], "rotation": 180, "texture": "#7"}
			}
		},
		{
			"from": [-6, -7.30793, -0.208],
			"to": [-5, -2.30793, 3.792],
			"rotation": {"angle": 22.5, "axis": "x", "origin": [29, 12.19207, 3.58663]},
			"faces": {
				"north": {"uv": [3, 3, 13, 13], "rotation": 180, "texture": "#7"},
				"south": {"uv": [3, 3, 13, 13], "rotation": 180, "texture": "#7"},
				"west": {"uv": [3, 3, 13, 13], "rotation": 180, "texture": "#7"},
				"up": {"uv": [3, 3, 13, 13], "rotation": 180, "texture": "#7"},
				"down": {"uv": [3, 3, 13, 13], "rotation": 180, "texture": "#7"}
			}
		},
		{
			"from": [-7, -7.30793, 0.792],
			"to": [-6, -2.30793, 3.792],
			"rotation": {"angle": 22.5, "axis": "x", "origin": [29, 12.19207, 3.58663]},
			"faces": {
				"north": {"uv": [3, 3, 13, 13], "rotation": 180, "texture": "#7"},
				"south": {"uv": [3, 3, 13, 13], "rotation": 180, "texture": "#7"},
				"west": {"uv": [3, 3, 13, 13], "rotation": 180, "texture": "#7"},
				"up": {"uv": [3, 3, 13, 13], "rotation": 180, "texture": "#7"},
				"down": {"uv": [3, 3, 13, 13], "rotation": 180, "texture": "#7"}
			}
		},
		{
			"from": [19, -7.30793, -1.208],
			"to": [21, -2.30793, 3.792],
			"rotation": {"angle": 22.5, "axis": "x", "origin": [-13, 12.19207, 3.58663]},
			"faces": {
				"north": {"uv": [13, 3, 3, 13], "rotation": 180, "texture": "#7"},
				"east": {"uv": [13, 3, 3, 13], "rotation": 180, "texture": "#7"},
				"south": {"uv": [13, 3, 3, 13], "rotation": 180, "texture": "#7"},
				"up": {"uv": [13, 3, 3, 13], "rotation": 180, "texture": "#7"},
				"down": {"uv": [13, 3, 3, 13], "rotation": 180, "texture": "#7"}
			}
		},
		{
			"from": [23, -7.30793, 1.792],
			"to": [24, -2.30793, 3.792],
			"rotation": {"angle": 22.5, "axis": "x", "origin": [-13, 12.19207, 3.58663]},
			"faces": {
				"north": {"uv": [13, 3, 3, 13], "rotation": 180, "texture": "#7"},
				"east": {"uv": [13, 3, 3, 13], "rotation": 180, "texture": "#7"},
				"south": {"uv": [13, 3, 3, 13], "rotation": 180, "texture": "#7"},
				"down": {"uv": [13, 3, 3, 13], "rotation": 180, "texture": "#7"}
			}
		},
		{
			"from": [21, -7.30793, -0.208],
			"to": [22, -2.30793, 3.792],
			"rotation": {"angle": 22.5, "axis": "x", "origin": [-13, 12.19207, 3.58663]},
			"faces": {
				"north": {"uv": [13, 3, 3, 13], "rotation": 180, "texture": "#7"},
				"east": {"uv": [13, 3, 3, 13], "rotation": 180, "texture": "#7"},
				"south": {"uv": [13, 3, 3, 13], "rotation": 180, "texture": "#7"},
				"up": {"uv": [13, 3, 3, 13], "rotation": 180, "texture": "#7"},
				"down": {"uv": [13, 3, 3, 13], "rotation": 180, "texture": "#7"}
			}
		},
		{
			"from": [22, -7.30793, 0.792],
			"to": [23, -2.30793, 3.792],
			"rotation": {"angle": 22.5, "axis": "x", "origin": [-13, 12.19207, 3.58663]},
			"faces": {
				"north": {"uv": [13, 3, 3, 13], "rotation": 180, "texture": "#7"},
				"east": {"uv": [13, 3, 3, 13], "rotation": 180, "texture": "#7"},
				"south": {"uv": [13, 3, 3, 13], "rotation": 180, "texture": "#7"},
				"up": {"uv": [13, 3, 3, 13], "rotation": 180, "texture": "#7"},
				"down": {"uv": [13, 3, 3, 13], "rotation": 180, "texture": "#7"}
			}
		},
		{
			"from": [-2, 7.94207, -3.20742],
			"to": [18, 20.69207, -2.20742],
			"rotation": {"angle": 22.5, "axis": "x", "origin": [-12, 12.19207, 3.58663]},
			"faces": {
				"north": {"uv": [0, 1, 16, 13.75], "rotation": 180, "texture": "#particle"},
				"south": {"uv": [1, 1, 15, 15], "texture": "#13"},
				"down": {"uv": [16, 0, 0, 16], "rotation": 180, "texture": "#4"}
			}
		},
		{
			"from": [2, 7.86295, -4.06038],
			"to": [14, 10.86295, -3.36038],
			"rotation": {"angle": 0, "axis": "x", "origin": [8, 9.36295, -5.43538]},
			"faces": {
				"north": {"uv": [8, 7, 9, 8], "rotation": 90, "texture": "#21"},
				"south": {"uv": [0, 0, 16, 16], "texture": "#4"}
			}
		},
		{
			"name": "headlight",
			"from": [9, 23.5, 1.5],
			"to": [11, 25.5, 3.5],
			"rotation": {"angle": 0, "axis": "x", "origin": [8, 24.5, 2.5]},
			"faces": {
				"north": {"uv": [7, 6, 9, 8], "rotation": 90, "texture": "#15"},
				"east": {"uv": [7, 6, 9, 8], "rotation": 90, "texture": "#11"},
				"south": {"uv": [7, 6, 9, 8], "rotation": 90, "texture": "#11"},
				"west": {"uv": [7, 6, 9, 8], "rotation": 90, "texture": "#11"},
				"up": {"uv": [7, 6, 9, 8], "rotation": 90, "texture": "#11"},
				"down": {"uv": [7, 6, 9, 8], "rotation": 90, "texture": "#11"}
			}
		},
		{
			"name": "headlight",
			"from": [5, 23.5, 1.5],
			"to": [7, 25.5, 3.5],
			"rotation": {"angle": 0, "axis": "x", "origin": [8, 24.5, 2.5]},
			"faces": {
				"north": {"uv": [7, 6, 9, 8], "rotation": 90, "texture": "#15"},
				"east": {"uv": [7, 6, 9, 8], "rotation": 90, "texture": "#11"},
				"south": {"uv": [7, 6, 9, 8], "rotation": 90, "texture": "#11"},
				"west": {"uv": [7, 6, 9, 8], "rotation": 90, "texture": "#11"},
				"up": {"uv": [7, 6, 9, 8], "rotation": 90, "texture": "#11"},
				"down": {"uv": [7, 6, 9, 8], "rotation": 90, "texture": "#11"}
			}
		},
		{
			"from": [2, 7.36295, -5.56038],
			"to": [14, 7.86295, -3.36038],
			"rotation": {"angle": 0, "axis": "x", "origin": [8, 9.36295, -5.43538]},
			"faces": {
				"east": {"uv": [0, 16, 16, 0], "rotation": 270, "texture": "#4"},
				"west": {"uv": [0, 16, 16, 0], "rotation": 90, "texture": "#4"},
				"up": {"uv": [16, 0, 0, 16], "texture": "#4"},
				"down": {"uv": [16, 0, 0, 16], "rotation": 180, "texture": "#4"}
			}
		},
		{
			"from": [1.5, 7.36295, -4.56038],
			"to": [2, 9.86295, -3.36038],
			"rotation": {"angle": 0, "axis": "x", "origin": [8, 9.36295, -5.43538]},
			"faces": {
				"east": {"uv": [0, 16, 16, 0], "rotation": 270, "texture": "#4"},
				"west": {"uv": [0, 16, 16, 0], "rotation": 90, "texture": "#4"},
				"down": {"uv": [16, 0, 0, 16], "rotation": 180, "texture": "#4"}
			}
		},
		{
			"from": [1.5, 8.36295, -4.06038],
			"to": [2, 10.86295, -3.36038],
			"rotation": {"angle": 0, "axis": "x", "origin": [8, 9.36295, -5.43538]},
			"faces": {
				"south": {"uv": [0, 0, 16, 16], "texture": "#4"},
				"west": {"uv": [0, 16, 16, 0], "rotation": 90, "texture": "#4"}
			}
		},
		{
			"from": [-5, 4.69207, -3.207],
			"to": [-2, 12.69207, -2.207],
			"rotation": {"angle": 22.5, "axis": "x", "origin": [-12, 12.19207, 3.58663]},
			"faces": {
				"north": {"uv": [1, 0, 0, 1], "rotation": 180, "texture": "#8"},
				"south": {"uv": [16, 0, 0, 16], "texture": "#4"},
				"west": {"uv": [0, 16, 16, 0], "rotation": 90, "texture": "#4"}
			}
		},
		{
			"from": [-2, 4.69207, -3.207],
			"to": [2, 7.94207, -2.207],
			"rotation": {"angle": 22.5, "axis": "x", "origin": [-12, 12.19207, 3.58663]},
			"faces": {
				"north": {"uv": [1, 0, 0, 1], "rotation": 180, "texture": "#8"},
				"east": {"uv": [0, 16, 16, 0], "rotation": 270, "texture": "#4"},
				"south": {"uv": [16, 0, 0, 16], "texture": "#4"}
			}
		},
		{
			"from": [14, 4.69207, -3.207],
			"to": [18, 7.94207, -2.207],
			"rotation": {"angle": 22.5, "axis": "x", "origin": [28, 12.19207, 3.58663]},
			"faces": {
				"north": {"uv": [0, 0, 1, 1], "rotation": 180, "texture": "#8"},
				"south": {"uv": [0, 0, 16, 16], "texture": "#4"},
				"west": {"uv": [0, 0, 16, 16], "rotation": 270, "texture": "#4"}
			}
		},
		{
			"from": [-7, 12.69207, -3.207],
			"to": [-2, 20.69207, -2.207],
			"rotation": {"angle": 22.5, "axis": "x", "origin": [-12, 12.19207, 3.58663]},
			"faces": {
				"north": {"uv": [1, 0, 0, 1], "rotation": 180, "texture": "#8"},
				"south": {"uv": [16, 0, 0, 16], "texture": "#4"},
				"down": {"uv": [16, 0, 0, 16], "rotation": 180, "texture": "#4"}
			}
		},
		{
			"from": [14, 8.36295, -4.06038],
			"to": [14.5, 10.86295, -3.36038],
			"rotation": {"angle": 0, "axis": "x", "origin": [8, 9.36295, -5.43538]},
			"faces": {
				"east": {"uv": [0, 0, 16, 16], "rotation": 90, "texture": "#4"},
				"south": {"uv": [16, 0, 0, 16], "texture": "#4"}
			}
		},
		{
			"from": [14, 7.36295, -4.56038],
			"to": [14.5, 9.86295, -3.36038],
			"rotation": {"angle": 0, "axis": "x", "origin": [8, 9.36295, -5.43538]},
			"faces": {
				"east": {"uv": [0, 0, 16, 16], "rotation": 90, "texture": "#4"},
				"west": {"uv": [0, 0, 16, 16], "rotation": 270, "texture": "#4"},
				"down": {"uv": [0, 0, 16, 16], "rotation": 180, "texture": "#4"}
			}
		},
		{
			"from": [23, 16.69207, -3.208],
			"to": [25, 20.69207, 1.792],
			"rotation": {"angle": 22.5, "axis": "x", "origin": [-13, 12.19207, 3.58663]},
			"faces": {
				"north": {"uv": [13, 3, 3, 13], "rotation": 180, "texture": "#7"},
				"east": {"uv": [13, 3, 3, 13], "rotation": 180, "texture": "#7"},
				"south": {"uv": [13, 3, 3, 13], "rotation": 180, "texture": "#7"},
				"west": {"uv": [13, 3, 3, 13], "rotation": 180, "texture": "#7"},
				"up": {"uv": [13, 3, 3, 13], "rotation": 180, "texture": "#7"},
				"down": {"uv": [13, 3, 3, 13], "rotation": 180, "texture": "#7"}
			}
		},
		{
			"from": [23, 8.69207, -2.208],
			"to": [24, 12.69207, -1.208],
			"rotation": {"angle": 22.5, "axis": "x", "origin": [-13, 12.19207, 3.58663]},
			"faces": {
				"north": {"uv": [13, 3, 3, 13], "rotation": 180, "texture": "#7"},
				"east": {"uv": [13, 3, 3, 13], "rotation": 180, "texture": "#7"},
				"down": {"uv": [13, 3, 3, 13], "rotation": 180, "texture": "#7"}
			}
		},
		{
			"from": [22, 4.69207, -2.208],
			"to": [23, 12.69207, -1.208],
			"rotation": {"angle": 22.5, "axis": "x", "origin": [-13, 12.19207, 3.58663]},
			"faces": {
				"north": {"uv": [13, 3, 3, 13], "rotation": 180, "texture": "#7"},
				"east": {"uv": [13, 3, 3, 13], "rotation": 180, "texture": "#7"},
				"south": {"uv": [13, 3, 3, 13], "rotation": 180, "texture": "#7"},
				"west": {"uv": [13, 3, 3, 13], "rotation": 180, "texture": "#7"},
				"down": {"uv": [13, 3, 3, 13], "rotation": 180, "texture": "#7"}
			}
		},
		{
			"from": [23, 4.69207, -1.208],
			"to": [24, 8.69207, -0.208],
			"rotation": {"angle": 22.5, "axis": "x", "origin": [-13, 12.19207, 3.58663]},
			"faces": {
				"north": {"uv": [13, 3, 3, 13], "rotation": 180, "texture": "#7"},
				"east": {"uv": [13, 3, 3, 13], "rotation": 180, "texture": "#7"},
				"west": {"uv": [13, 3, 3, 13], "rotation": 180, "texture": "#7"},
				"down": {"uv": [13, 3, 3, 13], "rotation": 180, "texture": "#7"}
			}
		},
		{
			"from": [20, 4.69207, -3.208],
			"to": [22, 8.69207, -2.208],
			"rotation": {"angle": 22.5, "axis": "x", "origin": [-13, 12.19207, 3.58663]},
			"faces": {
				"north": {"uv": [13, 3, 3, 13], "rotation": 180, "texture": "#7"},
				"east": {"uv": [13, 3, 3, 13], "rotation": 180, "texture": "#7"},
				"south": {"uv": [13, 3, 3, 13], "rotation": 180, "texture": "#7"},
				"west": {"uv": [13, 3, 3, 13], "rotation": 180, "texture": "#7"},
				"up": {"uv": [13, 3, 3, 13], "rotation": 180, "texture": "#7"},
				"down": {"uv": [13, 3, 3, 13], "rotation": 180, "texture": "#7"}
			}
		},
		{
			"from": [19, 1.69207, -3.208],
			"to": [21, 4.69207, -2.208],
			"rotation": {"angle": 22.5, "axis": "x", "origin": [-13, 12.19207, 3.58663]},
			"faces": {
				"north": {"uv": [13, 3, 3, 13], "rotation": 180, "texture": "#7"},
				"east": {"uv": [13, 3, 3, 13], "rotation": 180, "texture": "#7"},
				"south": {"uv": [13, 3, 3, 13], "rotation": 180, "texture": "#7"},
				"west": {"uv": [13, 3, 3, 13], "rotation": 180, "texture": "#7"},
				"up": {"uv": [13, 3, 3, 13], "rotation": 180, "texture": "#7"},
				"down": {"uv": [13, 3, 3, 13], "rotation": 180, "texture": "#7"}
			}
		},
		{
			"from": [18, -0.30793, -3.208],
			"to": [20, 1.69207, -2.208],
			"rotation": {"angle": 22.5, "axis": "x", "origin": [-13, 12.19207, 3.58663]},
			"faces": {
				"north": {"uv": [13, 3, 3, 13], "rotation": 180, "texture": "#7"},
				"east": {"uv": [13, 3, 3, 13], "rotation": 180, "texture": "#7"},
				"south": {"uv": [13, 3, 3, 13], "rotation": 180, "texture": "#7"},
				"west": {"uv": [13, 3, 3, 13], "rotation": 180, "texture": "#7"},
				"up": {"uv": [13, 3, 3, 13], "rotation": 180, "texture": "#7"},
				"down": {"uv": [13, 3, 3, 13], "rotation": 180, "texture": "#7"}
			}
		},
		{
			"from": [17, -2.30793, -3.208],
			"to": [19, -0.30793, -2.208],
			"rotation": {"angle": 22.5, "axis": "x", "origin": [-13, 12.19207, 3.58663]},
			"faces": {
				"north": {"uv": [13, 3, 3, 13], "rotation": 180, "texture": "#7"},
				"east": {"uv": [13, 3, 3, 13], "rotation": 180, "texture": "#7"},
				"south": {"uv": [13, 3, 3, 13], "rotation": 180, "texture": "#7"},
				"west": {"uv": [13, 3, 3, 13], "rotation": 180, "texture": "#7"},
				"up": {"uv": [13, 3, 3, 13], "rotation": 180, "texture": "#7"},
				"down": {"uv": [13, 3, 3, 13], "rotation": 180, "texture": "#7"}
			}
		},
		{
			"from": [16, -3.30793, -3.208],
			"to": [18, -1.30793, -2.208],
			"rotation": {"angle": 22.5, "axis": "x", "origin": [-13, 12.19207, 3.58663]},
			"faces": {
				"north": {"uv": [13, 3, 3, 13], "rotation": 180, "texture": "#7"},
				"east": {"uv": [13, 3, 3, 13], "rotation": 180, "texture": "#7"},
				"west": {"uv": [13, 3, 3, 13], "rotation": 180, "texture": "#7"},
				"up": {"uv": [13, 3, 3, 13], "rotation": 180, "texture": "#7"},
				"down": {"uv": [13, 3, 3, 13], "rotation": 180, "texture": "#7"}
			}
		},
		{
			"from": [14, -4.30793, -3.208],
			"to": [17, -2.30793, -2.208],
			"rotation": {"angle": 22.5, "axis": "x", "origin": [-13, 12.19207, 3.58663]},
			"faces": {
				"north": {"uv": [13, 3, 3, 13], "rotation": 180, "texture": "#7"},
				"east": {"uv": [13, 3, 3, 13], "rotation": 180, "texture": "#7"},
				"west": {"uv": [13, 3, 3, 13], "rotation": 180, "texture": "#7"},
				"up": {"uv": [13, 3, 3, 13], "rotation": 180, "texture": "#7"},
				"down": {"uv": [13, 3, 3, 13], "rotation": 180, "texture": "#7"}
			}
		},
		{
			"from": [11, -5.30793, -3.208],
			"to": [14, -3.30793, -2.208],
			"rotation": {"angle": 22.5, "axis": "x", "origin": [-13, 12.19207, 3.58663]},
			"faces": {
				"north": {"uv": [13, 3, 3, 13], "rotation": 180, "texture": "#7"},
				"east": {"uv": [13, 3, 3, 13], "rotation": 180, "texture": "#7"},
				"west": {"uv": [13, 3, 3, 13], "rotation": 180, "texture": "#7"},
				"up": {"uv": [13, 3, 3, 13], "rotation": 180, "texture": "#7"},
				"down": {"uv": [13, 3, 3, 13], "rotation": 180, "texture": "#7"}
			}
		},
		{
			"from": [5, -6.30793, -3.208],
			"to": [11, -4.30793, -2.208],
			"rotation": {"angle": 22.5, "axis": "x", "origin": [-13, 12.19207, 3.58663]},
			"faces": {
				"north": {"uv": [13, 3, 3, 13], "rotation": 180, "texture": "#7"},
				"east": {"uv": [13, 3, 3, 13], "rotation": 180, "texture": "#7"},
				"west": {"uv": [13, 3, 3, 13], "rotation": 180, "texture": "#7"},
				"up": {"uv": [13, 3, 3, 13], "rotation": 180, "texture": "#7"},
				"down": {"uv": [13, 3, 3, 13], "rotation": 180, "texture": "#7"}
			}
		},
		{
			"from": [-3, -7.30793, -2.208],
			"to": [19, -2.30793, 3.792],
			"rotation": {"angle": 22.5, "axis": "x", "origin": [-13, 12.19207, 3.58663]},
			"faces": {
				"north": {"uv": [13, 3, 3, 13], "rotation": 180, "texture": "#7"},
				"east": {"uv": [13, 3, 3, 13], "rotation": 180, "texture": "#7"},
				"south": {"uv": [13, 3, 3, 13], "rotation": 180, "texture": "#7"},
				"west": {"uv": [13, 3, 3, 13], "rotation": 180, "texture": "#7"},
				"up": {"uv": [13, 3, 3, 13], "rotation": 180, "texture": "#7"},
				"down": {"uv": [13, 3, 3, 13], "rotation": 180, "texture": "#7"}
			}
		},
		{
			"from": [2, -5.30793, -3.208],
			"to": [5, -3.30793, -2.208],
			"rotation": {"angle": 22.5, "axis": "x", "origin": [29, 12.19207, 3.58663]},
			"faces": {
				"north": {"uv": [3, 3, 13, 13], "rotation": 180, "texture": "#7"},
				"east": {"uv": [3, 3, 13, 13], "rotation": 180, "texture": "#7"},
				"west": {"uv": [3, 3, 13, 13], "rotation": 180, "texture": "#7"},
				"up": {"uv": [3, 3, 13, 13], "rotation": 180, "texture": "#7"},
				"down": {"uv": [3, 3, 13, 13], "rotation": 180, "texture": "#7"}
			}
		},
		{
			"from": [-1, -4.30793, -3.208],
			"to": [2, -2.30793, -2.208],
			"rotation": {"angle": 22.5, "axis": "x", "origin": [29, 12.19207, 3.58663]},
			"faces": {
				"north": {"uv": [3, 3, 13, 13], "rotation": 180, "texture": "#7"},
				"east": {"uv": [3, 3, 13, 13], "rotation": 180, "texture": "#7"},
				"west": {"uv": [3, 3, 13, 13], "rotation": 180, "texture": "#7"},
				"up": {"uv": [3, 3, 13, 13], "rotation": 180, "texture": "#7"},
				"down": {"uv": [3, 3, 13, 13], "rotation": 180, "texture": "#7"}
			}
		},
		{
			"from": [-2, -3.30793, -3.208],
			"to": [0, -1.30793, -2.208],
			"rotation": {"angle": 22.5, "axis": "x", "origin": [29, 12.19207, 3.58663]},
			"faces": {
				"north": {"uv": [3, 3, 13, 13], "rotation": 180, "texture": "#7"},
				"east": {"uv": [3, 3, 13, 13], "rotation": 180, "texture": "#7"},
				"west": {"uv": [3, 3, 13, 13], "rotation": 180, "texture": "#7"},
				"up": {"uv": [3, 3, 13, 13], "rotation": 180, "texture": "#7"},
				"down": {"uv": [3, 3, 13, 13], "rotation": 180, "texture": "#7"}
			}
		},
		{
			"from": [-3, -2.30793, -3.208],
			"to": [-1, -0.30793, -2.208],
			"rotation": {"angle": 22.5, "axis": "x", "origin": [29, 12.19207, 3.58663]},
			"faces": {
				"north": {"uv": [3, 3, 13, 13], "rotation": 180, "texture": "#7"},
				"east": {"uv": [3, 3, 13, 13], "rotation": 180, "texture": "#7"},
				"south": {"uv": [3, 3, 13, 13], "rotation": 180, "texture": "#7"},
				"west": {"uv": [3, 3, 13, 13], "rotation": 180, "texture": "#7"},
				"up": {"uv": [3, 3, 13, 13], "rotation": 180, "texture": "#7"},
				"down": {"uv": [3, 3, 13, 13], "rotation": 180, "texture": "#7"}
			}
		},
		{
			"from": [-4, -0.30793, -3.208],
			"to": [-2, 1.69207, -2.208],
			"rotation": {"angle": 22.5, "axis": "x", "origin": [29, 12.19207, 3.58663]},
			"faces": {
				"north": {"uv": [3, 3, 13, 13], "rotation": 180, "texture": "#7"},
				"east": {"uv": [3, 3, 13, 13], "rotation": 180, "texture": "#7"},
				"south": {"uv": [3, 3, 13, 13], "rotation": 180, "texture": "#7"},
				"west": {"uv": [3, 3, 13, 13], "rotation": 180, "texture": "#7"},
				"up": {"uv": [3, 3, 13, 13], "rotation": 180, "texture": "#7"},
				"down": {"uv": [3, 3, 13, 13], "rotation": 180, "texture": "#7"}
			}
		},
		{
			"from": [-6, 4.69207, -3.208],
			"to": [-4, 8.69207, -2.208],
			"rotation": {"angle": 22.5, "axis": "x", "origin": [29, 12.19207, 3.58663]},
			"faces": {
				"north": {"uv": [3, 3, 13, 13], "rotation": 180, "texture": "#7"},
				"east": {"uv": [3, 3, 13, 13], "rotation": 180, "texture": "#7"},
				"south": {"uv": [3, 3, 13, 13], "rotation": 180, "texture": "#7"},
				"west": {"uv": [3, 3, 13, 13], "rotation": 180, "texture": "#7"},
				"up": {"uv": [3, 3, 13, 13], "rotation": 180, "texture": "#7"},
				"down": {"uv": [3, 3, 13, 13], "rotation": 180, "texture": "#7"}
			}
		},
		{
			"from": [-7, 8.69207, -3.208],
			"to": [-5, 12.69207, -2.208],
			"rotation": {"angle": 22.5, "axis": "x", "origin": [29, 12.19207, 3.58663]},
			"faces": {
				"north": {"uv": [3, 3, 13, 13], "rotation": 180, "texture": "#7"},
				"east": {"uv": [3, 3, 13, 13], "rotation": 180, "texture": "#7"},
				"south": {"uv": [3, 3, 13, 13], "rotation": 180, "texture": "#7"},
				"west": {"uv": [3, 3, 13, 13], "rotation": 180, "texture": "#7"},
				"up": {"uv": [3, 3, 13, 13], "rotation": 180, "texture": "#7"},
				"down": {"uv": [3, 3, 13, 13], "rotation": 180, "texture": "#7"}
			}
		},
		{
			"from": [-8, 8.69207, -2.208],
			"to": [-7, 12.69207, -1.208],
			"rotation": {"angle": 22.5, "axis": "x", "origin": [29, 12.19207, 3.58663]},
			"faces": {
				"north": {"uv": [3, 3, 13, 13], "rotation": 180, "texture": "#7"},
				"west": {"uv": [3, 3, 13, 13], "rotation": 180, "texture": "#7"},
				"down": {"uv": [3, 3, 13, 13], "rotation": 180, "texture": "#7"}
			}
		},
		{
			"from": [-8, 12.69207, -3.208],
			"to": [-6, 16.69207, -1.208],
			"rotation": {"angle": 22.5, "axis": "x", "origin": [29, 12.19207, 3.58663]},
			"faces": {
				"east": {"uv": [3, 3, 13, 13], "rotation": 180, "texture": "#7"},
				"south": {"uv": [3, 3, 13, 13], "rotation": 180, "texture": "#7"},
				"up": {"uv": [3, 3, 13, 13], "rotation": 180, "texture": "#7"},
				"down": {"uv": [3, 3, 13, 13], "rotation": 180, "texture": "#7"}
			}
		},
		{
			"from": [-9, 12.69207, -2.208],
			"to": [-7, 16.69207, 1.792],
			"rotation": {"angle": 22.5, "axis": "x", "origin": [29, 12.19207, 3.58663]},
			"faces": {
				"north": {"uv": [3, 3, 13, 13], "rotation": 180, "texture": "#7"},
				"east": {"uv": [3, 3, 13, 13], "rotation": 180, "texture": "#7"},
				"south": {"uv": [3, 3, 13, 13], "rotation": 180, "texture": "#7"},
				"west": {"uv": [3, 3, 13, 13], "rotation": 180, "texture": "#7"},
				"down": {"uv": [3, 3, 13, 13], "rotation": 180, "texture": "#7"}
			}
		},
		{
			"from": [-9, 8.69207, -1.208],
			"to": [-7, 12.69207, 1.792],
			"rotation": {"angle": 22.5, "axis": "x", "origin": [29, 12.19207, 3.58663]},
			"faces": {
				"north": {"uv": [3, 3, 13, 13], "rotation": 180, "texture": "#7"},
				"east": {"uv": [3, 3, 13, 13], "rotation": 180, "texture": "#7"},
				"south": {"uv": [3, 3, 13, 13], "rotation": 180, "texture": "#7"},
				"west": {"uv": [3, 3, 13, 13], "rotation": 180, "texture": "#7"},
				"down": {"uv": [3, 3, 13, 13], "rotation": 180, "texture": "#7"}
			}
		},
		{
			"from": [-9, 16.69207, -3.208],
			"to": [-7, 20.69207, 1.792],
			"rotation": {"angle": 22.5, "axis": "x", "origin": [29, 12.19207, 3.58663]},
			"faces": {
				"north": {"uv": [3, 3, 13, 13], "rotation": 180, "texture": "#7"},
				"east": {"uv": [3, 3, 13, 13], "rotation": 180, "texture": "#7"},
				"south": {"uv": [3, 3, 13, 13], "rotation": 180, "texture": "#7"},
				"west": {"uv": [3, 3, 13, 13], "rotation": 180, "texture": "#7"},
				"up": {"uv": [3, 3, 13, 13], "rotation": 180, "texture": "#7"},
				"down": {"uv": [3, 3, 13, 13], "rotation": 180, "texture": "#7"}
			}
		},
		{
			"from": [21, 8.69207, -3.208],
			"to": [23, 12.69207, -2.208],
			"rotation": {"angle": 22.5, "axis": "x", "origin": [-13, 12.19207, 3.58663]},
			"faces": {
				"north": {"uv": [13, 3, 3, 13], "rotation": 180, "texture": "#7"},
				"east": {"uv": [13, 3, 3, 13], "rotation": 180, "texture": "#7"},
				"south": {"uv": [13, 3, 3, 13], "rotation": 180, "texture": "#7"},
				"west": {"uv": [13, 3, 3, 13], "rotation": 180, "texture": "#7"},
				"up": {"uv": [13, 3, 3, 13], "rotation": 180, "texture": "#7"},
				"down": {"uv": [13, 3, 3, 13], "rotation": 180, "texture": "#7"}
			}
		},
		{
			"from": [23, 12.69207, -2.208],
			"to": [25, 16.69207, 1.792],
			"rotation": {"angle": 22.5, "axis": "x", "origin": [-13, 12.19207, 3.58663]},
			"faces": {
				"north": {"uv": [13, 3, 3, 13], "rotation": 180, "texture": "#7"},
				"east": {"uv": [13, 3, 3, 13], "rotation": 180, "texture": "#7"},
				"south": {"uv": [13, 3, 3, 13], "rotation": 180, "texture": "#7"},
				"west": {"uv": [13, 3, 3, 13], "rotation": 180, "texture": "#7"},
				"down": {"uv": [13, 3, 3, 13], "rotation": 180, "texture": "#7"}
			}
		},
		{
			"from": [22, 12.69207, -3.208],
			"to": [24, 16.69207, -2.208],
			"rotation": {"angle": 22.5, "axis": "x", "origin": [-13, 12.19207, 3.58663]},
			"faces": {
				"east": {"uv": [13, 3, 3, 13], "rotation": 180, "texture": "#7"}
			}
		},
		{
			"from": [-8, 12.69207, -3.208],
			"to": [-6, 16.69207, -2.208],
			"rotation": {"angle": 22.5, "axis": "x", "origin": [29, 12.19207, 3.58663]},
			"faces": {
				"north": {"uv": [3, 3, 13, 13], "rotation": 180, "texture": "#7"},
				"west": {"uv": [3, 3, 13, 13], "rotation": 180, "texture": "#7"}
			}
		},
		{
			"from": [23, 4.69207, -0.208],
			"to": [25, 8.69207, 1.792],
			"rotation": {"angle": 22.5, "axis": "x", "origin": [-13, 12.19207, 3.58663]},
			"faces": {
				"north": {"uv": [13, 3, 3, 13], "rotation": 180, "texture": "#7"},
				"east": {"uv": [13, 3, 3, 13], "rotation": 180, "texture": "#7"},
				"south": {"uv": [13, 3, 3, 13], "rotation": 180, "texture": "#7"},
				"west": {"uv": [13, 3, 3, 13], "rotation": 180, "texture": "#7"},
				"down": {"uv": [13, 3, 3, 13], "rotation": 180, "texture": "#7"}
			}
		},
		{
			"from": [23, 8.69207, -1.208],
			"to": [25, 12.69207, 1.792],
			"rotation": {"angle": 22.5, "axis": "x", "origin": [-13, 12.19207, 3.58663]},
			"faces": {
				"north": {"uv": [13, 3, 3, 13], "rotation": 180, "texture": "#7"},
				"east": {"uv": [13, 3, 3, 13], "rotation": 180, "texture": "#7"},
				"south": {"uv": [13, 3, 3, 13], "rotation": 180, "texture": "#7"},
				"west": {"uv": [13, 3, 3, 13], "rotation": 180, "texture": "#7"},
				"down": {"uv": [13, 3, 3, 13], "rotation": 180, "texture": "#7"}
			}
		},
		{
			"from": [23, -0.30793, 0.792],
			"to": [25, 4.69207, 3.292],
			"rotation": {"angle": 22.5, "axis": "x", "origin": [-13, 12.19207, 3.58663]},
			"faces": {
				"north": {"uv": [13, 3, 3, 13], "rotation": 180, "texture": "#7"},
				"east": {"uv": [13, 3, 3, 13], "rotation": 180, "texture": "#7"},
				"west": {"uv": [13, 3, 3, 13], "rotation": 180, "texture": "#7"},
				"down": {"uv": [13, 3, 3, 13], "rotation": 180, "texture": "#7"}
			}
		},
		{
			"from": [23, -0.30793, -0.208],
			"to": [24, 4.69207, 0.792],
			"rotation": {"angle": 22.5, "axis": "x", "origin": [-13, 12.19207, 3.58663]},
			"faces": {
				"north": {"uv": [13, 3, 3, 13], "rotation": 180, "texture": "#7"},
				"east": {"uv": [13, 3, 3, 13], "rotation": 180, "texture": "#7"},
				"west": {"uv": [13, 3, 3, 13], "rotation": 180, "texture": "#7"},
				"down": {"uv": [13, 3, 3, 13], "rotation": 180, "texture": "#7"}
			}
		},
		{
			"from": [22, -0.30793, -1.208],
			"to": [23, 4.69207, -0.208],
			"rotation": {"angle": 22.5, "axis": "x", "origin": [-13, 12.19207, 3.58663]},
			"faces": {
				"north": {"uv": [13, 3, 3, 13], "rotation": 180, "texture": "#7"},
				"east": {"uv": [13, 3, 3, 13], "rotation": 180, "texture": "#7"},
				"south": {"uv": [13, 3, 3, 13], "rotation": 180, "texture": "#7"},
				"west": {"uv": [13, 3, 3, 13], "rotation": 180, "texture": "#7"},
				"up": {"uv": [13, 3, 3, 13], "rotation": 180, "texture": "#7"},
				"down": {"uv": [13, 3, 3, 13], "rotation": 180, "texture": "#7"}
			}
		},
		{
			"from": [20, -0.30793, -2.208],
			"to": [22, 4.69207, -1.208],
			"rotation": {"angle": 22.5, "axis": "x", "origin": [-13, 12.19207, 3.58663]},
			"faces": {
				"north": {"uv": [13, 3, 3, 13], "rotation": 180, "texture": "#7"},
				"east": {"uv": [13, 3, 3, 13], "rotation": 180, "texture": "#7"},
				"south": {"uv": [13, 3, 3, 13], "rotation": 180, "texture": "#7"},
				"west": {"uv": [13, 3, 3, 13], "rotation": 180, "texture": "#7"},
				"up": {"uv": [13, 3, 3, 13], "rotation": 180, "texture": "#7"},
				"down": {"uv": [13, 3, 3, 13], "rotation": 180, "texture": "#7"}
			}
		},
		{
			"from": [19, -2.30793, -2.208],
			"to": [21, -0.30793, -1.208],
			"rotation": {"angle": 22.5, "axis": "x", "origin": [-13, 12.19207, 3.58663]},
			"faces": {
				"north": {"uv": [13, 3, 3, 13], "rotation": 180, "texture": "#7"},
				"east": {"uv": [13, 3, 3, 13], "rotation": 180, "texture": "#7"},
				"south": {"uv": [13, 3, 3, 13], "rotation": 180, "texture": "#7"},
				"west": {"uv": [13, 3, 3, 13], "rotation": 180, "texture": "#7"},
				"up": {"uv": [13, 3, 3, 13], "rotation": 180, "texture": "#7"},
				"down": {"uv": [13, 3, 3, 13], "rotation": 180, "texture": "#7"}
			}
		},
		{
			"from": [21, -2.30793, -1.208],
			"to": [22, -0.30793, -0.208],
			"rotation": {"angle": 22.5, "axis": "x", "origin": [-13, 12.19207, 3.58663]},
			"faces": {
				"north": {"uv": [13, 3, 3, 13], "rotation": 180, "texture": "#7"},
				"east": {"uv": [13, 3, 3, 13], "rotation": 180, "texture": "#7"},
				"south": {"uv": [13, 3, 3, 13], "rotation": 180, "texture": "#7"},
				"west": {"uv": [13, 3, 3, 13], "rotation": 180, "texture": "#7"},
				"up": {"uv": [13, 3, 3, 13], "rotation": 180, "texture": "#7"},
				"down": {"uv": [13, 3, 3, 13], "rotation": 180, "texture": "#7"}
			}
		},
		{
			"from": [22, -2.30793, -0.208],
			"to": [23, -0.30793, 0.792],
			"rotation": {"angle": 22.5, "axis": "x", "origin": [-13, 12.19207, 3.58663]},
			"faces": {
				"north": {"uv": [13, 3, 3, 13], "rotation": 180, "texture": "#7"},
				"east": {"uv": [13, 3, 3, 13], "rotation": 180, "texture": "#7"},
				"south": {"uv": [13, 3, 3, 13], "rotation": 180, "texture": "#7"},
				"west": {"uv": [13, 3, 3, 13], "rotation": 180, "texture": "#7"},
				"up": {"uv": [13, 3, 3, 13], "rotation": 180, "texture": "#7"},
				"down": {"uv": [13, 3, 3, 13], "rotation": 180, "texture": "#7"}
			}
		},
		{
			"from": [23, -2.30793, 0.792],
			"to": [24, -0.30793, 4.292],
			"rotation": {"angle": 22.5, "axis": "x", "origin": [-13, 12.19207, 3.58663]},
			"faces": {
				"north": {"uv": [13, 3, 3, 13], "rotation": 180, "texture": "#7"},
				"east": {"uv": [13, 3, 3, 13], "rotation": 180, "texture": "#7"},
				"west": {"uv": [13, 3, 3, 13], "rotation": 180, "texture": "#7"},
				"down": {"uv": [13, 3, 3, 13], "rotation": 180, "texture": "#7"}
			}
		},
		{
			"from": [-4.60086, 28.41905, 8.49961],
			"to": [20.64914, 28.41905, 20.62461],
			"rotation": {"angle": 0, "axis": "y", "origin": [-13.10086, 21.625, 10.12461]},
			"faces": {
				"up": {"uv": [16, 0, 0, 16], "texture": "#4"},
				"down": {"uv": [16, 0, 0, 16], "texture": "#4"}
			}
		},
		{
			"from": [-8, 20, 10.5],
			"to": [2, 23.5, 11.5],
			"rotation": {"angle": 0, "axis": "z", "origin": [15, -5, 15.5]},
			"faces": {
				"north": {"uv": [16, 0, 0, 3.5], "texture": "#6"},
				"south": {"uv": [16, 0, 0, 3.5], "texture": "#6"}
			}
		},
		{
			"from": [-8, -4, 10.5],
			"to": [2, 20, 11.5],
			"rotation": {"angle": 0, "axis": "z", "origin": [15, -8.5, 15.5]},
			"faces": {
				"north": {"uv": [0, 0, 16, 16], "texture": "#13"},
				"south": {"uv": [0, 0, 16, 16], "texture": "#13"}
			}
		},
		{
			"from": [-8, 6.5, 10.375],
			"to": [2, 8, 11.625],
			"rotation": {"angle": 0, "axis": "z", "origin": [15, -12.5, 15.5]},
			"faces": {
				"north": {"uv": [0, 0, 16, 16], "texture": "#4"},
				"east": {"uv": [0, 0, 16, 16], "texture": "#4"},
				"south": {"uv": [0, 0, 16, 16], "texture": "#4"},
				"up": {"uv": [0, 0, 16, 16], "texture": "#4"},
				"down": {"uv": [0, 0, 16, 16], "texture": "#4"}
			}
		},
		{
			"from": [0.5, 7, 11.625],
			"to": [1, 7.5, 11.875],
			"rotation": {"angle": 0, "axis": "z", "origin": [15, -13, 15.625]},
			"faces": {
				"east": {"uv": [0, 0, 16, 16], "texture": "#3"},
				"west": {"uv": [0, 0, 16, 16], "texture": "#3"},
				"up": {"uv": [0, 0, 16, 16], "texture": "#3"},
				"down": {"uv": [0, 0, 16, 16], "texture": "#3"}
			}
		},
		{
			"from": [-1, 7, 11.875],
			"to": [1, 7.5, 12],
			"rotation": {"angle": 0, "axis": "z", "origin": [15, -13, 15.875]},
			"faces": {
				"north": {"uv": [0, 0, 16, 16], "texture": "#3"},
				"east": {"uv": [0, 0, 16, 16], "texture": "#3"},
				"south": {"uv": [0, 0, 16, 16], "texture": "#3"},
				"west": {"uv": [0, 0, 16, 16], "texture": "#3"},
				"up": {"uv": [0, 0, 16, 16], "texture": "#3"},
				"down": {"uv": [0, 0, 16, 16], "texture": "#3"}
			}
		},
		{
			"from": [14, -4, 10.5],
			"to": [24, 20, 11.5],
			"rotation": {"angle": 0, "axis": "z", "origin": [1, -8.5, 15.5]},
			"faces": {
				"north": {"uv": [0, 0, 16, 16], "texture": "#6"},
				"south": {"uv": [0, 0, 16, 16], "texture": "#6"}
			}
		},
		{
			"from": [-9.001, 15, 5.5],
			"to": [-9.001, 29, 19.5],
			"rotation": {"angle": 0, "axis": "z", "origin": [1, -1, 15.5]},
			"faces": {
				"west": {"uv": [0, 0, 16, 16], "texture": "#14"}
			}
		},
		{
			"from": [25.001, 15, 5.5],
			"to": [25.001, 29, 19.5],
			"rotation": {"angle": 0, "axis": "z", "origin": [15, -2, 15.5]},
			"faces": {
				"east": {"uv": [0, 0, 16, 16], "texture": "#14"}
			}
		},
		{
			"from": [-9, -6, -1.5],
			"to": [-7, 9.5, 0.5],
			"rotation": {"angle": 0, "axis": "z", "origin": [8, 11.1147, 3.5]},
			"faces": {
				"east": {"uv": [3, 3, 13, 13], "texture": "#7"},
				"south": {"uv": [3, 3, 13, 13], "texture": "#7"},
				"west": {"uv": [13, 3, 3, 13], "texture": "#7"}
			}
		},
		{
			"from": [-9, -6, -3.5],
			"to": [-7, 2, -1.5],
			"rotation": {"angle": 0, "axis": "z", "origin": [8, 11.1147, 3.5]},
			"faces": {
				"north": {"uv": [13, 3, 3, 13], "texture": "#7"},
				"east": {"uv": [3, 3, 13, 13], "texture": "#7"},
				"west": {"uv": [13, 3, 3, 13], "texture": "#7"}
			}
		},
		{
			"from": [23, -6, -3.5],
			"to": [25, 2, -1.5],
			"rotation": {"angle": 0, "axis": "z", "origin": [8, 11.1147, 3.5]},
			"faces": {
				"north": {"uv": [3, 3, 13, 13], "texture": "#7"},
				"east": {"uv": [3, 3, 13, 13], "texture": "#7"},
				"west": {"uv": [13, 3, 3, 13], "texture": "#7"}
			}
		},
		{
			"from": [23, -6, -1.5],
			"to": [25, 9.5, 0.5],
			"rotation": {"angle": 0, "axis": "z", "origin": [8, 11.1147, 3.5]},
			"faces": {
				"east": {"uv": [3, 3, 13, 13], "texture": "#7"},
				"south": {"uv": [13, 3, 3, 13], "texture": "#7"},
				"west": {"uv": [13, 3, 3, 13], "texture": "#7"}
			}
		},
		{
			"from": [24, -5, 0.5],
			"to": [25, -1, 9.5],
			"rotation": {"angle": 0, "axis": "z", "origin": [8, 11.1147, 3.5]},
			"faces": {
				"east": {"uv": [3, 3, 13, 13], "texture": "#3"},
				"west": {"uv": [0, 0, 16, 5.25], "texture": "#6"}
			}
		},
		{
			"from": [24, -1, 0.5],
			"to": [25, 4, 11.5],
			"rotation": {"angle": 0, "axis": "z", "origin": [8, 11.1147, 3.5]},
			"faces": {
				"east": {"uv": [3, 3, 13, 13], "texture": "#2"},
				"west": {"uv": [0, 0, 16, 5.25], "texture": "#6"}
			}
		},
		{
			"from": [-8.875, 4, 0.5],
			"to": [-8.125, 19.75, 9.5],
			"rotation": {"angle": 0, "axis": "y", "origin": [0, -5, 15.5]},
			"faces": {
				"east": {"uv": [16, 0, 0, 16], "texture": "#13"},
				"west": {"uv": [16, 0, 0, 16], "texture": "#13"}
			}
		},
		{
			"from": [-9, -1, 0.5],
			"to": [-8, 4, 11.5],
			"rotation": {"angle": 0, "axis": "z", "origin": [8, 11.1147, 3.5]},
			"faces": {
				"east": {"uv": [16, 0, 0, 5.25], "texture": "#6"},
				"west": {"uv": [13, 3, 3, 13], "texture": "#2"}
			}
		},
		{
			"from": [-9, -5, 9.5],
			"to": [-8, -1, 13.5],
			"rotation": {"angle": 0, "axis": "z", "origin": [1, -5, 15.5]},
			"faces": {
				"east": {"uv": [2, 12, 0, 16], "texture": "#6"},
				"south": {"uv": [0, 0, 1, 4], "texture": "#6"},
				"west": {"uv": [2, 0, 0, 4], "texture": "#4"}
			}
		},
		{
			"from": [-9, -5, 0.5],
			"to": [-8, -1, 9.5],
			"rotation": {"angle": 0, "axis": "z", "origin": [1, -5, 15.5]},
			"faces": {
				"east": {"uv": [2, 12, 0, 16], "texture": "#6"},
				"west": {"uv": [2, 0, 0, 4], "texture": "#3"}
			}
		},
		{
			"from": [-9, 4, 9.5],
			"to": [-8, 19.75, 13.5],
			"rotation": {"angle": 0, "axis": "y", "origin": [0, -5, 15.5]},
			"faces": {
				"north": {"uv": [1, 0, 0, 15.75], "texture": "#4"},
				"east": {"uv": [0, 0, 2, 12.75], "texture": "#6"},
				"south": {"uv": [0, 0, 1, 12.75], "texture": "#6"},
				"west": {"uv": [0, 0, 2, 12.75], "texture": "#3"}
			}
		},
		{
			"from": [24, 4, 9.5],
			"to": [25, 19.75, 13.5],
			"rotation": {"angle": 0, "axis": "y", "origin": [8, 11.1147, 3.5]},
			"faces": {
				"east": {"uv": [0, 0, 2, 12.75], "texture": "#3"},
				"south": {"uv": [1, 0, 0, 15.75], "texture": "#6"},
				"west": {"uv": [0, 0, 2, 12.75], "texture": "#6"}
			}
		},
		{
			"name": "hexadecagon",
			"from": [23.49999, -12, 12.80652],
			"to": [24.49999, -7, 13.80652],
			"rotation": {"angle": 0, "axis": "y", "origin": [23.19453, -7.80652, 12.05546]},
			"faces": {
				"north": {"uv": [0, 0, 16, 16], "texture": "#4"},
				"east": {"uv": [0, 0, 16, 16], "texture": "#4"},
				"south": {"uv": [0, 0, 16, 16], "texture": "#4"},
				"west": {"uv": [0, 0, 16, 16], "texture": "#4"},
				"up": {"uv": [0, 0, 16, 16], "texture": "#4"},
				"down": {"uv": [0, 0, 16, 16], "texture": "#4"}
			}
		},
		{
			"name": "hexadecagon",
			"from": [23.49999, -8, 13.80652],
			"to": [24.49999, -7, 26.80652],
			"rotation": {"angle": 0, "axis": "y", "origin": [23.19453, -4.80652, 25.05546]},
			"faces": {
				"east": {"uv": [0, 0, 16, 16], "texture": "#4"},
				"west": {"uv": [0, 0, 16, 16], "texture": "#4"},
				"up": {"uv": [0, 0, 16, 16], "texture": "#4"},
				"down": {"uv": [0, 0, 16, 16], "texture": "#4"}
			}
		},
		{
			"name": "hexadecagon",
			"from": [23.49999, -12, 13.80652],
			"to": [24.49999, -11, 26.80652],
			"rotation": {"angle": 0, "axis": "y", "origin": [23.19453, -8.80652, 25.05546]},
			"faces": {
				"east": {"uv": [0, 0, 16, 16], "texture": "#4"},
				"west": {"uv": [0, 0, 16, 16], "texture": "#4"},
				"up": {"uv": [0, 0, 16, 16], "texture": "#4"},
				"down": {"uv": [0, 0, 16, 16], "texture": "#4"}
			}
		},
		{
			"name": "hexadecagon",
			"from": [23.49999, -12, 26.80652],
			"to": [24.49999, -7, 27.80652],
			"rotation": {"angle": 0, "axis": "y", "origin": [23.19453, -7.80652, 26.05546]},
			"faces": {
				"north": {"uv": [0, 0, 16, 16], "texture": "#4"},
				"east": {"uv": [0, 0, 16, 16], "texture": "#4"},
				"south": {"uv": [0, 0, 16, 16], "texture": "#4"},
				"west": {"uv": [0, 0, 16, 16], "texture": "#4"},
				"up": {"uv": [0, 0, 16, 16], "texture": "#4"},
				"down": {"uv": [0, 0, 16, 16], "texture": "#4"}
			}
		},
		{
			"name": "hexadecagon",
			"from": [-8.49999, -8, 13.80652],
			"to": [-7.49999, -7, 26.80652],
			"rotation": {"angle": 0, "axis": "y", "origin": [-7.19453, -4.80652, 25.05546]},
			"faces": {
				"east": {"uv": [16, 0, 0, 16], "texture": "#4"},
				"west": {"uv": [16, 0, 0, 16], "texture": "#4"},
				"up": {"uv": [16, 0, 0, 16], "texture": "#4"},
				"down": {"uv": [16, 0, 0, 16], "texture": "#4"}
			}
		},
		{
			"name": "hexadecagon",
			"from": [-8.49999, -12, 26.80652],
			"to": [-7.49999, -7, 27.80652],
			"rotation": {"angle": 0, "axis": "y", "origin": [-7.19453, -7.80652, 26.05546]},
			"faces": {
				"north": {"uv": [16, 0, 0, 16], "texture": "#4"},
				"east": {"uv": [16, 0, 0, 16], "texture": "#4"},
				"south": {"uv": [16, 0, 0, 16], "texture": "#4"},
				"west": {"uv": [16, 0, 0, 16], "texture": "#4"},
				"up": {"uv": [16, 0, 0, 16], "texture": "#4"},
				"down": {"uv": [16, 0, 0, 16], "texture": "#4"}
			}
		},
		{
			"name": "hexadecagon",
			"from": [-8.49999, -12, 13.80652],
			"to": [-7.49999, -11, 26.80652],
			"rotation": {"angle": 0, "axis": "y", "origin": [-7.19453, -8.80652, 25.05546]},
			"faces": {
				"east": {"uv": [16, 0, 0, 16], "texture": "#4"},
				"west": {"uv": [16, 0, 0, 16], "texture": "#4"},
				"up": {"uv": [16, 0, 0, 16], "texture": "#4"},
				"down": {"uv": [16, 0, 0, 16], "texture": "#4"}
			}
		},
		{
			"from": [26, -2, 12],
			"to": [27, 14, 13],
			"rotation": {"angle": 0, "axis": "y", "origin": [26.5, 10, 15]},
			"faces": {
				"north": {"uv": [0, 0, 1, 1], "texture": "#3"},
				"east": {"uv": [0, 0, 1, 1], "texture": "#3"},
				"south": {"uv": [0, 0, 1, 1], "texture": "#3"},
				"west": {"uv": [0, 0, 1, 1], "texture": "#3"}
			}
		},
		{
			"from": [24.50733, 13.50418, 12],
			"to": [25.50733, 14.50418, 13],
			"rotation": {"angle": 22.5, "axis": "z", "origin": [25.00733, 17.50418, 15]},
			"faces": {
				"north": {"uv": [0, 0, 1, 1], "texture": "#3"},
				"east": {"uv": [0, 0, 1, 1], "texture": "#3"},
				"south": {"uv": [0, 0, 1, 1], "texture": "#3"},
				"west": {"uv": [0, 0, 1, 1], "texture": "#3"}
			}
		},
		{
			"from": [22.9272, 15.51785, 12],
			"to": [23.9272, 16.51785, 13],
			"rotation": {"angle": 22.5, "axis": "z", "origin": [23.4272, 19.51785, 15]},
			"faces": {
				"north": {"uv": [0, 0, 1, 1], "texture": "#3"},
				"east": {"uv": [0, 0, 1, 1], "texture": "#3"},
				"south": {"uv": [0, 0, 1, 1], "texture": "#3"},
				"up": {"uv": [0, 0, 1, 1], "texture": "#3"}
			}
		},
		{
			"from": [22.93534, 13.39875, 12],
			"to": [23.93534, 15.39875, 13],
			"rotation": {"angle": 45, "axis": "z", "origin": [23.43534, 17.39875, 15]},
			"faces": {
				"north": {"uv": [0, 0, 1, 1], "texture": "#3"},
				"east": {"uv": [0, 0, 1, 1], "texture": "#3"},
				"south": {"uv": [0, 0, 1, 1], "texture": "#3"},
				"west": {"uv": [0, 0, 1, 1], "texture": "#3"}
			}
		},
		{
			"from": [22.9272, -4.51785, 12],
			"to": [23.9272, -3.51785, 13],
			"rotation": {"angle": -22.5, "axis": "z", "origin": [23.4272, -7.51785, 15]},
			"faces": {
				"north": {"uv": [0, 0, 1, 1], "texture": "#3"},
				"east": {"uv": [0, 0, 1, 1], "texture": "#3"},
				"south": {"uv": [0, 0, 1, 1], "texture": "#3"},
				"down": {"uv": [0, 0, 1, 1], "texture": "#3"}
			}
		},
		{
			"from": [22.93534, -3.39875, 12],
			"to": [23.93534, -1.39875, 13],
			"rotation": {"angle": -45, "axis": "z", "origin": [23.43534, -5.39875, 15]},
			"faces": {
				"north": {"uv": [0, 0, 1, 1], "texture": "#3"},
				"east": {"uv": [0, 0, 1, 1], "texture": "#3"},
				"south": {"uv": [0, 0, 1, 1], "texture": "#3"},
				"west": {"uv": [0, 0, 1, 1], "texture": "#3"}
			}
		},
		{
			"from": [24.50733, -2.50418, 12],
			"to": [25.50733, -1.50418, 13],
			"rotation": {"angle": -22.5, "axis": "z", "origin": [25.00733, -5.50418, 15]},
			"faces": {
				"north": {"uv": [0, 0, 1, 1], "texture": "#3"},
				"east": {"uv": [0, 0, 1, 1], "texture": "#3"},
				"south": {"uv": [0, 0, 1, 1], "texture": "#3"},
				"west": {"uv": [0, 0, 1, 1], "texture": "#3"}
			}
		},
		{
			"from": [-11, -2, 12],
			"to": [-10, 14, 13],
			"rotation": {"angle": 0, "axis": "y", "origin": [-10.5, 10, 15]},
			"faces": {
				"north": {"uv": [0, 0, 1, 1], "texture": "#3"},
				"east": {"uv": [0, 0, 1, 1], "texture": "#3"},
				"south": {"uv": [0, 0, 1, 1], "texture": "#3"},
				"west": {"uv": [0, 0, 1, 1], "texture": "#3"}
			}
		},
		{
			"from": [-9.50733, 13.50418, 12],
			"to": [-8.50733, 14.50418, 13],
			"rotation": {"angle": -22.5, "axis": "z", "origin": [-9.00733, 17.50418, 15]},
			"faces": {
				"north": {"uv": [0, 0, 1, 1], "texture": "#3"},
				"east": {"uv": [0, 0, 1, 1], "texture": "#3"},
				"south": {"uv": [0, 0, 1, 1], "texture": "#3"},
				"west": {"uv": [0, 0, 1, 1], "texture": "#3"}
			}
		},
		{
			"from": [-7.9272, 15.51785, 12],
			"to": [-6.9272, 16.51785, 13],
			"rotation": {"angle": -22.5, "axis": "z", "origin": [-7.4272, 19.51785, 15]},
			"faces": {
				"north": {"uv": [0, 0, 1, 1], "texture": "#3"},
				"south": {"uv": [0, 0, 1, 1], "texture": "#3"},
				"west": {"uv": [0, 0, 1, 1], "texture": "#3"},
				"up": {"uv": [0, 0, 1, 1], "texture": "#3"}
			}
		},
		{
			"from": [-7.93534, 13.39875, 12],
			"to": [-6.93534, 15.39875, 13],
			"rotation": {"angle": -45, "axis": "z", "origin": [-7.43534, 17.39875, 15]},
			"faces": {
				"north": {"uv": [0, 0, 1, 1], "texture": "#3"},
				"east": {"uv": [0, 0, 1, 1], "texture": "#3"},
				"south": {"uv": [0, 0, 1, 1], "texture": "#3"},
				"west": {"uv": [0, 0, 1, 1], "texture": "#3"}
			}
		},
		{
			"from": [-7.9272, -4.51785, 12],
			"to": [-6.9272, -3.51785, 13],
			"rotation": {"angle": 22.5, "axis": "z", "origin": [-7.4272, -7.51785, 15]},
			"faces": {
				"north": {"uv": [0, 0, 1, 1], "texture": "#3"},
				"south": {"uv": [0, 0, 1, 1], "texture": "#3"},
				"west": {"uv": [0, 0, 1, 1], "texture": "#3"},
				"down": {"uv": [0, 0, 1, 1], "texture": "#3"}
			}
		},
		{
			"from": [-7.93534, -3.39875, 12],
			"to": [-6.93534, -1.39875, 13],
			"rotation": {"angle": 45, "axis": "z", "origin": [-7.43534, -5.39875, 15]},
			"faces": {
				"north": {"uv": [0, 0, 1, 1], "texture": "#3"},
				"east": {"uv": [0, 0, 1, 1], "texture": "#3"},
				"south": {"uv": [0, 0, 1, 1], "texture": "#3"},
				"west": {"uv": [0, 0, 1, 1], "texture": "#3"}
			}
		},
		{
			"from": [-9.50733, -2.50418, 12],
			"to": [-8.50733, -1.50418, 13],
			"rotation": {"angle": 22.5, "axis": "z", "origin": [-9.00733, -5.50418, 15]},
			"faces": {
				"north": {"uv": [0, 0, 1, 1], "texture": "#3"},
				"east": {"uv": [0, 0, 1, 1], "texture": "#3"},
				"south": {"uv": [0, 0, 1, 1], "texture": "#3"},
				"west": {"uv": [0, 0, 1, 1], "texture": "#3"}
			}
		},
		{
			"name": "hexadecagon",
			"from": [-8.49999, -12, 12.80652],
			"to": [-7.49999, -7, 13.80652],
			"rotation": {"angle": 0, "axis": "y", "origin": [-7.19453, -7.80652, 12.05546]},
			"faces": {
				"north": {"uv": [16, 0, 0, 16], "texture": "#4"},
				"east": {"uv": [16, 0, 0, 16], "texture": "#4"},
				"south": {"uv": [16, 0, 0, 16], "texture": "#4"},
				"west": {"uv": [16, 0, 0, 16], "texture": "#4"},
				"up": {"uv": [16, 0, 0, 16], "texture": "#4"},
				"down": {"uv": [16, 0, 0, 16], "texture": "#4"}
			}
		},
		{
			"name": "hexadecagon",
			"from": [20.89958, -10.75, -5.51172],
			"to": [23.28652, -4, -4.51172],
			"rotation": {"angle": -45, "axis": "y", "origin": [22.09304, -7.80652, -4.59304]},
			"faces": {
				"north": {"uv": [0, 0, 16, 16], "rotation": 180, "texture": "#4"},
				"east": {"uv": [0, 0, 16, 16], "rotation": 180, "texture": "#4"},
				"south": {"uv": [0, 0, 16, 16], "rotation": 180, "texture": "#4"},
				"west": {"uv": [0, 0, 16, 16], "rotation": 180, "texture": "#4"},
				"up": {"uv": [0, 0, 16, 16], "rotation": 180, "texture": "#4"},
				"down": {"uv": [0, 0, 16, 16], "rotation": 180, "texture": "#4"}
			}
		},
		{
			"name": "hexadecagon",
			"from": [3.84965, -6.75, -8.72206],
			"to": [12.14909, -3.5, -7.72206],
			"rotation": {"angle": 0, "axis": "y", "origin": [16.65015, -7.80652, -7.4166]},
			"faces": {
				"north": {"uv": [0, 0, 16, 16], "rotation": 180, "texture": "#4"},
				"south": {"uv": [0, 0, 16, 16], "rotation": 180, "texture": "#4"},
				"down": {"uv": [0, 0, 16, 16], "rotation": 180, "texture": "#4"}
			}
		},
		{
			"name": "hexadecagon",
			"from": [22.3985, -10.75, -3.84198],
			"to": [23.3985, -4, -1.45504],
			"rotation": {"angle": 22.5, "axis": "y", "origin": [22.09304, -7.80652, -4.59304]},
			"faces": {
				"east": {"uv": [0, 0, 16, 16], "texture": "#4"},
				"south": {"uv": [0, 0, 16, 16], "texture": "#4"},
				"west": {"uv": [0, 0, 16, 16], "texture": "#4"},
				"up": {"uv": [0, 0, 16, 16], "texture": "#4"},
				"down": {"uv": [0, 0, 16, 16], "texture": "#4"}
			}
		},
		{
			"name": "hexadecagon",
			"from": [23.49999, -10.75, -2.19348],
			"to": [24.49999, -7, 6.19346],
			"rotation": {"angle": 0, "axis": "y", "origin": [23.19453, -7.80652, -2.94454]},
			"faces": {
				"east": {"uv": [0, 0, 16, 16], "texture": "#4"},
				"west": {"uv": [0, 0, 16, 16], "texture": "#4"},
				"up": {"uv": [0, 0, 16, 16], "texture": "#4"},
				"down": {"uv": [0, 0, 16, 16], "texture": "#4"}
			}
		},
		{
			"name": "hexadecagon",
			"from": [-8.49999, -10.75, -2.19348],
			"to": [-7.49999, -7, 6.19346],
			"rotation": {"angle": 0, "axis": "y", "origin": [-7.19453, -7.80652, -2.94454]},
			"faces": {
				"east": {"uv": [16, 0, 0, 16], "texture": "#4"},
				"west": {"uv": [16, 0, 0, 16], "texture": "#4"},
				"up": {"uv": [16, 0, 0, 16], "texture": "#4"},
				"down": {"uv": [16, 0, 0, 16], "texture": "#4"}
			}
		},
		{
			"name": "hexadecagon",
			"from": [23.88678, -10.75, 5.75105],
			"to": [24.88678, -7, 17.13799],
			"rotation": {"angle": -22.5, "axis": "y", "origin": [23.58132, -7.80652, 4.99999]},
			"faces": {
				"east": {"uv": [0, 0, 16, 16], "texture": "#4"},
				"south": {"uv": [0, 0, 16, 16], "texture": "#4"},
				"west": {"uv": [0, 0, 16, 16], "texture": "#4"},
				"up": {"uv": [0, 0, 16, 16], "texture": "#4"},
				"down": {"uv": [0, 0, 16, 16], "texture": "#4"}
			}
		},
		{
			"name": "hexadecagon",
			"from": [14.45504, -10.75, -5.8985],
			"to": [21.34198, -3.5, -4.8985],
			"rotation": {"angle": -22.5, "axis": "y", "origin": [22.09304, -7.80652, -4.59304]},
			"faces": {
				"north": {"uv": [0, 0, 16, 16], "rotation": 180, "texture": "#4"},
				"east": {"uv": [0, 0, 16, 16], "rotation": 180, "texture": "#4"},
				"south": {"uv": [0, 0, 16, 16], "rotation": 180, "texture": "#4"},
				"up": {"uv": [0, 0, 16, 16], "rotation": 180, "texture": "#4"},
				"down": {"uv": [0, 0, 16, 16], "rotation": 180, "texture": "#4"}
			}
		},
		{
			"name": "hexadecagon",
			"from": [12.14909, -10.75, -8.72206],
			"to": [15.53603, -3.5, -7.72206],
			"rotation": {"angle": 0, "axis": "y", "origin": [16.28709, -7.80652, -7.4166]},
			"faces": {
				"north": {"uv": [0, 0, 16, 16], "rotation": 180, "texture": "#4"},
				"south": {"uv": [0, 0, 16, 16], "rotation": 180, "texture": "#4"},
				"west": {"uv": [0, 0, 16, 16], "rotation": 180, "texture": "#4"},
				"down": {"uv": [0, 0, 16, 16], "rotation": 180, "texture": "#4"}
			}
		},
		{
			"name": "hexadecagon",
			"from": [0.46397, -10.75, -8.72206],
			"to": [3.85091, -3.5, -7.72206],
			"rotation": {"angle": 0, "axis": "y", "origin": [-0.28709, -7.80652, -7.4166]},
			"faces": {
				"north": {"uv": [0, 0, 16, 16], "rotation": 180, "texture": "#4"},
				"east": {"uv": [0, 0, 16, 16], "rotation": 180, "texture": "#4"},
				"south": {"uv": [0, 0, 16, 16], "rotation": 180, "texture": "#4"},
				"down": {"uv": [0, 0, 16, 16], "rotation": 180, "texture": "#4"}
			}
		},
		{
			"name": "hexadecagon",
			"from": [-5.34198, -10.75, -5.8985],
			"to": [1.54496, -3.5, -4.8985],
			"rotation": {"angle": 22.5, "axis": "y", "origin": [-6.09304, -7.80652, -4.59304]},
			"faces": {
				"north": {"uv": [0, 0, 16, 16], "rotation": 180, "texture": "#4"},
				"south": {"uv": [0, 0, 16, 16], "rotation": 180, "texture": "#4"},
				"west": {"uv": [0, 0, 16, 16], "rotation": 180, "texture": "#4"},
				"up": {"uv": [0, 0, 16, 16], "rotation": 180, "texture": "#4"},
				"down": {"uv": [0, 0, 16, 16], "rotation": 180, "texture": "#4"}
			}
		},
		{
			"name": "hexadecagon",
			"from": [-7.3985, -10.75, -3.84198],
			"to": [-6.3985, -4, -1.45504],
			"rotation": {"angle": -22.5, "axis": "y", "origin": [-6.09304, -7.80652, -4.59304]},
			"faces": {
				"east": {"uv": [0, 0, 16, 16], "texture": "#4"},
				"south": {"uv": [0, 0, 16, 16], "texture": "#4"},
				"west": {"uv": [0, 0, 16, 16], "texture": "#4"},
				"up": {"uv": [0, 0, 16, 16], "texture": "#4"},
				"down": {"uv": [0, 0, 16, 16], "texture": "#4"}
			}
		},
		{
			"name": "hexadecagon",
			"from": [-7.28652, -10.75, -5.51172],
			"to": [-4.89958, -4, -4.51172],
			"rotation": {"angle": 45, "axis": "y", "origin": [-6.09304, -7.80652, -4.59304]},
			"faces": {
				"north": {"uv": [0, 0, 16, 16], "rotation": 180, "texture": "#4"},
				"east": {"uv": [0, 0, 16, 16], "rotation": 180, "texture": "#4"},
				"south": {"uv": [0, 0, 16, 16], "rotation": 180, "texture": "#4"},
				"west": {"uv": [0, 0, 16, 16], "rotation": 180, "texture": "#4"},
				"up": {"uv": [0, 0, 16, 16], "rotation": 180, "texture": "#4"},
				"down": {"uv": [0, 0, 16, 16], "rotation": 180, "texture": "#4"}
			}
		},
		{
			"name": "hexadecagon",
			"from": [-8.88678, -10.75, 5.75105],
			"to": [-7.88678, -7, 17.13799],
			"rotation": {"angle": 22.5, "axis": "y", "origin": [-7.58132, -7.80652, 4.99999]},
			"faces": {
				"east": {"uv": [16, 0, 0, 16], "texture": "#4"},
				"south": {"uv": [16, 0, 0, 16], "texture": "#4"},
				"west": {"uv": [16, 0, 0, 16], "texture": "#4"},
				"up": {"uv": [16, 0, 0, 16], "texture": "#4"},
				"down": {"uv": [16, 0, 0, 16], "texture": "#4"}
			}
		},
		{
			"name": "hexadecagon",
			"from": [24.025, 18.35218, 13.25],
			"to": [24.975, 19.14782, 13.5],
			"rotation": {"angle": 22.5, "axis": "x", "origin": [24.5, 18.75, 14.5]},
			"faces": {
				"east": {"uv": [0, 0, 1, 1], "texture": "#3"},
				"south": {"uv": [0, 0, 1, 1], "texture": "#6"},
				"west": {"uv": [0, 0, 1, 1], "texture": "#6"}
			}
		},
		{
			"name": "hexadecagon",
			"from": [24.025, 18.35218, 13],
			"to": [24.975, 19.14782, 13.5],
			"rotation": {"angle": 45, "axis": "x", "origin": [24.5, 18.75, 14.5]},
			"faces": {
				"east": {"uv": [0, 0, 1, 1], "texture": "#3"},
				"south": {"uv": [0, 0, 1, 1], "texture": "#6"},
				"west": {"uv": [0, 0, 1, 1], "texture": "#6"}
			}
		},
		{
			"name": "hexadecagon",
			"from": [24.025, 19.75, 14.10218],
			"to": [24.975, 20, 14.89782],
			"rotation": {"angle": -22.5, "axis": "x", "origin": [24.5, 18.75, 14.5]},
			"faces": {
				"east": {"uv": [0, 0, 1, 1], "texture": "#3"},
				"west": {"uv": [0, 0, 1, 1], "texture": "#6"},
				"down": {"uv": [0, 0, 1, 1], "texture": "#6"}
			}
		},
		{
			"name": "hexadecagon",
			"from": [-8.975, 18.35218, 13.25],
			"to": [-8.025, 19.14782, 13.5],
			"rotation": {"angle": 22.5, "axis": "x", "origin": [-8.5, 18.75, 14.5]},
			"faces": {
				"east": {"uv": [1, 0, 0, 1], "texture": "#6"},
				"south": {"uv": [1, 0, 0, 1], "texture": "#6"},
				"west": {"uv": [1, 0, 0, 1], "texture": "#3"}
			}
		},
		{
			"name": "hexadecagon",
			"from": [-8.975, 18.35218, 13],
			"to": [-8.025, 19.14782, 13.5],
			"rotation": {"angle": 45, "axis": "x", "origin": [-8.5, 18.75, 14.5]},
			"faces": {
				"east": {"uv": [1, 0, 0, 1], "texture": "#6"},
				"south": {"uv": [1, 0, 0, 1], "texture": "#6"},
				"west": {"uv": [1, 0, 0, 1], "texture": "#3"}
			}
		},
		{
			"name": "hexadecagon",
			"from": [-8.975, 19.75, 14.10218],
			"to": [-8.025, 20, 14.89782],
			"rotation": {"angle": -22.5, "axis": "x", "origin": [-8.5, 18.75, 14.5]},
			"faces": {
				"east": {"uv": [1, 0, 0, 1], "texture": "#6"},
				"west": {"uv": [1, 0, 0, 1], "texture": "#3"},
				"down": {"uv": [1, 0, 0, 1], "texture": "#6"}
			}
		}
	],
	"display": {
		"head": {
			"translation": [0, 10, 10],
			"scale": [2, 2, 2]
		}
	},
	"groups": [
		0,
		1,
		2,
		3,
		4,
		5,
		6,
		7,
		8,
		9,
		10,
		11,
		12,
		13,
		14,
		15,
		16,
		17,
		18,
		19,
		20,
		21,
		22,
		23,
		24,
		25,
		26,
		27,
		28,
		29,
		30,
		31,
		32,
		33,
		34,
		35,
		36,
		37,
		38,
		39,
		40,
		41,
		42,
		43,
		44,
		45,
		46,
		47,
		48,
		49,
		50,
		51,
		52,
		53,
		54,
		{
			"name": "hexadecagon",
			"origin": [8, 8, 8],
			"color": 0,
			"children": [55, 56, 57, 58, 59, 60]
		},
		61,
		{
			"name": "face",
			"origin": [-13, 12.19207, -0.41337],
			"color": 0,
			"children": [62, 63, 64, 65, 66, 67, 68, 69, 70, 71, 72, 73, 74, 75, 76, 77, 78, 79, 80, 81, 82, 83]
		},
		84,
		85,
		86,
		87,
		88,
		89,
		90,
		91,
		92,
		93,
		94,
		95,
		96,
		{
			"name": "face",
			"origin": [29, 12.19207, -0.41337],
			"color": 0,
			"children": [97, 98, 99, 100, 101, 102, 103, 104, 105, 106, 107, 108, 109, 110, 111, 112, 113, 114, 115, 116, 117, 118, 119, 120, 121, 122, 123, 124, 125, 126, 127, 128, 129, 130, 131, 132, 133, 134, 135]
		},
		136,
		137,
		138,
		139,
		140,
		141,
		142,
		143,
		144,
		145,
		146,
		147,
		148,
		149,
		150,
		151,
		152,
		153,
		154,
		155,
		156,
		157,
		158,
		159,
		160,
		161,
		162,
		163,
		{
			"name": "grabpole",
			"origin": [18, -0.50418, 2.50733],
			"color": 0,
			"children": [164, 165, 166, 167, 168, 169, 170]
		},
		{
			"name": "grabpole",
			"origin": [18, -0.50418, 2.50733],
			"color": 0,
			"children": [171, 172, 173, 174, 175, 176, 177]
		},
		178,
		{
			"name": "bumper",
			"origin": [2.5, -2.40326, 16.5],
			"color": 0,
			"children": [179, 180, 181, 182, 183, 184, 185, 186, 187, 188, 189, 190]
		},
		{
			"name": "bumper",
			"origin": [13.5, -2.40326, 16.5],
			"color": 0,
			"children": [191]
		},
		{
			"name": "hexadecagon",
			"origin": [8, 8, 8],
			"color": 0,
			"children": [192, 193, 194]
		},
		{
			"name": "hexadecagon",
			"origin": [8, 8, 8],
			"color": 0,
			"children": [195, 196, 197]
		}
	]
}