{
	"format_version": "1.21.6",
	"credit": "Made with Blockbench",
	"texture_size": [128, 128],
	"textures": {
		"3": "block/cyan_concrete",
		"4": "block/yellow_concrete",
		"7": "block/ent/erfs",
		"9": "block/iron_block",
		"particle": "block/white_concrete"
	},
	"elements": [
		{
			"from": [-5.5, 29.5, -16],
			"to": [-5, 31.5, -13],
			"faces": {
				"north": {"uv": [5.9375, 5.125, 6, 5.25], "texture": "#4"},
				"east": {"uv": [5.5, 4.875, 5.6875, 5], "texture": "#4"},
				"south": {"uv": [2.5, 9.625, 2.5625, 9.75], "texture": "#4"},
				"west": {"uv": [5.75, 5.125, 5.9375, 5.25], "texture": "#4"},
				"up": {"uv": [5.75, 5, 5.6875, 4.8125], "texture": "#4"},
				"down": {"uv": [7, 3.125, 6.9375, 3.3125], "texture": "#4"}
			}
		},
		{
			"from": [-8, 29.5, -16],
			"to": [-7.5, 31.5, -15],
			"faces": {
				"north": {"uv": [9.625, 2.9375, 9.6875, 3.0625], "texture": "#4"},
				"east": {"uv": [3, 9.625, 3.0625, 9.75], "texture": "#4"},
				"south": {"uv": [9.625, 3.0625, 9.6875, 3.1875], "texture": "#4"},
				"west": {"uv": [3.25, 9.625, 3.3125, 9.75], "texture": "#4"},
				"up": {"uv": [7.125, 2.9375, 7.0625, 2.875], "texture": "#4"},
				"down": {"uv": [8.0625, 5.5625, 8, 5.625], "texture": "#4"}
			}
		},
		{
			"from": [-7.5, 29.5, -16],
			"to": [-7, 31.5, -15.5],
			"faces": {
				"north": {"uv": [9.625, 5.625, 9.6875, 5.75], "texture": "#4"},
				"east": {"uv": [9.625, 5.75, 9.6875, 5.875], "texture": "#4"},
				"south": {"uv": [9.625, 5.875, 9.6875, 6], "texture": "#4"},
				"west": {"uv": [9.625, 6.875, 9.6875, 7], "texture": "#4"},
				"up": {"uv": [9.875, 0.1875, 9.8125, 0.125], "texture": "#4"},
				"down": {"uv": [10, 1.375, 9.9375, 1.4375], "texture": "#4"}
			}
		},
		{
			"from": [-7.5, 29.5, -13.5],
			"to": [-5.5, 31.5, -13],
			"faces": {
				"north": {"uv": [3.625, 9, 3.75, 9.125], "texture": "#4"},
				"east": {"uv": [7, 9.625, 7.0625, 9.75], "texture": "#4"},
				"south": {"uv": [3.125, 9.125, 3.25, 9.25], "texture": "#4"},
				"west": {"uv": [9.625, 7, 9.6875, 7.125], "texture": "#4"},
				"up": {"uv": [9.75, 7.1875, 9.625, 7.125], "texture": "#4"},
				"down": {"uv": [9.75, 7.1875, 9.625, 7.25], "texture": "#4"}
			}
		},
		{
			"from": [-6, 29.5, -16],
			"to": [-5.5, 31.5, -15.5],
			"faces": {
				"north": {"uv": [7.0625, 9.625, 7.125, 9.75], "texture": "#4"},
				"east": {"uv": [9.625, 7.9375, 9.6875, 8.0625], "texture": "#4"},
				"south": {"uv": [9.625, 8.0625, 9.6875, 8.1875], "texture": "#4"},
				"west": {"uv": [9.625, 8.1875, 9.6875, 8.3125], "texture": "#4"},
				"up": {"uv": [10, 1.5, 9.9375, 1.4375], "texture": "#4"},
				"down": {"uv": [10, 1.5, 9.9375, 1.5625], "texture": "#4"}
			}
		},
		{
			"from": [-8, 29.5, -14],
			"to": [-7.5, 31.5, -13],
			"faces": {
				"north": {"uv": [3.3125, 9.625, 3.375, 9.75], "texture": "#4"},
				"east": {"uv": [3.375, 9.625, 3.4375, 9.75], "texture": "#4"},
				"south": {"uv": [3.5625, 9.625, 3.625, 9.75], "texture": "#4"},
				"west": {"uv": [9.625, 5.5, 9.6875, 5.625], "texture": "#4"},
				"up": {"uv": [9.125, 1.625, 9.0625, 1.5625], "texture": "#4"},
				"down": {"uv": [9.8125, 9.25, 9.75, 9.3125], "texture": "#4"}
			}
		},
		{
			"from": [-8, 29, -16],
			"to": [-5, 29.5, -13],
			"faces": {
				"north": {"uv": [9.3125, 3.1875, 9.5, 3.25], "texture": "#4"},
				"east": {"uv": [9.375, 0.8125, 9.5625, 0.875], "texture": "#4"},
				"south": {"uv": [9.375, 0.875, 9.5625, 0.9375], "texture": "#4"},
				"west": {"uv": [9.375, 0.9375, 9.5625, 1], "texture": "#4"},
				"up": {"uv": [5.6875, 4.6875, 5.5, 4.5], "texture": "#4"},
				"down": {"uv": [5.6875, 4.6875, 5.5, 4.875], "texture": "#4"}
			}
		},
		{
			"from": [-6, 31.5, -16],
			"to": [-5, 32, -13],
			"faces": {
				"north": {"uv": [2.5625, 9.9375, 2.625, 10], "texture": "#4"},
				"east": {"uv": [9.375, 1.5, 9.5625, 1.5625], "texture": "#4"},
				"south": {"uv": [2.625, 9.9375, 2.6875, 10], "texture": "#4"},
				"west": {"uv": [9.375, 2.0625, 9.5625, 2.125], "texture": "#4"},
				"up": {"uv": [9.4375, 2.3125, 9.375, 2.125], "texture": "#4"},
				"down": {"uv": [2.4375, 9.375, 2.375, 9.5625], "texture": "#4"}
			}
		},
		{
			"from": [-7, 31.5, -13.5],
			"to": [-6, 32, -13],
			"faces": {
				"north": {"uv": [2.1875, 9.9375, 2.25, 10], "texture": "#4"},
				"east": {"uv": [2.25, 9.9375, 2.3125, 10], "texture": "#4"},
				"south": {"uv": [2.3125, 9.9375, 2.375, 10], "texture": "#4"},
				"west": {"uv": [2.375, 9.9375, 2.4375, 10], "texture": "#4"},
				"up": {"uv": [2.5, 10, 2.4375, 9.9375], "texture": "#4"},
				"down": {"uv": [2.5625, 9.9375, 2.5, 10], "texture": "#4"}
			}
		},
		{
			"from": [-8, 31.5, -16],
			"to": [-7, 32, -13],
			"faces": {
				"north": {"uv": [2.0625, 9.9375, 2.125, 10], "texture": "#4"},
				"east": {"uv": [9.375, 1, 9.5625, 1.0625], "texture": "#4"},
				"south": {"uv": [2.125, 9.9375, 2.1875, 10], "texture": "#4"},
				"west": {"uv": [9.375, 1.0625, 9.5625, 1.125], "texture": "#4"},
				"up": {"uv": [9.4375, 1.3125, 9.375, 1.125], "texture": "#4"},
				"down": {"uv": [9.4375, 1.3125, 9.375, 1.5], "texture": "#4"}
			}
		},
		{
			"from": [-7, 31.5, -16],
			"to": [-6, 32, -15.5],
			"faces": {
				"north": {"uv": [9.9375, 1.5625, 10, 1.625], "texture": "#4"},
				"east": {"uv": [1.6875, 9.9375, 1.75, 10], "texture": "#4"},
				"south": {"uv": [1.75, 9.9375, 1.8125, 10], "texture": "#4"},
				"west": {"uv": [1.875, 9.9375, 1.9375, 10], "texture": "#4"},
				"up": {"uv": [2, 10, 1.9375, 9.9375], "texture": "#4"},
				"down": {"uv": [2.0625, 9.9375, 2, 10], "texture": "#4"}
			}
		},
		{
			"from": [-5.5, 29.5, 29],
			"to": [-5, 31.5, 32],
			"faces": {
				"north": {"uv": [9.75, 1.3125, 9.8125, 1.4375], "texture": "#4"},
				"east": {"uv": [9.125, 2.625, 9.3125, 2.75], "texture": "#4"},
				"south": {"uv": [9.75, 1.4375, 9.8125, 1.5625], "texture": "#4"},
				"west": {"uv": [2.75, 9.125, 2.9375, 9.25], "texture": "#4"},
				"up": {"uv": [3.1875, 9.6875, 3.125, 9.5], "texture": "#4"},
				"down": {"uv": [3.25, 9.5, 3.1875, 9.6875], "texture": "#4"}
			}
		},
		{
			"from": [-8, 29.5, 29],
			"to": [-7.5, 31.5, 30],
			"faces": {
				"north": {"uv": [9.75, 1.8125, 9.8125, 1.9375], "texture": "#4"},
				"east": {"uv": [9.75, 2, 9.8125, 2.125], "texture": "#4"},
				"south": {"uv": [9.75, 2.125, 9.8125, 2.25], "texture": "#4"},
				"west": {"uv": [2.375, 9.75, 2.4375, 9.875], "texture": "#4"},
				"up": {"uv": [7.3125, 10, 7.25, 9.9375], "texture": "#4"},
				"down": {"uv": [10, 7.25, 9.9375, 7.3125], "texture": "#4"}
			}
		},
		{
			"from": [-7.5, 29.5, 29],
			"to": [-5.5, 31.5, 29.5],
			"faces": {
				"north": {"uv": [9.25, 0.8125, 9.375, 0.9375], "texture": "#4"},
				"east": {"uv": [2.4375, 9.75, 2.5, 9.875], "texture": "#4"},
				"south": {"uv": [9.25, 0.9375, 9.375, 1.0625], "texture": "#4"},
				"west": {"uv": [9.75, 2.4375, 9.8125, 2.5625], "texture": "#4"},
				"up": {"uv": [9.8125, 9.25, 9.6875, 9.1875], "texture": "#4"},
				"down": {"uv": [9.8125, 9.3125, 9.6875, 9.375], "texture": "#4"}
			}
		},
		{
			"from": [-6, 29.5, 31.5],
			"to": [-5.5, 31.5, 32],
			"faces": {
				"north": {"uv": [2.5, 9.75, 2.5625, 9.875], "texture": "#4"},
				"east": {"uv": [2.5625, 9.75, 2.625, 9.875], "texture": "#4"},
				"south": {"uv": [9.75, 2.5625, 9.8125, 2.6875], "texture": "#4"},
				"west": {"uv": [2.625, 9.75, 2.6875, 9.875], "texture": "#4"},
				"up": {"uv": [7.375, 10, 7.3125, 9.9375], "texture": "#4"},
				"down": {"uv": [10, 7.3125, 9.9375, 7.375], "texture": "#4"}
			}
		},
		{
			"from": [-7.5, 29.5, 31.5],
			"to": [-7, 31.5, 32],
			"faces": {
				"north": {"uv": [2.6875, 9.75, 2.75, 9.875], "texture": "#4"},
				"east": {"uv": [9.75, 2.6875, 9.8125, 2.8125], "texture": "#4"},
				"south": {"uv": [9.75, 2.8125, 9.8125, 2.9375], "texture": "#4"},
				"west": {"uv": [9.75, 2.9375, 9.8125, 3.0625], "texture": "#4"},
				"up": {"uv": [10, 7.4375, 9.9375, 7.375], "texture": "#4"},
				"down": {"uv": [10, 7.4375, 9.9375, 7.5], "texture": "#4"}
			}
		},
		{
			"from": [-8, 29.5, 31],
			"to": [-7.5, 31.5, 32],
			"faces": {
				"north": {"uv": [3, 9.75, 3.0625, 9.875], "texture": "#4"},
				"east": {"uv": [3.0625, 9.75, 3.125, 9.875], "texture": "#4"},
				"south": {"uv": [9.75, 3.0625, 9.8125, 3.1875], "texture": "#4"},
				"west": {"uv": [3.25, 9.75, 3.3125, 9.875], "texture": "#4"},
				"up": {"uv": [10, 7.5625, 9.9375, 7.5], "texture": "#4"},
				"down": {"uv": [10, 7.5625, 9.9375, 7.625], "texture": "#4"}
			}
		},
		{
			"from": [-8, 29, 29],
			"to": [-5, 29.5, 32],
			"faces": {
				"north": {"uv": [3.375, 9.5, 3.5625, 9.5625], "texture": "#4"},
				"east": {"uv": [9.5, 6, 9.6875, 6.0625], "texture": "#4"},
				"south": {"uv": [9, 9.5, 9.1875, 9.5625], "texture": "#4"},
				"west": {"uv": [9.5, 9.0625, 9.6875, 9.125], "texture": "#4"},
				"up": {"uv": [9.25, 1, 9.0625, 0.8125], "texture": "#4"},
				"down": {"uv": [9.25, 1, 9.0625, 1.1875], "texture": "#4"}
			}
		},
		{
			"from": [-6, 31.5, 29],
			"to": [-5, 32, 32],
			"faces": {
				"north": {"uv": [9.9375, 7.625, 10, 7.6875], "texture": "#4"},
				"east": {"uv": [9.5, 9.125, 9.6875, 9.1875], "texture": "#4"},
				"south": {"uv": [9.9375, 7.6875, 10, 7.75], "texture": "#4"},
				"west": {"uv": [9.1875, 9.5, 9.375, 9.5625], "texture": "#4"},
				"up": {"uv": [3.6875, 9.6875, 3.625, 9.5], "texture": "#4"},
				"down": {"uv": [3.75, 9.5, 3.6875, 9.6875], "texture": "#4"}
			}
		},
		{
			"from": [-7, 31.5, 31.5],
			"to": [-6, 32, 32],
			"faces": {
				"north": {"uv": [9.9375, 7.75, 10, 7.8125], "texture": "#4"},
				"east": {"uv": [9.9375, 7.8125, 10, 7.875], "texture": "#4"},
				"south": {"uv": [9.9375, 7.875, 10, 7.9375], "texture": "#4"},
				"west": {"uv": [9.9375, 7.9375, 10, 8], "texture": "#4"},
				"up": {"uv": [10, 8.0625, 9.9375, 8], "texture": "#4"},
				"down": {"uv": [10, 8.0625, 9.9375, 8.125], "texture": "#4"}
			}
		},
		{
			"from": [-8, 31.5, 29],
			"to": [-7, 32, 32],
			"faces": {
				"north": {"uv": [9.9375, 8.125, 10, 8.1875], "texture": "#4"},
				"east": {"uv": [9.5, 9.1875, 9.6875, 9.25], "texture": "#4"},
				"south": {"uv": [9.9375, 8.1875, 10, 8.25], "texture": "#4"},
				"west": {"uv": [9.5, 9.3125, 9.6875, 9.375], "texture": "#4"},
				"up": {"uv": [9.5625, 9.5625, 9.5, 9.375], "texture": "#4"},
				"down": {"uv": [9.5, 9.5, 9.4375, 9.6875], "texture": "#4"}
			}
		},
		{
			"from": [-7, 31.5, 29],
			"to": [-6, 32, 29.5],
			"faces": {
				"north": {"uv": [9.9375, 8.25, 10, 8.3125], "texture": "#4"},
				"east": {"uv": [8.375, 9.9375, 8.4375, 10], "texture": "#4"},
				"south": {"uv": [9.9375, 8.375, 10, 8.4375], "texture": "#4"},
				"west": {"uv": [8.4375, 9.9375, 8.5, 10], "texture": "#4"},
				"up": {"uv": [10, 8.5, 9.9375, 8.4375], "texture": "#4"},
				"down": {"uv": [10, 8.5, 9.9375, 8.5625], "texture": "#4"}
			}
		},
		{
			"from": [-5.5, 0.5, -16],
			"to": [-5, 2.5, -13],
			"faces": {
				"north": {"uv": [2.9375, 9.6875, 3, 9.8125], "texture": "#4"},
				"east": {"uv": [2.375, 9.125, 2.5625, 9.25], "texture": "#4"},
				"south": {"uv": [9.6875, 2.9375, 9.75, 3.0625], "texture": "#4"},
				"west": {"uv": [9.125, 2.375, 9.3125, 2.5], "texture": "#4"},
				"up": {"uv": [9.5, 1.375, 9.4375, 1.1875], "texture": "#4"},
				"down": {"uv": [9.5, 2.125, 9.4375, 2.3125], "texture": "#4"}
			}
		},
		{
			"from": [-8, 0.5, -16],
			"to": [-7.5, 2.5, -15],
			"faces": {
				"north": {"uv": [9.6875, 3.0625, 9.75, 3.1875], "texture": "#4"},
				"east": {"uv": [3.125, 9.6875, 3.1875, 9.8125], "texture": "#4"},
				"south": {"uv": [3.1875, 9.6875, 3.25, 9.8125], "texture": "#4"},
				"west": {"uv": [3.625, 9.6875, 3.6875, 9.8125], "texture": "#4"},
				"up": {"uv": [10, 4, 9.9375, 3.9375], "texture": "#4"},
				"down": {"uv": [10, 4, 9.9375, 4.0625], "texture": "#4"}
			}
		},
		{
			"from": [-7.5, 0.5, -16],
			"to": [-7, 2.5, -15.5],
			"faces": {
				"north": {"uv": [3.6875, 9.6875, 3.75, 9.8125], "texture": "#4"},
				"east": {"uv": [9.6875, 3.875, 9.75, 4], "texture": "#4"},
				"south": {"uv": [9.6875, 4, 9.75, 4.125], "texture": "#4"},
				"west": {"uv": [9.6875, 4.125, 9.75, 4.25], "texture": "#4"},
				"up": {"uv": [10, 4.125, 9.9375, 4.0625], "texture": "#4"},
				"down": {"uv": [10, 4.125, 9.9375, 4.1875], "texture": "#4"}
			}
		},
		{
			"from": [-6, 0.5, -16],
			"to": [-5.5, 2.5, -15.5],
			"faces": {
				"north": {"uv": [9.6875, 4.25, 9.75, 4.375], "texture": "#4"},
				"east": {"uv": [9.6875, 4.375, 9.75, 4.5], "texture": "#4"},
				"south": {"uv": [9.6875, 4.5, 9.75, 4.625], "texture": "#4"},
				"west": {"uv": [9.6875, 4.625, 9.75, 4.75], "texture": "#4"},
				"up": {"uv": [10, 4.25, 9.9375, 4.1875], "texture": "#4"},
				"down": {"uv": [10, 4.25, 9.9375, 4.3125], "texture": "#4"}
			}
		},
		{
			"from": [-7.5, 0.5, -13.5],
			"to": [-5.5, 2.5, -13],
			"faces": {
				"north": {"uv": [3.375, 9.1875, 3.5, 9.3125], "texture": "#4"},
				"east": {"uv": [9.6875, 4.75, 9.75, 4.875], "texture": "#4"},
				"south": {"uv": [3.5, 9.1875, 3.625, 9.3125], "texture": "#4"},
				"west": {"uv": [9.6875, 4.875, 9.75, 5], "texture": "#4"},
				"up": {"uv": [9.8125, 1, 9.6875, 0.9375], "texture": "#4"},
				"down": {"uv": [9.8125, 1.9375, 9.6875, 2], "texture": "#4"}
			}
		},
		{
			"from": [-8, 0.5, -14],
			"to": [-7.5, 2.5, -13],
			"faces": {
				"north": {"uv": [9.6875, 5, 9.75, 5.125], "texture": "#4"},
				"east": {"uv": [9.6875, 5.125, 9.75, 5.25], "texture": "#4"},
				"south": {"uv": [9.6875, 5.25, 9.75, 5.375], "texture": "#4"},
				"west": {"uv": [9.6875, 5.5, 9.75, 5.625], "texture": "#4"},
				"up": {"uv": [10, 4.375, 9.9375, 4.3125], "texture": "#4"},
				"down": {"uv": [10, 4.375, 9.9375, 4.4375], "texture": "#4"}
			}
		},
		{
			"from": [-7, 0, -16],
			"to": [-6, 0.5, -15.5],
			"faces": {
				"north": {"uv": [9.9375, 4.4375, 10, 4.5], "texture": "#4"},
				"east": {"uv": [9.9375, 4.5, 10, 4.5625], "texture": "#4"},
				"south": {"uv": [9.9375, 4.5625, 10, 4.625], "texture": "#4"},
				"west": {"uv": [9.9375, 4.625, 10, 4.6875], "texture": "#4"},
				"up": {"uv": [10, 4.75, 9.9375, 4.6875], "texture": "#4"},
				"down": {"uv": [10, 4.75, 9.9375, 4.8125], "texture": "#4"}
			}
		},
		{
			"from": [-7, 0, -13.5],
			"to": [-6, 0.5, -13],
			"faces": {
				"north": {"uv": [9.9375, 4.8125, 10, 4.875], "texture": "#4"},
				"east": {"uv": [9.9375, 4.875, 10, 4.9375], "texture": "#4"},
				"south": {"uv": [9.9375, 4.9375, 10, 5], "texture": "#4"},
				"west": {"uv": [9.9375, 5, 10, 5.0625], "texture": "#4"},
				"up": {"uv": [10, 5.125, 9.9375, 5.0625], "texture": "#4"},
				"down": {"uv": [10, 5.125, 9.9375, 5.1875], "texture": "#4"}
			}
		},
		{
			"from": [-6, 0, -16],
			"to": [-5, 0.5, -13],
			"faces": {
				"north": {"uv": [9.9375, 5.1875, 10, 5.25], "texture": "#4"},
				"east": {"uv": [9.4375, 1.375, 9.625, 1.4375], "texture": "#4"},
				"south": {"uv": [9.9375, 5.25, 10, 5.3125], "texture": "#4"},
				"west": {"uv": [9.4375, 1.4375, 9.625, 1.5], "texture": "#4"},
				"up": {"uv": [9.5, 2.625, 9.4375, 2.4375], "texture": "#4"},
				"down": {"uv": [2.5625, 9.4375, 2.5, 9.625], "texture": "#4"}
			}
		},
		{
			"from": [-8, 0, -16],
			"to": [-7, 0.5, -13],
			"faces": {
				"north": {"uv": [9.9375, 5.5, 10, 5.5625], "texture": "#4"},
				"east": {"uv": [2.5625, 9.4375, 2.75, 9.5], "texture": "#4"},
				"south": {"uv": [9.9375, 5.5625, 10, 5.625], "texture": "#4"},
				"west": {"uv": [9.4375, 3.0625, 9.625, 3.125], "texture": "#4"},
				"up": {"uv": [2.8125, 9.625, 2.75, 9.4375], "texture": "#4"},
				"down": {"uv": [2.875, 9.4375, 2.8125, 9.625], "texture": "#4"}
			}
		},
		{
			"from": [-8, 2.5, -16],
			"to": [-5, 3, -13],
			"faces": {
				"north": {"uv": [9.4375, 3.125, 9.625, 3.1875], "texture": "#4"},
				"east": {"uv": [3.375, 9.4375, 3.5625, 9.5], "texture": "#4"},
				"south": {"uv": [9.4375, 5.5, 9.625, 5.5625], "texture": "#4"},
				"west": {"uv": [9.4375, 5.5625, 9.625, 5.625], "texture": "#4"},
				"up": {"uv": [7.0625, 2.9375, 6.875, 2.75], "texture": "#4"},
				"down": {"uv": [1.8125, 9, 1.625, 9.1875], "texture": "#4"}
			}
		},
		{
			"from": [-5.5, 0.5, 29],
			"to": [-5, 2.5, 32],
			"faces": {
				"north": {"uv": [3.3125, 9.75, 3.375, 9.875], "texture": "#4"},
				"east": {"uv": [9.125, 2.75, 9.3125, 2.875], "texture": "#4"},
				"south": {"uv": [3.375, 9.75, 3.4375, 9.875], "texture": "#4"},
				"west": {"uv": [9.125, 2.875, 9.3125, 3], "texture": "#4"},
				"up": {"uv": [9.625, 1, 9.5625, 0.8125], "texture": "#4"},
				"down": {"uv": [9.625, 1.5, 9.5625, 1.6875], "texture": "#4"}
			}
		},
		{
			"from": [-8, 0.5, 29],
			"to": [-7.5, 2.5, 30],
			"faces": {
				"north": {"uv": [3.4375, 9.75, 3.5, 9.875], "texture": "#4"},
				"east": {"uv": [3.5, 9.75, 3.5625, 9.875], "texture": "#4"},
				"south": {"uv": [3.5625, 9.75, 3.625, 9.875], "texture": "#4"},
				"west": {"uv": [9.75, 3.875, 9.8125, 4], "texture": "#4"},
				"up": {"uv": [10, 8.625, 9.9375, 8.5625], "texture": "#4"},
				"down": {"uv": [10, 8.625, 9.9375, 8.6875], "texture": "#4"}
			}
		},
		{
			"from": [-7.5, 0.5, 29],
			"to": [-5.5, 2.5, 29.5],
			"faces": {
				"north": {"uv": [9.25, 1.0625, 9.375, 1.1875], "texture": "#4"},
				"east": {"uv": [9.75, 4, 9.8125, 4.125], "texture": "#4"},
				"south": {"uv": [9.25, 1.1875, 9.375, 1.3125], "texture": "#4"},
				"west": {"uv": [9.75, 4.125, 9.8125, 4.25], "texture": "#4"},
				"up": {"uv": [9.875, 4.3125, 9.75, 4.25], "texture": "#4"},
				"down": {"uv": [9.875, 4.3125, 9.75, 4.375], "texture": "#4"}
			}
		},
		{
			"from": [-6, 0.5, 31.5],
			"to": [-5.5, 2.5, 32],
			"faces": {
				"north": {"uv": [9.75, 4.375, 9.8125, 4.5], "texture": "#4"},
				"east": {"uv": [9.75, 4.5, 9.8125, 4.625], "texture": "#4"},
				"south": {"uv": [9.75, 4.625, 9.8125, 4.75], "texture": "#4"},
				"west": {"uv": [9.75, 4.75, 9.8125, 4.875], "texture": "#4"},
				"up": {"uv": [10, 8.75, 9.9375, 8.6875], "texture": "#4"},
				"down": {"uv": [10, 8.75, 9.9375, 8.8125], "texture": "#4"}
			}
		},
		{
			"from": [-7.5, 0.5, 31.5],
			"to": [-7, 2.5, 32],
			"faces": {
				"north": {"uv": [9.75, 4.875, 9.8125, 5], "texture": "#4"},
				"east": {"uv": [9.75, 5, 9.8125, 5.125], "texture": "#4"},
				"south": {"uv": [9.75, 5.125, 9.8125, 5.25], "texture": "#4"},
				"west": {"uv": [9.75, 5.25, 9.8125, 5.375], "texture": "#4"},
				"up": {"uv": [10, 8.875, 9.9375, 8.8125], "texture": "#4"},
				"down": {"uv": [10, 8.875, 9.9375, 8.9375], "texture": "#4"}
			}
		},
		{
			"from": [-8, 0.5, 31],
			"to": [-7.5, 2.5, 32],
			"faces": {
				"north": {"uv": [9.75, 5.5, 9.8125, 5.625], "texture": "#4"},
				"east": {"uv": [9.75, 5.625, 9.8125, 5.75], "texture": "#4"},
				"south": {"uv": [9.75, 5.75, 9.8125, 5.875], "texture": "#4"},
				"west": {"uv": [9.75, 5.875, 9.8125, 6], "texture": "#4"},
				"up": {"uv": [10, 9, 9.9375, 8.9375], "texture": "#4"},
				"down": {"uv": [10, 9, 9.9375, 9.0625], "texture": "#4"}
			}
		},
		{
			"from": [-7, 0, 29],
			"to": [-6, 0.5, 29.5],
			"faces": {
				"north": {"uv": [9.0625, 9.9375, 9.125, 10], "texture": "#4"},
				"east": {"uv": [9.9375, 9.0625, 10, 9.125], "texture": "#4"},
				"south": {"uv": [9.125, 9.9375, 9.1875, 10], "texture": "#4"},
				"west": {"uv": [9.9375, 9.125, 10, 9.1875], "texture": "#4"},
				"up": {"uv": [10, 9.25, 9.9375, 9.1875], "texture": "#4"},
				"down": {"uv": [10, 9.25, 9.9375, 9.3125], "texture": "#4"}
			}
		},
		{
			"from": [-7, 0, 31.5],
			"to": [-6, 0.5, 32],
			"faces": {
				"north": {"uv": [9.9375, 9.3125, 10, 9.375], "texture": "#4"},
				"east": {"uv": [9.9375, 9.375, 10, 9.4375], "texture": "#4"},
				"south": {"uv": [9.4375, 9.9375, 9.5, 10], "texture": "#4"},
				"west": {"uv": [9.9375, 9.4375, 10, 9.5], "texture": "#4"},
				"up": {"uv": [10, 9.5625, 9.9375, 9.5], "texture": "#4"},
				"down": {"uv": [10, 9.5625, 9.9375, 9.625], "texture": "#4"}
			}
		},
		{
			"from": [-6, 0, 29],
			"to": [-5, 0.5, 32],
			"faces": {
				"north": {"uv": [9.9375, 9.625, 10, 9.6875], "texture": "#4"},
				"east": {"uv": [9.5625, 1, 9.75, 1.0625], "texture": "#4"},
				"south": {"uv": [9.6875, 9.9375, 9.75, 10], "texture": "#4"},
				"west": {"uv": [9.5625, 1.0625, 9.75, 1.125], "texture": "#4"},
				"up": {"uv": [1.6875, 9.75, 1.625, 9.5625], "texture": "#4"},
				"down": {"uv": [1.75, 9.5625, 1.6875, 9.75], "texture": "#4"}
			}
		},
		{
			"from": [-8, 0, 29],
			"to": [-7, 0.5, 32],
			"faces": {
				"north": {"uv": [9.9375, 9.6875, 10, 9.75], "texture": "#4"},
				"east": {"uv": [9.5625, 1.6875, 9.75, 1.75], "texture": "#4"},
				"south": {"uv": [9.9375, 9.75, 10, 9.8125], "texture": "#4"},
				"west": {"uv": [9.5625, 1.75, 9.75, 1.8125], "texture": "#4"},
				"up": {"uv": [1.8125, 9.75, 1.75, 9.5625], "texture": "#4"},
				"down": {"uv": [9.625, 1.8125, 9.5625, 2], "texture": "#4"}
			}
		},
		{
			"from": [-8, 2.5, 29],
			"to": [-5, 3, 32],
			"faces": {
				"north": {"uv": [9.5625, 2, 9.75, 2.0625], "texture": "#4"},
				"east": {"uv": [9.5625, 2.0625, 9.75, 2.125], "texture": "#4"},
				"south": {"uv": [9.5625, 2.125, 9.75, 2.1875], "texture": "#4"},
				"west": {"uv": [9.5625, 2.1875, 9.75, 2.25], "texture": "#4"},
				"up": {"uv": [9.25, 1.375, 9.0625, 1.1875], "texture": "#4"},
				"down": {"uv": [9.25, 1.375, 9.0625, 1.5625], "texture": "#4"}
			}
		},
		{
			"from": [23.5, 0.5, -16],
			"to": [24, 2.5, -15],
			"faces": {
				"north": {"uv": [9.6875, 5.625, 9.75, 5.75], "texture": "#4"},
				"east": {"uv": [9.6875, 5.75, 9.75, 5.875], "texture": "#4"},
				"south": {"uv": [9.6875, 5.875, 9.75, 6], "texture": "#4"},
				"west": {"uv": [9.6875, 6, 9.75, 6.125], "texture": "#4"},
				"up": {"uv": [10, 5.6875, 9.9375, 5.625], "texture": "#4"},
				"down": {"uv": [10, 5.6875, 9.9375, 5.75], "texture": "#4"}
			}
		},
		{
			"from": [23.5, 0.5, -14],
			"to": [24, 2.5, -13],
			"faces": {
				"north": {"uv": [9.6875, 6.125, 9.75, 6.25], "texture": "#4"},
				"east": {"uv": [9.6875, 6.25, 9.75, 6.375], "texture": "#4"},
				"south": {"uv": [9.6875, 6.875, 9.75, 7], "texture": "#4"},
				"west": {"uv": [9.6875, 7, 9.75, 7.125], "texture": "#4"},
				"up": {"uv": [10, 5.8125, 9.9375, 5.75], "texture": "#4"},
				"down": {"uv": [10, 5.8125, 9.9375, 5.875], "texture": "#4"}
			}
		},
		{
			"from": [21, 0.5, -16],
			"to": [21.5, 2.5, -13],
			"faces": {
				"north": {"uv": [9.6875, 7.9375, 9.75, 8.0625], "texture": "#4"},
				"east": {"uv": [9.125, 2.5, 9.3125, 2.625], "texture": "#4"},
				"south": {"uv": [9.6875, 8.0625, 9.75, 8.1875], "texture": "#4"},
				"west": {"uv": [2.5625, 9.125, 2.75, 9.25], "texture": "#4"},
				"up": {"uv": [3.625, 9.625, 3.5625, 9.4375], "texture": "#4"},
				"down": {"uv": [9.5, 9.0625, 9.4375, 9.25], "texture": "#4"}
			}
		},
		{
			"from": [21.5, 0.5, -16],
			"to": [22, 2.5, -15.5],
			"faces": {
				"north": {"uv": [9.6875, 8.1875, 9.75, 8.3125], "texture": "#4"},
				"east": {"uv": [9.6875, 8.3125, 9.75, 8.4375], "texture": "#4"},
				"south": {"uv": [9.6875, 8.4375, 9.75, 8.5625], "texture": "#4"},
				"west": {"uv": [9.6875, 9.0625, 9.75, 9.1875], "texture": "#4"},
				"up": {"uv": [10, 5.9375, 9.9375, 5.875], "texture": "#4"},
				"down": {"uv": [10, 5.9375, 9.9375, 6], "texture": "#4"}
			}
		},
		{
			"from": [21.5, 0.5, -13.5],
			"to": [23.5, 2.5, -13],
			"faces": {
				"north": {"uv": [9.1875, 9.0625, 9.3125, 9.1875], "texture": "#4"},
				"east": {"uv": [9.4375, 9.6875, 9.5, 9.8125], "texture": "#4"},
				"south": {"uv": [9.1875, 9.1875, 9.3125, 9.3125], "texture": "#4"},
				"west": {"uv": [9.6875, 9.5625, 9.75, 9.6875], "texture": "#4"},
				"up": {"uv": [9.8125, 3.25, 9.6875, 3.1875], "texture": "#4"},
				"down": {"uv": [9.8125, 6.375, 9.6875, 6.4375], "texture": "#4"}
			}
		},
		{
			"from": [23, 0.5, -16],
			"to": [23.5, 2.5, -15.5],
			"faces": {
				"north": {"uv": [9.6875, 9.6875, 9.75, 9.8125], "texture": "#4"},
				"east": {"uv": [9.75, 0.8125, 9.8125, 0.9375], "texture": "#4"},
				"south": {"uv": [9.75, 1, 9.8125, 1.125], "texture": "#4"},
				"west": {"uv": [9.75, 1.1875, 9.8125, 1.3125], "texture": "#4"},
				"up": {"uv": [10, 6.0625, 9.9375, 6], "texture": "#4"},
				"down": {"uv": [10, 6.0625, 9.9375, 6.125], "texture": "#4"}
			}
		},
		{
			"from": [22, 0, -16],
			"to": [23, 0.5, -15.5],
			"faces": {
				"north": {"uv": [9.9375, 6.125, 10, 6.1875], "texture": "#4"},
				"east": {"uv": [9.9375, 6.1875, 10, 6.25], "texture": "#4"},
				"south": {"uv": [9.9375, 6.25, 10, 6.3125], "texture": "#4"},
				"west": {"uv": [9.9375, 6.3125, 10, 6.375], "texture": "#4"},
				"up": {"uv": [10, 6.4375, 9.9375, 6.375], "texture": "#4"},
				"down": {"uv": [10, 6.4375, 9.9375, 6.5], "texture": "#4"}
			}
		},
		{
			"from": [22, 0, -13.5],
			"to": [23, 0.5, -13],
			"faces": {
				"north": {"uv": [9.9375, 6.5, 10, 6.5625], "texture": "#4"},
				"east": {"uv": [9.9375, 6.5625, 10, 6.625], "texture": "#4"},
				"south": {"uv": [9.9375, 6.625, 10, 6.6875], "texture": "#4"},
				"west": {"uv": [9.9375, 6.6875, 10, 6.75], "texture": "#4"},
				"up": {"uv": [10, 6.8125, 9.9375, 6.75], "texture": "#4"},
				"down": {"uv": [10, 6.8125, 9.9375, 6.875], "texture": "#4"}
			}
		},
		{
			"from": [23, 0, -16],
			"to": [24, 0.5, -13],
			"faces": {
				"north": {"uv": [9.9375, 6.875, 10, 6.9375], "texture": "#4"},
				"east": {"uv": [9.1875, 9.4375, 9.375, 9.5], "texture": "#4"},
				"south": {"uv": [9.9375, 6.9375, 10, 7], "texture": "#4"},
				"west": {"uv": [9.4375, 9.25, 9.625, 9.3125], "texture": "#4"},
				"up": {"uv": [9.5, 9.5, 9.4375, 9.3125], "texture": "#4"},
				"down": {"uv": [9.4375, 9.4375, 9.375, 9.625], "texture": "#4"}
			}
		},
		{
			"from": [21, 0, -16],
			"to": [22, 0.5, -13],
			"faces": {
				"north": {"uv": [9.9375, 7, 10, 7.0625], "texture": "#4"},
				"east": {"uv": [9.5, 0.125, 9.6875, 0.1875], "texture": "#4"},
				"south": {"uv": [9.9375, 7.0625, 10, 7.125], "texture": "#4"},
				"west": {"uv": [9.5, 1.1875, 9.6875, 1.25], "texture": "#4"},
				"up": {"uv": [9.5625, 2.3125, 9.5, 2.125], "texture": "#4"},
				"down": {"uv": [9.5625, 2.4375, 9.5, 2.625], "texture": "#4"}
			}
		},
		{
			"from": [21, 2.5, -16],
			"to": [24, 3, -13],
			"faces": {
				"north": {"uv": [9.5, 1.25, 9.6875, 1.3125], "texture": "#4"},
				"east": {"uv": [9.5, 1.3125, 9.6875, 1.375], "texture": "#4"},
				"south": {"uv": [2.5625, 9.5, 2.75, 9.5625], "texture": "#4"},
				"west": {"uv": [9.5, 3.1875, 9.6875, 3.25], "texture": "#4"},
				"up": {"uv": [3.4375, 9.1875, 3.25, 9], "texture": "#4"},
				"down": {"uv": [3.625, 9, 3.4375, 9.1875], "texture": "#4"}
			}
		},
		{
			"from": [23.5, 0.5, 29],
			"to": [24, 2.5, 30],
			"faces": {
				"north": {"uv": [9.75, 6, 9.8125, 6.125], "texture": "#4"},
				"east": {"uv": [9.75, 6.125, 9.8125, 6.25], "texture": "#4"},
				"south": {"uv": [9.75, 6.25, 9.8125, 6.375], "texture": "#4"},
				"west": {"uv": [9.75, 6.4375, 9.8125, 6.5625], "texture": "#4"},
				"up": {"uv": [9.875, 10, 9.8125, 9.9375], "texture": "#4"},
				"down": {"uv": [9.9375, 9.9375, 9.875, 10], "texture": "#4"}
			}
		},
		{
			"from": [23.5, 0.5, 31],
			"to": [24, 2.5, 32],
			"faces": {
				"north": {"uv": [9.75, 6.5625, 9.8125, 6.6875], "texture": "#4"},
				"east": {"uv": [9.75, 6.6875, 9.8125, 6.8125], "texture": "#4"},
				"south": {"uv": [9.75, 6.8125, 9.8125, 6.9375], "texture": "#4"},
				"west": {"uv": [9.75, 6.9375, 9.8125, 7.0625], "texture": "#4"},
				"up": {"uv": [10, 10, 9.9375, 9.9375], "texture": "#4"},
				"down": {"uv": [10.0625, 1.375, 10, 1.4375], "texture": "#4"}
			}
		},
		{
			"from": [23, 0.5, 31.5],
			"to": [23.5, 2.5, 32],
			"faces": {
				"north": {"uv": [7, 9.75, 7.0625, 9.875], "texture": "#4"},
				"east": {"uv": [7.0625, 9.75, 7.125, 9.875], "texture": "#4"},
				"south": {"uv": [9.75, 7.0625, 9.8125, 7.1875], "texture": "#4"},
				"west": {"uv": [7.125, 9.75, 7.1875, 9.875], "texture": "#4"},
				"up": {"uv": [10.0625, 1.5, 10, 1.4375], "texture": "#4"},
				"down": {"uv": [10.0625, 1.5, 10, 1.5625], "texture": "#4"}
			}
		},
		{
			"from": [21.5, 0.5, 29],
			"to": [23.5, 2.5, 29.5],
			"faces": {
				"north": {"uv": [9.25, 1.3125, 9.375, 1.4375], "texture": "#4"},
				"east": {"uv": [7.1875, 9.75, 7.25, 9.875], "texture": "#4"},
				"south": {"uv": [9.25, 1.4375, 9.375, 1.5625], "texture": "#4"},
				"west": {"uv": [9.75, 7.1875, 9.8125, 7.3125], "texture": "#4"},
				"up": {"uv": [7.375, 9.8125, 7.25, 9.75], "texture": "#4"},
				"down": {"uv": [9.875, 7.3125, 9.75, 7.375], "texture": "#4"}
			}
		},
		{
			"from": [21.5, 0.5, 31.5],
			"to": [22, 2.5, 32],
			"faces": {
				"north": {"uv": [7.375, 9.75, 7.4375, 9.875], "texture": "#4"},
				"east": {"uv": [7.4375, 9.75, 7.5, 9.875], "texture": "#4"},
				"south": {"uv": [7.5, 9.75, 7.5625, 9.875], "texture": "#4"},
				"west": {"uv": [7.5625, 9.75, 7.625, 9.875], "texture": "#4"},
				"up": {"uv": [10.0625, 1.625, 10, 1.5625], "texture": "#4"},
				"down": {"uv": [1.6875, 10, 1.625, 10.0625], "texture": "#4"}
			}
		},
		{
			"from": [21, 0.5, 29],
			"to": [21.5, 2.5, 32],
			"faces": {
				"north": {"uv": [7.625, 9.75, 7.6875, 9.875], "texture": "#4"},
				"east": {"uv": [2.9375, 9.125, 3.125, 9.25], "texture": "#4"},
				"south": {"uv": [7.6875, 9.75, 7.75, 9.875], "texture": "#4"},
				"west": {"uv": [9.125, 3, 9.3125, 3.125], "texture": "#4"},
				"up": {"uv": [9.625, 2.4375, 9.5625, 2.25], "texture": "#4"},
				"down": {"uv": [2.4375, 9.5625, 2.375, 9.75], "texture": "#4"}
			}
		},
		{
			"from": [22, 0, 29],
			"to": [23, 0.5, 29.5],
			"faces": {
				"north": {"uv": [10, 1.625, 10.0625, 1.6875], "texture": "#4"},
				"east": {"uv": [1.6875, 10, 1.75, 10.0625], "texture": "#4"},
				"south": {"uv": [10, 1.6875, 10.0625, 1.75], "texture": "#4"},
				"west": {"uv": [1.75, 10, 1.8125, 10.0625], "texture": "#4"},
				"up": {"uv": [10.0625, 1.8125, 10, 1.75], "texture": "#4"},
				"down": {"uv": [10.0625, 1.8125, 10, 1.875], "texture": "#4"}
			}
		},
		{
			"from": [22, 0, 31.5],
			"to": [23, 0.5, 32],
			"faces": {
				"north": {"uv": [1.875, 10, 1.9375, 10.0625], "texture": "#4"},
				"east": {"uv": [10, 1.875, 10.0625, 1.9375], "texture": "#4"},
				"south": {"uv": [1.9375, 10, 2, 10.0625], "texture": "#4"},
				"west": {"uv": [10, 1.9375, 10.0625, 2], "texture": "#4"},
				"up": {"uv": [2.0625, 10.0625, 2, 10], "texture": "#4"},
				"down": {"uv": [10.0625, 2, 10, 2.0625], "texture": "#4"}
			}
		},
		{
			"from": [23, 0, 29],
			"to": [24, 0.5, 32],
			"faces": {
				"north": {"uv": [2.0625, 10, 2.125, 10.0625], "texture": "#4"},
				"east": {"uv": [9.5625, 2.4375, 9.75, 2.5], "texture": "#4"},
				"south": {"uv": [10, 2.0625, 10.0625, 2.125], "texture": "#4"},
				"west": {"uv": [9.5625, 2.5, 9.75, 2.5625], "texture": "#4"},
				"up": {"uv": [2.5, 9.75, 2.4375, 9.5625], "texture": "#4"},
				"down": {"uv": [2.625, 9.5625, 2.5625, 9.75], "texture": "#4"}
			}
		},
		{
			"from": [21, 0, 29],
			"to": [22, 0.5, 32],
			"faces": {
				"north": {"uv": [2.125, 10, 2.1875, 10.0625], "texture": "#4"},
				"east": {"uv": [9.5625, 2.5625, 9.75, 2.625], "texture": "#4"},
				"south": {"uv": [10, 2.125, 10.0625, 2.1875], "texture": "#4"},
				"west": {"uv": [9.5625, 2.625, 9.75, 2.6875], "texture": "#4"},
				"up": {"uv": [2.6875, 9.75, 2.625, 9.5625], "texture": "#4"},
				"down": {"uv": [2.75, 9.5625, 2.6875, 9.75], "texture": "#4"}
			}
		},
		{
			"from": [21, 2.5, 29],
			"to": [24, 3, 32],
			"faces": {
				"north": {"uv": [9.5625, 2.6875, 9.75, 2.75], "texture": "#4"},
				"east": {"uv": [9.5625, 2.75, 9.75, 2.8125], "texture": "#4"},
				"south": {"uv": [9.5625, 2.8125, 9.75, 2.875], "texture": "#4"},
				"west": {"uv": [2.875, 9.5625, 3.0625, 9.625], "texture": "#4"},
				"up": {"uv": [9.1875, 9.25, 9, 9.0625], "texture": "#4"},
				"down": {"uv": [9.3125, 1.5625, 9.125, 1.75], "texture": "#4"}
			}
		},
		{
			"from": [23.5, 29.5, -16],
			"to": [24, 31.5, -15],
			"faces": {
				"north": {"uv": [9.625, 8.3125, 9.6875, 8.4375], "texture": "#4"},
				"east": {"uv": [9.625, 8.4375, 9.6875, 8.5625], "texture": "#4"},
				"south": {"uv": [9, 9.625, 9.0625, 9.75], "texture": "#4"},
				"west": {"uv": [9.0625, 9.625, 9.125, 9.75], "texture": "#4"},
				"up": {"uv": [2.75, 10, 2.6875, 9.9375], "texture": "#4"},
				"down": {"uv": [2.8125, 9.9375, 2.75, 10], "texture": "#4"}
			}
		},
		{
			"from": [23.5, 29.5, -14],
			"to": [24, 31.5, -13],
			"faces": {
				"north": {"uv": [9.125, 9.625, 9.1875, 9.75], "texture": "#4"},
				"east": {"uv": [9.1875, 9.625, 9.25, 9.75], "texture": "#4"},
				"south": {"uv": [9.25, 9.625, 9.3125, 9.75], "texture": "#4"},
				"west": {"uv": [9.3125, 9.625, 9.375, 9.75], "texture": "#4"},
				"up": {"uv": [2.875, 10, 2.8125, 9.9375], "texture": "#4"},
				"down": {"uv": [2.9375, 9.9375, 2.875, 10], "texture": "#4"}
			}
		},
		{
			"from": [21.5, 29.5, -16],
			"to": [22, 31.5, -15.5],
			"faces": {
				"north": {"uv": [9.375, 9.625, 9.4375, 9.75], "texture": "#4"},
				"east": {"uv": [9.5, 9.625, 9.5625, 9.75], "texture": "#4"},
				"south": {"uv": [9.5625, 9.625, 9.625, 9.75], "texture": "#4"},
				"west": {"uv": [9.625, 9.625, 9.6875, 9.75], "texture": "#4"},
				"up": {"uv": [3, 10, 2.9375, 9.9375], "texture": "#4"},
				"down": {"uv": [3.0625, 9.9375, 3, 10], "texture": "#4"}
			}
		},
		{
			"from": [23, 29.5, -16],
			"to": [23.5, 31.5, -15.5],
			"faces": {
				"north": {"uv": [9.6875, 0.8125, 9.75, 0.9375], "texture": "#4"},
				"east": {"uv": [9.6875, 1.1875, 9.75, 1.3125], "texture": "#4"},
				"south": {"uv": [9.6875, 1.3125, 9.75, 1.4375], "texture": "#4"},
				"west": {"uv": [9.6875, 1.4375, 9.75, 1.5625], "texture": "#4"},
				"up": {"uv": [3.125, 10, 3.0625, 9.9375], "texture": "#4"},
				"down": {"uv": [3.1875, 9.9375, 3.125, 10], "texture": "#4"}
			}
		},
		{
			"from": [21.5, 29.5, -13.5],
			"to": [23.5, 31.5, -13],
			"faces": {
				"north": {"uv": [3.625, 9.125, 3.75, 9.25], "texture": "#4"},
				"east": {"uv": [9.6875, 1.8125, 9.75, 1.9375], "texture": "#4"},
				"south": {"uv": [3.25, 9.1875, 3.375, 9.3125], "texture": "#4"},
				"west": {"uv": [2.75, 9.6875, 2.8125, 9.8125], "texture": "#4"},
				"up": {"uv": [9.75, 9.3125, 9.625, 9.25], "texture": "#4"},
				"down": {"uv": [9.8125, 0.125, 9.6875, 0.1875], "texture": "#4"}
			}
		},
		{
			"from": [21, 29.5, -16],
			"to": [21.5, 31.5, -13],
			"faces": {
				"north": {"uv": [2.8125, 9.6875, 2.875, 9.8125], "texture": "#4"},
				"east": {"uv": [9.125, 2.125, 9.3125, 2.25], "texture": "#4"},
				"south": {"uv": [2.875, 9.6875, 2.9375, 9.8125], "texture": "#4"},
				"west": {"uv": [9.125, 2.25, 9.3125, 2.375], "texture": "#4"},
				"up": {"uv": [2.5, 9.5625, 2.4375, 9.375], "texture": "#4"},
				"down": {"uv": [9.4375, 2.4375, 9.375, 2.625], "texture": "#4"}
			}
		},
		{
			"from": [21, 29, -16],
			"to": [24, 29.5, -13],
			"faces": {
				"north": {"uv": [2.5, 9.375, 2.6875, 9.4375], "texture": "#4"},
				"east": {"uv": [9.375, 2.625, 9.5625, 2.6875], "texture": "#4"},
				"south": {"uv": [2.6875, 9.375, 2.875, 9.4375], "texture": "#4"},
				"west": {"uv": [9.375, 2.6875, 9.5625, 2.75], "texture": "#4"},
				"up": {"uv": [6.9375, 3.3125, 6.75, 3.125], "texture": "#4"},
				"down": {"uv": [7.0625, 1.625, 6.875, 1.8125], "texture": "#4"}
			}
		},
		{
			"from": [23, 31.5, -16],
			"to": [24, 32, -13],
			"faces": {
				"north": {"uv": [3.1875, 9.9375, 3.25, 10], "texture": "#4"},
				"east": {"uv": [9.375, 2.75, 9.5625, 2.8125], "texture": "#4"},
				"south": {"uv": [9.9375, 3.1875, 10, 3.25], "texture": "#4"},
				"west": {"uv": [9.375, 2.8125, 9.5625, 2.875], "texture": "#4"},
				"up": {"uv": [2.9375, 9.5625, 2.875, 9.375], "texture": "#4"},
				"down": {"uv": [3, 9.375, 2.9375, 9.5625], "texture": "#4"}
			}
		},
		{
			"from": [22, 31.5, -13.5],
			"to": [23, 32, -13],
			"faces": {
				"north": {"uv": [3.25, 9.9375, 3.3125, 10], "texture": "#4"},
				"east": {"uv": [3.3125, 9.9375, 3.375, 10], "texture": "#4"},
				"south": {"uv": [3.375, 9.9375, 3.4375, 10], "texture": "#4"},
				"west": {"uv": [3.4375, 9.9375, 3.5, 10], "texture": "#4"},
				"up": {"uv": [10, 3.5, 9.9375, 3.4375], "texture": "#4"},
				"down": {"uv": [10, 3.5, 9.9375, 3.5625], "texture": "#4"}
			}
		},
		{
			"from": [21, 31.5, -16],
			"to": [22, 32, -13],
			"faces": {
				"north": {"uv": [9.9375, 3.5625, 10, 3.625], "texture": "#4"},
				"east": {"uv": [9.375, 2.875, 9.5625, 2.9375], "texture": "#4"},
				"south": {"uv": [3.625, 9.9375, 3.6875, 10], "texture": "#4"},
				"west": {"uv": [9.4375, 1.125, 9.625, 1.1875], "texture": "#4"},
				"up": {"uv": [3.0625, 9.5625, 3, 9.375], "texture": "#4"},
				"down": {"uv": [3.125, 9.375, 3.0625, 9.5625], "texture": "#4"}
			}
		},
		{
			"from": [22, 31.5, -16],
			"to": [23, 32, -15.5],
			"faces": {
				"north": {"uv": [9.9375, 3.625, 10, 3.6875], "texture": "#4"},
				"east": {"uv": [3.6875, 9.9375, 3.75, 10], "texture": "#4"},
				"south": {"uv": [9.9375, 3.6875, 10, 3.75], "texture": "#4"},
				"west": {"uv": [9.9375, 3.75, 10, 3.8125], "texture": "#4"},
				"up": {"uv": [10, 3.875, 9.9375, 3.8125], "texture": "#4"},
				"down": {"uv": [10, 3.875, 9.9375, 3.9375], "texture": "#4"}
			}
		},
		{
			"from": [23.5, 29.5, 29],
			"to": [24, 31.5, 30],
			"faces": {
				"north": {"uv": [7.75, 9.75, 7.8125, 9.875], "texture": "#4"},
				"east": {"uv": [7.8125, 9.75, 7.875, 9.875], "texture": "#4"},
				"south": {"uv": [7.875, 9.75, 7.9375, 9.875], "texture": "#4"},
				"west": {"uv": [7.9375, 9.75, 8, 9.875], "texture": "#4"},
				"up": {"uv": [2.25, 10.0625, 2.1875, 10], "texture": "#4"},
				"down": {"uv": [10.0625, 2.1875, 10, 2.25], "texture": "#4"}
			}
		},
		{
			"from": [23.5, 29.5, 31],
			"to": [24, 31.5, 32],
			"faces": {
				"north": {"uv": [9.75, 7.9375, 9.8125, 8.0625], "texture": "#4"},
				"east": {"uv": [8, 9.75, 8.0625, 9.875], "texture": "#4"},
				"south": {"uv": [8.0625, 9.75, 8.125, 9.875], "texture": "#4"},
				"west": {"uv": [9.75, 8.0625, 9.8125, 8.1875], "texture": "#4"},
				"up": {"uv": [2.3125, 10.0625, 2.25, 10], "texture": "#4"},
				"down": {"uv": [10.0625, 2.25, 10, 2.3125], "texture": "#4"}
			}
		},
		{
			"from": [23, 29.5, 31.5],
			"to": [23.5, 31.5, 32],
			"faces": {
				"north": {"uv": [8.125, 9.75, 8.1875, 9.875], "texture": "#4"},
				"east": {"uv": [8.1875, 9.75, 8.25, 9.875], "texture": "#4"},
				"south": {"uv": [9.75, 8.1875, 9.8125, 8.3125], "texture": "#4"},
				"west": {"uv": [8.25, 9.75, 8.3125, 9.875], "texture": "#4"},
				"up": {"uv": [2.375, 10.0625, 2.3125, 10], "texture": "#4"},
				"down": {"uv": [10.0625, 2.3125, 10, 2.375], "texture": "#4"}
			}
		},
		{
			"from": [21.5, 29.5, 29],
			"to": [23.5, 31.5, 29.5],
			"faces": {
				"north": {"uv": [2.375, 9.25, 2.5, 9.375], "texture": "#4"},
				"east": {"uv": [8.3125, 9.75, 8.375, 9.875], "texture": "#4"},
				"south": {"uv": [2.5, 9.25, 2.625, 9.375], "texture": "#4"},
				"west": {"uv": [9.75, 8.3125, 9.8125, 8.4375], "texture": "#4"},
				"up": {"uv": [8.5, 9.8125, 8.375, 9.75], "texture": "#4"},
				"down": {"uv": [9.875, 8.4375, 9.75, 8.5], "texture": "#4"}
			}
		},
		{
			"from": [21.5, 29.5, 31.5],
			"to": [22, 31.5, 32],
			"faces": {
				"north": {"uv": [8.5, 9.75, 8.5625, 9.875], "texture": "#4"},
				"east": {"uv": [8.5625, 9.75, 8.625, 9.875], "texture": "#4"},
				"south": {"uv": [8.625, 9.75, 8.6875, 9.875], "texture": "#4"},
				"west": {"uv": [8.6875, 9.75, 8.75, 9.875], "texture": "#4"},
				"up": {"uv": [2.4375, 10.0625, 2.375, 10], "texture": "#4"},
				"down": {"uv": [10.0625, 2.375, 10, 2.4375], "texture": "#4"}
			}
		},
		{
			"from": [21, 29.5, 29],
			"to": [21.5, 31.5, 32],
			"faces": {
				"north": {"uv": [8.75, 9.75, 8.8125, 9.875], "texture": "#4"},
				"east": {"uv": [9.125, 3.125, 9.3125, 3.25], "texture": "#4"},
				"south": {"uv": [9, 9.75, 9.0625, 9.875], "texture": "#4"},
				"west": {"uv": [1.625, 9.1875, 1.8125, 9.3125], "texture": "#4"},
				"up": {"uv": [9.625, 3.0625, 9.5625, 2.875], "texture": "#4"},
				"down": {"uv": [3.125, 9.5625, 3.0625, 9.75], "texture": "#4"}
			}
		},
		{
			"from": [21, 29, 29],
			"to": [24, 29.5, 32],
			"faces": {
				"north": {"uv": [3.25, 9.5625, 3.4375, 9.625], "texture": "#4"},
				"east": {"uv": [9.5625, 6.4375, 9.75, 6.5], "texture": "#4"},
				"south": {"uv": [9.5625, 6.5, 9.75, 6.5625], "texture": "#4"},
				"west": {"uv": [9.5625, 6.5625, 9.75, 6.625], "texture": "#4"},
				"up": {"uv": [9.3125, 1.9375, 9.125, 1.75], "texture": "#4"},
				"down": {"uv": [9.3125, 1.9375, 9.125, 2.125], "texture": "#4"}
			}
		},
		{
			"from": [23, 31.5, 29],
			"to": [24, 32, 32],
			"faces": {
				"north": {"uv": [2.4375, 10, 2.5, 10.0625], "texture": "#4"},
				"east": {"uv": [9.5625, 6.625, 9.75, 6.6875], "texture": "#4"},
				"south": {"uv": [10, 2.4375, 10.0625, 2.5], "texture": "#4"},
				"west": {"uv": [9.5625, 6.6875, 9.75, 6.75], "texture": "#4"},
				"up": {"uv": [3.5, 9.75, 3.4375, 9.5625], "texture": "#4"},
				"down": {"uv": [3.5625, 9.5625, 3.5, 9.75], "texture": "#4"}
			}
		},
		{
			"from": [22, 31.5, 31.5],
			"to": [23, 32, 32],
			"faces": {
				"north": {"uv": [2.5, 10, 2.5625, 10.0625], "texture": "#4"},
				"east": {"uv": [10, 2.5, 10.0625, 2.5625], "texture": "#4"},
				"south": {"uv": [2.5625, 10, 2.625, 10.0625], "texture": "#4"},
				"west": {"uv": [10, 2.5625, 10.0625, 2.625], "texture": "#4"},
				"up": {"uv": [2.6875, 10.0625, 2.625, 10], "texture": "#4"},
				"down": {"uv": [10.0625, 2.625, 10, 2.6875], "texture": "#4"}
			}
		},
		{
			"from": [21, 31.5, 29],
			"to": [22, 32, 32],
			"faces": {
				"north": {"uv": [2.6875, 10, 2.75, 10.0625], "texture": "#4"},
				"east": {"uv": [9.5625, 6.75, 9.75, 6.8125], "texture": "#4"},
				"south": {"uv": [10, 2.6875, 10.0625, 2.75], "texture": "#4"},
				"west": {"uv": [9.5625, 6.8125, 9.75, 6.875], "texture": "#4"},
				"up": {"uv": [9.625, 7.0625, 9.5625, 6.875], "texture": "#4"},
				"down": {"uv": [9.625, 7.0625, 9.5625, 7.25], "texture": "#4"}
			}
		},
		{
			"from": [22, 31.5, 29],
			"to": [23, 32, 29.5],
			"faces": {
				"north": {"uv": [2.75, 10, 2.8125, 10.0625], "texture": "#4"},
				"east": {"uv": [10, 2.75, 10.0625, 2.8125], "texture": "#4"},
				"south": {"uv": [2.8125, 10, 2.875, 10.0625], "texture": "#4"},
				"west": {"uv": [10, 2.8125, 10.0625, 2.875], "texture": "#4"},
				"up": {"uv": [2.9375, 10.0625, 2.875, 10], "texture": "#4"},
				"down": {"uv": [10.0625, 2.875, 10, 2.9375], "texture": "#4"}
			}
		},
		{
			"from": [-8, 3, -16],
			"to": [-7, 29, -13],
			"faces": {
				"north": {"uv": [3.5, 7.375, 3.5625, 9], "texture": "#3"},
				"east": {"uv": [0.5, 3.375, 0.6875, 5], "texture": "#3"},
				"south": {"uv": [3.5625, 7.375, 3.625, 9], "texture": "#3"},
				"west": {"uv": [0.6875, 3.375, 0.875, 5], "texture": "#3"},
				"up": {"uv": [7.3125, 9.75, 7.25, 9.5625], "texture": "#3"},
				"down": {"uv": [7.375, 9.5625, 7.3125, 9.75], "texture": "#3"}
			}
		},
		{
			"from": [-8, 3, 29],
			"to": [-7, 29, 32],
			"faces": {
				"north": {"uv": [7.25, 7.9375, 7.3125, 9.5625], "texture": "#3"},
				"east": {"uv": [0.875, 3.375, 1.0625, 5], "texture": "#3"},
				"south": {"uv": [7.3125, 7.9375, 7.375, 9.5625], "texture": "#3"},
				"west": {"uv": [1.0625, 3.375, 1.25, 5], "texture": "#3"},
				"up": {"uv": [7.4375, 9.75, 7.375, 9.5625], "texture": "#3"},
				"down": {"uv": [7.5, 9.5625, 7.4375, 9.75], "texture": "#3"}
			}
		},
		{
			"from": [23, 3, 29],
			"to": [24, 29, 32],
			"faces": {
				"north": {"uv": [7.375, 7.9375, 7.4375, 9.5625], "texture": "#3"},
				"east": {"uv": [1.25, 3.375, 1.4375, 5], "texture": "#3"},
				"south": {"uv": [7.4375, 7.9375, 7.5, 9.5625], "texture": "#3"},
				"west": {"uv": [1.4375, 3.375, 1.625, 5], "texture": "#3"},
				"up": {"uv": [7.5625, 9.75, 7.5, 9.5625], "texture": "#3"},
				"down": {"uv": [7.625, 9.5625, 7.5625, 9.75], "texture": "#3"}
			}
		},
		{
			"from": [20, 1.5, 31.5],
			"to": [20.5, 30.5, 32],
			"rotation": {"angle": 0, "axis": "y", "origin": [-3.5, 0, 0]},
			"faces": {
				"north": {"uv": [0, 0, 1, 16], "texture": "#9"},
				"east": {"uv": [0, 0, 1, 16], "texture": "#9"},
				"south": {"uv": [0, 0, 1, 16], "texture": "#9"},
				"west": {"uv": [0, 0, 1, 16], "texture": "#9"},
				"up": {"uv": [0, 0, 1, 16], "texture": "#9"},
				"down": {"uv": [0, 0, 1, 16], "texture": "#9"}
			}
		},
		{
			"from": [15, 8, 31.5],
			"to": [20, 8.5, 32],
			"rotation": {"angle": 0, "axis": "y", "origin": [-4, 6.5, 0]},
			"faces": {
				"north": {"uv": [0, 0, 1, 16], "texture": "#9"},
				"east": {"uv": [0, 0, 1, 16], "texture": "#9"},
				"south": {"uv": [0, 0, 1, 16], "texture": "#9"},
				"west": {"uv": [0, 0, 1, 16], "texture": "#9"},
				"up": {"uv": [0, 0, 1, 16], "texture": "#9"},
				"down": {"uv": [0, 0, 1, 16], "texture": "#9"}
			}
		},
		{
			"from": [15, 4, 31.5],
			"to": [20, 4.5, 32],
			"rotation": {"angle": 0, "axis": "y", "origin": [-4, 6.5, 0]},
			"faces": {
				"north": {"uv": [0, 0, 1, 16], "texture": "#9"},
				"east": {"uv": [0, 0, 1, 16], "texture": "#9"},
				"south": {"uv": [0, 0, 1, 16], "texture": "#9"},
				"west": {"uv": [0, 0, 1, 16], "texture": "#9"},
				"up": {"uv": [0, 0, 1, 16], "texture": "#9"},
				"down": {"uv": [0, 0, 1, 16], "texture": "#9"}
			}
		},
		{
			"from": [15, 12, 31.5],
			"to": [20, 12.5, 32],
			"rotation": {"angle": 0, "axis": "y", "origin": [-4, 10.5, 0]},
			"faces": {
				"north": {"uv": [0, 0, 1, 16], "texture": "#9"},
				"east": {"uv": [0, 0, 1, 16], "texture": "#9"},
				"south": {"uv": [0, 0, 1, 16], "texture": "#9"},
				"west": {"uv": [0, 0, 1, 16], "texture": "#9"},
				"up": {"uv": [0, 0, 1, 16], "texture": "#9"},
				"down": {"uv": [0, 0, 1, 16], "texture": "#9"}
			}
		},
		{
			"from": [15, 16, 31.5],
			"to": [20, 16.5, 32],
			"rotation": {"angle": 0, "axis": "y", "origin": [-4, 14.5, 0]},
			"faces": {
				"north": {"uv": [0, 0, 1, 16], "texture": "#9"},
				"east": {"uv": [0, 0, 1, 16], "texture": "#9"},
				"south": {"uv": [0, 0, 1, 16], "texture": "#9"},
				"west": {"uv": [0, 0, 1, 16], "texture": "#9"},
				"up": {"uv": [0, 0, 1, 16], "texture": "#9"},
				"down": {"uv": [0, 0, 1, 16], "texture": "#9"}
			}
		},
		{
			"from": [15, 20, 31.5],
			"to": [20, 20.5, 32],
			"rotation": {"angle": 0, "axis": "y", "origin": [-4, 18.5, 0]},
			"faces": {
				"north": {"uv": [0, 0, 1, 16], "texture": "#9"},
				"east": {"uv": [0, 0, 1, 16], "texture": "#9"},
				"south": {"uv": [0, 0, 1, 16], "texture": "#9"},
				"west": {"uv": [0, 0, 1, 16], "texture": "#9"},
				"up": {"uv": [0, 0, 1, 16], "texture": "#9"},
				"down": {"uv": [0, 0, 1, 16], "texture": "#9"}
			}
		},
		{
			"from": [15, 24, 31.5],
			"to": [20, 24.5, 32],
			"rotation": {"angle": 0, "axis": "y", "origin": [-4, 22.5, 0]},
			"faces": {
				"north": {"uv": [0, 0, 1, 16], "texture": "#9"},
				"east": {"uv": [0, 0, 1, 16], "texture": "#9"},
				"south": {"uv": [0, 0, 1, 16], "texture": "#9"},
				"west": {"uv": [0, 0, 1, 16], "texture": "#9"},
				"up": {"uv": [0, 0, 1, 16], "texture": "#9"},
				"down": {"uv": [0, 0, 1, 16], "texture": "#9"}
			}
		},
		{
			"from": [15, 28, 31.5],
			"to": [20, 28.5, 32],
			"rotation": {"angle": 0, "axis": "y", "origin": [-4, 26.5, 0]},
			"faces": {
				"north": {"uv": [0, 0, 1, 16], "texture": "#9"},
				"east": {"uv": [0, 0, 1, 16], "texture": "#9"},
				"south": {"uv": [0, 0, 1, 16], "texture": "#9"},
				"west": {"uv": [0, 0, 1, 16], "texture": "#9"},
				"up": {"uv": [0, 0, 1, 16], "texture": "#9"},
				"down": {"uv": [0, 0, 1, 16], "texture": "#9"}
			}
		},
		{
			"from": [14.5, 1.5, 31.5],
			"to": [15, 30.5, 32],
			"rotation": {"angle": 0, "axis": "y", "origin": [-9, 0, 0]},
			"faces": {
				"north": {"uv": [0, 0, 1, 16], "texture": "#9"},
				"east": {"uv": [0, 0, 1, 16], "texture": "#9"},
				"south": {"uv": [0, 0, 1, 16], "texture": "#9"},
				"west": {"uv": [0, 0, 1, 16], "texture": "#9"},
				"up": {"uv": [0, 0, 1, 16], "texture": "#9"},
				"down": {"uv": [0, 0, 1, 16], "texture": "#9"}
			}
		},
		{
			"from": [23, 3, -16],
			"to": [24, 29, -13],
			"faces": {
				"north": {"uv": [7.5, 7.9375, 7.5625, 9.5625], "texture": "#3"},
				"east": {"uv": [1.625, 3.375, 1.8125, 5], "texture": "#3"},
				"south": {"uv": [7.5625, 7.9375, 7.625, 9.5625], "texture": "#3"},
				"west": {"uv": [1.8125, 3.375, 2, 5], "texture": "#3"},
				"up": {"uv": [7.6875, 9.75, 7.625, 9.5625], "texture": "#3"},
				"down": {"uv": [7.75, 9.5625, 7.6875, 9.75], "texture": "#3"}
			}
		},
		{
			"from": [18.94975, 19.25736, -15.5],
			"to": [19.94975, 31.25736, -14],
			"rotation": {"angle": 45, "axis": "z", "origin": [19.44975, 24.75736, -14]},
			"faces": {
				"north": {"uv": [7.5, 7.9375, 7.5625, 9.5625], "texture": "#3"},
				"east": {"uv": [1.625, 3.375, 1.8125, 5], "texture": "#3"},
				"south": {"uv": [7.5625, 7.9375, 7.625, 9.5625], "texture": "#3"},
				"west": {"uv": [1.8125, 3.375, 2, 5], "texture": "#3"},
				"up": {"uv": [7.6875, 9.75, 7.625, 9.5625], "texture": "#3"},
				"down": {"uv": [7.75, 9.5625, 7.6875, 9.75], "texture": "#3"}
			}
		},
		{
			"from": [-3.94975, 19.25736, -15.5],
			"to": [-2.94975, 31.25736, -14],
			"rotation": {"angle": -45, "axis": "z", "origin": [-3.44975, 24.75736, -14]},
			"faces": {
				"north": {"uv": [7.5625, 7.9375, 7.5, 9.5625], "texture": "#3"},
				"east": {"uv": [2, 3.375, 1.8125, 5], "texture": "#3"},
				"south": {"uv": [7.625, 7.9375, 7.5625, 9.5625], "texture": "#3"},
				"west": {"uv": [1.8125, 3.375, 1.625, 5], "texture": "#3"},
				"up": {"uv": [7.625, 9.75, 7.6875, 9.5625], "texture": "#3"},
				"down": {"uv": [7.6875, 9.5625, 7.75, 9.75], "texture": "#3"}
			}
		},
		{
			"from": [-3.94975, 0.74264, -15.5],
			"to": [-2.94975, 12.74264, -14],
			"rotation": {"angle": 45, "axis": "z", "origin": [-3.44975, 7.24264, -14]},
			"faces": {
				"north": {"uv": [7.5625, 9.5625, 7.5, 7.9375], "texture": "#3"},
				"east": {"uv": [2, 5, 1.8125, 3.375], "texture": "#3"},
				"south": {"uv": [7.625, 9.5625, 7.5625, 7.9375], "texture": "#3"},
				"west": {"uv": [1.8125, 5, 1.625, 3.375], "texture": "#3"},
				"up": {"uv": [7.6875, 9.75, 7.75, 9.5625], "texture": "#3"},
				"down": {"uv": [7.625, 9.5625, 7.6875, 9.75], "texture": "#3"}
			}
		},
		{
			"from": [18.94975, 0.74264, -15.5],
			"to": [19.94975, 12.74264, -14],
			"rotation": {"angle": -45, "axis": "z", "origin": [19.44975, 7.24264, -14]},
			"faces": {
				"north": {"uv": [7.5, 9.5625, 7.5625, 7.9375], "texture": "#3"},
				"east": {"uv": [1.625, 5, 1.8125, 3.375], "texture": "#3"},
				"south": {"uv": [7.5625, 9.5625, 7.625, 7.9375], "texture": "#3"},
				"west": {"uv": [1.8125, 5, 2, 3.375], "texture": "#3"},
				"up": {"uv": [7.75, 9.75, 7.6875, 9.5625], "texture": "#3"},
				"down": {"uv": [7.6875, 9.5625, 7.625, 9.75], "texture": "#3"}
			}
		},
		{
			"from": [18.94975, 19.25736, 30],
			"to": [19.94975, 31.25736, 31.5],
			"rotation": {"angle": 45, "axis": "z", "origin": [19.44975, 24.75736, 30]},
			"faces": {
				"north": {"uv": [7.625, 7.9375, 7.5625, 9.5625], "texture": "#3"},
				"east": {"uv": [1.8125, 3.375, 1.625, 5], "texture": "#3"},
				"south": {"uv": [7.5625, 7.9375, 7.5, 9.5625], "texture": "#3"},
				"west": {"uv": [2, 3.375, 1.8125, 5], "texture": "#3"},
				"up": {"uv": [7.6875, 9.5625, 7.625, 9.75], "texture": "#3"},
				"down": {"uv": [7.75, 9.75, 7.6875, 9.5625], "texture": "#3"}
			}
		},
		{
			"from": [-3.94975, 19.25736, 30],
			"to": [-2.94975, 31.25736, 31.5],
			"rotation": {"angle": -45, "axis": "z", "origin": [-3.44975, 24.75736, 30]},
			"faces": {
				"north": {"uv": [7.5625, 7.9375, 7.625, 9.5625], "texture": "#3"},
				"east": {"uv": [1.8125, 3.375, 2, 5], "texture": "#3"},
				"south": {"uv": [7.5, 7.9375, 7.5625, 9.5625], "texture": "#3"},
				"west": {"uv": [1.625, 3.375, 1.8125, 5], "texture": "#3"},
				"up": {"uv": [7.625, 9.5625, 7.6875, 9.75], "texture": "#3"},
				"down": {"uv": [7.6875, 9.75, 7.75, 9.5625], "texture": "#3"}
			}
		},
		{
			"from": [18.94975, 0.74264, 30],
			"to": [19.94975, 12.74264, 31.5],
			"rotation": {"angle": -45, "axis": "z", "origin": [19.44975, 7.24264, 30]},
			"faces": {
				"north": {"uv": [7.625, 9.5625, 7.5625, 7.9375], "texture": "#3"},
				"east": {"uv": [1.8125, 5, 1.625, 3.375], "texture": "#3"},
				"south": {"uv": [7.5625, 9.5625, 7.5, 7.9375], "texture": "#3"},
				"west": {"uv": [2, 5, 1.8125, 3.375], "texture": "#3"},
				"up": {"uv": [7.75, 9.5625, 7.6875, 9.75], "texture": "#3"},
				"down": {"uv": [7.6875, 9.75, 7.625, 9.5625], "texture": "#3"}
			}
		},
		{
			"from": [-3.94975, 0.74264, 30],
			"to": [-2.94975, 12.74264, 31.5],
			"rotation": {"angle": 45, "axis": "z", "origin": [-3.44975, 7.24264, 30]},
			"faces": {
				"north": {"uv": [7.5625, 9.5625, 7.625, 7.9375], "texture": "#3"},
				"east": {"uv": [1.8125, 5, 2, 3.375], "texture": "#3"},
				"south": {"uv": [7.5, 9.5625, 7.5625, 7.9375], "texture": "#3"},
				"west": {"uv": [1.625, 5, 1.8125, 3.375], "texture": "#3"},
				"up": {"uv": [7.6875, 9.5625, 7.75, 9.75], "texture": "#3"},
				"down": {"uv": [7.625, 9.75, 7.6875, 9.5625], "texture": "#3"}
			}
		},
		{
			"from": [-5, 29, -15.5],
			"to": [21, 31.5, -14],
			"faces": {
				"north": {"uv": [0.5, 3, 2.125, 3.1875], "texture": "#3"},
				"east": {"uv": [6, 3.75, 6.125, 3.9375], "texture": "#3"},
				"south": {"uv": [2.125, 3, 3.75, 3.1875], "texture": "#3"},
				"west": {"uv": [6, 3.9375, 6.125, 4.125], "texture": "#3"},
				"up": {"uv": [6.875, 2.875, 5.25, 2.75], "texture": "#3"},
				"down": {"uv": [6.875, 2.875, 5.25, 3], "texture": "#3"}
			}
		},
		{
			"from": [-5, 29, 30],
			"to": [21, 31.5, 31.5],
			"faces": {
				"north": {"uv": [0.5, 3.1875, 2.125, 3.375], "texture": "#3"},
				"east": {"uv": [6, 4.125, 6.125, 4.3125], "texture": "#3"},
				"south": {"uv": [2.125, 3.1875, 3.75, 3.375], "texture": "#3"},
				"west": {"uv": [6, 4.3125, 6.125, 4.5], "texture": "#3"},
				"up": {"uv": [6.125, 5.375, 4.5, 5.25], "texture": "#3"},
				"down": {"uv": [2.125, 5.375, 0.5, 5.5], "texture": "#3"}
			}
		},
		{
			"from": [-7.5, 29, -13],
			"to": [-6, 31.5, 29],
			"faces": {
				"north": {"uv": [6, 4.875, 6.125, 5.0625], "texture": "#3"},
				"east": {"uv": [0, 2.8125, 2.625, 3], "texture": "#3"},
				"south": {"uv": [6, 5.0625, 6.125, 5.25], "texture": "#3"},
				"west": {"uv": [2.625, 2.8125, 5.25, 3], "texture": "#3"},
				"up": {"uv": [0.375, 5.625, 0.25, 3], "texture": "#3"},
				"down": {"uv": [0.5, 3, 0.375, 5.625], "texture": "#3"}
			}
		},
		{
			"from": [22, 29, -13],
			"to": [23.5, 31.5, 29],
			"faces": {
				"north": {"uv": [6, 4.5, 6.125, 4.6875], "texture": "#3"},
				"east": {"uv": [0, 2.625, 2.625, 2.8125], "texture": "#3"},
				"south": {"uv": [6, 4.6875, 6.125, 4.875], "texture": "#3"},
				"west": {"uv": [2.625, 2.625, 5.25, 2.8125], "texture": "#3"},
				"up": {"uv": [0.125, 5.625, 0, 3], "texture": "#3"},
				"down": {"uv": [0.25, 3, 0.125, 5.625], "texture": "#3"}
			}
		},
		{
			"from": [-5, 1, -15.5],
			"to": [21, 3, -14],
			"faces": {
				"north": {"uv": [2.125, 5.375, 3.75, 5.5], "texture": "#3"},
				"east": {"uv": [2.625, 9.25, 2.75, 9.375], "texture": "#3"},
				"south": {"uv": [5.375, 3.375, 7, 3.5], "texture": "#3"},
				"west": {"uv": [2.75, 9.25, 2.875, 9.375], "texture": "#3"},
				"up": {"uv": [7, 3.625, 5.375, 3.5], "texture": "#3"},
				"down": {"uv": [7, 3.625, 5.375, 3.75], "texture": "#3"}
			}
		},
		{
			"from": [-5, 1, 30],
			"to": [21, 3, 31.5],
			"faces": {
				"north": {"uv": [4.5, 5.375, 6.125, 5.5], "texture": "#3"},
				"east": {"uv": [2.875, 9.25, 3, 9.375], "texture": "#3"},
				"south": {"uv": [0.5, 5.5, 2.125, 5.625], "texture": "#3"},
				"west": {"uv": [3, 9.25, 3.125, 9.375], "texture": "#3"},
				"up": {"uv": [3.75, 5.625, 2.125, 5.5], "texture": "#3"},
				"down": {"uv": [7.125, 3, 5.5, 3.125], "texture": "#3"}
			}
		},
		{
			"from": [-6, 0, 20],
			"to": [22, 2, 21.5],
			"rotation": {"angle": 0, "axis": "y", "origin": [0, -1, -10]},
			"faces": {
				"north": {"uv": [4.5, 5.375, 6.125, 5.5], "texture": "#3"},
				"east": {"uv": [2.875, 9.25, 3, 9.375], "texture": "#3"},
				"south": {"uv": [0.5, 5.5, 2.125, 5.625], "texture": "#3"},
				"west": {"uv": [3, 9.25, 3.125, 9.375], "texture": "#3"},
				"up": {"uv": [3.75, 5.625, 2.125, 5.5], "texture": "#3"},
				"down": {"uv": [7.125, 3, 5.5, 3.125], "texture": "#3"}
			}
		},
		{
			"from": [-6, 0, -5.5],
			"to": [22, 2, -4],
			"rotation": {"angle": 0, "axis": "y", "origin": [0, -1, 26]},
			"faces": {
				"north": {"uv": [2.125, 5.5, 0.5, 5.625], "texture": "#3"},
				"east": {"uv": [3, 9.25, 2.875, 9.375], "texture": "#3"},
				"south": {"uv": [6.125, 5.375, 4.5, 5.5], "texture": "#3"},
				"west": {"uv": [3.125, 9.25, 3, 9.375], "texture": "#3"},
				"up": {"uv": [3.75, 5.5, 2.125, 5.625], "texture": "#3"},
				"down": {"uv": [7.125, 3.125, 5.5, 3], "texture": "#3"}
			}
		},
		{
			"from": [-7.5, 2, -13],
			"to": [-7, 3, 29],
			"faces": {
				"north": {"uv": [2.9375, 10, 3, 10.0625], "texture": "#3"},
				"east": {"uv": [7.25, 3.25, 9.875, 3.3125], "texture": "#3"},
				"south": {"uv": [10, 2.9375, 10.0625, 3], "texture": "#3"},
				"west": {"uv": [7.25, 3.3125, 9.875, 3.375], "texture": "#3"},
				"up": {"uv": [1.9375, 9.875, 1.875, 7.25], "texture": "#3"},
				"down": {"uv": [2, 7.25, 1.9375, 9.875], "texture": "#3"}
			}
		},
		{
			"from": [-7.5, 0, -13],
			"to": [-7, 1, 29],
			"faces": {
				"north": {"uv": [3, 10, 3.0625, 10.0625], "texture": "#3"},
				"east": {"uv": [7.25, 3.375, 9.875, 3.4375], "texture": "#3"},
				"south": {"uv": [10, 3, 10.0625, 3.0625], "texture": "#3"},
				"west": {"uv": [7.25, 3.4375, 9.875, 3.5], "texture": "#3"},
				"up": {"uv": [2.0625, 9.875, 2, 7.25], "texture": "#3"},
				"down": {"uv": [2.125, 7.25, 2.0625, 9.875], "texture": "#3"}
			}
		},
		{
			"from": [22, 0, 18],
			"to": [23, 3, 29],
			"faces": {
				"north": {"uv": [7.75, 9.5625, 7.8125, 9.75], "texture": "#3"},
				"east": {"uv": [7.25, 6.0625, 7.9375, 6.25], "texture": "#3"},
				"south": {"uv": [7.8125, 9.5625, 7.875, 9.75], "texture": "#3"},
				"west": {"uv": [7.25, 6.25, 7.9375, 6.4375], "texture": "#3"},
				"up": {"uv": [5.8125, 4.4375, 5.75, 3.75], "texture": "#3"},
				"down": {"uv": [5.8125, 4.4375, 5.75, 5.125], "texture": "#3"}
			}
		},
		{
			"from": [22, 0, -13],
			"to": [23, 3, -2],
			"faces": {
				"north": {"uv": [7.875, 9.5625, 7.9375, 9.75], "texture": "#3"},
				"east": {"uv": [7.25, 6.4375, 7.9375, 6.625], "texture": "#3"},
				"south": {"uv": [7.9375, 9.5625, 8, 9.75], "texture": "#3"},
				"west": {"uv": [7.25, 6.625, 7.9375, 6.8125], "texture": "#3"},
				"up": {"uv": [5.875, 4.4375, 5.8125, 3.75], "texture": "#3"},
				"down": {"uv": [5.875, 4.4375, 5.8125, 5.125], "texture": "#3"}
			}
		},
		{
			"from": [22, 0, 2],
			"to": [23, 3, 14],
			"faces": {
				"north": {"uv": [8, 9.5625, 8.0625, 9.75], "texture": "#3"},
				"east": {"uv": [7.25, 5.3125, 8, 5.5], "texture": "#3"},
				"south": {"uv": [8.0625, 9.5625, 8.125, 9.75], "texture": "#3"},
				"west": {"uv": [7.25, 5.5, 8, 5.6875], "texture": "#3"},
				"up": {"uv": [5.5625, 4.5, 5.5, 3.75], "texture": "#3"},
				"down": {"uv": [5.625, 3.75, 5.5625, 4.5], "texture": "#3"}
			}
		},
		{
			"from": [22, 2, 14],
			"to": [23, 3, 18],
			"faces": {
				"north": {"uv": [3.1875, 10, 3.25, 10.0625], "texture": "#3"},
				"east": {"uv": [6.75, 3.3125, 7, 3.375], "texture": "#3"},
				"south": {"uv": [10, 3.1875, 10.0625, 3.25], "texture": "#3"},
				"west": {"uv": [6.875, 2.9375, 7.125, 3], "texture": "#3"},
				"up": {"uv": [8.0625, 5.5625, 8, 5.3125], "texture": "#3"},
				"down": {"uv": [3.1875, 9.25, 3.125, 9.5], "texture": "#3"}
			}
		},
		{
			"from": [22, 2, -2],
			"to": [23, 3, 2],
			"faces": {
				"north": {"uv": [3.25, 10, 3.3125, 10.0625], "texture": "#3"},
				"east": {"uv": [9.25, 0.125, 9.5, 0.1875], "texture": "#3"},
				"south": {"uv": [10, 3.25, 10.0625, 3.3125], "texture": "#3"},
				"west": {"uv": [9.25, 6, 9.5, 6.0625], "texture": "#3"},
				"up": {"uv": [3.25, 9.5, 3.1875, 9.25], "texture": "#3"},
				"down": {"uv": [3.6875, 9.25, 3.625, 9.5], "texture": "#3"}
			}
		},
		{
			"from": [22, 0, 14],
			"to": [23, 1, 18],
			"faces": {
				"north": {"uv": [3.375, 10, 3.4375, 10.0625], "texture": "#3"},
				"east": {"uv": [9.3125, 1.6875, 9.5625, 1.75], "texture": "#3"},
				"south": {"uv": [10, 3.375, 10.0625, 3.4375], "texture": "#3"},
				"west": {"uv": [9.3125, 1.75, 9.5625, 1.8125], "texture": "#3"},
				"up": {"uv": [9.125, 9.5, 9.0625, 9.25], "texture": "#3"},
				"down": {"uv": [9.1875, 9.25, 9.125, 9.5], "texture": "#3"}
			}
		},
		{
			"from": [22, 0, -2],
			"to": [23, 1, 2],
			"faces": {
				"north": {"uv": [3.3125, 10, 3.375, 10.0625], "texture": "#3"},
				"east": {"uv": [9.3125, 1.5625, 9.5625, 1.625], "texture": "#3"},
				"south": {"uv": [10, 3.3125, 10.0625, 3.375], "texture": "#3"},
				"west": {"uv": [9.3125, 1.625, 9.5625, 1.6875], "texture": "#3"},
				"up": {"uv": [3.75, 9.5, 3.6875, 9.25], "texture": "#3"},
				"down": {"uv": [9.0625, 9.25, 9, 9.5], "texture": "#3"}
			}
		},
		{
			"from": [-7, 0, -13],
			"to": [-6, 3, -2],
			"faces": {
				"north": {"uv": [8.375, 9.5625, 8.4375, 9.75], "texture": "#3"},
				"east": {"uv": [7.25, 7.1875, 7.9375, 7.375], "texture": "#3"},
				"south": {"uv": [8.4375, 9.5625, 8.5, 9.75], "texture": "#3"},
				"west": {"uv": [7.3125, 0, 8, 0.1875], "texture": "#3"},
				"up": {"uv": [6, 4.4375, 5.9375, 3.75], "texture": "#3"},
				"down": {"uv": [6, 4.4375, 5.9375, 5.125], "texture": "#3"}
			}
		},
		{
			"from": [-7, 0, -2],
			"to": [-6, 1, 2],
			"faces": {
				"north": {"uv": [3.625, 10, 3.6875, 10.0625], "texture": "#3"},
				"east": {"uv": [9.3125, 2.9375, 9.5625, 3], "texture": "#3"},
				"south": {"uv": [10, 3.625, 10.0625, 3.6875], "texture": "#3"},
				"west": {"uv": [9.3125, 3, 9.5625, 3.0625], "texture": "#3"},
				"up": {"uv": [3.3125, 9.5625, 3.25, 9.3125], "texture": "#3"},
				"down": {"uv": [3.375, 9.3125, 3.3125, 9.5625], "texture": "#3"}
			}
		},
		{
			"from": [-7, 2, -2],
			"to": [-6, 3, 2],
			"faces": {
				"north": {"uv": [3.5625, 10, 3.625, 10.0625], "texture": "#3"},
				"east": {"uv": [9.3125, 2.3125, 9.5625, 2.375], "texture": "#3"},
				"south": {"uv": [10, 3.5625, 10.0625, 3.625], "texture": "#3"},
				"west": {"uv": [9.3125, 2.375, 9.5625, 2.4375], "texture": "#3"},
				"up": {"uv": [9.375, 2.6875, 9.3125, 2.4375], "texture": "#3"},
				"down": {"uv": [9.375, 2.6875, 9.3125, 2.9375], "texture": "#3"}
			}
		},
		{
			"from": [-7, 0, 2],
			"to": [-6, 3, 14],
			"faces": {
				"north": {"uv": [8.25, 9.5625, 8.3125, 9.75], "texture": "#3"},
				"east": {"uv": [7.25, 5.6875, 8, 5.875], "texture": "#3"},
				"south": {"uv": [8.3125, 9.5625, 8.375, 9.75], "texture": "#3"},
				"west": {"uv": [7.25, 5.875, 8, 6.0625], "texture": "#3"},
				"up": {"uv": [5.6875, 4.5, 5.625, 3.75], "texture": "#3"},
				"down": {"uv": [5.75, 3.75, 5.6875, 4.5], "texture": "#3"}
			}
		},
		{
			"from": [-7, 0, 14],
			"to": [-6, 1, 18],
			"faces": {
				"north": {"uv": [3.5, 10, 3.5625, 10.0625], "texture": "#3"},
				"east": {"uv": [9.3125, 1.9375, 9.5625, 2], "texture": "#3"},
				"south": {"uv": [10, 3.5, 10.0625, 3.5625], "texture": "#3"},
				"west": {"uv": [9.3125, 2, 9.5625, 2.0625], "texture": "#3"},
				"up": {"uv": [1.8125, 9.5625, 1.75, 9.3125], "texture": "#3"},
				"down": {"uv": [9.375, 2.0625, 9.3125, 2.3125], "texture": "#3"}
			}
		},
		{
			"from": [-7, 0, 18],
			"to": [-6, 3, 29],
			"faces": {
				"north": {"uv": [8.125, 9.5625, 8.1875, 9.75], "texture": "#3"},
				"east": {"uv": [7.25, 6.8125, 7.9375, 7], "texture": "#3"},
				"south": {"uv": [8.1875, 9.5625, 8.25, 9.75], "texture": "#3"},
				"west": {"uv": [7.25, 7, 7.9375, 7.1875], "texture": "#3"},
				"up": {"uv": [5.9375, 4.4375, 5.875, 3.75], "texture": "#3"},
				"down": {"uv": [5.9375, 4.4375, 5.875, 5.125], "texture": "#3"}
			}
		},
		{
			"from": [-7, 2, 14],
			"to": [-6, 3, 18],
			"faces": {
				"north": {"uv": [3.4375, 10, 3.5, 10.0625], "texture": "#3"},
				"east": {"uv": [9.3125, 1.8125, 9.5625, 1.875], "texture": "#3"},
				"south": {"uv": [10, 3.4375, 10.0625, 3.5], "texture": "#3"},
				"west": {"uv": [9.3125, 1.875, 9.5625, 1.9375], "texture": "#3"},
				"up": {"uv": [1.6875, 9.5625, 1.625, 9.3125], "texture": "#3"},
				"down": {"uv": [1.75, 9.3125, 1.6875, 9.5625], "texture": "#3"}
			}
		},
		{
			"from": [23, 2, -13],
			"to": [23.5, 3, 29],
			"faces": {
				"north": {"uv": [3.0625, 10, 3.125, 10.0625], "texture": "#3"},
				"east": {"uv": [7.25, 3.5, 9.875, 3.5625], "texture": "#3"},
				"south": {"uv": [10, 3.0625, 10.0625, 3.125], "texture": "#3"},
				"west": {"uv": [7.25, 3.5625, 9.875, 3.625], "texture": "#3"},
				"up": {"uv": [2.1875, 9.875, 2.125, 7.25], "texture": "#3"},
				"down": {"uv": [2.25, 7.25, 2.1875, 9.875], "texture": "#3"}
			}
		},
		{
			"from": [23, 0, -13],
			"to": [23.5, 1, 29],
			"faces": {
				"north": {"uv": [3.125, 10, 3.1875, 10.0625], "texture": "#3"},
				"east": {"uv": [7.25, 3.625, 9.875, 3.6875], "texture": "#3"},
				"south": {"uv": [10, 3.125, 10.0625, 3.1875], "texture": "#3"},
				"west": {"uv": [7.25, 3.6875, 9.875, 3.75], "texture": "#3"},
				"up": {"uv": [2.3125, 9.875, 2.25, 7.25], "texture": "#3"},
				"down": {"uv": [2.375, 7.25, 2.3125, 9.875], "texture": "#3"}
			}
		},
		{
			"name": "hexadecagon",
			"from": [5.01631, 1, -14],
			"to": [10.98369, 31, 30],
			"rotation": {"angle": -45, "axis": "z", "origin": [8, 16, 8]},
			"faces": {
				"north": {"uv": [1, 1, 15, 15], "texture": "#9"},
				"east": {"uv": [1, 1, 15, 15], "texture": "#9"},
				"south": {"uv": [1, 1, 15, 15], "texture": "#9"},
				"west": {"uv": [1, 1, 15, 15], "texture": "#9"},
				"up": {"uv": [1, 1, 15, 15], "rotation": 90, "texture": "#9"},
				"down": {"uv": [1, 1, 15, 15], "rotation": 90, "texture": "#9"}
			}
		},
		{
			"name": "hexadecagon",
			"from": [5.01631, 1, -14],
			"to": [10.98369, 31, 30],
			"rotation": {"angle": -22.5, "axis": "z", "origin": [8, 16, 8]},
			"faces": {
				"north": {"uv": [1, 1, 15, 15], "texture": "#9"},
				"east": {"uv": [1, 1, 15, 15], "texture": "#9"},
				"south": {"uv": [1, 1, 15, 15], "texture": "#9"},
				"west": {"uv": [1, 1, 15, 15], "texture": "#9"},
				"up": {"uv": [1, 1, 15, 15], "rotation": 90, "texture": "#9"},
				"down": {"uv": [1, 1, 15, 15], "rotation": 90, "texture": "#9"}
			}
		},
		{
			"name": "hexadecagon",
			"from": [5.01631, 1, -14],
			"to": [10.98369, 31, 30],
			"rotation": {"angle": 0, "axis": "z", "origin": [8, 16, 8]},
			"faces": {
				"north": {"uv": [1, 1, 15, 15], "texture": "#9"},
				"east": {"uv": [1, 1, 15, 15], "texture": "#9"},
				"south": {"uv": [1, 1, 15, 15], "texture": "#9"},
				"west": {"uv": [1, 1, 15, 15], "texture": "#9"},
				"up": {"uv": [1, 1, 15, 15], "rotation": 90, "texture": "#9"},
				"down": {"uv": [1, 1, 15, 15], "rotation": 90, "texture": "#9"}
			}
		},
		{
			"name": "hexadecagon",
			"from": [5.01631, 1, -14],
			"to": [10.98369, 31, 30],
			"rotation": {"angle": 22.5, "axis": "z", "origin": [8, 16, 8]},
			"faces": {
				"north": {"uv": [1, 1, 15, 15], "texture": "#9"},
				"east": {"uv": [1, 1, 15, 15], "texture": "#9"},
				"south": {"uv": [1, 1, 15, 15], "texture": "#9"},
				"west": {"uv": [1, 1, 15, 15], "texture": "#9"},
				"up": {"uv": [1, 1, 15, 15], "rotation": 90, "texture": "#9"},
				"down": {"uv": [1, 1, 15, 15], "rotation": 90, "texture": "#9"}
			}
		},
		{
			"name": "hexadecagon",
			"from": [5.01631, 1, -14],
			"to": [10.98369, 31, 30],
			"rotation": {"angle": 45, "axis": "z", "origin": [8, 16, 8]},
			"faces": {
				"north": {"uv": [1, 1, 15, 15], "texture": "#9"},
				"east": {"uv": [1, 1, 15, 15], "texture": "#9"},
				"south": {"uv": [1, 1, 15, 15], "texture": "#9"},
				"west": {"uv": [1, 1, 15, 15], "texture": "#9"},
				"up": {"uv": [1, 1, 15, 15], "rotation": 90, "texture": "#9"},
				"down": {"uv": [1, 1, 15, 15], "rotation": 90, "texture": "#9"}
			}
		},
		{
			"name": "hexadecagon",
			"from": [-7, 13.01631, -14],
			"to": [23, 18.98369, 30],
			"rotation": {"angle": -22.5, "axis": "z", "origin": [8, 16, 8]},
			"faces": {
				"north": {"uv": [1, 1, 15, 15], "rotation": 90, "texture": "#9"},
				"east": {"uv": [0, 10.33332, 16, 14.95832], "texture": "#7"},
				"south": {"uv": [1, 1, 15, 15], "rotation": 90, "texture": "#9"},
				"west": {"uv": [0, 1, 16, 5.625], "texture": "#7"},
				"up": {"uv": [1, 1, 15, 15], "rotation": 90, "texture": "#9"},
				"down": {"uv": [1, 1, 15, 15], "rotation": 90, "texture": "#9"}
			}
		},
		{
			"name": "hexadecagon",
			"from": [-7, 13.01631, -14],
			"to": [23, 18.98369, 30],
			"rotation": {"angle": 0, "axis": "z", "origin": [8, 16, 8]},
			"faces": {
				"north": {"uv": [1, 1, 15, 15], "rotation": 90, "texture": "#9"},
				"east": {"uv": [0, 5.66666, 16, 10.29166], "texture": "#7"},
				"south": {"uv": [1, 1, 15, 15], "rotation": 90, "texture": "#9"},
				"west": {"uv": [0, 5.625, 16, 10.25], "texture": "#7"},
				"up": {"uv": [1, 1, 15, 15], "rotation": 90, "texture": "#9"},
				"down": {"uv": [1, 1, 15, 15], "rotation": 90, "texture": "#9"}
			}
		},
		{
			"name": "hexadecagon",
			"from": [-7, 13.01631, -14],
			"to": [23, 18.98369, 30],
			"rotation": {"angle": 22.5, "axis": "z", "origin": [8, 16, 8]},
			"faces": {
				"north": {"uv": [1, 1, 15, 15], "rotation": 90, "texture": "#9"},
				"east": {"uv": [0, 1, 16, 5.625], "texture": "#7"},
				"south": {"uv": [1, 1, 15, 15], "rotation": 90, "texture": "#9"},
				"west": {"uv": [0, 10.25, 16, 14.875], "texture": "#7"},
				"up": {"uv": [1, 1, 15, 15], "rotation": 90, "texture": "#9"},
				"down": {"uv": [1, 1, 15, 15], "rotation": 90, "texture": "#9"}
			}
		}
	],
	"display": {
		"head": {
			"scale": [1.65, 1.65, 1.65]
		}
	},
	"groups": [
		{
			"name": "Frame",
			"origin": [8, 8, 8],
			"color": 0,
			"children": [
				{
					"name": "FTL",
					"origin": [0, 0, 0],
					"color": 0,
					"children": [0, 1, 2, 3, 4, 5, 6, 7, 8, 9, 10]
				},
				{
					"name": "BTL",
					"origin": [0, 0, 0],
					"color": 0,
					"children": [11, 12, 13, 14, 15, 16, 17, 18, 19, 20, 21]
				},
				{
					"name": "FBL",
					"origin": [0, 0, 0],
					"color": 0,
					"children": [22, 23, 24, 25, 26, 27, 28, 29, 30, 31, 32]
				},
				{
					"name": "BBL",
					"origin": [0, 0, 0],
					"color": 0,
					"children": [33, 34, 35, 36, 37, 38, 39, 40, 41, 42, 43]
				},
				{
					"name": "FBR",
					"origin": [0, 0, 0],
					"color": 0,
					"children": [44, 45, 46, 47, 48, 49, 50, 51, 52, 53, 54]
				},
				{
					"name": "BBR",
					"origin": [0, 0, 0],
					"color": 0,
					"children": [55, 56, 57, 58, 59, 60, 61, 62, 63, 64, 65]
				},
				{
					"name": "FTR",
					"origin": [0, 0, 0],
					"color": 0,
					"children": [66, 67, 68, 69, 70, 71, 72, 73, 74, 75, 76]
				},
				{
					"name": "BTR",
					"origin": [0, 0, 0],
					"color": 0,
					"children": [77, 78, 79, 80, 81, 82, 83, 84, 85, 86, 87]
				},
				{
					"name": "Rails",
					"origin": [8, 8, 8],
					"color": 0,
					"children": [
						{
							"name": "Mid",
							"origin": [8, 8, 8],
							"color": 0,
							"children": [
								88,
								89,
								90,
								{
									"name": "ladder",
									"origin": [-3.5, 0, 0],
									"color": 0,
									"children": [91, 92, 93, 94, 95, 96, 97, 98, 99]
								},
								100,
								101,
								102,
								103,
								104,
								105,
								106,
								107,
								108
							]
						},
						{
							"name": "Top",
							"origin": [8, 8, 8],
							"color": 0,
							"children": [109, 110, 111, 112]
						},
						{
							"name": "Bottom",
							"origin": [8, 8, 8],
							"color": 0,
							"children": [113, 114, 115, 116, 117, 118, 119, 120, 121, 122, 123, 124, 125, 126, 127, 128, 129, 130, 131, 132, 133, 134]
						}
					]
				}
			]
		},
		{
			"name": "tank",
			"origin": [8, 8, 8],
			"color": 0,
			"children": [135, 136, 137, 138, 139, 140, 141, 142]
		}
	]
}