{
	"credit": "Made by Mike Shafter",
	"textures": {
		"0": "block/beacon",
		"1": "block/redstone_block",
		"2": "block/acacia_log",
		"3": "block/deepslate_tiles",
		"4": "block/lodestone_top",
		"5": "block/basalt_side",
		"6": "block/ent_logo",
		"10": "block/black_candle_lit",
		"12": "block/green_wool",
		"13": "block/ent_controller",
		"particle": "block/black_candle_lit"
	},
	"elements": [
		{
			"name": "undercarriage",
			"from": [0, -1, -8],
			"to": [16, 2.5, 32],
			"faces": {
				"north": {"uv": [0, 0, 16, 1], "texture": "#2"},
				"east": {"uv": [0, 0, 16, 1], "texture": "#2"},
				"south": {"uv": [0, 0, 16, 1], "texture": "#2"},
				"west": {"uv": [0, 0, 16, 1], "texture": "#2"},
				"up": {"uv": [0, 0, 16, 16], "texture": "#2"},
				"down": {"uv": [0, 0, 16, 16], "texture": "#2"}
			}
		},
		{
			"name": "front engine",
			"from": [4, 0, 0],
			"to": [12, 10, 5],
			"faces": {
				"north": {"uv": [0, 0, 8, 6], "texture": "#3"},
				"east": {"uv": [0, 0, 5, 6], "texture": "#3"},
				"south": {"uv": [0, 0, 8, 6], "texture": "#3"},
				"west": {"uv": [0, 0, 5, 6], "texture": "#3"},
				"up": {"uv": [0, 0, 8, 5], "texture": "#3"},
				"down": {"uv": [0, 0, 8, 5], "texture": "#3"}
			}
		},
		{
			"name": "rear engine",
			"from": [4, 2.5, 17],
			"to": [12, 19, 32],
			"faces": {
				"north": {"uv": [0, 0, 8, 16], "texture": "#3"},
				"east": {"uv": [0, 0, 15, 16], "texture": "#3"},
				"south": {"uv": [0, 0, 8, 16], "texture": "#3"},
				"west": {"uv": [0, 0, 15, 16], "texture": "#3"},
				"up": {"uv": [0, 0, 8, 15], "texture": "#3"},
				"down": {"uv": [0, 0, 8, 7], "texture": "#3"}
			}
		},
		{
			"name": "bottom engine",
			"from": [4, -7, 12],
			"to": [12, -1, 32],
			"faces": {
				"north": {"uv": [0, 0, 8, 4], "texture": "#3"},
				"east": {"uv": [0, 0, 16, 6], "texture": "#3"},
				"south": {"uv": [0, 0, 8, 4], "texture": "#3"},
				"west": {"uv": [0, 0, 16, 6], "texture": "#3"},
				"up": {"uv": [0, 0, 8, 13], "texture": "#3"},
				"down": {"uv": [0, 0, 8, 16], "texture": "#3"}
			}
		},
		{
			"name": "front panel",
			"from": [0, 2.5, 5],
			"to": [16, 10.5, 6],
			"faces": {
				"north": {"uv": [2, 2, 14, 14], "texture": "#4"},
				"east": {"uv": [2, 2, 14, 14], "texture": "#4"},
				"south": {"uv": [2, 2, 14, 14], "texture": "#4"},
				"west": {"uv": [2, 2, 14, 14], "texture": "#4"},
				"up": {"uv": [2, 2, 14, 14], "texture": "#4"},
				"down": {"uv": [2, 2, 14, 14], "texture": "#4"}
			}
		},
		{
			"name": "front panel",
			"from": [9.5, 10.5, 5],
			"to": [10.5, 18, 6],
			"rotation": {"angle": 0, "axis": "y", "origin": [-1, 7.5, 0]},
			"faces": {
				"north": {"uv": [2, 2, 14, 14], "texture": "#4"},
				"east": {"uv": [2, 2, 14, 14], "texture": "#4"},
				"south": {"uv": [2, 2, 14, 14], "texture": "#4"},
				"west": {"uv": [2, 2, 14, 14], "texture": "#4"},
				"up": {"uv": [2, 2, 14, 14], "texture": "#4"},
				"down": {"uv": [2, 2, 14, 14], "texture": "#4"}
			}
		},
		{
			"name": "front panel",
			"from": [5.5, 10.5, 5],
			"to": [6.5, 18, 6],
			"rotation": {"angle": 0, "axis": "y", "origin": [-5, 7.5, 0]},
			"faces": {
				"north": {"uv": [2, 2, 14, 14], "texture": "#4"},
				"east": {"uv": [2, 2, 14, 14], "texture": "#4"},
				"south": {"uv": [2, 2, 14, 14], "texture": "#4"},
				"west": {"uv": [2, 2, 14, 14], "texture": "#4"},
				"up": {"uv": [2, 2, 14, 14], "texture": "#4"},
				"down": {"uv": [2, 2, 14, 14], "texture": "#4"}
			}
		},
		{
			"name": "front panel",
			"from": [0, 2.5, 6],
			"to": [1, 9, 16],
			"faces": {
				"north": {"uv": [2, 2, 14, 14], "texture": "#4"},
				"east": {"uv": [2, 2, 14, 14], "texture": "#4"},
				"south": {"uv": [2, 2, 14, 14], "texture": "#4"},
				"west": {"uv": [2, 2, 14, 14], "texture": "#4"},
				"up": {"uv": [2, 2, 14, 14], "texture": "#4"},
				"down": {"uv": [2, 2, 14, 14], "texture": "#4"}
			}
		},
		{
			"name": "front panel",
			"from": [16.01, 3, 8],
			"to": [16.01, 9, 14],
			"rotation": {"angle": 0, "axis": "y", "origin": [16, 2, 0]},
			"faces": {
				"east": {"uv": [0, 0, 16, 16], "texture": "#6"}
			}
		},
		{
			"name": "front panel",
			"from": [-0.01, 3, 8],
			"to": [-0.01, 9, 14],
			"rotation": {"angle": 0, "axis": "y", "origin": [0, 2, 0]},
			"faces": {
				"west": {"uv": [0, 0, 16, 16], "texture": "#6"}
			}
		},
		{
			"name": "front panel",
			"from": [4, 4, -0.01],
			"to": [12, 12, -0.01],
			"rotation": {"angle": 0, "axis": "y", "origin": [16, 4, 0]},
			"faces": {
				"north": {"uv": [0, 0, 15.95313, 16], "texture": "#6"}
			}
		},
		{
			"name": "front panel",
			"from": [0, 17, 6],
			"to": [1, 19, 16],
			"faces": {
				"north": {"uv": [2, 2, 14, 14], "texture": "#4"},
				"east": {"uv": [2, 2, 14, 14], "texture": "#4"},
				"south": {"uv": [2, 2, 14, 14], "texture": "#4"},
				"west": {"uv": [2, 2, 14, 14], "texture": "#4"},
				"up": {"uv": [2, 2, 14, 14], "texture": "#4"},
				"down": {"uv": [2, 2, 14, 14], "texture": "#4"}
			}
		},
		{
			"name": "front panel",
			"from": [0, 9, 6],
			"to": [1, 17, 8],
			"faces": {
				"north": {"uv": [2, 2, 14, 14], "texture": "#4"},
				"east": {"uv": [2, 2, 14, 14], "texture": "#4"},
				"south": {"uv": [2, 2, 14, 14], "texture": "#4"},
				"west": {"uv": [2, 2, 14, 14], "texture": "#4"},
				"up": {"uv": [2, 2, 14, 14], "texture": "#4"},
				"down": {"uv": [2, 2, 14, 14], "texture": "#4"}
			}
		},
		{
			"name": "front panel",
			"from": [0, 9, 14],
			"to": [1, 17, 16],
			"faces": {
				"north": {"uv": [2, 2, 14, 14], "texture": "#4"},
				"east": {"uv": [2, 2, 14, 14], "texture": "#4"},
				"south": {"uv": [2, 2, 14, 14], "texture": "#4"},
				"west": {"uv": [2, 2, 14, 14], "texture": "#4"},
				"up": {"uv": [2, 2, 14, 14], "texture": "#4"},
				"down": {"uv": [2, 2, 14, 14], "texture": "#4"}
			}
		},
		{
			"name": "front panel",
			"from": [15, 17, 6],
			"to": [16, 19, 16],
			"faces": {
				"north": {"uv": [2, 2, 14, 14], "texture": "#4"},
				"east": {"uv": [2, 2, 14, 14], "texture": "#4"},
				"south": {"uv": [2, 2, 14, 14], "texture": "#4"},
				"west": {"uv": [2, 2, 14, 14], "texture": "#4"},
				"up": {"uv": [2, 2, 14, 14], "texture": "#4"},
				"down": {"uv": [2, 2, 14, 14], "texture": "#4"}
			}
		},
		{
			"name": "front panel",
			"from": [15, 9, 14],
			"to": [16, 17, 16],
			"faces": {
				"north": {"uv": [2, 2, 14, 14], "texture": "#4"},
				"east": {"uv": [2, 2, 14, 14], "texture": "#4"},
				"south": {"uv": [2, 2, 14, 14], "texture": "#4"},
				"west": {"uv": [2, 2, 14, 14], "texture": "#4"},
				"up": {"uv": [2, 2, 14, 14], "texture": "#4"},
				"down": {"uv": [2, 2, 14, 14], "texture": "#4"}
			}
		},
		{
			"name": "front panel",
			"from": [15, 9, 6],
			"to": [16, 17, 8],
			"faces": {
				"north": {"uv": [2, 2, 14, 14], "texture": "#4"},
				"east": {"uv": [2, 2, 14, 14], "texture": "#4"},
				"south": {"uv": [2, 2, 14, 14], "texture": "#4"},
				"west": {"uv": [2, 2, 14, 14], "texture": "#4"},
				"up": {"uv": [2, 2, 14, 14], "texture": "#4"},
				"down": {"uv": [2, 2, 14, 14], "texture": "#4"}
			}
		},
		{
			"name": "front panel",
			"from": [15, 2.5, 6],
			"to": [16, 9, 16],
			"faces": {
				"north": {"uv": [2, 2, 14, 14], "texture": "#4"},
				"east": {"uv": [2, 2, 14, 14], "texture": "#4"},
				"south": {"uv": [2, 2, 14, 14], "texture": "#4"},
				"west": {"uv": [2, 2, 14, 14], "texture": "#4"},
				"up": {"uv": [2, 2, 14, 14], "texture": "#4"},
				"down": {"uv": [2, 2, 14, 14], "texture": "#4"}
			}
		},
		{
			"name": "front panel",
			"from": [15, 10, 5],
			"to": [16, 18, 6],
			"faces": {
				"north": {"uv": [2, 2, 14, 14], "texture": "#4"},
				"east": {"uv": [2, 2, 14, 14], "texture": "#4"},
				"south": {"uv": [2, 2, 14, 14], "texture": "#4"},
				"west": {"uv": [2, 2, 14, 14], "texture": "#4"},
				"up": {"uv": [2, 2, 14, 14], "texture": "#4"},
				"down": {"uv": [2, 2, 14, 14], "texture": "#4"}
			}
		},
		{
			"name": "front panel",
			"from": [0, 10, 5],
			"to": [1, 18.5, 6],
			"faces": {
				"north": {"uv": [2, 2, 14, 14], "texture": "#4"},
				"east": {"uv": [2, 2, 14, 14], "texture": "#4"},
				"south": {"uv": [2, 2, 14, 14], "texture": "#4"},
				"west": {"uv": [2, 2, 14, 14], "texture": "#4"},
				"up": {"uv": [2, 2, 14, 14], "texture": "#4"},
				"down": {"uv": [2, 2, 14, 14], "texture": "#4"}
			}
		},
		{
			"name": "front panel",
			"from": [0, 18, 5],
			"to": [16, 19, 6],
			"faces": {
				"north": {"uv": [2, 2, 14, 14], "texture": "#4"},
				"east": {"uv": [2, 2, 14, 14], "texture": "#4"},
				"south": {"uv": [2, 2, 14, 14], "texture": "#4"},
				"west": {"uv": [2, 2, 14, 14], "texture": "#4"},
				"up": {"uv": [2, 2, 14, 14], "texture": "#4"},
				"down": {"uv": [2, 2, 14, 14], "texture": "#4"}
			}
		},
		{
			"name": "front panel",
			"from": [1.5, 19, 5],
			"to": [14.5, 20, 6],
			"faces": {
				"north": {"uv": [2, 2, 14, 14], "texture": "#4"},
				"east": {"uv": [2, 2, 14, 14], "texture": "#4"},
				"south": {"uv": [2, 2, 14, 14], "texture": "#4"},
				"west": {"uv": [2, 2, 14, 14], "texture": "#4"},
				"up": {"uv": [2, 2, 14, 14], "texture": "#4"},
				"down": {"uv": [2, 2, 14, 14], "texture": "#4"}
			}
		},
		{
			"name": "front panel",
			"from": [4, 20, 5],
			"to": [12, 21, 6],
			"faces": {
				"north": {"uv": [2, 2, 14, 14], "texture": "#4"},
				"east": {"uv": [2, 2, 14, 14], "texture": "#4"},
				"south": {"uv": [2, 2, 14, 14], "texture": "#4"},
				"west": {"uv": [2, 2, 14, 14], "texture": "#4"},
				"up": {"uv": [2, 2, 14, 14], "texture": "#4"},
				"down": {"uv": [2, 2, 14, 14], "texture": "#4"}
			}
		},
		{
			"name": "front panel",
			"from": [6, 21, 5],
			"to": [10, 22, 6],
			"faces": {
				"north": {"uv": [2, 2, 14, 14], "texture": "#4"},
				"east": {"uv": [2, 2, 14, 14], "texture": "#4"},
				"south": {"uv": [2, 2, 14, 14], "texture": "#4"},
				"west": {"uv": [2, 2, 14, 14], "texture": "#4"},
				"up": {"uv": [2, 2, 14, 14], "texture": "#4"},
				"down": {"uv": [2, 2, 14, 14], "texture": "#4"}
			}
		},
		{
			"name": "front panel",
			"from": [4.5, 7, 7.5],
			"to": [5.5, 7.5, 8],
			"rotation": {"angle": 0, "axis": "y", "origin": [-2, 0, 0]},
			"faces": {
				"north": {"uv": [2, 2, 14, 14], "texture": "#4"},
				"east": {"uv": [2, 2, 14, 14], "texture": "#4"},
				"south": {"uv": [2, 2, 14, 14], "texture": "#4"},
				"west": {"uv": [2, 2, 14, 14], "texture": "#4"},
				"up": {"uv": [2, 2, 14, 14], "texture": "#4"},
				"down": {"uv": [2, 2, 14, 14], "texture": "#4"}
			}
		},
		{
			"name": "front panel",
			"from": [2.25, 7, 7.5],
			"to": [3.25, 7.5, 8],
			"rotation": {"angle": 0, "axis": "y", "origin": [-2, 0, 0]},
			"faces": {
				"north": {"uv": [2, 2, 14, 14], "texture": "#4"},
				"east": {"uv": [2, 2, 14, 14], "texture": "#4"},
				"south": {"uv": [2, 2, 14, 14], "texture": "#4"},
				"west": {"uv": [2, 2, 14, 14], "texture": "#4"},
				"up": {"uv": [2, 2, 14, 14], "texture": "#4"},
				"down": {"uv": [2, 2, 14, 14], "texture": "#4"}
			}
		},
		{
			"name": "front panel",
			"from": [6, 21, 16],
			"to": [10, 22, 17],
			"faces": {
				"north": {"uv": [2, 2, 14, 14], "texture": "#4"},
				"east": {"uv": [2, 2, 14, 14], "texture": "#4"},
				"south": {"uv": [2, 2, 14, 14], "texture": "#4"},
				"west": {"uv": [2, 2, 14, 14], "texture": "#4"},
				"up": {"uv": [2, 2, 14, 14], "texture": "#4"},
				"down": {"uv": [2, 2, 14, 14], "texture": "#4"}
			}
		},
		{
			"name": "front panel",
			"from": [0, 2.5, 16],
			"to": [16, 10, 17],
			"faces": {
				"north": {"uv": [2, 2, 14, 14], "texture": "#4"},
				"east": {"uv": [2, 2, 14, 14], "texture": "#4"},
				"south": {"uv": [2, 2, 14, 14], "texture": "#4"},
				"west": {"uv": [2, 2, 14, 14], "texture": "#4"},
				"up": {"uv": [2, 2, 14, 14], "texture": "#4"},
				"down": {"uv": [2, 2, 14, 14], "texture": "#4"}
			}
		},
		{
			"name": "front panel",
			"from": [4, 10, 16],
			"to": [12, 18, 17],
			"faces": {
				"north": {"uv": [2, 2, 14, 14], "texture": "#4"},
				"east": {"uv": [2, 2, 14, 14], "texture": "#4"},
				"south": {"uv": [2, 2, 14, 14], "texture": "#4"},
				"west": {"uv": [2, 2, 14, 14], "texture": "#4"},
				"up": {"uv": [2, 2, 14, 14], "texture": "#4"},
				"down": {"uv": [2, 2, 14, 14], "texture": "#4"}
			}
		},
		{
			"name": "front panel",
			"from": [4, 20, 16],
			"to": [12, 21, 17],
			"faces": {
				"north": {"uv": [2, 2, 14, 14], "texture": "#4"},
				"east": {"uv": [2, 2, 14, 14], "texture": "#4"},
				"south": {"uv": [2, 2, 14, 14], "texture": "#4"},
				"west": {"uv": [2, 2, 14, 14], "texture": "#4"},
				"up": {"uv": [2, 2, 14, 14], "texture": "#4"},
				"down": {"uv": [2, 2, 14, 14], "texture": "#4"}
			}
		},
		{
			"name": "front panel",
			"from": [2, 19, 16],
			"to": [14, 20, 17],
			"faces": {
				"north": {"uv": [2, 2, 14, 14], "texture": "#4"},
				"east": {"uv": [2, 2, 14, 14], "texture": "#4"},
				"south": {"uv": [2, 2, 14, 14], "texture": "#4"},
				"west": {"uv": [2, 2, 14, 14], "texture": "#4"},
				"up": {"uv": [2, 2, 14, 14], "texture": "#4"},
				"down": {"uv": [2, 2, 14, 14], "texture": "#4"}
			}
		},
		{
			"name": "front panel",
			"from": [0, 18, 16],
			"to": [16, 19, 17],
			"faces": {
				"north": {"uv": [2, 2, 14, 14], "texture": "#4"},
				"east": {"uv": [2, 2, 14, 14], "texture": "#4"},
				"south": {"uv": [2, 2, 14, 14], "texture": "#4"},
				"west": {"uv": [2, 2, 14, 14], "texture": "#4"},
				"up": {"uv": [2, 2, 14, 14], "texture": "#4"},
				"down": {"uv": [2, 2, 14, 14], "texture": "#4"}
			}
		},
		{
			"name": "front panel",
			"from": [0, 10, 16],
			"to": [1, 18, 17],
			"faces": {
				"north": {"uv": [2, 2, 14, 14], "texture": "#4"},
				"east": {"uv": [2, 2, 14, 14], "texture": "#4"},
				"south": {"uv": [2, 2, 14, 14], "texture": "#4"},
				"west": {"uv": [2, 2, 14, 14], "texture": "#4"},
				"up": {"uv": [2, 2, 14, 14], "texture": "#4"},
				"down": {"uv": [2, 2, 14, 14], "texture": "#4"}
			}
		},
		{
			"name": "front panel",
			"from": [15, 10, 16],
			"to": [16, 18, 17],
			"faces": {
				"north": {"uv": [2, 2, 14, 14], "texture": "#4"},
				"east": {"uv": [2, 2, 14, 14], "texture": "#4"},
				"south": {"uv": [2, 2, 14, 14], "texture": "#4"},
				"west": {"uv": [2, 2, 14, 14], "texture": "#4"},
				"up": {"uv": [2, 2, 14, 14], "texture": "#4"},
				"down": {"uv": [2, 2, 14, 14], "texture": "#4"}
			}
		},
		{
			"name": "roof",
			"from": [-1, 18.5, 4],
			"to": [8.75, 19.5, 18],
			"rotation": {"angle": 22.5, "axis": "z", "origin": [0, 19.5, 5.5]},
			"faces": {
				"north": {"uv": [0, 0, 16, 16], "texture": "#5"},
				"east": {"uv": [0, 0, 16, 16], "texture": "#5"},
				"south": {"uv": [0, 0, 16, 16], "texture": "#5"},
				"west": {"uv": [0, 0, 16, 16], "texture": "#5"},
				"up": {"uv": [0, 0, 16, 16], "texture": "#5"},
				"down": {"uv": [0, 0, 16, 16], "texture": "#5"}
			}
		},
		{
			"name": "roof",
			"from": [7.25, 18.5, 4],
			"to": [17, 19.5, 18],
			"rotation": {"angle": -22.5, "axis": "z", "origin": [16, 19.5, 5.5]},
			"faces": {
				"north": {"uv": [0, 0, 16, 16], "texture": "#5"},
				"east": {"uv": [0, 0, 16, 16], "texture": "#5"},
				"south": {"uv": [0, 0, 16, 16], "texture": "#5"},
				"west": {"uv": [0, 0, 16, 16], "texture": "#5"},
				"up": {"uv": [0, 0, 16, 16], "texture": "#5"},
				"down": {"uv": [0, 0, 16, 16], "texture": "#5"}
			}
		},
		{
			"name": "railing",
			"from": [-0.25, 0, 5.25],
			"to": [0.25, 19, 5.75],
			"faces": {
				"north": {"uv": [0, 0, 16, 16], "texture": "#5"},
				"east": {"uv": [0, 0, 16, 16], "texture": "#5"},
				"south": {"uv": [0, 0, 16, 16], "texture": "#5"},
				"west": {"uv": [0, 0, 16, 16], "texture": "#5"},
				"up": {"uv": [0, 0, 16, 16], "texture": "#5"},
				"down": {"uv": [0, 0, 16, 16], "texture": "#5"}
			}
		},
		{
			"name": "railing",
			"from": [5.75, 10, 4.75],
			"to": [6.25, 18.5, 5.25],
			"rotation": {"angle": 0, "axis": "y", "origin": [6, 0, -0.5]},
			"faces": {
				"north": {"uv": [0, 0, 16, 16], "texture": "#5"},
				"east": {"uv": [0, 0, 16, 16], "texture": "#5"},
				"south": {"uv": [0, 0, 16, 16], "texture": "#5"},
				"west": {"uv": [0, 0, 16, 16], "texture": "#5"},
				"up": {"uv": [0, 0, 16, 16], "texture": "#5"},
				"down": {"uv": [0, 0, 16, 16], "texture": "#5"}
			}
		},
		{
			"name": "railing",
			"from": [0.25, 0, 4.75],
			"to": [0.75, 19, 5.25],
			"rotation": {"angle": 0, "axis": "y", "origin": [0.5, 0, -0.5]},
			"faces": {
				"north": {"uv": [0, 0, 16, 16], "texture": "#5"},
				"east": {"uv": [0, 0, 16, 16], "texture": "#5"},
				"south": {"uv": [0, 0, 16, 16], "texture": "#5"},
				"west": {"uv": [0, 0, 16, 16], "texture": "#5"},
				"up": {"uv": [0, 0, 16, 16], "texture": "#5"},
				"down": {"uv": [0, 0, 16, 16], "texture": "#5"}
			}
		},
		{
			"name": "railing",
			"from": [15.25, 0, 4.75],
			"to": [15.75, 19, 5.25],
			"rotation": {"angle": 0, "axis": "y", "origin": [15.5, 0, -0.5]},
			"faces": {
				"north": {"uv": [0, 0, 16, 16], "texture": "#5"},
				"east": {"uv": [0, 0, 16, 16], "texture": "#5"},
				"south": {"uv": [0, 0, 16, 16], "texture": "#5"},
				"west": {"uv": [0, 0, 16, 16], "texture": "#5"},
				"up": {"uv": [0, 0, 16, 16], "texture": "#5"},
				"down": {"uv": [0, 0, 16, 16], "texture": "#5"}
			}
		},
		{
			"name": "railing",
			"from": [9.75, 10, 4.75],
			"to": [10.25, 18.5, 5.25],
			"rotation": {"angle": 0, "axis": "y", "origin": [10, 0, -0.5]},
			"faces": {
				"north": {"uv": [0, 0, 16, 16], "texture": "#5"},
				"east": {"uv": [0, 0, 16, 16], "texture": "#5"},
				"south": {"uv": [0, 0, 16, 16], "texture": "#5"},
				"west": {"uv": [0, 0, 16, 16], "texture": "#5"},
				"up": {"uv": [0, 0, 16, 16], "texture": "#5"},
				"down": {"uv": [0, 0, 16, 16], "texture": "#5"}
			}
		},
		{
			"name": "railing",
			"from": [0.75, 18.5, 4.75],
			"to": [15.25, 19, 5.25],
			"rotation": {"angle": 0, "axis": "y", "origin": [10, 0.5, -0.5]},
			"faces": {
				"north": {"uv": [0, 0, 16, 16], "texture": "#5"},
				"east": {"uv": [0, 0, 16, 16], "texture": "#5"},
				"south": {"uv": [0, 0, 16, 16], "texture": "#5"},
				"west": {"uv": [0, 0, 16, 16], "texture": "#5"},
				"up": {"uv": [0, 0, 16, 16], "texture": "#5"},
				"down": {"uv": [0, 0, 16, 16], "texture": "#5"}
			}
		},
		{
			"name": "railing",
			"from": [15.75, 0, 5.25],
			"to": [16.25, 19, 5.75],
			"faces": {
				"north": {"uv": [0, 0, 16, 16], "texture": "#5"},
				"east": {"uv": [0, 0, 16, 16], "texture": "#5"},
				"south": {"uv": [0, 0, 16, 16], "texture": "#5"},
				"west": {"uv": [0, 0, 16, 16], "texture": "#5"},
				"up": {"uv": [0, 0, 16, 16], "texture": "#5"},
				"down": {"uv": [0, 0, 16, 16], "texture": "#5"}
			}
		},
		{
			"name": "railing",
			"from": [15.75, 0, 7.25],
			"to": [16.25, 19, 7.75],
			"faces": {
				"north": {"uv": [0, 0, 16, 16], "texture": "#5"},
				"east": {"uv": [0, 0, 16, 16], "texture": "#5"},
				"south": {"uv": [0, 0, 16, 16], "texture": "#5"},
				"west": {"uv": [0, 0, 16, 16], "texture": "#5"},
				"up": {"uv": [0, 0, 16, 16], "texture": "#5"},
				"down": {"uv": [0, 0, 16, 16], "texture": "#5"}
			}
		},
		{
			"name": "railing",
			"from": [-0.25, 0, 7.25],
			"to": [0.25, 19, 7.75],
			"faces": {
				"north": {"uv": [0, 0, 16, 16], "texture": "#5"},
				"east": {"uv": [0, 0, 16, 16], "texture": "#5"},
				"south": {"uv": [0, 0, 16, 16], "texture": "#5"},
				"west": {"uv": [0, 0, 16, 16], "texture": "#5"},
				"up": {"uv": [0, 0, 16, 16], "texture": "#5"},
				"down": {"uv": [0, 0, 16, 16], "texture": "#5"}
			}
		},
		{
			"name": "railing",
			"from": [15.75, 0, 14.25],
			"to": [16.25, 19, 14.75],
			"faces": {
				"north": {"uv": [0, 0, 16, 16], "texture": "#5"},
				"east": {"uv": [0, 0, 16, 16], "texture": "#5"},
				"south": {"uv": [0, 0, 16, 16], "texture": "#5"},
				"west": {"uv": [0, 0, 16, 16], "texture": "#5"},
				"up": {"uv": [0, 0, 16, 16], "texture": "#5"},
				"down": {"uv": [0, 0, 16, 16], "texture": "#5"}
			}
		},
		{
			"name": "railing",
			"from": [-0.25, 0, 14.25],
			"to": [0.25, 19, 14.75],
			"faces": {
				"north": {"uv": [0, 0, 16, 16], "texture": "#5"},
				"east": {"uv": [0, 0, 16, 16], "texture": "#5"},
				"south": {"uv": [0, 0, 16, 16], "texture": "#5"},
				"west": {"uv": [0, 0, 16, 16], "texture": "#5"},
				"up": {"uv": [0, 0, 16, 16], "texture": "#5"},
				"down": {"uv": [0, 0, 16, 16], "texture": "#5"}
			}
		},
		{
			"name": "railing",
			"from": [15.75, 0, 16.25],
			"to": [16.25, 19, 16.75],
			"faces": {
				"north": {"uv": [0, 0, 16, 16], "texture": "#5"},
				"east": {"uv": [0, 0, 16, 16], "texture": "#5"},
				"south": {"uv": [0, 0, 16, 16], "texture": "#5"},
				"west": {"uv": [0, 0, 16, 16], "texture": "#5"},
				"up": {"uv": [0, 0, 16, 16], "texture": "#5"},
				"down": {"uv": [0, 0, 16, 16], "texture": "#5"}
			}
		},
		{
			"name": "railing",
			"from": [-0.25, 0, 16.25],
			"to": [0.25, 19, 16.75],
			"faces": {
				"north": {"uv": [0, 0, 16, 16], "texture": "#5"},
				"east": {"uv": [0, 0, 16, 16], "texture": "#5"},
				"south": {"uv": [0, 0, 16, 16], "texture": "#5"},
				"west": {"uv": [0, 0, 16, 16], "texture": "#5"},
				"up": {"uv": [0, 0, 16, 16], "texture": "#5"},
				"down": {"uv": [0, 0, 16, 16], "texture": "#5"}
			}
		},
		{
			"name": "railing",
			"from": [0.25, 0, -7.75],
			"to": [0.75, 6, -7.25],
			"faces": {
				"north": {"uv": [0, 0, 16, 16], "texture": "#5"},
				"east": {"uv": [0, 0, 16, 16], "texture": "#5"},
				"south": {"uv": [0, 0, 16, 16], "texture": "#5"},
				"west": {"uv": [0, 0, 16, 16], "texture": "#5"},
				"up": {"uv": [0, 0, 16, 16], "texture": "#5"},
				"down": {"uv": [0, 0, 16, 16], "texture": "#5"}
			}
		},
		{
			"name": "railing",
			"from": [5.25, 0, -7.75],
			"to": [5.75, 6, -7.25],
			"faces": {
				"north": {"uv": [0, 0, 16, 16], "texture": "#5"},
				"east": {"uv": [0, 0, 16, 16], "texture": "#5"},
				"south": {"uv": [0, 0, 16, 16], "texture": "#5"},
				"west": {"uv": [0, 0, 16, 16], "texture": "#5"},
				"up": {"uv": [0, 0, 16, 16], "texture": "#5"},
				"down": {"uv": [0, 0, 16, 16], "texture": "#5"}
			}
		},
		{
			"name": "railing",
			"from": [15.25, 0, -7.75],
			"to": [15.75, 6, -7.25],
			"faces": {
				"north": {"uv": [0, 0, 16, 16], "texture": "#5"},
				"east": {"uv": [0, 0, 16, 16], "texture": "#5"},
				"south": {"uv": [0, 0, 16, 16], "texture": "#5"},
				"west": {"uv": [0, 0, 16, 16], "texture": "#5"},
				"up": {"uv": [0, 0, 16, 16], "texture": "#5"},
				"down": {"uv": [0, 0, 16, 16], "texture": "#5"}
			}
		},
		{
			"name": "railing",
			"from": [10.25, 0, -7.75],
			"to": [10.75, 6, -7.25],
			"faces": {
				"north": {"uv": [0, 0, 16, 16], "texture": "#5"},
				"east": {"uv": [0, 0, 16, 16], "texture": "#5"},
				"south": {"uv": [0, 0, 16, 16], "texture": "#5"},
				"west": {"uv": [0, 0, 16, 16], "texture": "#5"},
				"up": {"uv": [0, 0, 16, 16], "texture": "#5"},
				"down": {"uv": [0, 0, 16, 16], "texture": "#5"}
			}
		},
		{
			"name": "railing",
			"from": [0.25, 0, -0.75],
			"to": [0.75, 6, -0.25],
			"faces": {
				"north": {"uv": [0, 0, 16, 16], "texture": "#5"},
				"east": {"uv": [0, 0, 16, 16], "texture": "#5"},
				"south": {"uv": [0, 0, 16, 16], "texture": "#5"},
				"west": {"uv": [0, 0, 16, 16], "texture": "#5"},
				"up": {"uv": [0, 0, 16, 16], "texture": "#5"},
				"down": {"uv": [0, 0, 16, 16], "texture": "#5"}
			}
		},
		{
			"name": "railing",
			"from": [0.25, 6, -0.75],
			"to": [0.75, 6.5, 4.75],
			"faces": {
				"north": {"uv": [0, 0, 16, 16], "texture": "#5"},
				"east": {"uv": [0, 0, 16, 16], "texture": "#5"},
				"south": {"uv": [0, 0, 16, 16], "texture": "#5"},
				"west": {"uv": [0, 0, 16, 16], "texture": "#5"},
				"up": {"uv": [0, 0, 16, 16], "texture": "#5"},
				"down": {"uv": [0, 0, 16, 16], "texture": "#5"}
			}
		},
		{
			"name": "railing",
			"from": [15.25, 6, -0.75],
			"to": [15.75, 6.5, 4.75],
			"faces": {
				"north": {"uv": [0, 0, 16, 16], "texture": "#5"},
				"east": {"uv": [0, 0, 16, 16], "texture": "#5"},
				"south": {"uv": [0, 0, 16, 16], "texture": "#5"},
				"west": {"uv": [0, 0, 16, 16], "texture": "#5"},
				"up": {"uv": [0, 0, 16, 16], "texture": "#5"},
				"down": {"uv": [0, 0, 16, 16], "texture": "#5"}
			}
		},
		{
			"name": "railing",
			"from": [0.25, 6, -7.75],
			"to": [15.75, 6.5, -7.25],
			"faces": {
				"north": {"uv": [0, 0, 16, 16], "texture": "#5"},
				"east": {"uv": [0, 0, 16, 16], "texture": "#5"},
				"south": {"uv": [0, 0, 16, 16], "texture": "#5"},
				"west": {"uv": [0, 0, 16, 16], "texture": "#5"},
				"up": {"uv": [0, 0, 16, 16], "texture": "#5"},
				"down": {"uv": [0, 0, 16, 16], "texture": "#5"}
			}
		},
		{
			"name": "railing",
			"from": [15.25, 0, -0.75],
			"to": [15.75, 6, -0.25],
			"faces": {
				"north": {"uv": [0, 0, 16, 16], "texture": "#5"},
				"east": {"uv": [0, 0, 16, 16], "texture": "#5"},
				"south": {"uv": [0, 0, 16, 16], "texture": "#5"},
				"west": {"uv": [0, 0, 16, 16], "texture": "#5"},
				"up": {"uv": [0, 0, 16, 16], "texture": "#5"},
				"down": {"uv": [0, 0, 16, 16], "texture": "#5"}
			}
		},
		{
			"name": "ladder",
			"from": [-0.5, -4.5, -6.75],
			"to": [0, 2, -6.25],
			"rotation": {"angle": 0, "axis": "y", "origin": [0, 2, 0]},
			"faces": {
				"north": {"uv": [0, 0, 16, 16], "texture": "#5"},
				"east": {"uv": [0, 0, 16, 16], "texture": "#5"},
				"south": {"uv": [0, 0, 16, 16], "texture": "#5"},
				"west": {"uv": [0, 0, 16, 16], "texture": "#5"},
				"up": {"uv": [0, 0, 16, 16], "texture": "#5"},
				"down": {"uv": [0, 0, 16, 16], "texture": "#5"}
			}
		},
		{
			"name": "ladder",
			"from": [2.25, -5.5, -7.75],
			"to": [2.75, -1, -7.25],
			"faces": {
				"north": {"uv": [0, 16, 2, 6], "texture": "#10"},
				"east": {"uv": [0, 16, 2, 6], "texture": "#10"},
				"south": {"uv": [0, 16, 2, 6], "texture": "#10"},
				"west": {"uv": [0, 16, 2, 6], "texture": "#10"},
				"up": {"uv": [0, 16, 2, 14], "texture": "#10"},
				"down": {"uv": [0, 8, 2, 6], "texture": "#10"}
			}
		},
		{
			"name": "ladder",
			"from": [3.25, -5.5, -7.75],
			"to": [3.75, -1, -7.25],
			"faces": {
				"north": {"uv": [0, 16, 2, 6], "texture": "#10"},
				"east": {"uv": [0, 16, 2, 6], "texture": "#10"},
				"south": {"uv": [0, 16, 2, 6], "texture": "#10"},
				"west": {"uv": [0, 16, 2, 6], "texture": "#10"},
				"up": {"uv": [0, 16, 2, 14], "texture": "#10"},
				"down": {"uv": [0, 8, 2, 6], "texture": "#10"}
			}
		},
		{
			"name": "ladder",
			"from": [13.25, -5.5, -7.75],
			"to": [13.75, -1, -7.25],
			"faces": {
				"north": {"uv": [0, 16, 2, 6], "texture": "#10"},
				"east": {"uv": [0, 16, 2, 6], "texture": "#10"},
				"south": {"uv": [0, 16, 2, 6], "texture": "#10"},
				"west": {"uv": [0, 16, 2, 6], "texture": "#10"},
				"up": {"uv": [0, 16, 2, 14], "texture": "#10"},
				"down": {"uv": [0, 8, 2, 6], "texture": "#10"}
			}
		},
		{
			"name": "ladder",
			"from": [12.25, -5.5, -7.75],
			"to": [12.75, -1, -7.25],
			"faces": {
				"north": {"uv": [0, 16, 2, 6], "texture": "#10"},
				"east": {"uv": [0, 16, 2, 6], "texture": "#10"},
				"south": {"uv": [0, 16, 2, 6], "texture": "#10"},
				"west": {"uv": [0, 16, 2, 6], "texture": "#10"},
				"up": {"uv": [0, 16, 2, 14], "texture": "#10"},
				"down": {"uv": [0, 8, 2, 6], "texture": "#10"}
			}
		},
		{
			"name": "ladder",
			"from": [-0.5, -4.5, -1.75],
			"to": [0, 2, -1.25],
			"rotation": {"angle": 0, "axis": "y", "origin": [0, 2, 0]},
			"faces": {
				"north": {"uv": [0, 0, 16, 16], "texture": "#5"},
				"east": {"uv": [0, 0, 16, 16], "texture": "#5"},
				"south": {"uv": [0, 0, 16, 16], "texture": "#5"},
				"west": {"uv": [0, 0, 16, 16], "texture": "#5"},
				"up": {"uv": [0, 0, 16, 16], "texture": "#5"},
				"down": {"uv": [0, 0, 16, 16], "texture": "#5"}
			}
		},
		{
			"name": "ladder",
			"from": [-0.5, -1.5, -6.25],
			"to": [0, -1, -1.75],
			"rotation": {"angle": 0, "axis": "y", "origin": [0, 2, 0]},
			"faces": {
				"north": {"uv": [0, 0, 16, 16], "texture": "#5"},
				"east": {"uv": [0, 0, 16, 16], "texture": "#5"},
				"south": {"uv": [0, 0, 16, 16], "texture": "#5"},
				"west": {"uv": [0, 0, 16, 16], "texture": "#5"},
				"up": {"uv": [0, 0, 16, 16], "texture": "#5"},
				"down": {"uv": [0, 0, 16, 16], "texture": "#5"}
			}
		},
		{
			"name": "ladder",
			"from": [-0.5, 0.5, -6.25],
			"to": [0, 1, -1.75],
			"rotation": {"angle": 0, "axis": "y", "origin": [0, 2, 0]},
			"faces": {
				"north": {"uv": [0, 0, 16, 16], "texture": "#5"},
				"east": {"uv": [0, 0, 16, 16], "texture": "#5"},
				"south": {"uv": [0, 0, 16, 16], "texture": "#5"},
				"west": {"uv": [0, 0, 16, 16], "texture": "#5"},
				"up": {"uv": [0, 0, 16, 16], "texture": "#5"},
				"down": {"uv": [0, 0, 16, 16], "texture": "#5"}
			}
		},
		{
			"name": "ladder",
			"from": [-0.5, -3.5, -6.25],
			"to": [0, -3, -1.75],
			"rotation": {"angle": 0, "axis": "y", "origin": [0, 2, 0]},
			"faces": {
				"north": {"uv": [0, 0, 16, 16], "texture": "#5"},
				"east": {"uv": [0, 0, 16, 16], "texture": "#5"},
				"south": {"uv": [0, 0, 16, 16], "texture": "#5"},
				"west": {"uv": [0, 0, 16, 16], "texture": "#5"},
				"up": {"uv": [0, 0, 16, 16], "texture": "#5"},
				"down": {"uv": [0, 0, 16, 16], "texture": "#5"}
			}
		},
		{
			"name": "ladder",
			"from": [16, -3.5, -6.25],
			"to": [16.5, -3, -1.75],
			"rotation": {"angle": 0, "axis": "y", "origin": [0, 2, 0]},
			"faces": {
				"north": {"uv": [0, 0, 16, 16], "texture": "#5"},
				"east": {"uv": [0, 0, 16, 16], "texture": "#5"},
				"south": {"uv": [0, 0, 16, 16], "texture": "#5"},
				"west": {"uv": [0, 0, 16, 16], "texture": "#5"},
				"up": {"uv": [0, 0, 16, 16], "texture": "#5"},
				"down": {"uv": [0, 0, 16, 16], "texture": "#5"}
			}
		},
		{
			"name": "ladder",
			"from": [16, -4.5, -6.75],
			"to": [16.5, 2, -6.25],
			"rotation": {"angle": 0, "axis": "y", "origin": [0, 2, 0]},
			"faces": {
				"north": {"uv": [0, 0, 16, 16], "texture": "#5"},
				"east": {"uv": [0, 0, 16, 16], "texture": "#5"},
				"south": {"uv": [0, 0, 16, 16], "texture": "#5"},
				"west": {"uv": [0, 0, 16, 16], "texture": "#5"},
				"up": {"uv": [0, 0, 16, 16], "texture": "#5"},
				"down": {"uv": [0, 0, 16, 16], "texture": "#5"}
			}
		},
		{
			"name": "ladder",
			"from": [16, -4.5, -1.75],
			"to": [16.5, 2, -1.25],
			"rotation": {"angle": 0, "axis": "y", "origin": [0, 2, 0]},
			"faces": {
				"north": {"uv": [0, 0, 16, 16], "texture": "#5"},
				"east": {"uv": [0, 0, 16, 16], "texture": "#5"},
				"south": {"uv": [0, 0, 16, 16], "texture": "#5"},
				"west": {"uv": [0, 0, 16, 16], "texture": "#5"},
				"up": {"uv": [0, 0, 16, 16], "texture": "#5"},
				"down": {"uv": [0, 0, 16, 16], "texture": "#5"}
			}
		},
		{
			"name": "ladder",
			"from": [16, -1.5, -6.25],
			"to": [16.5, -1, -1.75],
			"rotation": {"angle": 0, "axis": "y", "origin": [0, 2, 0]},
			"faces": {
				"north": {"uv": [0, 0, 16, 16], "texture": "#5"},
				"east": {"uv": [0, 0, 16, 16], "texture": "#5"},
				"south": {"uv": [0, 0, 16, 16], "texture": "#5"},
				"west": {"uv": [0, 0, 16, 16], "texture": "#5"},
				"up": {"uv": [0, 0, 16, 16], "texture": "#5"},
				"down": {"uv": [0, 0, 16, 16], "texture": "#5"}
			}
		},
		{
			"name": "ladder",
			"from": [16, 0.5, -6.25],
			"to": [16.5, 1, -1.75],
			"rotation": {"angle": 0, "axis": "y", "origin": [0, 2, 0]},
			"faces": {
				"north": {"uv": [0, 0, 16, 16], "texture": "#5"},
				"east": {"uv": [0, 0, 16, 16], "texture": "#5"},
				"south": {"uv": [0, 0, 16, 16], "texture": "#5"},
				"west": {"uv": [0, 0, 16, 16], "texture": "#5"},
				"up": {"uv": [0, 0, 16, 16], "texture": "#5"},
				"down": {"uv": [0, 0, 16, 16], "texture": "#5"}
			}
		},
		{
			"name": "light",
			"from": [8, 19, 4.5],
			"to": [10, 21, 5],
			"faces": {
				"north": {"uv": [0, 0, 16, 16], "texture": "#0"},
				"east": {"uv": [0, 0, 1, 1], "texture": "#0"},
				"south": {"uv": [0, 0, 16, 16], "texture": "#1"},
				"west": {"uv": [0, 0, 1, 1], "texture": "#0"},
				"up": {"uv": [0, 0, 1, 1], "texture": "#0"},
				"down": {"uv": [0, 0, 1, 1], "texture": "#0"}
			}
		},
		{
			"name": "light",
			"from": [6, 19, 4.5],
			"to": [8, 21, 5],
			"faces": {
				"north": {"uv": [0, 0, 16, 16], "texture": "#0"},
				"east": {"uv": [0, 0, 1, 1], "texture": "#0"},
				"south": {"uv": [0, 0, 16, 16], "texture": "#1"},
				"west": {"uv": [0, 0, 1, 1], "texture": "#0"},
				"up": {"uv": [0, 0, 1, 1], "texture": "#0"},
				"down": {"uv": [0, 0, 1, 1], "texture": "#0"}
			}
		},
		{
			"name": "light",
			"from": [12, 2.5, -7.5],
			"to": [14, 4.5, -6],
			"rotation": {"angle": 0, "axis": "y", "origin": [0, 2.5, 0]},
			"faces": {
				"north": {"uv": [0, 0, 16, 16], "texture": "#0"},
				"east": {"uv": [0, 0, 1, 1], "texture": "#0"},
				"south": {"uv": [0, 0, 16, 16], "texture": "#1"},
				"west": {"uv": [0, 0, 1, 1], "texture": "#0"},
				"up": {"uv": [0, 0, 1, 1], "texture": "#0"},
				"down": {"uv": [0, 0, 1, 1], "texture": "#0"}
			}
		},
		{
			"name": "light",
			"from": [2, 2.5, -7.5],
			"to": [4, 4.5, -6],
			"rotation": {"angle": 0, "axis": "y", "origin": [0, 2.5, 0]},
			"faces": {
				"north": {"uv": [0, 0, 16, 16], "texture": "#0"},
				"east": {"uv": [0, 0, 1, 1], "texture": "#0"},
				"south": {"uv": [0, 0, 16, 16], "texture": "#1"},
				"west": {"uv": [0, 0, 1, 1], "texture": "#0"},
				"up": {"uv": [0, 0, 1, 1], "texture": "#0"},
				"down": {"uv": [0, 0, 1, 1], "texture": "#0"}
			}
		},
		{
			"from": [1.25, 1, 11.25],
			"to": [5.75, 5.75, 15.75],
			"rotation": {"angle": 0, "axis": "y", "origin": [3.5, 6.5, 14.5]},
			"faces": {
				"north": {"uv": [0, 0, 16, 16], "rotation": 270, "texture": "#12"},
				"east": {"uv": [0, 0, 16, 16], "rotation": 270, "texture": "#12"},
				"south": {"uv": [0, 0, 16, 16], "rotation": 270, "texture": "#12"},
				"west": {"uv": [0, 0, 16, 16], "rotation": 270, "texture": "#12"},
				"up": {"uv": [0, 0, 16, 16], "rotation": 270, "texture": "#12"},
				"down": {"uv": [0, 0, 16, 16], "rotation": 270, "texture": "#12"}
			}
		},
		{
			"from": [1.25, 5.75, 15],
			"to": [5.75, 10.25, 15.75],
			"rotation": {"angle": 0, "axis": "y", "origin": [3.5, 6.5, 14.5]},
			"faces": {
				"north": {"uv": [0, 0, 16, 16], "rotation": 270, "texture": "#12"},
				"east": {"uv": [0, 0, 16, 16], "rotation": 270, "texture": "#12"},
				"south": {"uv": [0, 0, 16, 16], "rotation": 270, "texture": "#12"},
				"west": {"uv": [0, 0, 16, 16], "rotation": 270, "texture": "#12"},
				"up": {"uv": [0, 0, 16, 16], "rotation": 270, "texture": "#12"},
				"down": {"uv": [0, 0, 16, 16], "rotation": 270, "texture": "#12"}
			}
		},
		{
			"from": [1, 0, 6],
			"to": [6, 7, 9],
			"rotation": {"angle": 0, "axis": "y", "origin": [14, 0, 0]},
			"faces": {
				"north": {"uv": [0, 0, 16, 16], "texture": "#2"},
				"east": {"uv": [0, 0, 16, 16], "texture": "#2"},
				"south": {"uv": [0, 0, 16, 16], "texture": "#2"},
				"west": {"uv": [0, 0, 16, 16], "texture": "#2"},
				"up": {"uv": [0, 0, 16, 16], "texture": "#13"},
				"down": {"uv": [0, 0, 16, 16], "texture": "#2"}
			}
		}
	],
	"display": {
		"head": {
			"scale": [3, 3, 3]
		}
	},
	"groups": [
		0,
		1,
		2,
		3,
		4,
		5,
		6,
		7,
		8,
		9,
		10,
		11,
		12,
		13,
		14,
		15,
		16,
		17,
		18,
		19,
		20,
		21,
		22,
		23,
		24,
		25,
		26,
		27,
		28,
		29,
		30,
		31,
		32,
		33,
		34,
		35,
		36,
		37,
		38,
		39,
		40,
		41,
		42,
		43,
		44,
		45,
		46,
		47,
		48,
		49,
		50,
		51,
		52,
		53,
		54,
		55,
		56,
		57,
		58,
		59,
		60,
		61,
		62,
		63,
		64,
		65,
		66,
		67,
		68,
		69,
		70,
		71,
		72,
		73,
		74,
		75,
		{
			"name": "seat",
			"origin": [8, 8, 8],
			"color": 0,
			"children": [76, 77]
		},
		78
	]
}