{
	"credit": "Made by Mike Shafter",
	"textures": {
		"2": "block/orange_shulker_box",
		"3": "block/white_concrete",
		"4": "block/light_gray_concrete",
		"6": "block/stripped_birch_log",
		"7": "block/purple_shulker_box",
		"9": "block/stripped_cherry_log",
		"10": "block/ent_logo",
		"11": "block/redstone_torch",
		"12": "block/first_class",
		"15": "block/bubble_coral_block",
		"24": "block/glass",
		"particle": "block/black_stained_glass"
	},
	"elements": [
		{
			"from": [-0.5, 7.5, -6.125],
			"to": [0, 9.875, -5.125],
			"rotation": {"angle": 0, "axis": "y", "origin": [8, 4.15345, 5]},
			"faces": {
				"north": {"uv": [1, 0, 0, 12.75], "texture": "#6"},
				"east": {"uv": [1, 0, 0, 2.375], "texture": "#6"},
				"west": {"uv": [0, 0, 2, 12.75], "texture": "#3"}
			}
		},
		{
			"from": [-0.5, -8, -6.125],
			"to": [0, -2, 22.125],
			"rotation": {"angle": 0, "axis": "y", "origin": [8, -5.34655, 6]},
			"faces": {
				"north": {"uv": [0.5, 0, 0, 4.875], "texture": "#6"},
				"east": {"uv": [16, 0, 0, 6], "texture": "#6"},
				"south": {"uv": [0.5, 0, 0, 4.875], "texture": "#6"},
				"west": {"uv": [0, 0, 16, 4.875], "texture": "#4"}
			}
		},
		{
			"from": [-0.5, 5, -6.125],
			"to": [0, 7.5, -5.125],
			"rotation": {"angle": 0, "axis": "z", "origin": [8, 9.65345, 5]},
			"faces": {
				"north": {"uv": [1, 0, 1.5, 2.5], "texture": "#6"},
				"east": {"uv": [0, 5, 1, 7.5], "texture": "#6"},
				"west": {"uv": [2, 5, 0, 11], "texture": "#7"}
			}
		},
		{
			"from": [-0.5, 5, -5.125],
			"to": [0, 7.5, 5],
			"rotation": {"angle": 0, "axis": "z", "origin": [8, 9.65345, 8]},
			"faces": {
				"east": {"uv": [0, 0, 16, 2.5], "texture": "#6"},
				"south": {"uv": [13, 3, 3, 13], "texture": "#7"},
				"west": {"uv": [13, 3, 3, 13], "texture": "#7"}
			}
		},
		{
			"from": [-0.5, 5, 11],
			"to": [0, 7.5, 21.125],
			"rotation": {"angle": 0, "axis": "z", "origin": [8, 9.65345, 24.125]},
			"faces": {
				"north": {"uv": [3, 3, 13, 13], "texture": "#7"},
				"east": {"uv": [0, 0, 16, 2.5], "texture": "#6"},
				"west": {"uv": [13, 3, 3, 13], "texture": "#7"}
			}
		},
		{
			"from": [-0.5, 5, 5],
			"to": [0, 5.625, 11],
			"rotation": {"angle": 0, "axis": "z", "origin": [8, 9.65345, 18.125]},
			"faces": {
				"east": {"uv": [0, 0, 16, 2.5], "texture": "#6"},
				"west": {"uv": [13, 3, 3, 13], "texture": "#7"},
				"up": {"uv": [13, 3, 3, 13], "texture": "#7"}
			}
		},
		{
			"from": [-0.5, 7.125, 5],
			"to": [0, 7.5, 11],
			"rotation": {"angle": 0, "axis": "z", "origin": [8, 11.65345, 18.125]},
			"faces": {
				"west": {"uv": [13, 3, 3, 13], "texture": "#7"},
				"down": {"uv": [13, 3, 3, 13], "texture": "#7"}
			}
		},
		{
			"from": [-0.5, 9.875, -6.125],
			"to": [0, 11.875, 22.125],
			"rotation": {"angle": 0, "axis": "z", "origin": [8, 14.52845, 8]},
			"faces": {
				"north": {"uv": [0, 0, 0.5, 2.5], "texture": "#6"},
				"east": {"uv": [16, 0, 0, 2.5], "texture": "#6"},
				"south": {"uv": [0, 0, 0.5, 2.5], "texture": "#6"},
				"west": {"uv": [13, 3, 3, 13], "texture": "#2"}
			}
		},
		{
			"from": [-0.5, 4.5, -0.75],
			"to": [0, 5, 16.75],
			"rotation": {"angle": 0, "axis": "z", "origin": [8, 9.15345, 8]},
			"faces": {
				"east": {"uv": [16, 0, 0, 0.5], "texture": "#6"},
				"west": {"uv": [13, 3, 3, 13], "texture": "#3"},
				"down": {"uv": [0, 0, 0.5, 16], "texture": "#6"}
			}
		},
		{
			"from": [-0.5, 11.875, -0.75],
			"to": [0, 13, 16.75],
			"rotation": {"angle": 0, "axis": "z", "origin": [8, 17.15345, 8]},
			"faces": {
				"east": {"uv": [16, 0, 0, 0.5], "texture": "#6"},
				"west": {"uv": [13, 3, 3, 13], "texture": "#4"},
				"up": {"uv": [0, 0, 0.5, 16], "texture": "#6"}
			}
		},
		{
			"from": [-0.5, -2, -0.75],
			"to": [0, -1.5, 16.75],
			"rotation": {"angle": 0, "axis": "z", "origin": [8, 2.65345, 8]},
			"faces": {
				"east": {"uv": [16, 0, 0, 1], "texture": "#6"},
				"west": {"uv": [13, 3, 3, 13], "texture": "#3"},
				"up": {"uv": [0, 0, 0.5, 16], "texture": "#6"}
			}
		},
		{
			"from": [-0.5, 7.5, -5.125],
			"to": [0, 9.875, 21.125],
			"rotation": {"angle": 0, "axis": "z", "origin": [8, 12.65345, 8]},
			"faces": {
				"east": {"uv": [0, 0, 16, 2.375], "texture": "#6"},
				"west": {"uv": [13, 3, 3, 13], "texture": "#3"}
			}
		},
		{
			"from": [-0.5, -2, -6.125],
			"to": [0, 5, -0.75],
			"rotation": {"angle": 0, "axis": "z", "origin": [8, 2.65345, 7]},
			"faces": {
				"north": {"uv": [0, 0, 0.5, 2], "texture": "#6"},
				"east": {"uv": [5.375, 0, 0, 7.5], "texture": "#6"},
				"south": {"uv": [0, 0, 0.5, 2], "texture": "#6"},
				"west": {"uv": [13, 3, 3, 13], "texture": "#3"}
			}
		},
		{
			"from": [-0.5, -2, 16.75],
			"to": [0, 5, 22.125],
			"rotation": {"angle": 0, "axis": "z", "origin": [8, 2.65345, 9]},
			"faces": {
				"north": {"uv": [0.5, 0, 0, 2], "texture": "#6"},
				"east": {"uv": [0, 0, 5.375, 7.5], "texture": "#6"},
				"south": {"uv": [0.5, 0, 0, 2], "texture": "#6"},
				"west": {"uv": [3, 3, 13, 13], "texture": "#3"}
			}
		},
		{
			"from": [-0.5, 5, 21.125],
			"to": [0, 7.5, 22.125],
			"rotation": {"angle": 0, "axis": "z", "origin": [8, 9.65345, 11]},
			"faces": {
				"east": {"uv": [1, 5, 0, 7.5], "texture": "#6"},
				"south": {"uv": [1.5, 0, 1, 2.5], "texture": "#6"},
				"west": {"uv": [0, 5, 2, 11], "texture": "#7"}
			}
		},
		{
			"from": [-0.5, 7.5, 21.125],
			"to": [0, 9.875, 22.125],
			"rotation": {"angle": 0, "axis": "y", "origin": [8, 4.15345, 11]},
			"faces": {
				"east": {"uv": [0, 0, 1, 2.375], "texture": "#6"},
				"south": {"uv": [0, 0, 1, 12.75], "texture": "#6"},
				"west": {"uv": [2, 0, 0, 12.75], "texture": "#3"}
			}
		},
		{
			"from": [0, -3.5, -1.375],
			"to": [8, 1.5, -0.875],
			"rotation": {"angle": 0, "axis": "y", "origin": [8, -0.84655, 4]},
			"faces": {
				"north": {"uv": [0, 0, 16, 16], "rotation": 90, "texture": "#15"},
				"south": {"uv": [0, 0, 16, 16], "rotation": 90, "texture": "#15"},
				"up": {"uv": [0, 0, 16, 16], "rotation": 90, "texture": "#15"}
			}
		},
		{
			"from": [0, -4, -1.375],
			"to": [8, -3.5, 1.625],
			"rotation": {"angle": 0, "axis": "y", "origin": [8, -0.84655, 4]},
			"faces": {
				"north": {"uv": [0, 0, 5.5, 0.5], "texture": "#15"},
				"east": {"uv": [0, 0, 3, 0.5], "texture": "#15"},
				"south": {"uv": [0, 0, 5.5, 0.5], "texture": "#15"},
				"up": {"uv": [0, 0, 16, 8], "texture": "#15"},
				"down": {"uv": [0, 0, 16, 8], "texture": "#15"}
			}
		},
		{
			"from": [8.25, 10.5, -1.375],
			"to": [16, 15.5, -0.875],
			"rotation": {"angle": 0, "axis": "y", "origin": [8, 13.15345, 4]},
			"faces": {
				"north": {"uv": [0, 16, 16, 0], "rotation": 90, "texture": "#15"},
				"south": {"uv": [0, 16, 16, 0], "rotation": 90, "texture": "#15"},
				"up": {"uv": [0, 16, 16, 0], "rotation": 90, "texture": "#15"}
			}
		},
		{
			"from": [8.25, 10, -1.375],
			"to": [16, 10.5, 1.625],
			"rotation": {"angle": 0, "axis": "y", "origin": [8, 13.15345, 4]},
			"faces": {
				"south": {"uv": [5.5, 0, 0, 0.5], "texture": "#15"},
				"west": {"uv": [3, 0, 0, 0.5], "texture": "#15"},
				"up": {"uv": [16, 0, 0, 8], "texture": "#15"},
				"down": {"uv": [16, 0, 0, 8], "texture": "#15"}
			}
		},
		{
			"from": [0, 10.5, -1.375],
			"to": [4, 15.5, -0.875],
			"rotation": {"angle": 0, "axis": "y", "origin": [8, 13.15345, 4]},
			"faces": {
				"north": {"uv": [0, 0, 16, 16], "rotation": 90, "texture": "#15"},
				"east": {"uv": [0, 0, 10, 1], "rotation": 90, "texture": "#15"},
				"south": {"uv": [0, 0, 16, 16], "rotation": 90, "texture": "#15"},
				"up": {"uv": [0, 0, 16, 16], "rotation": 90, "texture": "#15"}
			}
		},
		{
			"from": [0, 10, -1.375],
			"to": [4, 10.5, 1.625],
			"rotation": {"angle": 0, "axis": "y", "origin": [8, 13.15345, 4]},
			"faces": {
				"north": {"uv": [0, 0, 5.5, 0.5], "texture": "#15"},
				"east": {"uv": [0, 0, 3, 0.5], "texture": "#15"},
				"south": {"uv": [0, 0, 5.5, 0.5], "texture": "#15"},
				"up": {"uv": [0, 0, 16, 8], "texture": "#15"},
				"down": {"uv": [0, 0, 16, 8], "texture": "#15"}
			}
		},
		{
			"from": [12, -3.5, -1.375],
			"to": [16, 1.5, -0.875],
			"rotation": {"angle": 0, "axis": "y", "origin": [20, -0.84655, 4]},
			"faces": {
				"north": {"uv": [0, 0, 16, 16], "rotation": 90, "texture": "#15"},
				"east": {"uv": [0, 0, 10, 1], "rotation": 90, "texture": "#15"},
				"south": {"uv": [0, 0, 16, 16], "rotation": 90, "texture": "#15"},
				"west": {"uv": [0, 0, 0.5, 5], "texture": "#15"},
				"up": {"uv": [0, 0, 16, 16], "rotation": 90, "texture": "#15"}
			}
		},
		{
			"from": [12, -4, -1.375],
			"to": [16, -3.5, 1.625],
			"rotation": {"angle": 0, "axis": "y", "origin": [20, -0.84655, 4]},
			"faces": {
				"north": {"uv": [0, 0, 5.5, 0.5], "texture": "#15"},
				"east": {"uv": [0, 0, 3, 0.5], "texture": "#15"},
				"south": {"uv": [0, 0, 5.5, 0.5], "texture": "#15"},
				"west": {"uv": [0, 0, 3, 0.5], "texture": "#15"},
				"up": {"uv": [0, 0, 16, 8], "texture": "#15"},
				"down": {"uv": [0, 0, 16, 8], "texture": "#15"}
			}
		},
		{
			"from": [0, -3.5, 7.5],
			"to": [8, 1.5, 8.5],
			"rotation": {"angle": 0, "axis": "y", "origin": [8, -2.375, 8]},
			"faces": {
				"north": {"uv": [0, 0, 16, 16], "rotation": 90, "texture": "#15"},
				"east": {"uv": [0, 0, 10, 1], "rotation": 90, "texture": "#15"},
				"south": {"uv": [0, 0, 16, 16], "rotation": 90, "texture": "#15"},
				"up": {"uv": [0, 0, 16, 16], "rotation": 90, "texture": "#15"}
			}
		},
		{
			"from": [0, -4, 5],
			"to": [8, -3.5, 11],
			"rotation": {"angle": 0, "axis": "y", "origin": [8, -2.375, 8]},
			"faces": {
				"north": {"uv": [0, 0, 5.5, 0.5], "texture": "#15"},
				"east": {"uv": [0, 0, 6, 0.5], "texture": "#15"},
				"south": {"uv": [0, 0, 5.5, 0.5], "texture": "#15"},
				"up": {"uv": [0, 0, 16, 16], "texture": "#15"},
				"down": {"uv": [0, 0, 16, 16], "texture": "#15"}
			}
		},
		{
			"from": [8.25, 10.5, 7.5],
			"to": [16, 15.5, 8.5],
			"rotation": {"angle": 0, "axis": "y", "origin": [8, 11.625, 8]},
			"faces": {
				"north": {"uv": [0, 16, 16, 0], "rotation": 90, "texture": "#15"},
				"south": {"uv": [0, 16, 16, 0], "rotation": 90, "texture": "#15"},
				"west": {"uv": [0, 1, 10, 0], "rotation": 90, "texture": "#15"},
				"up": {"uv": [0, 16, 16, 0], "rotation": 90, "texture": "#15"}
			}
		},
		{
			"from": [8.25, 10, 5],
			"to": [16, 10.5, 11],
			"rotation": {"angle": 0, "axis": "y", "origin": [8, 11.625, 8]},
			"faces": {
				"north": {"uv": [5.5, 0, 0, 0.5], "texture": "#15"},
				"south": {"uv": [5.5, 0, 0, 0.5], "texture": "#15"},
				"west": {"uv": [6, 0, 0, 0.5], "texture": "#15"},
				"up": {"uv": [16, 0, 0, 16], "texture": "#15"},
				"down": {"uv": [16, 0, 0, 16], "texture": "#15"}
			}
		},
		{
			"from": [0, 10.5, 7.5],
			"to": [4, 15.5, 8.5],
			"rotation": {"angle": 0, "axis": "y", "origin": [8, 11.625, 8]},
			"faces": {
				"north": {"uv": [0, 0, 16, 16], "rotation": 90, "texture": "#15"},
				"east": {"uv": [0, 0, 10, 1], "rotation": 90, "texture": "#15"},
				"south": {"uv": [0, 0, 16, 16], "rotation": 90, "texture": "#15"},
				"up": {"uv": [0, 0, 16, 16], "rotation": 90, "texture": "#15"}
			}
		},
		{
			"from": [0, 10, 5],
			"to": [4, 10.5, 11],
			"rotation": {"angle": 0, "axis": "y", "origin": [8, 11.625, 8]},
			"faces": {
				"north": {"uv": [0, 0, 5.5, 0.5], "texture": "#15"},
				"east": {"uv": [0, 0, 6, 0.5], "texture": "#15"},
				"south": {"uv": [0, 0, 5.5, 0.5], "texture": "#15"},
				"up": {"uv": [0, 0, 16, 16], "texture": "#15"},
				"down": {"uv": [0, 0, 16, 16], "texture": "#15"}
			}
		},
		{
			"from": [12, -3.5, 7.5],
			"to": [16, 1.5, 8.5],
			"rotation": {"angle": 0, "axis": "y", "origin": [20, -2.375, 8]},
			"faces": {
				"north": {"uv": [0, 0, 16, 16], "rotation": 90, "texture": "#15"},
				"east": {"uv": [0, 0, 10, 1], "rotation": 90, "texture": "#15"},
				"south": {"uv": [0, 0, 16, 16], "rotation": 90, "texture": "#15"},
				"west": {"uv": [0, 0, 1, 5], "texture": "#15"},
				"up": {"uv": [0, 0, 16, 16], "rotation": 90, "texture": "#15"}
			}
		},
		{
			"from": [12, -4, 5],
			"to": [16, -3.5, 11],
			"rotation": {"angle": 0, "axis": "y", "origin": [20, -2.375, 8]},
			"faces": {
				"north": {"uv": [0, 0, 5.5, 0.5], "texture": "#15"},
				"east": {"uv": [0, 0, 6, 0.5], "texture": "#15"},
				"south": {"uv": [0, 0, 5.5, 0.5], "texture": "#15"},
				"west": {"uv": [0, 0, 6, 0.5], "texture": "#15"},
				"up": {"uv": [0, 0, 16, 16], "texture": "#15"},
				"down": {"uv": [0, 0, 16, 16], "texture": "#15"}
			}
		},
		{
			"from": [0, -3.5, 16.875],
			"to": [8, 1.5, 17.375],
			"rotation": {"angle": 0, "axis": "y", "origin": [8, -0.84655, 12]},
			"faces": {
				"north": {"uv": [0, 0, 16, 16], "rotation": 90, "texture": "#15"},
				"south": {"uv": [0, 0, 16, 16], "rotation": 90, "texture": "#15"},
				"up": {"uv": [0, 0, 16, 16], "rotation": 90, "texture": "#15"}
			}
		},
		{
			"from": [0, -4, 14.375],
			"to": [8, -3.5, 17.375],
			"rotation": {"angle": 0, "axis": "y", "origin": [8, -0.84655, 12]},
			"faces": {
				"north": {"uv": [0, 0, 5.5, 0.5], "texture": "#15"},
				"east": {"uv": [0, 0, 3, 0.5], "texture": "#15"},
				"south": {"uv": [0, 0, 5.5, 0.5], "texture": "#15"},
				"up": {"uv": [0, 0, 16, 8], "texture": "#15"},
				"down": {"uv": [0, 0, 16, 8], "texture": "#15"}
			}
		},
		{
			"from": [8.25, 10.5, 16.875],
			"to": [16, 15.5, 17.375],
			"rotation": {"angle": 0, "axis": "y", "origin": [8, 13.15345, 12]},
			"faces": {
				"north": {"uv": [0, 16, 16, 0], "rotation": 90, "texture": "#15"},
				"south": {"uv": [0, 16, 16, 0], "rotation": 90, "texture": "#15"},
				"up": {"uv": [0, 16, 16, 0], "rotation": 90, "texture": "#15"}
			}
		},
		{
			"from": [8.25, 10, 14.375],
			"to": [16, 10.5, 17.375],
			"rotation": {"angle": 0, "axis": "y", "origin": [8, 13.15345, 12]},
			"faces": {
				"north": {"uv": [5.5, 0, 0, 0.5], "texture": "#15"},
				"west": {"uv": [3, 0, 0, 0.5], "texture": "#15"},
				"up": {"uv": [16, 0, 0, 8], "texture": "#15"},
				"down": {"uv": [16, 0, 0, 8], "texture": "#15"}
			}
		},
		{
			"from": [0, 10.5, 16.875],
			"to": [4, 15.5, 17.375],
			"rotation": {"angle": 0, "axis": "y", "origin": [8, 13.15345, 12]},
			"faces": {
				"north": {"uv": [0, 0, 16, 16], "rotation": 90, "texture": "#15"},
				"east": {"uv": [0, 0, 16, 16], "rotation": 90, "texture": "#15"},
				"south": {"uv": [0, 0, 16, 16], "rotation": 90, "texture": "#15"},
				"up": {"uv": [0, 0, 16, 16], "rotation": 90, "texture": "#15"}
			}
		},
		{
			"from": [0, 10, 14.375],
			"to": [4, 10.5, 17.375],
			"rotation": {"angle": 0, "axis": "y", "origin": [8, 13.15345, 12]},
			"faces": {
				"north": {"uv": [0, 0, 5.5, 0.5], "texture": "#15"},
				"east": {"uv": [0, 0, 3, 0.5], "texture": "#15"},
				"south": {"uv": [0, 0, 5.5, 0.5], "texture": "#15"},
				"up": {"uv": [0, 0, 16, 8], "texture": "#15"},
				"down": {"uv": [0, 0, 16, 8], "texture": "#15"}
			}
		},
		{
			"from": [12, -3.5, 16.875],
			"to": [16, 1.5, 17.375],
			"rotation": {"angle": 0, "axis": "y", "origin": [20, -0.84655, 12]},
			"faces": {
				"north": {"uv": [0, 0, 16, 16], "rotation": 90, "texture": "#15"},
				"east": {"uv": [0, 0, 16, 16], "rotation": 90, "texture": "#15"},
				"south": {"uv": [0, 0, 16, 16], "rotation": 90, "texture": "#15"},
				"west": {"uv": [0, 0, 0.5, 5], "texture": "#15"},
				"up": {"uv": [0, 0, 16, 16], "rotation": 90, "texture": "#15"}
			}
		},
		{
			"from": [12, -4, 14.375],
			"to": [16, -3.5, 17.375],
			"rotation": {"angle": 0, "axis": "y", "origin": [20, -0.84655, 12]},
			"faces": {
				"north": {"uv": [0, 0, 5.5, 0.5], "texture": "#15"},
				"east": {"uv": [0, 0, 3, 0.5], "texture": "#15"},
				"south": {"uv": [0, 0, 5.5, 0.5], "texture": "#15"},
				"west": {"uv": [0, 0, 3, 0.5], "texture": "#15"},
				"up": {"uv": [0, 0, 16, 8], "texture": "#15"},
				"down": {"uv": [0, 0, 16, 8], "texture": "#15"}
			}
		},
		{
			"from": [-0.5, -1.5, 7.375],
			"to": [0, 4.5, 8.625],
			"rotation": {"angle": 0, "axis": "y", "origin": [8, -0.84655, 3]},
			"faces": {
				"north": {"uv": [1, 0, 0, 12.75], "texture": "#6"},
				"east": {"uv": [1.25, 0, 0, 6], "texture": "#6"},
				"south": {"uv": [1, 0, 0, 12.75], "texture": "#6"},
				"west": {"uv": [2, 0, 0, 12.75], "texture": "#3"}
			}
		},
		{
			"from": [-0.5, 11.875, -6.125],
			"to": [0, 15, -0.75],
			"rotation": {"angle": 0, "axis": "z", "origin": [8, 17.15345, 7]},
			"faces": {
				"north": {"uv": [0, 0, 0.5, 2], "texture": "#6"},
				"east": {"uv": [5.375, 0, 0, 7.5], "texture": "#6"},
				"south": {"uv": [0, 0, 0.5, 2], "texture": "#6"},
				"west": {"uv": [13, 3, 3, 13], "texture": "#4"}
			}
		},
		{
			"from": [-0.5, 11.875, 16.75],
			"to": [0, 15, 22.125],
			"rotation": {"angle": 0, "axis": "z", "origin": [8, 17.15345, 9]},
			"faces": {
				"north": {"uv": [0.5, 0, 0, 2], "texture": "#6"},
				"east": {"uv": [0, 0, 5.375, 7.5], "texture": "#6"},
				"south": {"uv": [0.5, 0, 0, 2], "texture": "#6"},
				"west": {"uv": [3, 3, 13, 13], "texture": "#4"}
			}
		},
		{
			"from": [-0.5, 13, 7.375],
			"to": [0, 15.125, 8.625],
			"rotation": {"angle": 0, "axis": "y", "origin": [8, 13.65345, 3]},
			"faces": {
				"north": {"uv": [1, 0, 0, 12.75], "texture": "#6"},
				"east": {"uv": [1.25, 0, 0, 6], "texture": "#6"},
				"south": {"uv": [1, 0, 0, 12.75], "texture": "#6"},
				"west": {"uv": [2, 0, 0, 12.75], "texture": "#4"}
			}
		},
		{
			"from": [-0.5, 18, -0.75],
			"to": [0, 18.5, 16.75],
			"rotation": {"angle": -22.5, "axis": "z", "origin": [-0.25, 15, 8]},
			"faces": {
				"east": {"uv": [16, 0, 0, 0.5], "texture": "#6"},
				"west": {"uv": [13, 3, 3, 13], "texture": "#4"},
				"down": {"uv": [0, 0, 0.5, 16], "texture": "#6"}
			}
		},
		{
			"from": [-0.375, -1.5, 8.625],
			"to": [-0.125, 4.5, 16.75],
			"rotation": {"angle": 0, "axis": "y", "origin": [-8.5, -0.84655, 13.5]},
			"faces": {
				"east": {"uv": [0, 0, 16, 16], "texture": "#24"},
				"west": {"uv": [0, 0, 16, 16], "texture": "#24"}
			}
		},
		{
			"from": [-0.375, -1.5, -0.75],
			"to": [-0.125, 4.5, 7.375],
			"rotation": {"angle": 0, "axis": "y", "origin": [-8.5, -0.84655, 2.5]},
			"faces": {
				"east": {"uv": [0, 0, 16, 16], "texture": "#24"},
				"west": {"uv": [0, 0, 16, 16], "texture": "#24"}
			}
		},
		{
			"from": [-0.375, 13, -0.75],
			"to": [-0.125, 15.125, 7.375],
			"rotation": {"angle": 0, "axis": "y", "origin": [-8.5, 13.65345, 2.5]},
			"faces": {
				"east": {"uv": [0, 9, 16, 16], "texture": "#24"},
				"west": {"uv": [0, 9, 16, 16], "texture": "#24"}
			}
		},
		{
			"from": [-0.375, 13, 8.625],
			"to": [-0.125, 15.125, 16.75],
			"rotation": {"angle": 0, "axis": "y", "origin": [-8.5, 13.65345, 13.5]},
			"faces": {
				"east": {"uv": [0, 9, 16, 16], "texture": "#24"},
				"west": {"uv": [0, 9, 16, 16], "texture": "#24"}
			}
		},
		{
			"from": [-0.5, 14.875, 16.75],
			"to": [0, 18.5, 22.125],
			"rotation": {"angle": -22.5, "axis": "z", "origin": [-0.25, 15, 8]},
			"faces": {
				"north": {"uv": [0.5, 0, 0, 2], "texture": "#6"},
				"east": {"uv": [0, 0, 5.375, 7.5], "texture": "#6"},
				"south": {"uv": [0.5, 0, 0, 2], "texture": "#6"},
				"west": {"uv": [3, 3, 13, 13], "texture": "#4"}
			}
		},
		{
			"from": [-0.5, 14.875, -6.125],
			"to": [0, 18.5, -0.75],
			"rotation": {"angle": -22.5, "axis": "z", "origin": [-0.25, 15, 8]},
			"faces": {
				"north": {"uv": [0, 0, 0.5, 2], "texture": "#6"},
				"east": {"uv": [5.375, 0, 0, 7.5], "texture": "#6"},
				"south": {"uv": [0, 0, 0.5, 2], "texture": "#6"},
				"west": {"uv": [13, 3, 3, 13], "texture": "#4"}
			}
		},
		{
			"from": [0.87359, 18.11586, -6.125],
			"to": [1.37359, 20.11586, 22.125],
			"rotation": {"angle": -45, "axis": "z", "origin": [1.12359, 18.24086, 8]},
			"faces": {
				"north": {"uv": [0, 0, 0.5, 2], "texture": "#6"},
				"east": {"uv": [5.375, 0, 0, 7.5], "texture": "#6"},
				"south": {"uv": [0, 0, 0.5, 2], "texture": "#6"},
				"west": {"uv": [13, 3, 3, 13], "texture": "#4"}
			}
		},
		{
			"from": [2.35879, 19.31033, -6.125],
			"to": [4.35879, 19.81033, 22.125],
			"rotation": {"angle": 22.5, "axis": "z", "origin": [2.48379, 19.56033, 8]},
			"faces": {
				"north": {"uv": [0, 0, 0.5, 2], "rotation": 270, "texture": "#6"},
				"south": {"uv": [0, 0, 0.5, 2], "rotation": 90, "texture": "#6"},
				"up": {"uv": [13, 3, 3, 13], "rotation": 90, "texture": "#4"},
				"down": {"uv": [5.375, 0, 0, 7.5], "rotation": 90, "texture": "#6"}
			}
		},
		{
			"from": [-0.375, 15, -0.75],
			"to": [-0.125, 18, 7.375],
			"rotation": {"angle": -22.5, "axis": "z", "origin": [-0.25, 15, 8]},
			"faces": {
				"east": {"uv": [0, 0, 16, 8], "texture": "#24"},
				"west": {"uv": [0, 0, 16, 8], "texture": "#24"}
			}
		},
		{
			"from": [-0.5, 15, 7.375],
			"to": [0, 18, 8.625],
			"rotation": {"angle": -22.5, "axis": "z", "origin": [-0.25, 15, 8]},
			"faces": {
				"north": {"uv": [1, 0, 0, 12.75], "texture": "#6"},
				"east": {"uv": [1.25, 0, 0, 6], "texture": "#6"},
				"south": {"uv": [1, 0, 0, 12.75], "texture": "#6"},
				"west": {"uv": [2, 0, 0, 12.75], "texture": "#4"}
			}
		},
		{
			"from": [-0.375, 15, 8.625],
			"to": [-0.125, 18, 16.75],
			"rotation": {"angle": -22.5, "axis": "z", "origin": [-0.25, 15, 8]},
			"faces": {
				"east": {"uv": [0, 0, 16, 8], "texture": "#24"},
				"west": {"uv": [0, 0, 16, 8], "texture": "#24"}
			}
		},
		{
			"from": [16.125, 15, 8.625],
			"to": [16.375, 18, 16.75],
			"rotation": {"angle": 22.5, "axis": "z", "origin": [16.25, 15, 8]},
			"faces": {
				"east": {"uv": [0, 0, 16, 8], "texture": "#24"},
				"west": {"uv": [0, 0, 16, 8], "texture": "#24"}
			}
		},
		{
			"from": [16, -1.5, 7.375],
			"to": [16.5, 4.5, 8.625],
			"rotation": {"angle": 0, "axis": "y", "origin": [8, -0.84655, 3]},
			"faces": {
				"north": {"uv": [0, 0, 1, 12.75], "texture": "#6"},
				"east": {"uv": [0, 0, 2, 12.75], "texture": "#3"},
				"south": {"uv": [0, 0, 1, 12.75], "texture": "#6"},
				"west": {"uv": [0, 0, 1.25, 6], "texture": "#6"}
			}
		},
		{
			"from": [16, 11.875, -6.125],
			"to": [16.5, 15, -0.75],
			"rotation": {"angle": 0, "axis": "z", "origin": [8, 17.15345, 7]},
			"faces": {
				"north": {"uv": [0.5, 0, 0, 2], "texture": "#6"},
				"east": {"uv": [3, 3, 13, 13], "texture": "#4"},
				"south": {"uv": [0.5, 0, 0, 2], "texture": "#6"},
				"west": {"uv": [0, 0, 5.375, 7.5], "texture": "#6"}
			}
		},
		{
			"from": [16, 11.875, 16.75],
			"to": [16.5, 15, 22.125],
			"rotation": {"angle": 0, "axis": "z", "origin": [8, 17.15345, 9]},
			"faces": {
				"north": {"uv": [0, 0, 0.5, 2], "texture": "#6"},
				"east": {"uv": [13, 3, 3, 13], "texture": "#4"},
				"south": {"uv": [0, 0, 0.5, 2], "texture": "#6"},
				"west": {"uv": [5.375, 0, 0, 7.5], "texture": "#6"}
			}
		},
		{
			"from": [16, 13, 7.375],
			"to": [16.5, 15.125, 8.625],
			"rotation": {"angle": 0, "axis": "y", "origin": [8, 13.65345, 3]},
			"faces": {
				"north": {"uv": [0, 0, 1, 12.75], "texture": "#6"},
				"east": {"uv": [0, 0, 2, 12.75], "texture": "#4"},
				"south": {"uv": [0, 0, 1, 12.75], "texture": "#6"},
				"west": {"uv": [0, 0, 1.25, 6], "texture": "#6"}
			}
		},
		{
			"from": [16, 18, -0.75],
			"to": [16.5, 18.5, 16.75],
			"rotation": {"angle": 22.5, "axis": "z", "origin": [16.25, 15, 8]},
			"faces": {
				"east": {"uv": [3, 3, 13, 13], "texture": "#4"},
				"west": {"uv": [0, 0, 16, 0.5], "texture": "#6"},
				"down": {"uv": [0.5, 0, 0, 16], "texture": "#6"}
			}
		},
		{
			"from": [16.125, -1.5, 8.625],
			"to": [16.375, 4.5, 16.75],
			"rotation": {"angle": 0, "axis": "y", "origin": [24.5, -0.84655, 13.5]},
			"faces": {
				"east": {"uv": [16, 0, 0, 16], "texture": "#24"},
				"west": {"uv": [16, 0, 0, 16], "texture": "#24"}
			}
		},
		{
			"from": [16.125, -1.5, -0.75],
			"to": [16.375, 4.5, 7.375],
			"rotation": {"angle": 0, "axis": "y", "origin": [24.5, -0.84655, 2.5]},
			"faces": {
				"east": {"uv": [16, 0, 0, 16], "texture": "#24"},
				"west": {"uv": [16, 0, 0, 16], "texture": "#24"}
			}
		},
		{
			"from": [16.125, 13, -0.75],
			"to": [16.375, 15.125, 7.375],
			"rotation": {"angle": 0, "axis": "y", "origin": [24.5, 13.65345, 2.5]},
			"faces": {
				"east": {"uv": [0, 9, 16, 16], "texture": "#24"},
				"west": {"uv": [0, 9, 16, 16], "texture": "#24"}
			}
		},
		{
			"from": [16.125, 13, 8.625],
			"to": [16.375, 15.125, 16.75],
			"rotation": {"angle": 0, "axis": "y", "origin": [24.5, 13.65345, 13.5]},
			"faces": {
				"east": {"uv": [0, 9, 16, 16], "texture": "#24"},
				"west": {"uv": [0, 8, 16, 16], "texture": "#24"}
			}
		},
		{
			"from": [16, 14.875, 16.75],
			"to": [16.5, 18.5, 22.125],
			"rotation": {"angle": 22.5, "axis": "z", "origin": [16.25, 15, 8]},
			"faces": {
				"north": {"uv": [0, 0, 0.5, 2], "texture": "#6"},
				"east": {"uv": [13, 3, 3, 13], "texture": "#4"},
				"south": {"uv": [0, 0, 0.5, 2], "texture": "#6"},
				"west": {"uv": [5.375, 0, 0, 7.5], "texture": "#6"}
			}
		},
		{
			"from": [16, 14.875, -6.125],
			"to": [16.5, 18.5, -0.75],
			"rotation": {"angle": 22.5, "axis": "z", "origin": [16.25, 15, 8]},
			"faces": {
				"north": {"uv": [0.5, 0, 0, 2], "texture": "#6"},
				"east": {"uv": [3, 3, 13, 13], "texture": "#4"},
				"south": {"uv": [0.5, 0, 0, 2], "texture": "#6"},
				"west": {"uv": [0, 0, 5.375, 7.5], "texture": "#6"}
			}
		},
		{
			"from": [14.62641, 18.11586, -6.125],
			"to": [15.12641, 20.11586, 22.125],
			"rotation": {"angle": 45, "axis": "z", "origin": [14.87641, 18.24086, 8]},
			"faces": {
				"north": {"uv": [0.5, 0, 0, 2], "texture": "#6"},
				"east": {"uv": [3, 3, 13, 13], "texture": "#4"},
				"south": {"uv": [0.5, 0, 0, 2], "texture": "#6"},
				"west": {"uv": [0, 0, 5.375, 7.5], "texture": "#6"}
			}
		},
		{
			"from": [11.64121, 19.31033, -6.125],
			"to": [13.64121, 19.81033, 22.125],
			"rotation": {"angle": -22.5, "axis": "z", "origin": [13.51621, 19.56033, 8]},
			"faces": {
				"north": {"uv": [0, 2, 0.5, 0], "rotation": 270, "texture": "#6"},
				"south": {"uv": [0, 2, 0.5, 0], "rotation": 90, "texture": "#6"},
				"up": {"uv": [13, 13, 3, 3], "rotation": 90, "texture": "#4"},
				"down": {"uv": [5.375, 7.5, 0, 0], "rotation": 90, "texture": "#6"}
			}
		},
		{
			"from": [16.125, 15, -0.75],
			"to": [16.375, 18, 7.375],
			"rotation": {"angle": 22.5, "axis": "z", "origin": [16.25, 15, 8]},
			"faces": {
				"east": {"uv": [0, 0, 16, 8], "texture": "#24"},
				"west": {"uv": [0, 0, 16, 8], "texture": "#24"}
			}
		},
		{
			"from": [16, 15, 7.375],
			"to": [16.5, 18, 8.625],
			"rotation": {"angle": 22.5, "axis": "z", "origin": [16.25, 15, 8]},
			"faces": {
				"north": {"uv": [0, 0, 1, 12.75], "texture": "#6"},
				"east": {"uv": [0, 0, 2, 12.75], "texture": "#4"},
				"south": {"uv": [0, 0, 1, 12.75], "texture": "#6"},
				"west": {"uv": [0, 0, 1.25, 6], "texture": "#6"}
			}
		},
		{
			"from": [16, 7.5, 21.125],
			"to": [16.5, 9.875, 22.125],
			"rotation": {"angle": 0, "axis": "y", "origin": [8, 4.15345, 11]},
			"faces": {
				"east": {"uv": [0, 0, 2, 12.75], "texture": "#3"},
				"south": {"uv": [1, 0, 0, 12.75], "texture": "#6"},
				"west": {"uv": [1, 0, 0, 2.375], "texture": "#6"}
			}
		},
		{
			"from": [4.12039, 20.00883, -6.125],
			"to": [11.87959, 20.50883, 22.125],
			"rotation": {"angle": 0, "axis": "z", "origin": [7.87039, 12.41228, 8]},
			"faces": {
				"north": {"uv": [0, 0, 16, 16], "texture": "#4"},
				"south": {"uv": [16, 0, 0, 16], "texture": "#4"},
				"up": {"uv": [0, 0, 16, 16], "texture": "#4"},
				"down": {"uv": [0, 0, 4, 16], "texture": "#6"}
			}
		},
		{
			"from": [16, 7.5, -6.125],
			"to": [16.5, 9.875, -5.125],
			"rotation": {"angle": 0, "axis": "y", "origin": [8, 4.15345, 5]},
			"faces": {
				"north": {"uv": [0, 0, 1, 12.75], "texture": "#6"},
				"east": {"uv": [2, 0, 0, 12.75], "texture": "#3"},
				"west": {"uv": [0, 0, 1, 2.375], "texture": "#6"}
			}
		},
		{
			"from": [16, -8, -6.125],
			"to": [16.5, -2, 22.125],
			"rotation": {"angle": 0, "axis": "y", "origin": [8, -5.34655, 6]},
			"faces": {
				"north": {"uv": [0, 0, 0.5, 4.875], "texture": "#6"},
				"east": {"uv": [16, 0, 0, 4.875], "texture": "#4"},
				"south": {"uv": [0, 0, 0.5, 4.875], "texture": "#6"},
				"west": {"uv": [0, 0, 16, 6], "texture": "#6"}
			}
		},
		{
			"from": [16, 5, -6.125],
			"to": [16.5, 7.5, -5.125],
			"rotation": {"angle": 0, "axis": "z", "origin": [8, 9.65345, 5]},
			"faces": {
				"north": {"uv": [1.5, 0, 1, 2.5], "texture": "#6"},
				"east": {"uv": [0, 5, 2, 11], "texture": "#7"},
				"west": {"uv": [1, 5, 0, 7.5], "texture": "#6"}
			}
		},
		{
			"from": [-0.125, 5.625, 5],
			"to": [0, 7.125, 11],
			"rotation": {"angle": 0, "axis": "y", "origin": [-0.0625, 6.375, 8]},
			"faces": {
				"east": {"uv": [0, 0, 12, 3], "texture": "#6"},
				"west": {"uv": [8, 7, 9, 8], "texture": "#11"}
			}
		},
		{
			"from": [16, 5, 5],
			"to": [16.5, 5.625, 11],
			"rotation": {"angle": 0, "axis": "z", "origin": [8, 9.65345, 18.125]},
			"faces": {
				"east": {"uv": [3, 3, 13, 13], "texture": "#7"},
				"west": {"uv": [16, 0, 0, 2.5], "texture": "#6"},
				"up": {"uv": [3, 3, 13, 13], "texture": "#7"}
			}
		},
		{
			"from": [16, 5.625, 5],
			"to": [16.125, 7.125, 11],
			"rotation": {"angle": 0, "axis": "y", "origin": [16.0625, 6.375, 8]},
			"faces": {
				"east": {"uv": [9, 7, 8, 8], "texture": "#11"},
				"west": {"uv": [12, 0, 0, 3], "texture": "#6"}
			}
		},
		{
			"from": [16, 7.125, 5],
			"to": [16.5, 7.5, 11],
			"rotation": {"angle": 0, "axis": "z", "origin": [8, 11.65345, 18.125]},
			"faces": {
				"east": {"uv": [3, 3, 13, 13], "texture": "#7"},
				"down": {"uv": [3, 3, 13, 13], "texture": "#7"}
			}
		},
		{
			"from": [16, 5, -5.125],
			"to": [16.5, 7.5, 5],
			"rotation": {"angle": 0, "axis": "z", "origin": [8, 9.65345, 8]},
			"faces": {
				"east": {"uv": [3, 3, 13, 13], "texture": "#7"},
				"south": {"uv": [3, 3, 13, 13], "texture": "#7"},
				"west": {"uv": [16, 0, 0, 2.5], "texture": "#6"}
			}
		},
		{
			"from": [16, 5, 11],
			"to": [16.5, 7.5, 21.125],
			"rotation": {"angle": 0, "axis": "z", "origin": [8, 9.65345, 24.125]},
			"faces": {
				"north": {"uv": [13, 3, 3, 13], "texture": "#7"},
				"east": {"uv": [3, 3, 13, 13], "texture": "#7"},
				"west": {"uv": [16, 0, 0, 2.5], "texture": "#6"}
			}
		},
		{
			"from": [16, 9.875, -6.125],
			"to": [16.5, 11.875, 22.125],
			"rotation": {"angle": 0, "axis": "z", "origin": [8, 14.52845, 8]},
			"faces": {
				"north": {"uv": [0.5, 0, 0, 2.5], "texture": "#6"},
				"east": {"uv": [3, 3, 13, 13], "texture": "#2"},
				"south": {"uv": [0.5, 0, 0, 2.5], "texture": "#6"},
				"west": {"uv": [0, 0, 16, 2.5], "texture": "#6"}
			}
		},
		{
			"from": [16, 4.5, -0.75],
			"to": [16.5, 5, 16.75],
			"rotation": {"angle": 0, "axis": "z", "origin": [8, 9.15345, 8]},
			"faces": {
				"east": {"uv": [3, 3, 13, 13], "texture": "#3"},
				"west": {"uv": [0, 0, 16, 0.5], "texture": "#6"},
				"down": {"uv": [0.5, 0, 0, 16], "texture": "#6"}
			}
		},
		{
			"from": [16, 11.875, -0.75],
			"to": [16.5, 13, 16.75],
			"rotation": {"angle": 0, "axis": "z", "origin": [8, 17.15345, 8]},
			"faces": {
				"east": {"uv": [3, 3, 13, 13], "texture": "#4"},
				"west": {"uv": [0, 0, 16, 0.5], "texture": "#6"},
				"up": {"uv": [0, 0, 0.5, 16], "texture": "#6"}
			}
		},
		{
			"from": [16, -2, -0.75],
			"to": [16.5, -1.5, 16.75],
			"rotation": {"angle": 0, "axis": "z", "origin": [8, 2.65345, 8]},
			"faces": {
				"east": {"uv": [3, 3, 13, 13], "texture": "#3"},
				"west": {"uv": [0, 0, 16, 0.5], "texture": "#6"},
				"up": {"uv": [0.5, 0, 0, 16], "texture": "#6"}
			}
		},
		{
			"from": [16, 7.5, -5.125],
			"to": [16.5, 9.875, 21.125],
			"rotation": {"angle": 0, "axis": "z", "origin": [8, 12.65345, 8]},
			"faces": {
				"east": {"uv": [3, 3, 13, 13], "texture": "#3"},
				"west": {"uv": [16, 0, 0, 2.375], "texture": "#6"}
			}
		},
		{
			"from": [16, -2, -6.125],
			"to": [16.5, 5, -0.75],
			"rotation": {"angle": 0, "axis": "z", "origin": [8, 2.65345, 7]},
			"faces": {
				"north": {"uv": [0.5, 0, 0, 2], "texture": "#6"},
				"east": {"uv": [3, 3, 13, 13], "texture": "#3"},
				"south": {"uv": [0.5, 0, 0, 2], "texture": "#6"},
				"west": {"uv": [0, 0, 5.375, 7.5], "texture": "#6"}
			}
		},
		{
			"from": [16, -2, 16.75],
			"to": [16.5, 5, 22.125],
			"rotation": {"angle": 0, "axis": "z", "origin": [8, 2.65345, 9]},
			"faces": {
				"north": {"uv": [0, 0, 0.5, 2], "texture": "#6"},
				"east": {"uv": [13, 3, 3, 13], "texture": "#3"},
				"south": {"uv": [0, 0, 0.5, 2], "texture": "#6"},
				"west": {"uv": [5.375, 0, 0, 7.5], "texture": "#6"}
			}
		},
		{
			"from": [16, 5, 21.125],
			"to": [16.5, 7.5, 22.125],
			"rotation": {"angle": 0, "axis": "z", "origin": [8, 9.65345, 11]},
			"faces": {
				"east": {"uv": [2, 5, 0, 11], "texture": "#7"},
				"south": {"uv": [1, 0, 1.5, 2.5], "texture": "#6"},
				"west": {"uv": [0, 5, 1, 7.5], "texture": "#6"}
			}
		},
		{
			"name": "hexadecagon",
			"from": [-0.4875, 9.17609, 22],
			"to": [-0.0125, 9.57391, 22.125],
			"rotation": {"angle": 22.5, "axis": "x", "origin": [-0.25, 9.375, 22.625]},
			"faces": {
				"east": {"uv": [0.5, 0, 0, 0.5], "texture": "#6"},
				"south": {"uv": [0.5, 0, 0, 0.5], "texture": "#6"},
				"west": {"uv": [0.5, 0, 0, 0.5], "texture": "#3"}
			}
		},
		{
			"name": "hexadecagon",
			"from": [-0.4875, 9.17609, 21.875],
			"to": [-0.0125, 9.57391, 22.125],
			"rotation": {"angle": 45, "axis": "x", "origin": [-0.25, 9.375, 22.625]},
			"faces": {
				"east": {"uv": [0.5, 0, 0, 0.5], "texture": "#6"},
				"south": {"uv": [0.5, 0, 0, 0.5], "texture": "#6"},
				"west": {"uv": [0.5, 0, 0, 0.5], "texture": "#3"}
			}
		},
		{
			"name": "hexadecagon",
			"from": [-0.4875, 9.875, 22.42609],
			"to": [-0.0125, 10, 22.82391],
			"rotation": {"angle": -22.5, "axis": "x", "origin": [-0.25, 9.375, 22.625]},
			"faces": {
				"east": {"uv": [0.5, 0, 0, 0.5], "texture": "#6"},
				"west": {"uv": [0.5, 0, 0, 0.5], "texture": "#3"},
				"down": {"uv": [0.5, 0, 0, 0.5], "texture": "#6"}
			}
		},
		{
			"name": "hexadecagon",
			"from": [16.0125, 9.17609, 22],
			"to": [16.4875, 9.57391, 22.125],
			"rotation": {"angle": 22.5, "axis": "x", "origin": [16.25, 9.375, 22.625]},
			"faces": {
				"east": {"uv": [0, 0, 0.5, 0.5], "texture": "#3"},
				"south": {"uv": [0, 0, 0.5, 0.5], "texture": "#6"},
				"west": {"uv": [0, 0, 0.5, 0.5], "texture": "#6"}
			}
		},
		{
			"name": "hexadecagon",
			"from": [16.0125, 9.17609, 21.875],
			"to": [16.4875, 9.57391, 22.125],
			"rotation": {"angle": 45, "axis": "x", "origin": [16.25, 9.375, 22.625]},
			"faces": {
				"east": {"uv": [0, 0, 0.5, 0.5], "texture": "#3"},
				"south": {"uv": [0, 0, 0.5, 0.5], "texture": "#6"},
				"west": {"uv": [0, 0, 0.5, 0.5], "texture": "#6"}
			}
		},
		{
			"name": "hexadecagon",
			"from": [16.0125, 9.875, 22.42609],
			"to": [16.4875, 10, 22.82391],
			"rotation": {"angle": -22.5, "axis": "x", "origin": [16.25, 9.375, 22.625]},
			"faces": {
				"east": {"uv": [0, 0, 0.5, 0.5], "texture": "#3"},
				"west": {"uv": [0, 0, 0.5, 0.5], "texture": "#6"},
				"down": {"uv": [0, 0, 0.5, 0.5], "texture": "#6"}
			}
		},
		{
			"name": "hexadecagon",
			"from": [-0.4875, 9.17609, -6.125],
			"to": [-0.0125, 9.57391, -6],
			"rotation": {"angle": -22.5, "axis": "x", "origin": [-0.25, 9.375, -6.625]},
			"faces": {
				"north": {"uv": [0, 0, 0.5, 0.5], "texture": "#6"},
				"east": {"uv": [0, 0, 0.5, 0.5], "texture": "#6"},
				"west": {"uv": [0, 0, 0.5, 0.5], "texture": "#3"}
			}
		},
		{
			"name": "hexadecagon",
			"from": [-0.4875, 9.17609, -6.125],
			"to": [-0.0125, 9.57391, -5.875],
			"rotation": {"angle": -45, "axis": "x", "origin": [-0.25, 9.375, -6.625]},
			"faces": {
				"north": {"uv": [0, 0, 0.5, 0.5], "texture": "#6"},
				"east": {"uv": [0, 0, 0.5, 0.5], "texture": "#6"},
				"west": {"uv": [0, 0, 0.5, 0.5], "texture": "#3"}
			}
		},
		{
			"name": "hexadecagon",
			"from": [-0.4875, 9.875, -6.82391],
			"to": [-0.0125, 10, -6.42609],
			"rotation": {"angle": 22.5, "axis": "x", "origin": [-0.25, 9.375, -6.625]},
			"faces": {
				"east": {"uv": [0, 0, 0.5, 0.5], "texture": "#6"},
				"west": {"uv": [0, 0, 0.5, 0.5], "texture": "#3"},
				"down": {"uv": [0.5, 0.5, 0, 0], "texture": "#6"}
			}
		},
		{
			"name": "hexadecagon",
			"from": [16.0125, 9.17609, -6.125],
			"to": [16.4875, 9.57391, -6],
			"rotation": {"angle": -22.5, "axis": "x", "origin": [16.25, 9.375, -6.625]},
			"faces": {
				"north": {"uv": [0.5, 0, 0, 0.5], "texture": "#6"},
				"east": {"uv": [0.5, 0, 0, 0.5], "texture": "#3"},
				"west": {"uv": [0.5, 0, 0, 0.5], "texture": "#6"}
			}
		},
		{
			"name": "hexadecagon",
			"from": [16.0125, 9.17609, -6.125],
			"to": [16.4875, 9.57391, -5.875],
			"rotation": {"angle": -45, "axis": "x", "origin": [16.25, 9.375, -6.625]},
			"faces": {
				"north": {"uv": [0.5, 0, 0, 0.5], "texture": "#6"},
				"east": {"uv": [0.5, 0, 0, 0.5], "texture": "#3"},
				"west": {"uv": [0.5, 0, 0, 0.5], "texture": "#6"}
			}
		},
		{
			"name": "hexadecagon",
			"from": [16.0125, 9.875, -6.82391],
			"to": [16.4875, 10, -6.42609],
			"rotation": {"angle": 22.5, "axis": "x", "origin": [16.25, 9.375, -6.625]},
			"faces": {
				"east": {"uv": [0.5, 0, 0, 0.5], "texture": "#3"},
				"west": {"uv": [0.5, 0, 0, 0.5], "texture": "#6"},
				"down": {"uv": [0, 0.5, 0.5, 0], "texture": "#6"}
			}
		},
		{
			"from": [8.25, -3, -6.125],
			"to": [12.25, -2, -4],
			"rotation": {"angle": 0, "axis": "y", "origin": [-0.25, -4, -6]},
			"faces": {
				"north": {"uv": [0, 0, 16, 16], "texture": "#9"},
				"east": {"uv": [0, 0, 16, 16], "texture": "#9"},
				"south": {"uv": [0, 0, 16, 16], "texture": "#9"},
				"up": {"uv": [0, 0, 16, 16], "texture": "#9"},
				"down": {"uv": [0, 0, 16, 16], "texture": "#9"}
			}
		},
		{
			"from": [8.25, -4.5, -4.5],
			"to": [12.25, -3, -4],
			"rotation": {"angle": 0, "axis": "y", "origin": [-0.25, -5, -4.5]},
			"faces": {
				"north": {"uv": [0, 0, 16, 16], "texture": "#6"},
				"south": {"uv": [0, 0, 16, 16], "texture": "#6"}
			}
		},
		{
			"from": [8.25, -7, -2],
			"to": [12.25, -5, -1.5],
			"rotation": {"angle": 0, "axis": "y", "origin": [-0.25, -7.5, -2]},
			"faces": {
				"north": {"uv": [0, 0, 16, 16], "texture": "#6"},
				"south": {"uv": [0, 0, 16, 16], "texture": "#6"}
			}
		},
		{
			"from": [8.25, -5, -4.5],
			"to": [12.25, -4.5, -1.5],
			"rotation": {"angle": 0, "axis": "y", "origin": [-0.25, -6.5, -4.5]},
			"faces": {
				"north": {"uv": [0, 0, 16, 16], "texture": "#9"},
				"south": {"uv": [0, 0, 16, 16], "texture": "#9"},
				"up": {"uv": [0, 0, 16, 16], "texture": "#9"},
				"down": {"uv": [0, 0, 16, 16], "texture": "#9"}
			}
		},
		{
			"from": [8.25, -7, 17.5],
			"to": [12.25, -5, 18],
			"rotation": {"angle": 0, "axis": "y", "origin": [-0.25, -7.5, 18]},
			"faces": {
				"north": {"uv": [0, 0, 16, 16], "texture": "#6"},
				"south": {"uv": [0, 0, 16, 16], "texture": "#6"}
			}
		},
		{
			"from": [8.25, -5, 17.5],
			"to": [12.25, -4.5, 20.5],
			"rotation": {"angle": 0, "axis": "y", "origin": [-0.25, -6.5, 20.5]},
			"faces": {
				"north": {"uv": [0, 0, 16, 16], "texture": "#9"},
				"south": {"uv": [0, 0, 16, 16], "texture": "#9"},
				"up": {"uv": [0, 0, 16, 16], "texture": "#9"},
				"down": {"uv": [0, 0, 16, 16], "texture": "#9"}
			}
		},
		{
			"from": [8.25, -4.5, 20],
			"to": [12.25, -3, 20.5],
			"rotation": {"angle": 0, "axis": "y", "origin": [-0.25, -5, 20.5]},
			"faces": {
				"north": {"uv": [0, 0, 16, 16], "texture": "#6"},
				"south": {"uv": [0, 0, 16, 16], "texture": "#6"}
			}
		},
		{
			"from": [8.25, -3, 20],
			"to": [12.25, -2, 22.125],
			"rotation": {"angle": 0, "axis": "y", "origin": [-0.25, -4, 22]},
			"faces": {
				"north": {"uv": [0, 0, 16, 16], "texture": "#9"},
				"east": {"uv": [0, 0, 16, 16], "texture": "#9"},
				"south": {"uv": [0, 0, 16, 16], "texture": "#9"},
				"up": {"uv": [0, 0, 16, 16], "texture": "#9"},
				"down": {"uv": [0, 0, 16, 16], "texture": "#9"}
			}
		},
		{
			"from": [3.75, -2.5, -6],
			"to": [7.75, -0.5, -5.5],
			"rotation": {"angle": 0, "axis": "y", "origin": [-6.25, -3, -5.5]},
			"faces": {
				"north": {"uv": [0, 0, 16, 16], "texture": "#6"},
				"south": {"uv": [0, 0, 16, 16], "texture": "#6"}
			}
		},
		{
			"from": [3.75, -0.5, -6],
			"to": [7.75, 0, -3],
			"rotation": {"angle": 0, "axis": "y", "origin": [-6.25, -2, -3]},
			"faces": {
				"north": {"uv": [0, 0, 16, 16], "texture": "#9"},
				"south": {"uv": [0, 0, 16, 16], "texture": "#9"},
				"up": {"uv": [0, 0, 16, 16], "texture": "#9"},
				"down": {"uv": [0, 0, 16, 16], "texture": "#9"}
			}
		},
		{
			"from": [3.75, 2, -3.5],
			"to": [7.75, 2.5, -1],
			"rotation": {"angle": 0, "axis": "y", "origin": [-6.25, 0.5, -0.5]},
			"faces": {
				"north": {"uv": [0, 0, 16, 16], "texture": "#9"},
				"south": {"uv": [0, 0, 16, 16], "texture": "#9"},
				"west": {"uv": [0, 0, 16, 16], "texture": "#9"},
				"up": {"uv": [0, 0, 16, 16], "texture": "#9"},
				"down": {"uv": [0, 0, 16, 16], "texture": "#9"}
			}
		},
		{
			"from": [3.75, 0, -3.5],
			"to": [7.75, 2, -3],
			"rotation": {"angle": 0, "axis": "y", "origin": [-6.25, -0.5, -3]},
			"faces": {
				"north": {"uv": [0, 0, 16, 16], "texture": "#6"},
				"south": {"uv": [0, 0, 16, 16], "texture": "#6"}
			}
		},
		{
			"from": [3.75, 4.5, -1],
			"to": [7.75, 5, 1.5],
			"rotation": {"angle": 0, "axis": "y", "origin": [-6.25, 3, 2]},
			"faces": {
				"north": {"uv": [0, 0, 16, 16], "texture": "#9"},
				"east": {"uv": [0, 0, 16, 16], "texture": "#9"},
				"south": {"uv": [0, 0, 16, 16], "texture": "#9"},
				"west": {"uv": [0, 0, 16, 16], "texture": "#9"},
				"up": {"uv": [0, 0, 16, 16], "texture": "#9"},
				"down": {"uv": [0, 0, 16, 16], "texture": "#6"}
			}
		},
		{
			"from": [3.75, 2.5, -1],
			"to": [7.75, 4.5, -0.5],
			"rotation": {"angle": 0, "axis": "y", "origin": [-6.25, 2, -0.5]},
			"faces": {
				"north": {"uv": [0, 0, 16, 16], "texture": "#6"},
				"south": {"uv": [0, 0, 16, 16], "texture": "#6"},
				"west": {"uv": [0, 0, 16, 16], "texture": "#6"},
				"down": {"uv": [0, 0, 16, 16], "texture": "#6"}
			}
		},
		{
			"from": [3.75, 5, 1.5],
			"to": [7.75, 6.5, 2],
			"rotation": {"angle": 0, "axis": "y", "origin": [-6.25, 4.5, 2]},
			"faces": {
				"north": {"uv": [0, 0, 16, 16], "texture": "#6"},
				"east": {"uv": [0, 0, 16, 16], "texture": "#6"},
				"south": {"uv": [0, 0, 16, 16], "texture": "#6"},
				"west": {"uv": [0, 0, 16, 16], "texture": "#6"},
				"down": {"uv": [0, 0, 16, 16], "texture": "#6"}
			}
		},
		{
			"from": [0, -2.70711, 0.79289],
			"to": [8.25, 7.79289, 0.79289],
			"rotation": {"angle": 45, "axis": "x", "origin": [-6.25, 3.79289, 0.79289]},
			"faces": {
				"north": {"uv": [0, 0, 16, 16], "texture": "#6"},
				"south": {"uv": [0, 0, 16, 16], "texture": "#6"}
			}
		},
		{
			"from": [0, -2.70711, 15.20711],
			"to": [8.25, 7.79289, 15.20711],
			"rotation": {"angle": -45, "axis": "x", "origin": [-6.25, 3.79289, 15.20711]},
			"faces": {
				"north": {"uv": [16, 0, 0, 16], "texture": "#6"},
				"south": {"uv": [16, 0, 0, 16], "texture": "#6"}
			}
		},
		{
			"from": [3.75, 5, 14],
			"to": [7.75, 6.5, 14.5],
			"rotation": {"angle": 0, "axis": "y", "origin": [-6.25, 4.5, 14]},
			"faces": {
				"north": {"uv": [0, 0, 16, 16], "texture": "#6"},
				"east": {"uv": [0, 0, 16, 16], "texture": "#6"},
				"south": {"uv": [0, 0, 16, 16], "texture": "#6"},
				"west": {"uv": [0, 0, 16, 16], "texture": "#6"}
			}
		},
		{
			"from": [3.75, 4.5, 14.5],
			"to": [7.75, 5, 17],
			"rotation": {"angle": 0, "axis": "y", "origin": [-6.25, 3, 14]},
			"faces": {
				"north": {"uv": [0, 0, 16, 16], "texture": "#9"},
				"east": {"uv": [0, 0, 16, 16], "texture": "#9"},
				"south": {"uv": [0, 0, 16, 16], "texture": "#9"},
				"west": {"uv": [0, 0, 16, 16], "texture": "#9"},
				"up": {"uv": [0, 0, 16, 16], "texture": "#9"},
				"down": {"uv": [0, 0, 16, 16], "texture": "#9"}
			}
		},
		{
			"from": [3.75, 2.5, 16.5],
			"to": [7.75, 4.5, 17],
			"rotation": {"angle": 0, "axis": "y", "origin": [-6.25, 2, 16.5]},
			"faces": {
				"north": {"uv": [0, 0, 16, 16], "texture": "#6"},
				"south": {"uv": [0, 0, 16, 16], "texture": "#6"},
				"west": {"uv": [0, 0, 16, 16], "texture": "#6"}
			}
		},
		{
			"from": [3.75, 2, 17],
			"to": [7.75, 2.5, 19.5],
			"rotation": {"angle": 0, "axis": "y", "origin": [-6.25, 0.5, 16.5]},
			"faces": {
				"north": {"uv": [0, 0, 16, 16], "texture": "#9"},
				"south": {"uv": [0, 0, 16, 16], "texture": "#9"},
				"west": {"uv": [0, 0, 16, 16], "texture": "#9"},
				"up": {"uv": [0, 0, 16, 16], "texture": "#9"},
				"down": {"uv": [0, 0, 16, 16], "texture": "#9"}
			}
		},
		{
			"from": [3.75, 0, 19],
			"to": [7.75, 2, 19.5],
			"rotation": {"angle": 0, "axis": "y", "origin": [-6.25, -0.5, 19]},
			"faces": {
				"north": {"uv": [0, 0, 16, 16], "texture": "#6"},
				"south": {"uv": [0, 0, 16, 16], "texture": "#6"}
			}
		},
		{
			"from": [3.75, -0.5, 19],
			"to": [7.75, 0, 22],
			"rotation": {"angle": 0, "axis": "y", "origin": [-6.25, -2, 19]},
			"faces": {
				"north": {"uv": [0, 0, 16, 16], "texture": "#9"},
				"south": {"uv": [0, 0, 16, 16], "texture": "#9"},
				"up": {"uv": [0, 0, 16, 16], "texture": "#9"},
				"down": {"uv": [0, 0, 16, 16], "texture": "#9"}
			}
		},
		{
			"from": [3.75, -2.5, 21.5],
			"to": [7.75, -0.5, 22],
			"rotation": {"angle": 0, "axis": "y", "origin": [-6.25, -3, 21.5]},
			"faces": {
				"north": {"uv": [0, 0, 16, 16], "texture": "#6"},
				"south": {"uv": [0, 0, 16, 16], "texture": "#6"}
			}
		},
		{
			"from": [0, -8, -2],
			"to": [16, -7, 18],
			"rotation": {"angle": 0, "axis": "y", "origin": [0, -9, 0.5]},
			"faces": {
				"north": {"uv": [0, 0, 16, 16], "texture": "#9"},
				"south": {"uv": [0, 0, 16, 16], "texture": "#9"},
				"up": {"uv": [0, 0, 16, 16], "texture": "#9"},
				"down": {"uv": [0, 0, 16, 16], "texture": "#9"}
			}
		},
		{
			"from": [0, 6.5, 1.5],
			"to": [16, 7.5, 14.5],
			"rotation": {"angle": 0, "axis": "y", "origin": [0, 5.5, 0.5]},
			"faces": {
				"north": {"uv": [0, 0, 16, 16], "texture": "#9"},
				"south": {"uv": [0, 0, 16, 16], "texture": "#9"},
				"up": {"uv": [0, 0, 16, 16], "texture": "#9"},
				"down": {"uv": [0, 0, 16, 16], "texture": "#6"}
			}
		},
		{
			"from": [7.75, -7.5, -6.5],
			"to": [8.25, 20, -0.5],
			"rotation": {"angle": 0, "axis": "y", "origin": [0.25, 0.5, -14.5]},
			"faces": {
				"north": {"uv": [16, 0, 0, 16], "texture": "#6"},
				"east": {"uv": [16, 0, 0, 16], "texture": "#6"},
				"south": {"uv": [16, 0, 0, 16], "texture": "#6"},
				"west": {"uv": [16, 0, 0, 16], "texture": "#6"},
				"up": {"uv": [16, 0, 0, 16], "texture": "#6"},
				"down": {"uv": [16, 0, 0, 16], "texture": "#6"}
			}
		},
		{
			"from": [8.25, 11.5, -6],
			"to": [12.25, 20, -1.5],
			"rotation": {"angle": 0, "axis": "y", "origin": [0.75, 0.5, -14.5]},
			"faces": {
				"north": {"uv": [16, 0, 0, 16], "texture": "#6"},
				"south": {"uv": [16, 0, 0, 16], "texture": "#6"},
				"up": {"uv": [16, 0, 0, 16], "texture": "#6"},
				"down": {"uv": [16, 0, 0, 16], "texture": "#6"}
			}
		},
		{
			"from": [12.25, -7.5, -6],
			"to": [16, 16, -1.5],
			"rotation": {"angle": 0, "axis": "y", "origin": [4.75, 0.5, -14.5]},
			"faces": {
				"north": {"uv": [16, 0, 0, 16], "texture": "#6"},
				"south": {"uv": [16, 0, 0, 16], "texture": "#6"},
				"west": {"uv": [16, 0, 0, 16], "texture": "#6"},
				"down": {"uv": [16, 0, 0, 16], "texture": "#6"}
			}
		},
		{
			"from": [12.25, 16, -6],
			"to": [15.625, 17, -1.5],
			"rotation": {"angle": 0, "axis": "y", "origin": [4.75, 2.5, -14.5]},
			"faces": {
				"north": {"uv": [16, 0, 0, 16], "texture": "#6"},
				"south": {"uv": [16, 0, 0, 16], "texture": "#6"},
				"up": {"uv": [16, 0, 0, 16], "texture": "#6"}
			}
		},
		{
			"from": [12.25, 17, -6],
			"to": [15.125, 18, -1.5],
			"rotation": {"angle": 0, "axis": "y", "origin": [4.75, 3.5, -14.5]},
			"faces": {
				"north": {"uv": [16, 0, 0, 16], "texture": "#6"},
				"south": {"uv": [16, 0, 0, 16], "texture": "#6"}
			}
		},
		{
			"from": [12.25, 18, -6],
			"to": [14.75, 18.5, -1.5],
			"rotation": {"angle": 0, "axis": "y", "origin": [4.75, 4.5, -14.5]},
			"faces": {
				"north": {"uv": [16, 0, 0, 16], "texture": "#6"},
				"south": {"uv": [16, 0, 0, 16], "texture": "#6"},
				"up": {"uv": [16, 0, 0, 16], "texture": "#6"}
			}
		},
		{
			"from": [12.25, 18.5, -6],
			"to": [14.25, 19, -1.5],
			"rotation": {"angle": 0, "axis": "y", "origin": [4.75, 5, -14.5]},
			"faces": {
				"north": {"uv": [16, 0, 0, 16], "texture": "#6"},
				"south": {"uv": [16, 0, 0, 16], "texture": "#6"},
				"up": {"uv": [16, 0, 0, 16], "texture": "#6"}
			}
		},
		{
			"from": [12.25, 19, -6],
			"to": [13.75, 19.5, -1.5],
			"rotation": {"angle": 0, "axis": "y", "origin": [4.75, 5.5, -14.5]},
			"faces": {
				"north": {"uv": [16, 0, 0, 16], "texture": "#6"},
				"south": {"uv": [16, 0, 0, 16], "texture": "#6"},
				"up": {"uv": [16, 0, 0, 16], "texture": "#6"}
			}
		},
		{
			"from": [12.25, 19.5, -6],
			"to": [13, 20, -1.5],
			"rotation": {"angle": 0, "axis": "y", "origin": [4.75, 6, -14.5]},
			"faces": {
				"north": {"uv": [16, 0, 0, 16], "texture": "#6"},
				"south": {"uv": [16, 0, 0, 16], "texture": "#6"}
			}
		},
		{
			"from": [3, 19.5, -6],
			"to": [3.75, 20, -1.5],
			"rotation": {"angle": 0, "axis": "y", "origin": [11.25, 6, -14.5]},
			"faces": {
				"north": {"uv": [0, 0, 16, 16], "texture": "#6"},
				"east": {"uv": [0, 0, 16, 16], "texture": "#6"},
				"south": {"uv": [0, 0, 16, 16], "texture": "#6"}
			}
		},
		{
			"from": [2.25, 19, -6],
			"to": [3.75, 19.5, -1.5],
			"rotation": {"angle": 0, "axis": "y", "origin": [11.25, 5.5, -14.5]},
			"faces": {
				"north": {"uv": [0, 0, 16, 16], "texture": "#6"},
				"east": {"uv": [0, 0, 16, 16], "texture": "#6"},
				"south": {"uv": [0, 0, 16, 16], "texture": "#6"},
				"up": {"uv": [0, 0, 16, 16], "texture": "#6"}
			}
		},
		{
			"from": [1.75, 18.5, -6],
			"to": [3.75, 19, -1.5],
			"rotation": {"angle": 0, "axis": "y", "origin": [11.25, 5, -14.5]},
			"faces": {
				"north": {"uv": [0, 0, 16, 16], "texture": "#6"},
				"east": {"uv": [0, 0, 16, 16], "texture": "#6"},
				"south": {"uv": [0, 0, 16, 16], "texture": "#6"},
				"up": {"uv": [0, 0, 16, 16], "texture": "#6"}
			}
		},
		{
			"from": [1.25, 18, -6],
			"to": [3.75, 18.5, -1.5],
			"rotation": {"angle": 0, "axis": "y", "origin": [11.25, 4.5, -14.5]},
			"faces": {
				"north": {"uv": [0, 0, 16, 16], "texture": "#6"},
				"east": {"uv": [0, 0, 16, 16], "texture": "#6"},
				"south": {"uv": [0, 0, 16, 16], "texture": "#6"},
				"up": {"uv": [0, 0, 16, 16], "texture": "#6"}
			}
		},
		{
			"from": [0.875, 17, -6],
			"to": [3.75, 18, -1.5],
			"rotation": {"angle": 0, "axis": "y", "origin": [11.25, 3.5, -14.5]},
			"faces": {
				"north": {"uv": [0, 0, 16, 16], "texture": "#6"},
				"east": {"uv": [0, 0, 16, 16], "texture": "#6"},
				"south": {"uv": [0, 0, 16, 16], "texture": "#6"}
			}
		},
		{
			"from": [0.375, 16, -6],
			"to": [3.75, 17, -1.5],
			"rotation": {"angle": 0, "axis": "y", "origin": [11.25, 2.5, -14.5]},
			"faces": {
				"north": {"uv": [0, 0, 16, 16], "texture": "#6"},
				"east": {"uv": [0, 0, 16, 16], "texture": "#6"},
				"south": {"uv": [0, 0, 16, 16], "texture": "#6"},
				"up": {"uv": [0, 0, 16, 16], "texture": "#6"}
			}
		},
		{
			"from": [3, 19.5, 17.5],
			"to": [3.75, 20, 22],
			"rotation": {"angle": 0, "axis": "y", "origin": [11.25, 6, 30.5]},
			"faces": {
				"north": {"uv": [16, 0, 0, 16], "texture": "#6"},
				"east": {"uv": [16, 0, 0, 16], "texture": "#6"},
				"south": {"uv": [16, 0, 0, 16], "texture": "#6"}
			}
		},
		{
			"from": [2.25, 19, 17.5],
			"to": [3.75, 19.5, 22],
			"rotation": {"angle": 0, "axis": "y", "origin": [11.25, 5.5, 30.5]},
			"faces": {
				"north": {"uv": [16, 0, 0, 16], "texture": "#6"},
				"east": {"uv": [16, 0, 0, 16], "texture": "#6"},
				"south": {"uv": [16, 0, 0, 16], "texture": "#6"},
				"up": {"uv": [0, 16, 16, 0], "texture": "#6"}
			}
		},
		{
			"from": [1.75, 18.5, 17.5],
			"to": [3.75, 19, 22],
			"rotation": {"angle": 0, "axis": "y", "origin": [11.25, 5, 30.5]},
			"faces": {
				"north": {"uv": [16, 0, 0, 16], "texture": "#6"},
				"east": {"uv": [16, 0, 0, 16], "texture": "#6"},
				"south": {"uv": [16, 0, 0, 16], "texture": "#6"},
				"up": {"uv": [0, 16, 16, 0], "texture": "#6"}
			}
		},
		{
			"from": [1.25, 18, 17.5],
			"to": [3.75, 18.5, 22],
			"rotation": {"angle": 0, "axis": "y", "origin": [11.25, 4.5, 30.5]},
			"faces": {
				"north": {"uv": [16, 0, 0, 16], "texture": "#6"},
				"east": {"uv": [16, 0, 0, 16], "texture": "#6"},
				"south": {"uv": [16, 0, 0, 16], "texture": "#6"},
				"up": {"uv": [0, 16, 16, 0], "texture": "#6"}
			}
		},
		{
			"from": [0.875, 17, 17.5],
			"to": [3.75, 18, 22],
			"rotation": {"angle": 0, "axis": "y", "origin": [11.25, 3.5, 30.5]},
			"faces": {
				"north": {"uv": [16, 0, 0, 16], "texture": "#6"},
				"east": {"uv": [16, 0, 0, 16], "texture": "#6"},
				"south": {"uv": [16, 0, 0, 16], "texture": "#6"}
			}
		},
		{
			"from": [0.375, 16, 17.5],
			"to": [3.75, 17, 22],
			"rotation": {"angle": 0, "axis": "y", "origin": [11.25, 2.5, 30.5]},
			"faces": {
				"north": {"uv": [16, 0, 0, 16], "texture": "#6"},
				"east": {"uv": [16, 0, 0, 16], "texture": "#6"},
				"south": {"uv": [16, 0, 0, 16], "texture": "#6"},
				"up": {"uv": [0, 16, 16, 0], "texture": "#6"}
			}
		},
		{
			"from": [12.25, 19.5, 17.5],
			"to": [13, 20, 22],
			"rotation": {"angle": 0, "axis": "y", "origin": [4.75, 6, 30.5]},
			"faces": {
				"north": {"uv": [0, 0, 16, 16], "texture": "#6"},
				"south": {"uv": [0, 0, 16, 16], "texture": "#6"}
			}
		},
		{
			"from": [12.25, 19, 17.5],
			"to": [13.75, 19.5, 22],
			"rotation": {"angle": 0, "axis": "y", "origin": [4.75, 5.5, 30.5]},
			"faces": {
				"north": {"uv": [0, 0, 16, 16], "texture": "#6"},
				"south": {"uv": [0, 0, 16, 16], "texture": "#6"},
				"up": {"uv": [16, 16, 0, 0], "texture": "#6"}
			}
		},
		{
			"from": [12.25, 18.5, 17.5],
			"to": [14.25, 19, 22],
			"rotation": {"angle": 0, "axis": "y", "origin": [4.75, 5, 30.5]},
			"faces": {
				"north": {"uv": [0, 0, 16, 16], "texture": "#6"},
				"south": {"uv": [0, 0, 16, 16], "texture": "#6"},
				"up": {"uv": [16, 16, 0, 0], "texture": "#6"}
			}
		},
		{
			"from": [12.25, 18, 17.5],
			"to": [14.75, 18.5, 22],
			"rotation": {"angle": 0, "axis": "y", "origin": [4.75, 4.5, 30.5]},
			"faces": {
				"north": {"uv": [0, 0, 16, 16], "texture": "#6"},
				"south": {"uv": [0, 0, 16, 16], "texture": "#6"},
				"up": {"uv": [16, 16, 0, 0], "texture": "#6"}
			}
		},
		{
			"from": [12.25, 17, 17.5],
			"to": [15.125, 18, 22],
			"rotation": {"angle": 0, "axis": "y", "origin": [4.75, 3.5, 30.5]},
			"faces": {
				"north": {"uv": [0, 0, 16, 16], "texture": "#6"},
				"south": {"uv": [0, 0, 16, 16], "texture": "#6"}
			}
		},
		{
			"from": [12.25, 16, 17.5],
			"to": [15.625, 17, 22],
			"rotation": {"angle": 0, "axis": "y", "origin": [4.75, 2.5, 30.5]},
			"faces": {
				"north": {"uv": [0, 0, 16, 16], "texture": "#6"},
				"south": {"uv": [0, 0, 16, 16], "texture": "#6"},
				"up": {"uv": [16, 16, 0, 0], "texture": "#6"}
			}
		},
		{
			"from": [0, -7.5, -6],
			"to": [3.75, 16, -1.5],
			"rotation": {"angle": 0, "axis": "y", "origin": [-7.5, 0.5, -14.5]},
			"faces": {
				"north": {"uv": [16, 0, 0, 16], "texture": "#6"},
				"east": {"uv": [16, 0, 0, 16], "texture": "#6"},
				"south": {"uv": [16, 0, 0, 16], "texture": "#6"},
				"down": {"uv": [16, 0, 0, 16], "texture": "#6"}
			}
		},
		{
			"from": [8.25, 3.34987, -3.97487],
			"to": [8.25, 4.97487, 1.77513],
			"rotation": {"angle": -45, "axis": "x", "origin": [7.5, 6.97487, -0.97487]},
			"faces": {
				"east": {"uv": [16, 0, 0, 16], "texture": "#6"},
				"west": {"uv": [0, 0, 16, 16], "texture": "#6"}
			}
		},
		{
			"from": [7.749, 3.53033, -3.41942],
			"to": [7.749, 4.90533, -0.16942],
			"rotation": {"angle": -45, "axis": "x", "origin": [6.999, 7.03033, -2.91942]},
			"faces": {
				"east": {"uv": [0, 0, 16, 16], "texture": "#9"},
				"west": {"uv": [0, 0, 16, 16], "texture": "#6"}
			}
		},
		{
			"from": [8.25, 3.47487, -3.47487],
			"to": [8.25, 6.34987, -0.22487],
			"rotation": {"angle": -45, "axis": "x", "origin": [7.5, 6.97487, -2.97487]},
			"faces": {
				"east": {"uv": [16, 0, 0, 16], "texture": "#6"},
				"west": {"uv": [0, 0, 16, 16], "texture": "#9"}
			}
		},
		{
			"from": [7.75, 3.47487, -3.97487],
			"to": [7.75, 4.84987, 1.77513],
			"rotation": {"angle": -45, "axis": "x", "origin": [7, 6.97487, -0.97487]},
			"faces": {
				"east": {"uv": [0, 0, 16, 16], "texture": "#9"},
				"west": {"uv": [0, 0, 16, 16], "texture": "#6"}
			}
		},
		{
			"from": [7.75, 4.97487, -2.97487],
			"to": [7.75, 6.34987, -1.22487],
			"rotation": {"angle": -45, "axis": "x", "origin": [7, 8.47487, -3.47487]},
			"faces": {
				"east": {"uv": [0, 0, 16, 16], "texture": "#9"},
				"west": {"uv": [0, 0, 16, 16], "texture": "#6"}
			}
		},
		{
			"from": [3.75, 3.47487, -4.97487],
			"to": [3.75, 7.84987, -0.22487],
			"rotation": {"angle": -45, "axis": "x", "origin": [3, 6.97487, -2.97487]},
			"faces": {
				"east": {"uv": [16, 0, 0, 16], "texture": "#6"},
				"west": {"uv": [16, 0, 0, 16], "texture": "#6"}
			}
		},
		{
			"from": [3.75, 2.5026, -5.0026],
			"to": [3.75, 3.8776, 1.9974],
			"rotation": {"angle": -45, "axis": "x", "origin": [3, 6.0026, -2.0026]},
			"faces": {
				"east": {"uv": [16, 0, 0, 16], "texture": "#6"},
				"west": {"uv": [16, 0, 0, 16], "texture": "#6"}
			}
		},
		{
			"from": [7.75, 3.70711, -0.24264],
			"to": [16, 11.70711, 0.88236],
			"rotation": {"angle": -45, "axis": "x", "origin": [11.75, 7.20711, -2.74264]},
			"faces": {
				"north": {"uv": [16, 0, 0, 16], "texture": "#6"},
				"east": {"uv": [16, 0, 0, 16], "texture": "#6"},
				"south": {"uv": [16, 0, 0, 16], "texture": "#6"},
				"west": {"uv": [16, 0, 0, 16], "texture": "#6"}
			}
		},
		{
			"from": [0, 3.70711, -0.24264],
			"to": [3.75, 8.20711, 0.88236],
			"rotation": {"angle": -45, "axis": "x", "origin": [4, 7.20711, -2.74264]},
			"faces": {
				"north": {"uv": [16, 0, 0, 16], "texture": "#6"},
				"east": {"uv": [16, 0, 0, 16], "texture": "#6"},
				"south": {"uv": [16, 0, 0, 16], "texture": "#6"},
				"west": {"uv": [16, 0, 0, 16], "texture": "#6"},
				"up": {"uv": [16, 0, 0, 16], "texture": "#6"}
			}
		},
		{
			"from": [7.75, -7.5, 16.5],
			"to": [8.25, 20, 22.5],
			"rotation": {"angle": 0, "axis": "y", "origin": [0.25, 0.5, 30.5]},
			"faces": {
				"north": {"uv": [16, 0, 0, 16], "texture": "#6"},
				"east": {"uv": [16, 0, 0, 16], "texture": "#6"},
				"south": {"uv": [16, 0, 0, 16], "texture": "#6"},
				"west": {"uv": [16, 0, 0, 16], "texture": "#6"},
				"up": {"uv": [16, 0, 0, 16], "texture": "#6"},
				"down": {"uv": [16, 0, 0, 16], "texture": "#6"}
			}
		},
		{
			"from": [8.25, 11.5, 17.5],
			"to": [12.25, 20, 22],
			"rotation": {"angle": 0, "axis": "y", "origin": [0.75, 0.5, 30.5]},
			"faces": {
				"north": {"uv": [16, 0, 0, 16], "texture": "#6"},
				"south": {"uv": [16, 0, 0, 16], "texture": "#6"},
				"up": {"uv": [16, 0, 0, 16], "texture": "#6"},
				"down": {"uv": [16, 0, 0, 16], "texture": "#6"}
			}
		},
		{
			"from": [3.75, -7.5, 17.5],
			"to": [7.75, -2.5, 22],
			"rotation": {"angle": 0, "axis": "y", "origin": [-3.75, -18, 30.5]},
			"faces": {
				"north": {"uv": [0, 16, 16, 0], "texture": "#6"},
				"south": {"uv": [0, 16, 16, 0], "texture": "#6"},
				"up": {"uv": [0, 16, 16, 0], "texture": "#6"},
				"down": {"uv": [0, 16, 16, 0], "texture": "#6"}
			}
		},
		{
			"from": [3.75, -7.5, -6],
			"to": [7.75, -2.5, -1.5],
			"rotation": {"angle": 0, "axis": "y", "origin": [-3.75, -18, -14.5]},
			"faces": {
				"north": {"uv": [0, 16, 16, 0], "texture": "#6"},
				"south": {"uv": [0, 16, 16, 0], "texture": "#6"},
				"up": {"uv": [0, 16, 16, 0], "texture": "#6"},
				"down": {"uv": [0, 16, 16, 0], "texture": "#6"}
			}
		},
		{
			"from": [12.25, -7.5, 17.5],
			"to": [16, 16, 22],
			"rotation": {"angle": 0, "axis": "y", "origin": [4.75, 0.5, 30.5]},
			"faces": {
				"north": {"uv": [16, 0, 0, 16], "texture": "#6"},
				"south": {"uv": [16, 0, 0, 16], "texture": "#6"},
				"west": {"uv": [16, 0, 0, 16], "texture": "#6"},
				"down": {"uv": [16, 0, 0, 16], "texture": "#6"}
			}
		},
		{
			"from": [0, -7.5, 17.5],
			"to": [3.75, 16, 22],
			"rotation": {"angle": 0, "axis": "y", "origin": [-7.5, 0.5, 30.5]},
			"faces": {
				"north": {"uv": [16, 0, 0, 16], "texture": "#6"},
				"east": {"uv": [16, 0, 0, 16], "texture": "#6"},
				"south": {"uv": [16, 0, 0, 16], "texture": "#6"},
				"down": {"uv": [16, 0, 0, 16], "texture": "#6"}
			}
		},
		{
			"from": [8.25, 3.34987, 14.22487],
			"to": [8.25, 4.97487, 19.97487],
			"rotation": {"angle": 45, "axis": "x", "origin": [7.5, 6.97487, 16.97487]},
			"faces": {
				"east": {"uv": [0, 0, 16, 16], "texture": "#6"},
				"west": {"uv": [16, 0, 0, 16], "texture": "#6"}
			}
		},
		{
			"from": [7.749, 3.53033, 16.16942],
			"to": [7.749, 4.90533, 19.41942],
			"rotation": {"angle": 45, "axis": "x", "origin": [6.999, 7.03033, 18.91942]},
			"faces": {
				"east": {"uv": [16, 0, 0, 16], "texture": "#6"},
				"west": {"uv": [16, 0, 0, 16], "texture": "#6"}
			}
		},
		{
			"from": [8.25, 3.47487, 16.22487],
			"to": [8.25, 6.34987, 19.47487],
			"rotation": {"angle": 45, "axis": "x", "origin": [7.5, 6.97487, 18.97487]},
			"faces": {
				"east": {"uv": [0, 0, 16, 16], "texture": "#6"},
				"west": {"uv": [16, 0, 0, 16], "texture": "#9"}
			}
		},
		{
			"from": [7.75, 3.47487, 14.22487],
			"to": [7.75, 4.84987, 19.97487],
			"rotation": {"angle": 45, "axis": "x", "origin": [7, 6.97487, 16.97487]},
			"faces": {
				"east": {"uv": [16, 0, 0, 16], "texture": "#6"},
				"west": {"uv": [16, 0, 0, 16], "texture": "#6"}
			}
		},
		{
			"from": [7.75, 4.97487, 17.22487],
			"to": [7.75, 6.34987, 18.97487],
			"rotation": {"angle": 45, "axis": "x", "origin": [7, 8.47487, 19.47487]},
			"faces": {
				"east": {"uv": [16, 0, 0, 16], "texture": "#6"},
				"west": {"uv": [16, 0, 0, 16], "texture": "#6"}
			}
		},
		{
			"from": [3.75, 3.47487, 16.22487],
			"to": [3.75, 7.84987, 20.97487],
			"rotation": {"angle": 45, "axis": "x", "origin": [3, 6.97487, 18.97487]},
			"faces": {
				"east": {"uv": [16, 0, 0, 16], "texture": "#6"},
				"west": {"uv": [16, 0, 0, 16], "texture": "#6"}
			}
		},
		{
			"from": [3.75, 2.5026, 14.0026],
			"to": [3.75, 3.8776, 21.0026],
			"rotation": {"angle": 45, "axis": "x", "origin": [3, 6.0026, 18.0026]},
			"faces": {
				"east": {"uv": [16, 0, 0, 16], "texture": "#9"},
				"west": {"uv": [16, 0, 0, 16], "texture": "#9"}
			}
		},
		{
			"from": [7.75, 3.70711, 15.11764],
			"to": [16, 11.70711, 16.24264],
			"rotation": {"angle": 45, "axis": "x", "origin": [11.75, 7.20711, 18.74264]},
			"faces": {
				"north": {"uv": [16, 0, 0, 16], "texture": "#6"},
				"east": {"uv": [16, 0, 0, 16], "texture": "#6"},
				"south": {"uv": [16, 0, 0, 16], "texture": "#6"},
				"west": {"uv": [16, 0, 0, 16], "texture": "#6"}
			}
		},
		{
			"from": [3.75, 18.60831, 13.10983],
			"to": [7.75, 19.10831, 21.48483],
			"rotation": {"angle": 45, "axis": "x", "origin": [7.75, 14.60831, 16.73483]},
			"faces": {
				"north": {"uv": [0, 0, 16, 16], "texture": "#6"},
				"east": {"uv": [0, 0, 16, 16], "texture": "#6"},
				"south": {"uv": [0, 0, 16, 16], "texture": "#6"},
				"west": {"uv": [0, 0, 16, 16], "texture": "#6"},
				"down": {"uv": [0, 0, 16, 16], "texture": "#6"}
			}
		},
		{
			"from": [3.75, 18.60831, -5.73483],
			"to": [7.75, 19.10831, 2.89017],
			"rotation": {"angle": -45, "axis": "x", "origin": [7.75, 14.60831, -0.73483]},
			"faces": {
				"north": {"uv": [16, 0, 0, 16], "texture": "#6"},
				"east": {"uv": [16, 0, 0, 16], "texture": "#6"},
				"south": {"uv": [16, 0, 0, 16], "texture": "#6"},
				"west": {"uv": [16, 0, 0, 16], "texture": "#6"},
				"down": {"uv": [0, 16, 16, 0], "texture": "#6"}
			}
		},
		{
			"from": [0, 3.70711, 15.11764],
			"to": [3.75, 8.20711, 16.24264],
			"rotation": {"angle": 45, "axis": "x", "origin": [4, 7.20711, 18.74264]},
			"faces": {
				"north": {"uv": [16, 0, 0, 16], "texture": "#6"},
				"east": {"uv": [16, 0, 0, 16], "texture": "#6"},
				"south": {"uv": [16, 0, 0, 16], "texture": "#6"},
				"west": {"uv": [16, 0, 0, 16], "texture": "#6"},
				"up": {"uv": [16, 0, 0, 16], "texture": "#6"}
			}
		},
		{
			"from": [-0.5005, 4.75, 4],
			"to": [-0.5005, 12.75, 12],
			"rotation": {"angle": 0, "axis": "y", "origin": [-0.5005, 7.49791, 8.00367]},
			"faces": {
				"west": {"uv": [0, 0, 16, 16], "texture": "#10"}
			}
		},
		{
			"from": [-0.5005, 5.25, 19.5],
			"to": [-0.5005, 7.25, 21.5],
			"rotation": {"angle": 0, "axis": "y", "origin": [-0.5005, 6.25, 8]},
			"faces": {
				"west": {"uv": [0, 0, 16, 16], "texture": "#12"}
			}
		},
		{
			"from": [-0.5005, 5.25, -5.5],
			"to": [-0.5005, 7.25, -3.5],
			"rotation": {"angle": 0, "axis": "y", "origin": [-0.5005, 6.25, 8]},
			"faces": {
				"west": {"uv": [0, 0, 16, 16], "texture": "#12"}
			}
		},
		{
			"from": [16.5005, 5.25, 19.5],
			"to": [16.5005, 7.25, 21.5],
			"rotation": {"angle": 0, "axis": "y", "origin": [16.5005, 6.25, 8]},
			"faces": {
				"east": {"uv": [0, 0, 16, 16], "texture": "#12"}
			}
		},
		{
			"from": [16.5005, 5.25, -5.5],
			"to": [16.5005, 7.25, -3.5],
			"rotation": {"angle": 0, "axis": "y", "origin": [16.5005, 6.25, 8]},
			"faces": {
				"east": {"uv": [0, 0, 16, 16], "texture": "#12"}
			}
		},
		{
			"from": [16.5005, 4.75, 4],
			"to": [16.5005, 12.75, 12],
			"rotation": {"angle": 0, "axis": "y", "origin": [16.5005, 7.49791, 8.00367]},
			"faces": {
				"east": {"uv": [0, 0, 16, 16], "texture": "#10"}
			}
		}
	],
	"display": {
		"head": {
			"translation": [0, 26, 0],
			"scale": [4, 4, 4]
		}
	},
	"groups": [
		0,
		1,
		2,
		3,
		4,
		5,
		6,
		7,
		8,
		9,
		10,
		11,
		12,
		13,
		14,
		15,
		{
			"name": "seat",
			"origin": [8, 4.15345, 11],
			"color": 0,
			"children": [16, 17]
		},
		{
			"name": "seat",
			"origin": [8, 4.15345, 11],
			"color": 0,
			"children": [18, 19]
		},
		{
			"name": "seat",
			"origin": [8, 4.15345, 11],
			"color": 0,
			"children": [20, 21]
		},
		{
			"name": "seat",
			"origin": [8, 4.15345, 11],
			"color": 0,
			"children": [22, 23]
		},
		{
			"name": "seat",
			"origin": [8, 4.15345, 11],
			"color": 0,
			"children": [24, 25]
		},
		{
			"name": "seat",
			"origin": [8, 4.15345, 11],
			"color": 0,
			"children": [26, 27]
		},
		{
			"name": "seat",
			"origin": [8, 4.15345, 11],
			"color": 0,
			"children": [28, 29]
		},
		{
			"name": "seat",
			"origin": [8, 4.15345, 11],
			"color": 0,
			"children": [30, 31]
		},
		{
			"name": "seat",
			"origin": [24.5, 1, -3],
			"color": 0,
			"children": [32, 33]
		},
		{
			"name": "seat",
			"origin": [24.5, 1, -3],
			"color": 0,
			"children": [34, 35]
		},
		{
			"name": "seat",
			"origin": [24.5, 1, -3],
			"color": 0,
			"children": [36, 37]
		},
		{
			"name": "seat",
			"origin": [24.5, 1, -3],
			"color": 0,
			"children": [38, 39]
		},
		40,
		41,
		42,
		43,
		44,
		45,
		46,
		47,
		48,
		49,
		50,
		51,
		52,
		53,
		54,
		55,
		56,
		57,
		58,
		59,
		60,
		61,
		62,
		63,
		64,
		65,
		66,
		67,
		68,
		69,
		70,
		71,
		72,
		73,
		74,
		75,
		76,
		77,
		78,
		79,
		80,
		81,
		82,
		83,
		84,
		85,
		86,
		87,
		88,
		89,
		90,
		{
			"name": "hexadecagon",
			"origin": [8, 8, 8],
			"color": 0,
			"children": [91, 92, 93]
		},
		{
			"name": "hexadecagon",
			"origin": [8, 8, 8],
			"color": 0,
			"children": [94, 95, 96]
		},
		{
			"name": "hexadecagon",
			"origin": [8, 8, 8],
			"color": 0,
			"children": [97, 98, 99]
		},
		{
			"name": "hexadecagon",
			"origin": [8, 8, 8],
			"color": 0,
			"children": [100, 101, 102]
		},
		103,
		104,
		105,
		106,
		107,
		108,
		109,
		110,
		111,
		112,
		113,
		114,
		115,
		116,
		117,
		118,
		119,
		120,
		121,
		122,
		123,
		124,
		125,
		126,
		127,
		128,
		129,
		130,
		131,
		132,
		133,
		134,
		135,
		136,
		137,
		138,
		139,
		140,
		141,
		142,
		143,
		144,
		145,
		146,
		147,
		148,
		149,
		150,
		151,
		152,
		153,
		154,
		155,
		156,
		157,
		158,
		159,
		160,
		161,
		162,
		163,
		164,
		165,
		166,
		167,
		168,
		169,
		170,
		171,
		172,
		173,
		174,
		175,
		176,
		177,
		178,
		179,
		180,
		181,
		182,
		183,
		184,
		185,
		186,
		187,
		188
	]
}