{
	"credit": "Made by Mike Shafter",
	"textures": {
		"3": "block/white_concrete",
		"4": "block/light_gray_concrete",
		"6": "block/stripped_birch_log",
		"7": "block/pink_shulker_box",
		"11": "block/daylight_detector_side",
		"12": "block/light_blue_shulker_box",
		"13": "block/dispenser_front_vertical",
		"15": "block/exposed_copper_grate",
		"16": "block/fire_coral_block",
		"20": "block/cauldron_side",
		"28": "block/glass",
		"particle": "block/black_stained_glass"
	},
	"elements": [
		{
			"from": [-0.5, -3.25209, 7.25367],
			"to": [16.5, -2.25209, 14.75367],
			"rotation": {"angle": 0, "axis": "y", "origin": [8, 5.84391, 4.37867]},
			"faces": {
				"east": {"uv": [0, 0, 16, 1], "texture": "#4"},
				"south": {"uv": [0, 0, 14, 1], "texture": "#6"},
				"west": {"uv": [0, 0, 16, 1], "texture": "#4"},
				"up": {"uv": [0, 0, 16, 16], "texture": "#6"},
				"down": {"uv": [0, 0, 14, 16], "texture": "#4"}
			}
		},
		{
			"from": [16, -2.75209, 7.25367],
			"to": [16.5, -0.75209, 8.25367],
			"rotation": {"angle": 0, "axis": "z", "origin": [8, 5.84391, 4.37867]},
			"faces": {
				"east": {"uv": [0, 0, 2, 4], "texture": "#4"},
				"south": {"uv": [1, 0, 0, 4], "texture": "#6"},
				"west": {"uv": [0, 12, 2, 16], "texture": "#6"}
			}
		},
		{
			"from": [-0.5, -2.75209, 7.25367],
			"to": [0, -0.75209, 8.25367],
			"rotation": {"angle": 0, "axis": "z", "origin": [8, 5.84391, 4.37867]},
			"faces": {
				"east": {"uv": [2, 12, 0, 16], "texture": "#6"},
				"south": {"uv": [0, 0, 1, 4], "texture": "#6"},
				"west": {"uv": [2, 0, 0, 4], "texture": "#4"}
			}
		},
		{
			"from": [-0.5, 9.62291, -1.24633],
			"to": [0, 11.62291, 8.25367],
			"rotation": {"angle": 0, "axis": "z", "origin": [8, 5.84391, 4.37867]},
			"faces": {
				"north": {"uv": [0, 0, 1, 3.25], "texture": "#4"},
				"east": {"uv": [0, 0, 16, 4], "texture": "#6"},
				"west": {"uv": [3, 3, 13, 13], "texture": "#7"},
				"down": {"uv": [0, 0, 1, 16], "texture": "#4"}
			}
		},
		{
			"from": [-0.5, 9.62291, 8.25367],
			"to": [0, 11.62291, 14.75367],
			"rotation": {"angle": 0, "axis": "z", "origin": [8, 5.84391, 4.37867]},
			"faces": {
				"east": {"uv": [0, 0, 16, 4], "texture": "#6"},
				"south": {"uv": [0, 0, 1, 3.25], "texture": "#6"},
				"west": {"uv": [3, 3, 13, 10.5], "texture": "#7"},
				"down": {"uv": [0, 0, 1, 16], "texture": "#4"}
			}
		},
		{
			"from": [16, 9.62291, 8.25367],
			"to": [16.5, 11.62291, 14.75367],
			"rotation": {"angle": 0, "axis": "z", "origin": [8, 5.84391, 4.37867]},
			"faces": {
				"east": {"uv": [13, 3, 3, 10.5], "texture": "#7"},
				"south": {"uv": [1, 0, 0, 3.25], "texture": "#6"},
				"west": {"uv": [16, 0, 0, 4], "texture": "#6"},
				"down": {"uv": [1, 0, 0, 16], "texture": "#4"}
			}
		},
		{
			"from": [16, -0.75209, 7.25367],
			"to": [16.5, 1.74791, 8.25367],
			"rotation": {"angle": 0, "axis": "z", "origin": [8, 5.84391, 4.37867]},
			"faces": {
				"east": {"uv": [14, 5, 16, 11], "texture": "#12"},
				"south": {"uv": [1, 0, 2, 5.25], "texture": "#6"},
				"west": {"uv": [0, 5, 2, 11], "texture": "#6"}
			}
		},
		{
			"from": [-0.5, -0.75209, 7.25367],
			"to": [0, 1.74791, 8.25367],
			"rotation": {"angle": 0, "axis": "z", "origin": [8, 5.84391, 4.37867]},
			"faces": {
				"east": {"uv": [2, 5, 0, 11], "texture": "#6"},
				"south": {"uv": [2, 0, 1, 5.25], "texture": "#6"},
				"west": {"uv": [2, 5, 0, 11], "texture": "#12"}
			}
		},
		{
			"from": [16, 9.62291, -1.24633],
			"to": [16.5, 11.62291, 8.25367],
			"rotation": {"angle": 0, "axis": "z", "origin": [8, 5.84391, 4.37867]},
			"faces": {
				"north": {"uv": [1, 0, 2, 3.25], "texture": "#4"},
				"east": {"uv": [3, 3, 13, 13], "texture": "#7"},
				"west": {"uv": [0, 0, 16, 4], "texture": "#6"},
				"down": {"uv": [1, 0, 2, 16], "texture": "#4"}
			}
		},
		{
			"from": [-0.5, 1.74791, 7.25367],
			"to": [0, 9.62291, 8.25367],
			"rotation": {"angle": 0, "axis": "y", "origin": [8, 5.84391, 4.37867]},
			"faces": {
				"north": {"uv": [0, 0, 1, 12.75], "texture": "#6"},
				"east": {"uv": [0, 0, 2, 12.75], "texture": "#6"},
				"south": {"uv": [0, 0, 1, 12.75], "texture": "#6"},
				"west": {"uv": [0, 0, 2, 12.75], "texture": "#3"}
			}
		},
		{
			"from": [16, 1.74791, 7.25367],
			"to": [16.5, 9.62291, 8.25367],
			"rotation": {"angle": 0, "axis": "y", "origin": [8, 5.84391, 4.37867]},
			"faces": {
				"north": {"uv": [0, 0, 1, 12.75], "texture": "#6"},
				"east": {"uv": [0, 0, 2, 12.75], "texture": "#3"},
				"south": {"uv": [0, 0, 1, 12.75], "texture": "#6"},
				"west": {"uv": [0, 0, 2, 12.75], "texture": "#6"}
			}
		},
		{
			"from": [16, 3.24791, -1.24633],
			"to": [16.5, 9.62291, 0.75367],
			"rotation": {"angle": 0, "axis": "y", "origin": [8, 5.84391, 4.37867]},
			"faces": {
				"north": {"uv": [0, 0, 1, 12.75], "texture": "#4"},
				"east": {"uv": [0, 0, 2, 12.75], "texture": "#3"},
				"south": {"uv": [0, 0, 1, 12.75], "texture": "#6"},
				"west": {"uv": [0, 0, 2, 12.75], "texture": "#6"}
			}
		},
		{
			"name": "hexadecagon",
			"from": [-3.33386, -0.50036, -1.24633],
			"to": [-2.83386, 0.69311, 14.75367],
			"rotation": {"angle": 22.5, "axis": "z", "origin": [8, 5.84391, 4.37867]},
			"faces": {
				"north": {"uv": [0, 0, 1, 2.38694], "texture": "#4"},
				"east": {"uv": [0, 0, 16, 2.38694], "texture": "#4"},
				"south": {"uv": [0, 0, 1, 2.38694], "texture": "#4"},
				"west": {"uv": [0, 0, 16, 2.38694], "texture": "#4"}
			}
		},
		{
			"name": "hexadecagon",
			"from": [5.57445, -7.11314, -1.24633],
			"to": [6.76793, -6.61314, 14.75367],
			"rotation": {"angle": -22.5, "axis": "z", "origin": [8, 5.84391, 4.37867]},
			"faces": {
				"north": {"uv": [0, 0, 2.38696, 1], "texture": "#4"},
				"east": {"uv": [0, 0, 16, 1], "texture": "#4"},
				"south": {"uv": [0, 0, 2.38696, 1], "texture": "#4"},
				"up": {"uv": [0, 0, 2.38696, 16], "texture": "#4"},
				"down": {"uv": [0, 0, 2.38696, 16], "texture": "#4"}
			}
		},
		{
			"from": [16, -0.75209, -1.24633],
			"to": [16.5, 1.74791, 7.25367],
			"rotation": {"angle": 0, "axis": "z", "origin": [8, 5.84391, 4.37867]},
			"faces": {
				"north": {"uv": [0, 0, 1, 5.25], "texture": "#4"},
				"east": {"uv": [3, 3, 13, 13], "texture": "#12"},
				"west": {"uv": [0, 0, 16, 5.25], "texture": "#6"}
			}
		},
		{
			"from": [16, 1.74791, -1.24633],
			"to": [16.5, 3.24791, 7.25367],
			"rotation": {"angle": 0, "axis": "z", "origin": [8, 5.84391, 4.37867]},
			"faces": {
				"north": {"uv": [0, 0, 1, 5.25], "texture": "#4"},
				"east": {"uv": [3, 3, 13, 13], "texture": "#3"},
				"up": {"uv": [1, 16, 0, 0], "texture": "#6"}
			}
		},
		{
			"from": [16.125, 3.24791, 0.75367],
			"to": [16.375, 9.62291, 7.25367],
			"rotation": {"angle": 0, "axis": "z", "origin": [8, 5.84391, 4.37867]},
			"faces": {
				"east": {"uv": [0, 0, 16, 16], "texture": "#28"},
				"west": {"uv": [0, 0, 16, 16], "texture": "#28"}
			}
		},
		{
			"from": [-0.375, 3.24791, 0.75367],
			"to": [-0.125, 9.62291, 7.25367],
			"rotation": {"angle": 0, "axis": "z", "origin": [8, 5.84391, 4.37867]},
			"faces": {
				"east": {"uv": [0, 0, 16, 16], "texture": "#28"},
				"west": {"uv": [0, 0, 16, 16], "texture": "#28"}
			}
		},
		{
			"from": [16, -3.25209, -1.24633],
			"to": [16.5, -0.75209, 7.25367],
			"rotation": {"angle": 0, "axis": "z", "origin": [8, 5.84391, 4.37867]},
			"faces": {
				"north": {"uv": [0, 0, 1, 4], "texture": "#4"},
				"east": {"uv": [0, 0, 16, 4], "texture": "#4"},
				"west": {"uv": [0, 0, 16, 4], "texture": "#6"}
			}
		},
		{
			"from": [-0.5, 3.24791, -1.24633],
			"to": [0, 9.62291, 0.75367],
			"rotation": {"angle": 0, "axis": "y", "origin": [8, 5.84391, 4.37867]},
			"faces": {
				"north": {"uv": [1, 0, 0, 12.75], "texture": "#4"},
				"east": {"uv": [2, 0, 0, 12.75], "texture": "#6"},
				"south": {"uv": [1, 0, 0, 15.75], "texture": "#6"},
				"west": {"uv": [2, 0, 0, 12.75], "texture": "#3"}
			}
		},
		{
			"from": [0, -2.25209, -1.24633],
			"to": [4.25, 11.99791, 0.25367],
			"rotation": {"angle": 0, "axis": "y", "origin": [8, 5.84391, 4.37867]},
			"faces": {
				"north": {"uv": [5, 3, 4, 13], "texture": "#4"},
				"east": {"uv": [0, 0, 3, 16], "texture": "#6"},
				"south": {"uv": [0, 0, 10, 14.75], "texture": "#6"}
			}
		},
		{
			"from": [3.25, 10.99791, -1.24633],
			"to": [12.75, 11.99791, 0.25367],
			"rotation": {"angle": 0, "axis": "y", "origin": [8, 5.84391, 4.37867]},
			"faces": {
				"north": {"uv": [3, 3, 4, 13], "texture": "#4"},
				"south": {"uv": [10, 0, 0, 7.5], "texture": "#6"},
				"down": {"uv": [0, 2, 1, 0], "texture": "#6"}
			}
		},
		{
			"from": [0.125, 11.99791, -1.24633],
			"to": [15.875, 12.99791, 12.25367],
			"rotation": {"angle": 0, "axis": "y", "origin": [8, 6.84391, 4.37867]},
			"faces": {
				"north": {"uv": [0, 0, 16, 16], "texture": "#4"},
				"south": {"uv": [0, 0, 15.75, 1], "texture": "#6"}
			}
		},
		{
			"from": [0.5, 12.99791, -1.24633],
			"to": [15.5, 13.99791, 12.25367],
			"rotation": {"angle": 0, "axis": "y", "origin": [8, 7.84391, 4.37867]},
			"faces": {
				"north": {"uv": [0, 0, 16, 16], "texture": "#4"},
				"south": {"uv": [0, 0, 15, 1], "texture": "#6"}
			}
		},
		{
			"from": [1, 13.99791, -1.24633],
			"to": [15, 14.99791, 12.25367],
			"rotation": {"angle": 0, "axis": "y", "origin": [8, 8.84391, 4.37867]},
			"faces": {
				"north": {"uv": [0, 0, 16, 16], "texture": "#4"},
				"south": {"uv": [0, 0, 14, 1], "texture": "#6"},
				"up": {"uv": [0, 2, 1, 0], "texture": "#4"}
			}
		},
		{
			"from": [1.625, 14.99791, 11.75367],
			"to": [14.375, 15.49791, 12.25367],
			"rotation": {"angle": 0, "axis": "y", "origin": [8, 9.84391, 4.37867]},
			"faces": {
				"north": {"uv": [0, 0, 16, 16], "texture": "#4"},
				"south": {"uv": [0, 0, 12.75, 0.5], "texture": "#6"},
				"up": {"uv": [0, 2, 1, 0], "texture": "#4"}
			}
		},
		{
			"from": [2.125, 15.49791, 11.75367],
			"to": [13.875, 15.99791, 12.25367],
			"rotation": {"angle": 0, "axis": "y", "origin": [8, 10.34391, 4.37867]},
			"faces": {
				"north": {"uv": [0, 0, 16, 16], "texture": "#4"},
				"south": {"uv": [0, 0, 11.75, 0.5], "texture": "#6"}
			}
		},
		{
			"from": [2.625, 15.99791, 11.75367],
			"to": [13.375, 16.49791, 12.25367],
			"rotation": {"angle": 0, "axis": "y", "origin": [8, 10.84391, 4.37867]},
			"faces": {
				"north": {"uv": [0, 0, 16, 16], "texture": "#4"},
				"south": {"uv": [0, 0, 10.75, 0.5], "texture": "#6"}
			}
		},
		{
			"from": [3.875, 16.49791, 11.75367],
			"to": [12.125, 16.74791, 12.25367],
			"rotation": {"angle": 0, "axis": "y", "origin": [8, 11.34391, 4.37867]},
			"faces": {
				"north": {"uv": [0, 0, 16, 16], "texture": "#4"},
				"south": {"uv": [0, 0, 8.25, 0.25], "texture": "#6"}
			}
		},
		{
			"from": [0, 11.49791, 0.25367],
			"to": [16, 11.99791, 12.25367],
			"rotation": {"angle": 0, "axis": "y", "origin": [8, 5.84391, 16.37867]},
			"faces": {
				"south": {"uv": [0, 0, 16, 0.5], "texture": "#6"},
				"down": {"uv": [0, 0, 16, 16], "texture": "#6"}
			}
		},
		{
			"from": [2.75, -3.00209, -4.24633],
			"to": [3, 11.24791, -1.24633],
			"rotation": {"angle": 0, "axis": "y", "origin": [8, 5.84391, 4.37867]},
			"faces": {
				"north": {"uv": [0, 0, 16, 0.5], "rotation": 90, "texture": "#20"},
				"east": {"uv": [0, 0, 16, 6], "rotation": 90, "texture": "#20"},
				"west": {"uv": [0, 0, 16, 6], "rotation": 90, "texture": "#20"},
				"down": {"uv": [0, 0, 6, 0.5], "rotation": 90, "texture": "#20"}
			}
		},
		{
			"from": [13, -3.00209, -4.24633],
			"to": [13.25, 11.24791, -1.24633],
			"rotation": {"angle": 0, "axis": "y", "origin": [8, 5.84391, 4.37867]},
			"faces": {
				"north": {"uv": [0, 0, 16, 0.5], "rotation": 90, "texture": "#20"},
				"east": {"uv": [0, 0, 16, 6], "rotation": 90, "texture": "#20"},
				"west": {"uv": [0, 0, 16, 6], "rotation": 90, "texture": "#20"},
				"down": {"uv": [0, 0, 6, 0.5], "rotation": 90, "texture": "#20"}
			}
		},
		{
			"from": [2.75, 11.24791, -4.24633],
			"to": [13.25, 11.49791, -1.24633],
			"rotation": {"angle": 0, "axis": "y", "origin": [8, 5.84391, 4.37867]},
			"faces": {
				"north": {"uv": [0, 0, 16, 0.5], "texture": "#20"},
				"east": {"uv": [0, 0, 6, 0.5], "texture": "#20"},
				"west": {"uv": [0, 0, 6, 0.5], "texture": "#20"},
				"up": {"uv": [0, 0, 16, 6], "texture": "#20"},
				"down": {"uv": [0, 0, 16, 6], "texture": "#20"}
			}
		},
		{
			"from": [3, -2.50209, -4.24633],
			"to": [13, -2.25209, -1.24633],
			"rotation": {"angle": 0, "axis": "y", "origin": [8, 5.84391, 4.37867]},
			"faces": {
				"north": {"uv": [0, 0, 16, 0.5], "texture": "#20"},
				"up": {"uv": [0, 0, 16, 6], "texture": "#20"},
				"down": {"uv": [0, 0, 16, 6], "texture": "#20"}
			}
		},
		{
			"from": [11.75, -2.25209, -1.24633],
			"to": [16, 11.99791, 0.25367],
			"rotation": {"angle": 0, "axis": "y", "origin": [8, 5.84391, 4.37867]},
			"faces": {
				"north": {"uv": [4, 3, 5, 13], "texture": "#4"},
				"south": {"uv": [10, 0, 0, 14.75], "texture": "#6"},
				"west": {"uv": [3, 0, 0, 16], "texture": "#6"}
			}
		},
		{
			"from": [-0.5, -0.75209, -1.24633],
			"to": [0, 1.74791, 7.25367],
			"rotation": {"angle": 0, "axis": "z", "origin": [8, 5.84391, 4.37867]},
			"faces": {
				"north": {"uv": [1, 0, 0, 5.25], "texture": "#4"},
				"east": {"uv": [16, 0, 0, 5.25], "texture": "#6"},
				"west": {"uv": [13, 3, 3, 13], "texture": "#12"}
			}
		},
		{
			"from": [-0.5, 1.74791, -1.24633],
			"to": [0, 3.24791, 7.25367],
			"rotation": {"angle": 0, "axis": "z", "origin": [8, 5.84391, 4.37867]},
			"faces": {
				"north": {"uv": [1, 0, 0, 5.25], "texture": "#4"},
				"west": {"uv": [13, 3, 3, 13], "texture": "#3"},
				"up": {"uv": [0, 16, 1, 0], "texture": "#6"}
			}
		},
		{
			"from": [-0.5, -3.25209, -1.24633],
			"to": [0, -0.75209, 7.25367],
			"rotation": {"angle": 0, "axis": "z", "origin": [8, 5.84391, 4.37867]},
			"faces": {
				"north": {"uv": [1, 0, 0, 4], "texture": "#4"},
				"east": {"uv": [16, 0, 0, 4], "texture": "#6"},
				"west": {"uv": [16, 0, 0, 4], "texture": "#4"}
			}
		},
		{
			"from": [0, -3.25209, -1.24633],
			"to": [16, -2.25209, 7.25367],
			"rotation": {"angle": 0, "axis": "y", "origin": [8, 5.84391, 4.37867]},
			"faces": {
				"north": {"uv": [14, 0, 0, 1], "texture": "#4"},
				"up": {"uv": [0, 16, 14, 0], "texture": "#6"},
				"down": {"uv": [0, 16, 14, 0], "texture": "#4"}
			}
		},
		{
			"name": "grabpole",
			"from": [3, 9.74791, 7.00367],
			"to": [13, 10.24791, 7.50367],
			"rotation": {"angle": 0, "axis": "y", "origin": [8, 5.84391, 4.37867]},
			"faces": {
				"north": {"uv": [0, 0, 1, 1], "texture": "#7"},
				"south": {"uv": [0, 0, 1, 1], "texture": "#7"},
				"up": {"uv": [0, 0, 1, 1], "texture": "#7"},
				"down": {"uv": [0, 0, 1, 1], "texture": "#7"}
			}
		},
		{
			"name": "grabpole",
			"from": [2.5, 9.74791, 0.00367],
			"to": [3, 10.24791, 7.00367],
			"rotation": {"angle": 0, "axis": "y", "origin": [7.5, 5.84391, 3.87867]},
			"faces": {
				"east": {"uv": [0, 0, 1, 1], "texture": "#7"},
				"west": {"uv": [3, 3, 13, 13], "texture": "#7"},
				"up": {"uv": [0, 0, 1, 1], "texture": "#7"},
				"down": {"uv": [0, 0, 1, 1], "texture": "#7"}
			}
		},
		{
			"name": "grabpole",
			"from": [13, 9.74791, 0.00367],
			"to": [13.5, 10.24791, 7.00367],
			"rotation": {"angle": 0, "axis": "y", "origin": [8.5, 5.84391, 3.87867]},
			"faces": {
				"east": {"uv": [13, 3, 3, 13], "texture": "#7"},
				"west": {"uv": [1, 0, 0, 1], "texture": "#7"},
				"up": {"uv": [1, 0, 0, 1], "texture": "#7"},
				"down": {"uv": [1, 0, 0, 1], "texture": "#7"}
			}
		},
		{
			"from": [12.5, 0.74791, 0.25367],
			"to": [16, 1.24791, 7.25367],
			"rotation": {"angle": 0, "axis": "y", "origin": [8, 5.84391, 4.37867]},
			"faces": {
				"south": {"uv": [0, 0, 16, 16], "texture": "#16"},
				"west": {"uv": [0, 0, 14, 1], "texture": "#16"},
				"up": {"uv": [0, 0, 16, 16], "texture": "#16"},
				"down": {"uv": [0, 0, 16, 16], "texture": "#16"}
			}
		},
		{
			"from": [15.5, 1.24791, 0.25367],
			"to": [16, 4.74791, 7.25367],
			"rotation": {"angle": 0, "axis": "y", "origin": [8, 5.84391, 4.37867]},
			"faces": {
				"east": {"uv": [0, 0, 16, 16], "rotation": 90, "texture": "#16"},
				"south": {"uv": [0, 0, 16, 16], "rotation": 90, "texture": "#16"},
				"west": {"uv": [0, 0, 7, 14], "rotation": 90, "texture": "#16"},
				"up": {"uv": [0, 0, 16, 16], "rotation": 90, "texture": "#16"}
			}
		},
		{
			"name": "grabpole",
			"from": [13.5, 3.74791, 7.00367],
			"to": [16, 4.24791, 7.50367],
			"rotation": {"angle": 0, "axis": "y", "origin": [8, 5.84391, 4.37867]},
			"faces": {
				"north": {"uv": [0, 0, 1, 1], "texture": "#7"},
				"south": {"uv": [0, 0, 1, 1], "texture": "#7"},
				"up": {"uv": [0, 0, 1, 1], "texture": "#7"},
				"down": {"uv": [0, 0, 1, 1], "texture": "#7"}
			}
		},
		{
			"name": "grabpole",
			"from": [13.5, 2.24791, 7.00367],
			"to": [16, 2.74791, 7.50367],
			"rotation": {"angle": 0, "axis": "y", "origin": [8, 5.84391, 4.37867]},
			"faces": {
				"north": {"uv": [0, 0, 1, 1], "texture": "#7"},
				"south": {"uv": [0, 0, 1, 1], "texture": "#7"},
				"up": {"uv": [0, 0, 1, 1], "texture": "#7"},
				"down": {"uv": [0, 0, 1, 1], "texture": "#7"}
			}
		},
		{
			"name": "grabpole",
			"from": [13, -2.25209, 7.00367],
			"to": [13.5, 11.54791, 7.50367],
			"rotation": {"angle": 0, "axis": "y", "origin": [8, 5.84391, 4.37867]},
			"faces": {
				"north": {"uv": [0, 0, 1, 1], "texture": "#7"},
				"east": {"uv": [0, 0, 1, 1], "texture": "#7"},
				"south": {"uv": [0, 0, 1, 1], "texture": "#7"},
				"west": {"uv": [0, 0, 1, 1], "texture": "#7"}
			}
		},
		{
			"from": [0, 0.74791, 0.25367],
			"to": [3.5, 1.24791, 7.25367],
			"rotation": {"angle": 0, "axis": "y", "origin": [8, 5.84391, 4.37867]},
			"faces": {
				"east": {"uv": [14, 0, 0, 1], "texture": "#16"},
				"south": {"uv": [16, 0, 0, 16], "texture": "#16"},
				"up": {"uv": [16, 0, 0, 16], "texture": "#16"},
				"down": {"uv": [16, 0, 0, 16], "texture": "#16"}
			}
		},
		{
			"from": [0, 1.24791, 0.25367],
			"to": [0.5, 4.74791, 7.25367],
			"rotation": {"angle": 0, "axis": "y", "origin": [8, 5.84391, 4.37867]},
			"faces": {
				"east": {"uv": [0, 14, 7, 0], "rotation": 90, "texture": "#16"},
				"south": {"uv": [0, 16, 16, 0], "rotation": 90, "texture": "#16"},
				"west": {"uv": [0, 16, 16, 0], "rotation": 90, "texture": "#16"},
				"up": {"uv": [0, 16, 16, 0], "rotation": 90, "texture": "#16"}
			}
		},
		{
			"name": "grabpole",
			"from": [0, 2.24791, 7.00367],
			"to": [2.5, 2.74791, 7.50367],
			"rotation": {"angle": 0, "axis": "y", "origin": [8, 5.84391, 4.37867]},
			"faces": {
				"north": {"uv": [1, 0, 0, 1], "texture": "#7"},
				"south": {"uv": [1, 0, 0, 1], "texture": "#7"},
				"up": {"uv": [1, 0, 0, 1], "texture": "#7"},
				"down": {"uv": [1, 0, 0, 1], "texture": "#7"}
			}
		},
		{
			"name": "grabpole",
			"from": [0, 3.74791, 7.00367],
			"to": [2.5, 4.24791, 7.50367],
			"rotation": {"angle": 0, "axis": "y", "origin": [8, 5.84391, 4.37867]},
			"faces": {
				"north": {"uv": [1, 0, 0, 1], "texture": "#7"},
				"south": {"uv": [1, 0, 0, 1], "texture": "#7"},
				"up": {"uv": [1, 0, 0, 1], "texture": "#7"},
				"down": {"uv": [1, 0, 0, 1], "texture": "#7"}
			}
		},
		{
			"name": "grabpole",
			"from": [2.5, -2.25209, 7.00367],
			"to": [3, 11.54791, 7.50367],
			"rotation": {"angle": 0, "axis": "y", "origin": [8, 5.84391, 4.37867]},
			"faces": {
				"north": {"uv": [1, 0, 0, 1], "texture": "#7"},
				"east": {"uv": [1, 0, 0, 1], "texture": "#7"},
				"south": {"uv": [0, 0, 1, 1], "texture": "#7"},
				"west": {"uv": [1, 0, 0, 1], "texture": "#7"}
			}
		},
		{
			"from": [12.125, 3.24791, -2.24633],
			"to": [12.625, 7.24791, -1.74633],
			"rotation": {"angle": 0, "axis": "y", "origin": [7.5, 5.84391, -5.99633]},
			"faces": {
				"north": {"uv": [0, 0, 1, 1], "texture": "#3"},
				"east": {"uv": [0, 0, 1, 1], "texture": "#3"},
				"south": {"uv": [0, 0, 1, 1], "texture": "#3"},
				"west": {"uv": [0, 0, 1, 1], "texture": "#3"}
			}
		},
		{
			"from": [12.125, 8.5761, -3.06907],
			"to": [12.625, 9.0761, -2.56907],
			"rotation": {"angle": 22.5, "axis": "x", "origin": [7.5, 5.84391, -5.99633]},
			"faces": {
				"north": {"uv": [0, 0, 1, 1], "texture": "#3"},
				"east": {"uv": [0, 0, 1, 1], "texture": "#3"},
				"south": {"uv": [0, 0, 1, 1], "texture": "#3"},
				"west": {"uv": [0, 0, 1, 1], "texture": "#3"}
			}
		},
		{
			"from": [12.125, 9.80864, -2.72445],
			"to": [12.625, 10.30864, -2.22445],
			"rotation": {"angle": 22.5, "axis": "x", "origin": [7.5, 5.84391, -5.99633]},
			"faces": {
				"north": {"uv": [0, 0, 1, 1], "texture": "#3"},
				"east": {"uv": [0, 0, 1, 1], "texture": "#3"},
				"west": {"uv": [0, 0, 1, 1], "texture": "#3"},
				"up": {"uv": [0, 0, 1, 1], "rotation": 180, "texture": "#3"}
			}
		},
		{
			"from": [12.125, 9.95028, -4.52881],
			"to": [12.625, 10.95028, -4.02881],
			"rotation": {"angle": 45, "axis": "x", "origin": [7.5, 5.84391, -5.99633]},
			"faces": {
				"north": {"uv": [0, 0, 1, 1], "texture": "#3"},
				"east": {"uv": [0, 0, 1, 1], "texture": "#3"},
				"south": {"uv": [0, 0, 1, 1], "texture": "#3"},
				"west": {"uv": [0, 0, 1, 1], "texture": "#3"}
			}
		},
		{
			"from": [12.125, 0.27792, -3.1806],
			"to": [12.625, 0.77792, -2.6806],
			"rotation": {"angle": -22.5, "axis": "x", "origin": [7.5, 5.84391, -5.99633]},
			"faces": {
				"north": {"uv": [0, 1, 1, 0], "texture": "#3"},
				"east": {"uv": [0, 1, 1, 0], "texture": "#3"},
				"west": {"uv": [0, 1, 1, 0], "texture": "#3"},
				"down": {"uv": [0, 1, 1, 0], "rotation": 180, "texture": "#3"}
			}
		},
		{
			"from": [12.125, -0.10532, -5.37166],
			"to": [12.625, 0.89468, -4.87166],
			"rotation": {"angle": -45, "axis": "x", "origin": [7.5, 5.84391, -5.99633]},
			"faces": {
				"north": {"uv": [0, 1, 1, 0], "texture": "#3"},
				"east": {"uv": [0, 1, 1, 0], "texture": "#3"},
				"south": {"uv": [0, 1, 1, 0], "texture": "#3"},
				"west": {"uv": [0, 1, 1, 0], "texture": "#3"}
			}
		},
		{
			"from": [12.125, 1.51045, -3.52522],
			"to": [12.625, 2.01045, -3.02522],
			"rotation": {"angle": -22.5, "axis": "x", "origin": [7.5, 5.84391, -5.99633]},
			"faces": {
				"north": {"uv": [0, 1, 1, 0], "texture": "#3"},
				"east": {"uv": [0, 1, 1, 0], "texture": "#3"},
				"south": {"uv": [0, 1, 1, 0], "texture": "#3"},
				"west": {"uv": [0, 1, 1, 0], "texture": "#3"}
			}
		},
		{
			"from": [3.375, 3.24791, -2.24633],
			"to": [3.875, 7.24791, -1.74633],
			"rotation": {"angle": 0, "axis": "y", "origin": [8.5, 5.84391, -5.99633]},
			"faces": {
				"north": {"uv": [0, 0, 1, 1], "texture": "#3"},
				"east": {"uv": [0, 0, 1, 1], "texture": "#3"},
				"south": {"uv": [0, 0, 1, 1], "texture": "#3"},
				"west": {"uv": [0, 0, 1, 1], "texture": "#3"}
			}
		},
		{
			"from": [3.375, 8.5761, -3.06907],
			"to": [3.875, 9.0761, -2.56907],
			"rotation": {"angle": 22.5, "axis": "x", "origin": [8.5, 5.84391, -5.99633]},
			"faces": {
				"north": {"uv": [0, 0, 1, 1], "texture": "#3"},
				"east": {"uv": [0, 0, 1, 1], "texture": "#3"},
				"south": {"uv": [0, 0, 1, 1], "texture": "#3"},
				"west": {"uv": [0, 0, 1, 1], "texture": "#3"}
			}
		},
		{
			"from": [3.375, 9.80864, -2.72445],
			"to": [3.875, 10.30864, -2.22445],
			"rotation": {"angle": 22.5, "axis": "x", "origin": [8.5, 5.84391, -5.99633]},
			"faces": {
				"north": {"uv": [0, 0, 1, 1], "texture": "#3"},
				"east": {"uv": [0, 0, 1, 1], "texture": "#3"},
				"west": {"uv": [0, 0, 1, 1], "texture": "#3"},
				"up": {"uv": [0, 0, 1, 1], "rotation": 180, "texture": "#3"}
			}
		},
		{
			"from": [3.375, 9.95028, -4.52881],
			"to": [3.875, 10.95028, -4.02881],
			"rotation": {"angle": 45, "axis": "x", "origin": [8.5, 5.84391, -5.99633]},
			"faces": {
				"north": {"uv": [0, 0, 1, 1], "texture": "#3"},
				"east": {"uv": [0, 0, 1, 1], "texture": "#3"},
				"south": {"uv": [0, 0, 1, 1], "texture": "#3"},
				"west": {"uv": [0, 0, 1, 1], "texture": "#3"}
			}
		},
		{
			"from": [3.375, 0.27792, -3.1806],
			"to": [3.875, 0.77792, -2.6806],
			"rotation": {"angle": -22.5, "axis": "x", "origin": [8.5, 5.84391, -5.99633]},
			"faces": {
				"north": {"uv": [0, 0, 1, 1], "texture": "#3"},
				"east": {"uv": [0, 0, 1, 1], "texture": "#3"},
				"west": {"uv": [0, 0, 1, 1], "texture": "#3"},
				"down": {"uv": [0, 0, 1, 1], "rotation": 180, "texture": "#3"}
			}
		},
		{
			"from": [3.375, -0.10532, -5.37166],
			"to": [3.875, 0.89468, -4.87166],
			"rotation": {"angle": -45, "axis": "x", "origin": [8.5, 5.84391, -5.99633]},
			"faces": {
				"north": {"uv": [0, 0, 1, 1], "texture": "#3"},
				"east": {"uv": [0, 0, 1, 1], "texture": "#3"},
				"south": {"uv": [0, 0, 1, 1], "texture": "#3"},
				"west": {"uv": [0, 0, 1, 1], "texture": "#3"}
			}
		},
		{
			"from": [3.375, 1.51045, -3.52522],
			"to": [3.875, 2.01045, -3.02522],
			"rotation": {"angle": -22.5, "axis": "x", "origin": [8.5, 5.84391, -5.99633]},
			"faces": {
				"north": {"uv": [0, 0, 1, 1], "texture": "#3"},
				"east": {"uv": [0, 0, 1, 1], "texture": "#3"},
				"south": {"uv": [0, 0, 1, 1], "texture": "#3"},
				"west": {"uv": [0, 0, 1, 1], "texture": "#3"}
			}
		},
		{
			"name": "hexadecagon",
			"from": [5.28247, -7.05506, -1.24633],
			"to": [6.47595, -6.55506, 14.75367],
			"rotation": {"angle": 45, "axis": "z", "origin": [8, 5.84391, 4.37867]},
			"faces": {
				"north": {"uv": [2.38696, 0, 0, 1], "texture": "#4"},
				"south": {"uv": [2.38696, 0, 0, 1], "texture": "#4"},
				"up": {"uv": [2.38696, 0, 0, 16], "texture": "#4"},
				"down": {"uv": [2.38696, 0, 0, 16], "texture": "#4"}
			}
		},
		{
			"name": "hexadecagon",
			"from": [18.83386, -0.50036, -1.24633],
			"to": [19.33386, 0.69311, 14.75367],
			"rotation": {"angle": -22.5, "axis": "z", "origin": [8, 5.84391, 4.37867]},
			"faces": {
				"north": {"uv": [1, 0, 0, 2.38694], "texture": "#4"},
				"east": {"uv": [16, 0, 0, 2.38694], "texture": "#4"},
				"south": {"uv": [1, 0, 0, 2.38694], "texture": "#4"},
				"west": {"uv": [16, 0, 0, 2.38694], "texture": "#4"}
			}
		},
		{
			"name": "hexadecagon",
			"from": [9.23207, -7.11314, -1.24633],
			"to": [10.42555, -6.61314, 14.75367],
			"rotation": {"angle": 22.5, "axis": "z", "origin": [8, 5.84391, 4.37867]},
			"faces": {
				"north": {"uv": [2.38696, 0, 0, 1], "texture": "#4"},
				"south": {"uv": [2.38696, 0, 0, 1], "texture": "#4"},
				"west": {"uv": [16, 0, 0, 1], "texture": "#4"},
				"up": {"uv": [2.38696, 0, 0, 16], "texture": "#4"},
				"down": {"uv": [2.38696, 0, 0, 16], "texture": "#4"}
			}
		},
		{
			"name": "hexadecagon",
			"from": [9.52405, -7.05506, -1.24633],
			"to": [10.71753, -6.55506, 14.75367],
			"rotation": {"angle": -45, "axis": "z", "origin": [8, 5.84391, 4.37867]},
			"faces": {
				"north": {"uv": [0, 0, 2.38696, 1], "texture": "#4"},
				"south": {"uv": [0, 0, 2.38696, 1], "texture": "#4"},
				"up": {"uv": [0, 0, 2.38696, 16], "texture": "#4"},
				"down": {"uv": [0, 0, 2.38696, 16], "texture": "#4"}
			}
		},
		{
			"name": "hexadecagon",
			"from": [16.0125, 10.34864, 6.54082],
			"to": [16.4875, 10.74646, 6.66582],
			"rotation": {"angle": 22.5, "axis": "x", "origin": [8, 5.84391, 4.37867]},
			"faces": {
				"east": {"uv": [0, 0, 0.5, 0.5], "texture": "#3"},
				"south": {"uv": [0, 0, 0.5, 0.5], "texture": "#6"},
				"west": {"uv": [0, 0, 0.5, 0.5], "texture": "#6"}
			}
		},
		{
			"name": "hexadecagon",
			"from": [16.0125, 11.05719, 4.40366],
			"to": [16.4875, 11.45501, 4.65366],
			"rotation": {"angle": 45, "axis": "x", "origin": [8, 5.84391, 4.37867]},
			"faces": {
				"east": {"uv": [0, 0, 0.5, 0.5], "texture": "#3"},
				"south": {"uv": [0, 0, 0.5, 0.5], "texture": "#6"},
				"west": {"uv": [0, 0, 0.5, 0.5], "texture": "#6"}
			}
		},
		{
			"name": "hexadecagon",
			"from": [16.0125, 7.69907, 9.47655],
			"to": [16.4875, 7.82407, 9.87437],
			"rotation": {"angle": -22.5, "axis": "x", "origin": [8, 5.84391, 4.37867]},
			"faces": {
				"east": {"uv": [0, 0, 0.5, 0.5], "texture": "#3"},
				"west": {"uv": [0, 0, 0.5, 0.5], "texture": "#6"},
				"down": {"uv": [0, 0, 0.5, 0.5], "texture": "#6"}
			}
		},
		{
			"name": "hexadecagon",
			"from": [-0.4875, 10.34864, 6.54082],
			"to": [-0.0125, 10.74646, 6.66582],
			"rotation": {"angle": 22.5, "axis": "x", "origin": [8, 5.84391, 4.37867]},
			"faces": {
				"east": {"uv": [0.5, 0, 0, 0.5], "texture": "#6"},
				"south": {"uv": [0.5, 0, 0, 0.5], "texture": "#6"},
				"west": {"uv": [0.5, 0, 0, 0.5], "texture": "#3"}
			}
		},
		{
			"name": "hexadecagon",
			"from": [-0.4875, 11.05719, 4.40366],
			"to": [-0.0125, 11.45501, 4.65366],
			"rotation": {"angle": 45, "axis": "x", "origin": [8, 5.84391, 4.37867]},
			"faces": {
				"east": {"uv": [0.5, 0, 0, 0.5], "texture": "#6"},
				"south": {"uv": [0.5, 0, 0, 0.5], "texture": "#6"},
				"west": {"uv": [0.5, 0, 0, 0.5], "texture": "#3"}
			}
		},
		{
			"name": "hexadecagon",
			"from": [-0.4875, 7.69907, 9.47655],
			"to": [-0.0125, 7.82407, 9.87437],
			"rotation": {"angle": -22.5, "axis": "x", "origin": [8, 5.84391, 4.37867]},
			"faces": {
				"east": {"uv": [0.5, 0, 0, 0.5], "texture": "#6"},
				"west": {"uv": [0.5, 0, 0, 0.5], "texture": "#3"},
				"down": {"uv": [0.5, 0, 0, 0.5], "texture": "#6"}
			}
		},
		{
			"from": [7.26382, 17.2591, 11.75],
			"to": [9.26382, 17.7591, 14.75],
			"rotation": {"angle": -22.5, "axis": "z", "origin": [8, 5.84391, 4.37867]},
			"faces": {
				"north": {"uv": [0, 0, 16, 16], "texture": "#4"},
				"south": {"uv": [0, 0, 16, 16], "texture": "#4"},
				"west": {"uv": [0, 0, 16, 16], "texture": "#4"},
				"up": {"uv": [0, 0, 16, 16], "texture": "#4"},
				"down": {"uv": [0, 0, 16, 16], "texture": "#4"}
			}
		},
		{
			"from": [18.99184, 7.23603, -1.25],
			"to": [19.49184, 9.23603, 14.75],
			"rotation": {"angle": 45, "axis": "z", "origin": [8, 5.84391, 4.37867]},
			"faces": {
				"north": {"uv": [0, 0, 16, 16], "texture": "#4"},
				"east": {"uv": [0, 0, 16, 16], "texture": "#4"},
				"south": {"uv": [0, 0, 16, 16], "texture": "#4"},
				"west": {"uv": [0, 0, 16, 16], "texture": "#4"},
				"up": {"uv": [0, 0, 16, 16], "texture": "#4"}
			}
		},
		{
			"from": [4.12039, 16.63383, 11.75],
			"to": [11.87959, 17.13383, 14.75],
			"rotation": {"angle": 0, "axis": "y", "origin": [8, 5.84391, 4.37867]},
			"faces": {
				"north": {"uv": [0, 0, 16, 16], "texture": "#4"},
				"east": {"uv": [0, 0, 16, 16], "texture": "#4"},
				"south": {"uv": [0, 0, 16, 16], "texture": "#4"},
				"up": {"uv": [0, 0, 16, 16], "texture": "#4"},
				"down": {"uv": [0, 0, 16, 16], "texture": "#4"}
			}
		},
		{
			"from": [6.73618, 17.2591, 11.75],
			"to": [8.73618, 17.7591, 14.75],
			"rotation": {"angle": 22.5, "axis": "z", "origin": [8, 5.84391, 4.37867]},
			"faces": {
				"north": {"uv": [0, 0, 16, 16], "texture": "#4"},
				"south": {"uv": [0, 0, 16, 16], "texture": "#4"},
				"up": {"uv": [0, 0, 16, 16], "texture": "#4"},
				"down": {"uv": [0, 0, 16, 16], "texture": "#4"}
			}
		},
		{
			"from": [-3.49184, 7.23603, -1.25],
			"to": [-2.99184, 9.23603, 14.75],
			"rotation": {"angle": -45, "axis": "z", "origin": [8, 5.84391, 4.37867]},
			"faces": {
				"north": {"uv": [0, 0, 16, 16], "texture": "#4"},
				"east": {"uv": [0, 0, 16, 16], "texture": "#4"},
				"south": {"uv": [0, 0, 16, 16], "texture": "#4"},
				"west": {"uv": [0, 0, 16, 16], "texture": "#4"},
				"up": {"uv": [0, 0, 16, 16], "texture": "#4"}
			}
		},
		{
			"from": [-2.08434, 7.9028, 11.75],
			"to": [-1.58434, 11.5278, 14.75],
			"rotation": {"angle": -22.5, "axis": "z", "origin": [8, 5.84391, 4.37867]},
			"faces": {
				"north": {"uv": [0, 0, 16, 16], "texture": "#4"},
				"east": {"uv": [0, 0, 16, 16], "texture": "#4"},
				"south": {"uv": [0, 0, 16, 16], "texture": "#4"},
				"west": {"uv": [0, 0, 16, 16], "texture": "#4"},
				"down": {"uv": [0, 0, 16, 16], "texture": "#4"}
			}
		},
		{
			"from": [-2.08434, 7.9028, -1.25],
			"to": [-1.58434, 11.5278, 1.75],
			"rotation": {"angle": -22.5, "axis": "z", "origin": [8, 5.84391, -8.62133]},
			"faces": {
				"north": {"uv": [0, 0, 16, 16], "texture": "#4"},
				"east": {"uv": [0, 0, 16, 16], "texture": "#4"},
				"south": {"uv": [0, 0, 16, 16], "texture": "#4"},
				"west": {"uv": [0, 0, 16, 16], "texture": "#4"},
				"down": {"uv": [0, 0, 16, 16], "texture": "#4"}
			}
		},
		{
			"from": [-2.08434, 7.9028, 1.75],
			"to": [-1.58434, 9.0278, 11.75],
			"rotation": {"angle": -22.5, "axis": "z", "origin": [8, 5.84391, 1.37867]},
			"faces": {
				"west": {"uv": [0, 0, 16, 16], "texture": "#4"},
				"up": {"uv": [0, 0, 16, 16], "texture": "#4"},
				"down": {"uv": [0, 0, 16, 16], "texture": "#4"}
			}
		},
		{
			"from": [-2.08434, 9.0278, 1.75],
			"to": [-2.08434, 11.5278, 11.75],
			"rotation": {"angle": -22.5, "axis": "z", "origin": [8, 5.84391, 1.37867]},
			"faces": {
				"east": {"uv": [0, 0, 16, 16], "texture": "#4"},
				"west": {"uv": [0, 0, 16, 16], "texture": "#15"}
			}
		},
		{
			"from": [-1.58434, 9.0278, 1.75],
			"to": [-1.58434, 11.5278, 11.75],
			"rotation": {"angle": -22.5, "axis": "z", "origin": [8.5, 5.84391, 1.37867]},
			"faces": {
				"east": {"uv": [0, 0, 16, 16], "texture": "#4"},
				"west": {"uv": [7, 7, 9, 9], "texture": "#13"}
			}
		},
		{
			"from": [17.58434, 9.0278, 1.75],
			"to": [17.58434, 11.5278, 11.75],
			"rotation": {"angle": 22.5, "axis": "z", "origin": [7.5, 5.84391, 1.37867]},
			"faces": {
				"east": {"uv": [9, 7, 7, 9], "texture": "#13"},
				"west": {"uv": [16, 0, 0, 16], "texture": "#4"}
			}
		},
		{
			"from": [18.08434, 9.0278, 1.75],
			"to": [18.08434, 11.5278, 11.75],
			"rotation": {"angle": 22.5, "axis": "z", "origin": [8, 5.84391, 1.37867]},
			"faces": {
				"east": {"uv": [16, 0, 0, 16], "texture": "#15"},
				"west": {"uv": [16, 0, 0, 16], "texture": "#4"}
			}
		},
		{
			"from": [17.58434, 7.9028, 11.75],
			"to": [18.08434, 11.5278, 14.75],
			"rotation": {"angle": 22.5, "axis": "z", "origin": [8, 5.84391, 4.37867]},
			"faces": {
				"north": {"uv": [16, 0, 0, 16], "texture": "#4"},
				"east": {"uv": [16, 0, 0, 16], "texture": "#4"},
				"south": {"uv": [16, 0, 0, 16], "texture": "#4"},
				"west": {"uv": [16, 0, 0, 16], "texture": "#4"},
				"down": {"uv": [16, 0, 0, 16], "texture": "#4"}
			}
		},
		{
			"from": [17.58434, 7.9028, 1.75],
			"to": [18.08434, 9.0278, 11.75],
			"rotation": {"angle": 22.5, "axis": "z", "origin": [8, 5.84391, 1.37867]},
			"faces": {
				"east": {"uv": [16, 0, 0, 16], "texture": "#4"},
				"up": {"uv": [16, 0, 0, 16], "texture": "#4"},
				"down": {"uv": [16, 0, 0, 16], "texture": "#4"}
			}
		},
		{
			"from": [17.58434, 7.9028, -1.25],
			"to": [18.08434, 11.5278, 1.75],
			"rotation": {"angle": 22.5, "axis": "z", "origin": [8, 5.84391, -8.62133]},
			"faces": {
				"north": {"uv": [16, 0, 0, 16], "texture": "#4"},
				"east": {"uv": [16, 0, 0, 16], "texture": "#4"},
				"south": {"uv": [16, 0, 0, 16], "texture": "#4"},
				"west": {"uv": [16, 0, 0, 16], "texture": "#4"},
				"down": {"uv": [16, 0, 0, 16], "texture": "#4"}
			}
		},
		{
			"from": [4, 15, 0.5],
			"to": [12, 17, 8.5],
			"rotation": {"angle": 0, "axis": "y", "origin": [8, 16, 4.25]},
			"faces": {
				"north": {"uv": [0, 0, 16, 16], "texture": "#11"},
				"east": {"uv": [0, 0, 16, 16], "texture": "#11"},
				"south": {"uv": [0, 0, 0, 0], "texture": "#11"},
				"west": {"uv": [0, 0, 16, 16], "texture": "#11"},
				"up": {"uv": [0, 0, 16, 16], "texture": "#13"}
			}
		}
	],
	"display": {
		"head": {
			"translation": [0, 26, 0],
			"scale": [4, 4, 4]
		}
	},
	"groups": [
		0,
		1,
		2,
		3,
		4,
		5,
		6,
		7,
		8,
		9,
		10,
		11,
		12,
		13,
		14,
		15,
		16,
		17,
		18,
		19,
		20,
		21,
		22,
		23,
		24,
		25,
		26,
		27,
		28,
		29,
		30,
		31,
		32,
		33,
		34,
		35,
		36,
		37,
		38,
		39,
		40,
		41,
		{
			"name": "seat",
			"origin": [-8.5, 1, -3],
			"color": 0,
			"children": [42, 43]
		},
		44,
		45,
		46,
		{
			"name": "seat",
			"origin": [24.5, 1, -3],
			"color": 0,
			"children": [47, 48]
		},
		49,
		50,
		51,
		{
			"name": "grabpole",
			"origin": [-2, -0.50418, 2.50733],
			"color": 0,
			"children": [52, 53, 54, 55, 56, 57, 58]
		},
		{
			"name": "grabpole",
			"origin": [-2, -0.50418, 2.50733],
			"color": 0,
			"children": [59, 60, 61, 62, 63, 64, 65]
		},
		66,
		67,
		68,
		69,
		{
			"name": "hexadecagon",
			"origin": [8, 8, 8],
			"color": 0,
			"children": [70, 71, 72]
		},
		{
			"name": "hexadecagon",
			"origin": [8, 8, 8],
			"color": 0,
			"children": [73, 74, 75]
		},
		76,
		77,
		78,
		79,
		80,
		81,
		82,
		83,
		84,
		85,
		86,
		87,
		88,
		89,
		90,
		91
	]
}