{
	"credit": "Made by Mike Shafter",
	"textures": {
		"3": "block/white_concrete",
		"4": "block/light_gray_concrete",
		"6": "block/stripped_birch_log",
		"7": "block/pink_shulker_box",
		"9": "block/chorus_plant",
		"10": "block/end_portal_frame_top",
		"12": "block/cobbled_deepslate",
		"14": "block/ent_logo",
		"15": "block/white_wool",
		"28": "block/glass",
		"particle": "block/black_stained_glass"
	},
	"elements": [
		{
			"from": [-8, -5, 9],
			"to": [24, -4, 17],
			"rotation": {"angle": 0, "axis": "y", "origin": [0, -5, 13]},
			"faces": {
				"south": {"uv": [0, 0, 14, 1], "texture": "#6"},
				"up": {"uv": [0, 0, 16, 16], "texture": "#6"},
				"down": {"uv": [0, 0, 14, 16], "texture": "#4"}
			}
		},
		{
			"from": [-9, 19.75, -8],
			"to": [-8, 23.75, 17],
			"rotation": {"angle": 0, "axis": "z", "origin": [1, -2, 13]},
			"faces": {
				"north": {"uv": [0, 0, 1, 3.25], "texture": "#3"},
				"east": {"uv": [0, 0, 16, 4], "texture": "#6"},
				"south": {"uv": [0, 0, 0, 0], "texture": "#3"},
				"west": {"uv": [3, 3, 13, 13], "texture": "#7"},
				"down": {"uv": [0, 0, 1, 16], "texture": "#4"}
			}
		},
		{
			"from": [-9, -1, 6],
			"to": [-8, 4, 8],
			"rotation": {"angle": 0, "axis": "z", "origin": [1, -5, 14]},
			"faces": {
				"north": {"uv": [2, 0, 1, 5.25], "texture": "#3"},
				"east": {"uv": [2, 5, 0, 11], "texture": "#6"},
				"west": {"uv": [2, 5, 0, 11], "texture": "#7"}
			}
		},
		{
			"from": [-9, -1, -8],
			"to": [-8, 4, -6],
			"rotation": {"angle": 0, "axis": "z", "origin": [1, -5, 0]},
			"faces": {
				"north": {"uv": [1, 0, 2, 5.25], "texture": "#3"},
				"east": {"uv": [0, 5, 2, 11], "texture": "#6"},
				"south": {"uv": [1, 0, 2, 5.25], "texture": "#3"},
				"west": {"uv": [0, 5, 2, 11], "texture": "#7"}
			}
		},
		{
			"from": [-9.001, 6.75, 6.5],
			"to": [-9.001, 16.75, 17],
			"rotation": {"angle": 0, "axis": "z", "origin": [1, -2, 14]},
			"faces": {
				"west": {"uv": [0, 0, 16, 16], "texture": "#14"}
			}
		},
		{
			"from": [24, 19.75, -8],
			"to": [25, 23.75, 17],
			"rotation": {"angle": 0, "axis": "z", "origin": [15, -2, 13]},
			"faces": {
				"north": {"uv": [1, 0, 2, 3.25], "texture": "#3"},
				"east": {"uv": [3, 3, 13, 13], "texture": "#7"},
				"south": {"uv": [0, 0, 0, 0], "texture": "#3"},
				"west": {"uv": [0, 0, 16, 4], "texture": "#6"},
				"down": {"uv": [1, 0, 2, 16], "texture": "#4"}
			}
		},
		{
			"from": [-9, -1, 8],
			"to": [-8, 4, 17],
			"rotation": {"angle": 0, "axis": "z", "origin": [8, 11.1147, 1]},
			"faces": {
				"east": {"uv": [16, 0, 0, 5.25], "texture": "#6"},
				"south": {"uv": [0, 0, 0, 0], "texture": "#3"},
				"west": {"uv": [13, 3, 3, 13], "texture": "#7"}
			}
		},
		{
			"from": [-9, 4, -8],
			"to": [-8, 19.75, -6],
			"rotation": {"angle": 0, "axis": "y", "origin": [16, -5, 0]},
			"faces": {
				"north": {"uv": [0, 0, 1, 12.75], "texture": "#3"},
				"east": {"uv": [0, 0, 16, 15.75], "texture": "#6"},
				"south": {"uv": [0, 0, 1, 12.75], "texture": "#3"},
				"west": {"uv": [0, 0, 2, 12.75], "texture": "#3"}
			}
		},
		{
			"from": [-8, -4, -8],
			"to": [2, 23.25, -7],
			"rotation": {"angle": 0, "axis": "y", "origin": [16, -5, 0]},
			"faces": {
				"north": {"uv": [0, 0, 16, 16], "texture": "#6"},
				"east": {"uv": [0, 0, 16, 16], "texture": "#6"},
				"south": {"uv": [0, 0, 16, 16], "texture": "#6"},
				"up": {"uv": [0, 0, 16, 16], "texture": "#6"}
			}
		},
		{
			"from": [-8, -4, 6],
			"to": [2, 23.25, 7],
			"rotation": {"angle": 0, "axis": "y", "origin": [16, -5, 3]},
			"faces": {
				"north": {"uv": [0, 0, 16, 16], "texture": "#6"},
				"east": {"uv": [0, 0, 16, 16], "texture": "#6"},
				"south": {"uv": [0, 0, 16, 16], "texture": "#6"},
				"up": {"uv": [0, 0, 16, 16], "texture": "#6"}
			}
		},
		{
			"from": [2, -4, 6.375],
			"to": [12, 23.25, 6.625],
			"rotation": {"angle": 0, "axis": "y", "origin": [16, -5, 3]},
			"faces": {
				"north": {"uv": [0, 0, 16, 16], "texture": "#28"},
				"south": {"uv": [0, 0, 16, 16], "texture": "#28"}
			}
		},
		{
			"from": [-8, -4, 15],
			"to": [2, 23.25, 16],
			"rotation": {"angle": 0, "axis": "y", "origin": [16, -5, 3]},
			"faces": {
				"north": {"uv": [0, 0, 16, 16], "texture": "#6"},
				"east": {"uv": [0, 0, 16, 16], "texture": "#6"},
				"south": {"uv": [0, 0, 16, 16], "texture": "#6"},
				"up": {"uv": [0, 0, 16, 16], "texture": "#6"}
			}
		},
		{
			"from": [-8, 9, 7],
			"to": [2, 10.25, 15],
			"rotation": {"angle": 0, "axis": "y", "origin": [16, -5, 3]},
			"faces": {
				"east": {"uv": [0, 0, 16, 16], "texture": "#6"},
				"up": {"uv": [0, 0, 16, 16], "texture": "#6"},
				"down": {"uv": [0, 0, 16, 16], "texture": "#6"}
			}
		},
		{
			"from": [-8, 18, 7],
			"to": [2, 19, 15],
			"rotation": {"angle": 0, "axis": "y", "origin": [16, -5, 3]},
			"faces": {
				"east": {"uv": [0, 0, 16, 16], "texture": "#28"},
				"up": {"uv": [0, 0, 16, 16], "texture": "#28"},
				"down": {"uv": [0, 0, 16, 16], "texture": "#28"}
			}
		},
		{
			"from": [-9, 4, 6],
			"to": [-8, 19.75, 17],
			"rotation": {"angle": 0, "axis": "y", "origin": [16, -5, 13]},
			"faces": {
				"north": {"uv": [1, 0, 0, 12.75], "texture": "#3"},
				"east": {"uv": [16, 0, 0, 15.75], "texture": "#6"},
				"south": {"uv": [0, 0, 0, 0], "texture": "#3"},
				"west": {"uv": [2, 0, 0, 12.75], "texture": "#3"}
			}
		},
		{
			"from": [-9, -4, 6],
			"to": [-8, -1, 17],
			"rotation": {"angle": 0, "axis": "z", "origin": [8, 11.1147, -7]},
			"faces": {
				"north": {"uv": [1, 0, 0, 4], "texture": "#3"},
				"east": {"uv": [16, 0, 0, 4], "texture": "#6"},
				"south": {"uv": [0, 0, 0, 0], "texture": "#3"},
				"west": {"uv": [16, 0, 0, 4], "texture": "#4"}
			}
		},
		{
			"from": [-9, -4, -8],
			"to": [-8, -1, -6],
			"rotation": {"angle": 0, "axis": "z", "origin": [8, 11.1147, 20]},
			"faces": {
				"north": {"uv": [0, 0, 0, 0], "texture": "#3"},
				"east": {"uv": [0, 0, 16, 4], "texture": "#6"},
				"south": {"uv": [0, 0, 1, 4], "texture": "#3"},
				"west": {"uv": [0, 0, 16, 4], "texture": "#4"}
			}
		},
		{
			"from": [24, 4, 6],
			"to": [25, 19.75, 17],
			"rotation": {"angle": 0, "axis": "y", "origin": [0, -5, 13]},
			"faces": {
				"north": {"uv": [0, 0, 1, 12.75], "texture": "#3"},
				"east": {"uv": [0, 0, 2, 12.75], "texture": "#3"},
				"south": {"uv": [0, 0, 0, 0], "texture": "#3"},
				"west": {"uv": [0, 0, 16, 15.75], "texture": "#6"}
			}
		},
		{
			"from": [25.001, 6.75, 6.5],
			"to": [25.001, 16.75, 17],
			"rotation": {"angle": 0, "axis": "z", "origin": [15, -2, 14]},
			"faces": {
				"east": {"uv": [0, 0, 16, 16], "texture": "#14"}
			}
		},
		{
			"from": [24, 4, -8],
			"to": [25, 19.75, -6],
			"rotation": {"angle": 0, "axis": "y", "origin": [0, -5, 0]},
			"faces": {
				"north": {"uv": [1, 0, 0, 12.75], "texture": "#3"},
				"east": {"uv": [2, 0, 0, 12.75], "texture": "#3"},
				"south": {"uv": [1, 0, 0, 12.75], "texture": "#3"},
				"west": {"uv": [16, 0, 0, 15.75], "texture": "#6"}
			}
		},
		{
			"from": [24, -1, -8],
			"to": [25, 4, -6],
			"rotation": {"angle": 0, "axis": "z", "origin": [15, -5, 0]},
			"faces": {
				"north": {"uv": [2, 0, 1, 5.25], "texture": "#3"},
				"east": {"uv": [2, 5, 0, 11], "texture": "#7"},
				"south": {"uv": [2, 0, 1, 5.25], "texture": "#3"},
				"west": {"uv": [2, 5, 0, 11], "texture": "#6"}
			}
		},
		{
			"from": [24, -4, -8],
			"to": [25, -1, -6],
			"rotation": {"angle": 0, "axis": "z", "origin": [8, 11.1147, 20]},
			"faces": {
				"north": {"uv": [0, 0, 0, 0], "texture": "#3"},
				"east": {"uv": [16, 0, 0, 4], "texture": "#4"},
				"south": {"uv": [1, 0, 0, 4], "texture": "#3"},
				"west": {"uv": [16, 0, 0, 4], "texture": "#6"}
			}
		},
		{
			"from": [24, -4, 6],
			"to": [25, -1, 17],
			"rotation": {"angle": 0, "axis": "z", "origin": [8, 11.1147, -7]},
			"faces": {
				"north": {"uv": [0, 0, 1, 4], "texture": "#3"},
				"east": {"uv": [0, 0, 16, 4], "texture": "#4"},
				"south": {"uv": [0, 0, 0, 0], "texture": "#3"},
				"west": {"uv": [0, 0, 16, 4], "texture": "#6"}
			}
		},
		{
			"from": [24, -1, 8],
			"to": [25, 4, 17],
			"rotation": {"angle": 0, "axis": "z", "origin": [8, 11.1147, 1]},
			"faces": {
				"east": {"uv": [3, 3, 13, 13], "texture": "#7"},
				"south": {"uv": [0, 0, 0, 0], "texture": "#3"},
				"west": {"uv": [0, 0, 16, 5.25], "texture": "#6"}
			}
		},
		{
			"from": [24, -1, 6],
			"to": [25, 4, 8],
			"rotation": {"angle": 0, "axis": "z", "origin": [15, -5, 14]},
			"faces": {
				"north": {"uv": [1, 0, 2, 5.25], "texture": "#3"},
				"east": {"uv": [0, 5, 2, 11], "texture": "#7"},
				"west": {"uv": [0, 5, 2, 11], "texture": "#6"}
			}
		},
		{
			"from": [-8, -5, -8],
			"to": [24, -4, 9],
			"rotation": {"angle": 0, "axis": "y", "origin": [8, 11.1147, -7]},
			"faces": {
				"north": {"uv": [14, 0, 0, 1], "texture": "#4"},
				"up": {"uv": [0, 16, 14, 0], "texture": "#6"},
				"down": {"uv": [0, 16, 14, 0], "texture": "#4"}
			}
		},
		{
			"name": "hexadecagon",
			"from": [-5.68494, 25.86614, -8],
			"to": [-3.43494, 27.36614, 17],
			"rotation": {"angle": 45, "axis": "z", "origin": [-5.28712, 23.86614, -1]},
			"faces": {
				"north": {"uv": [0, 0, 2.25, 1.5], "texture": "#3"},
				"east": {"uv": [0, 0, 16, 1.5], "texture": "#3"},
				"south": {"uv": [0, 0, 2.25, 1.5], "texture": "#3"},
				"west": {"uv": [0, 0, 16, 1.5], "texture": "#3"},
				"up": {"uv": [0, 0, 2.25, 16], "texture": "#3"},
				"down": {"uv": [0, 0, 2.25, 16], "texture": "#3"}
			}
		},
		{
			"name": "hexadecagon",
			"from": [-6.29124, 26.341, -8],
			"to": [-4.29124, 27.841, 17],
			"rotation": {"angle": 22.5, "axis": "z", "origin": [-5.89342, 27.341, -1]},
			"faces": {
				"north": {"uv": [0, 0, 2, 1.5], "texture": "#3"},
				"south": {"uv": [0, 0, 2, 1.5], "texture": "#3"},
				"up": {"uv": [0, 0, 2, 16], "texture": "#3"},
				"down": {"uv": [0, 0, 2, 16], "texture": "#3"}
			}
		},
		{
			"from": [-8.4162, 23.43496, -8],
			"to": [-6.9162, 25.93496, 17],
			"rotation": {"angle": -22.5, "axis": "z", "origin": [-7.9162, 25.05996, -1]},
			"faces": {
				"north": {"uv": [0, 0, 1.5, 2.5], "texture": "#3"},
				"east": {"uv": [0, 0, 16, 2.5], "texture": "#3"},
				"south": {"uv": [0, 0, 1.5, 2.5], "texture": "#3"},
				"west": {"uv": [0, 0, 16, 2.5], "texture": "#3"},
				"up": {"uv": [0, 0, 1.5, 16], "texture": "#3"},
				"down": {"uv": [0, 0, 1.5, 16], "texture": "#3"}
			}
		},
		{
			"name": "hexadecagon",
			"from": [19.43494, 25.86614, -8],
			"to": [21.68494, 27.36614, 17],
			"rotation": {"angle": -45, "axis": "z", "origin": [21.28712, 23.86614, -1]},
			"faces": {
				"north": {"uv": [0, 0, 2.25, 1.5], "texture": "#3"},
				"east": {"uv": [0, 0, 16, 1.5], "texture": "#3"},
				"south": {"uv": [0, 0, 2.25, 1.5], "texture": "#3"},
				"west": {"uv": [0, 0, 16, 1.5], "texture": "#3"},
				"up": {"uv": [0, 0, 2.25, 16], "texture": "#3"},
				"down": {"uv": [0, 0, 2.25, 16], "texture": "#3"}
			}
		},
		{
			"name": "hexadecagon",
			"from": [20.29124, 26.341, -8],
			"to": [22.29124, 27.841, 17],
			"rotation": {"angle": -22.5, "axis": "z", "origin": [21.89342, 27.341, -1]},
			"faces": {
				"north": {"uv": [0, 0, 2, 1.5], "texture": "#3"},
				"south": {"uv": [0, 0, 2, 1.5], "texture": "#3"},
				"west": {"uv": [0, 0, 16, 1.5], "texture": "#3"},
				"up": {"uv": [0, 0, 2, 16], "texture": "#3"},
				"down": {"uv": [0, 0, 2, 16], "texture": "#3"}
			}
		},
		{
			"from": [22.9162, 23.43496, -8],
			"to": [24.4162, 25.93496, 17],
			"rotation": {"angle": 22.5, "axis": "z", "origin": [23.9162, 25.05996, -1]},
			"faces": {
				"north": {"uv": [0, 0, 1.5, 2.5], "texture": "#3"},
				"east": {"uv": [0, 0, 16, 2.5], "texture": "#3"},
				"south": {"uv": [0, 0, 1.5, 2.5], "texture": "#3"},
				"west": {"uv": [0, 0, 16, 2.5], "texture": "#3"},
				"up": {"uv": [0, 0, 1.5, 16], "texture": "#3"},
				"down": {"uv": [0, 0, 1.5, 16], "texture": "#3"}
			}
		},
		{
			"from": [-4.60454, 26.91606, -8],
			"to": [20.59546, 28.41606, 17],
			"rotation": {"angle": 0, "axis": "y", "origin": [7.89546, 27.79106, -30]},
			"faces": {
				"north": {"uv": [0, 0, 16, 1.5], "texture": "#3"},
				"east": {"uv": [0, 0, 16, 1.5], "texture": "#3"},
				"south": {"uv": [0, 0, 16, 1.5], "texture": "#3"},
				"up": {"uv": [0, 0, 16, 16], "texture": "#3"},
				"down": {"uv": [0, 0, 16, 16], "texture": "#3"}
			}
		},
		{
			"name": "connector",
			"from": [-8, -5.75, -11],
			"to": [-7, 23.25, -8],
			"rotation": {"angle": 0, "axis": "z", "origin": [8, 10.8647, -7]},
			"faces": {
				"north": {"uv": [0, 0, 1, 16], "texture": "#12"},
				"east": {"uv": [0, 0, 6, 16], "texture": "#12"},
				"south": {"uv": [0, 0, 1, 16], "texture": "#12"},
				"west": {"uv": [0, 0, 6, 16], "texture": "#15"}
			}
		},
		{
			"name": "connector",
			"from": [23, -5.75, -11],
			"to": [24, 23.25, -8],
			"rotation": {"angle": 0, "axis": "z", "origin": [8, 10.8647, -7]},
			"faces": {
				"north": {"uv": [0, 0, 1, 16], "texture": "#12"},
				"east": {"uv": [0, 0, 6, 16], "texture": "#15"},
				"south": {"uv": [0, 0, 1, 16], "texture": "#12"},
				"west": {"uv": [0, 0, 6, 16], "texture": "#12"}
			}
		},
		{
			"name": "connector",
			"from": [-4.68494, 25.86614, -11],
			"to": [-2.43494, 26.86614, -8],
			"rotation": {"angle": 45, "axis": "z", "origin": [-4.28712, 23.36614, -7]},
			"faces": {
				"north": {"uv": [0, 0, 2.25, 1], "texture": "#12"},
				"east": {"uv": [0, 0, 6, 1], "texture": "#12"},
				"south": {"uv": [0, 0, 2.25, 1], "texture": "#12"},
				"west": {"uv": [0, 0, 6, 1], "texture": "#12"},
				"up": {"uv": [0, 0, 2.25, 6], "texture": "#15"},
				"down": {"uv": [0, 0, 2.25, 6], "texture": "#12"}
			}
		},
		{
			"name": "connector",
			"from": [-5.29124, 26.341, -11],
			"to": [-3.29124, 27.341, -8],
			"rotation": {"angle": 22.5, "axis": "z", "origin": [-4.89342, 26.841, -7]},
			"faces": {
				"north": {"uv": [0, 0, 2, 1], "texture": "#12"},
				"south": {"uv": [0, 0, 2, 1], "texture": "#12"},
				"up": {"uv": [0, 0, 2, 6], "texture": "#15"},
				"down": {"uv": [0, 0, 2, 6], "texture": "#12"}
			}
		},
		{
			"name": "connector",
			"from": [-7.4162, 22.93496, -11],
			"to": [-6.4162, 25.43496, -8],
			"rotation": {"angle": -22.5, "axis": "z", "origin": [-6.9162, 24.55996, -7]},
			"faces": {
				"north": {"uv": [0, 0, 1, 2.5], "texture": "#12"},
				"east": {"uv": [0, 0, 6, 2.5], "texture": "#12"},
				"south": {"uv": [0, 0, 1, 2.5], "texture": "#12"},
				"west": {"uv": [0, 0, 6, 2.5], "texture": "#15"},
				"up": {"uv": [0, 0, 1, 6], "texture": "#12"}
			}
		},
		{
			"name": "connector",
			"from": [22.4162, 22.93496, -11],
			"to": [23.4162, 25.43496, -8],
			"rotation": {"angle": 22.5, "axis": "z", "origin": [22.9162, 24.55996, -7]},
			"faces": {
				"north": {"uv": [0, 0, 1, 2.5], "texture": "#12"},
				"east": {"uv": [0, 0, 6, 2.5], "texture": "#15"},
				"south": {"uv": [0, 0, 1, 2.5], "texture": "#12"},
				"west": {"uv": [0, 0, 6, 2.5], "texture": "#12"},
				"up": {"uv": [0, 0, 1, 6], "texture": "#12"}
			}
		},
		{
			"name": "connector",
			"from": [18.43494, 25.86614, -11],
			"to": [20.68494, 26.86614, -8],
			"rotation": {"angle": -45, "axis": "z", "origin": [20.28712, 23.36614, -7]},
			"faces": {
				"north": {"uv": [0, 0, 2.25, 1], "texture": "#12"},
				"east": {"uv": [0, 0, 6, 1], "texture": "#12"},
				"south": {"uv": [0, 0, 2.25, 1], "texture": "#12"},
				"west": {"uv": [0, 0, 6, 1], "texture": "#12"},
				"up": {"uv": [0, 0, 2.25, 6], "texture": "#15"},
				"down": {"uv": [0, 0, 2.25, 6], "texture": "#12"}
			}
		},
		{
			"name": "connector",
			"from": [19.29124, 26.341, -11],
			"to": [21.29124, 27.341, -8],
			"rotation": {"angle": -22.5, "axis": "z", "origin": [20.89342, 26.841, -7]},
			"faces": {
				"north": {"uv": [0, 0, 2, 1], "texture": "#12"},
				"south": {"uv": [0, 0, 2, 1], "texture": "#12"},
				"west": {"uv": [0, 0, 6, 1], "texture": "#12"},
				"up": {"uv": [0, 0, 2, 6], "texture": "#15"},
				"down": {"uv": [0, 0, 2, 6], "texture": "#12"}
			}
		},
		{
			"name": "connector",
			"from": [-3.60454, 26.91606, -11],
			"to": [19.59546, 27.91606, -8],
			"rotation": {"angle": 0, "axis": "y", "origin": [7.89546, 27.79106, -36]},
			"faces": {
				"north": {"uv": [0, 0, 16, 1], "texture": "#12"},
				"east": {"uv": [0, 0, 6, 1], "texture": "#12"},
				"up": {"uv": [0, 0, 16, 6], "texture": "#15"},
				"down": {"uv": [0, 0, 16, 6], "texture": "#12"}
			}
		},
		{
			"name": "connector",
			"from": [-4.68494, -9.36614, -11],
			"to": [-2.43494, -8.36614, -8],
			"rotation": {"angle": -45, "axis": "z", "origin": [-4.28712, -5.86614, -7]},
			"faces": {
				"north": {"uv": [0, 0, 2.25, 1], "texture": "#12"},
				"east": {"uv": [0, 0, 6, 1], "texture": "#12"},
				"south": {"uv": [0, 0, 2.25, 1], "texture": "#12"},
				"west": {"uv": [0, 0, 6, 1], "texture": "#12"},
				"up": {"uv": [0, 0, 2.25, 6], "texture": "#12"},
				"down": {"uv": [0, 0, 2.25, 6], "texture": "#15"}
			}
		},
		{
			"name": "connector",
			"from": [-5.29124, -9.841, -11],
			"to": [-3.29124, -8.841, -8],
			"rotation": {"angle": -22.5, "axis": "z", "origin": [-4.89342, -9.341, -7]},
			"faces": {
				"north": {"uv": [0, 0, 2, 1], "texture": "#12"},
				"south": {"uv": [0, 0, 2, 1], "texture": "#12"},
				"up": {"uv": [0, 0, 2, 6], "texture": "#12"},
				"down": {"uv": [0, 0, 2, 6], "texture": "#15"}
			}
		},
		{
			"name": "connector",
			"from": [-7.4162, -7.93496, -11],
			"to": [-6.4162, -5.43496, -8],
			"rotation": {"angle": 22.5, "axis": "z", "origin": [-6.9162, -7.05996, -7]},
			"faces": {
				"north": {"uv": [0, 0, 1, 2.5], "texture": "#12"},
				"east": {"uv": [0, 0, 6, 2.5], "texture": "#12"},
				"south": {"uv": [0, 0, 1, 2.5], "texture": "#12"},
				"west": {"uv": [0, 0, 6, 2.5], "texture": "#15"},
				"down": {"uv": [0, 0, 1, 6], "texture": "#12"}
			}
		},
		{
			"name": "connector",
			"from": [22.4162, -7.93496, -11],
			"to": [23.4162, -5.43496, -8],
			"rotation": {"angle": -22.5, "axis": "z", "origin": [22.9162, -7.05996, -7]},
			"faces": {
				"north": {"uv": [0, 0, 1, 2.5], "texture": "#12"},
				"east": {"uv": [0, 0, 6, 2.5], "texture": "#15"},
				"south": {"uv": [0, 0, 1, 2.5], "texture": "#12"},
				"west": {"uv": [0, 0, 6, 2.5], "texture": "#12"},
				"down": {"uv": [0, 0, 1, 6], "texture": "#12"}
			}
		},
		{
			"name": "connector",
			"from": [18.43494, -9.36614, -11],
			"to": [20.68494, -8.36614, -8],
			"rotation": {"angle": 45, "axis": "z", "origin": [20.28712, -5.86614, -7]},
			"faces": {
				"north": {"uv": [0, 0, 2.25, 1], "texture": "#12"},
				"east": {"uv": [0, 0, 6, 1], "texture": "#12"},
				"south": {"uv": [0, 0, 2.25, 1], "texture": "#12"},
				"west": {"uv": [0, 0, 6, 1], "texture": "#12"},
				"up": {"uv": [0, 0, 2.25, 6], "texture": "#12"},
				"down": {"uv": [0, 0, 2.25, 6], "texture": "#15"}
			}
		},
		{
			"name": "connector",
			"from": [19.29124, -9.841, -11],
			"to": [21.29124, -8.841, -8],
			"rotation": {"angle": 22.5, "axis": "z", "origin": [20.89342, -9.341, -7]},
			"faces": {
				"north": {"uv": [0, 0, 2, 1], "texture": "#12"},
				"south": {"uv": [0, 0, 2, 1], "texture": "#12"},
				"west": {"uv": [0, 0, 6, 1], "texture": "#12"},
				"up": {"uv": [0, 0, 2, 6], "texture": "#12"},
				"down": {"uv": [0, 0, 2, 6], "texture": "#15"}
			}
		},
		{
			"name": "connector",
			"from": [-3.60454, -10.41606, -11],
			"to": [19.59546, -9.41606, -8],
			"rotation": {"angle": 0, "axis": "y", "origin": [7.89546, -10.29106, -36]},
			"faces": {
				"north": {"uv": [0, 0, 16, 1], "texture": "#12"},
				"east": {"uv": [0, 0, 6, 1], "texture": "#12"},
				"south": {"uv": [0, 0, 16, 1], "texture": "#12"},
				"up": {"uv": [0, 0, 16, 6], "texture": "#12"},
				"down": {"uv": [0, 0, 16, 6], "texture": "#15"}
			}
		},
		{
			"name": "connector",
			"from": [-7.10454, -4, -11],
			"to": [23.09546, -3.5, -8],
			"rotation": {"angle": 0, "axis": "y", "origin": [7.89546, -10.29106, -36]},
			"faces": {
				"north": {"uv": [0, 0, 16, 0.5], "texture": "#12"},
				"south": {"uv": [0, 0, 16, 0.5], "texture": "#12"},
				"up": {"uv": [0, 0, 16, 6], "texture": "#12"},
				"down": {"uv": [0, 0, 16, 6], "texture": "#12"}
			}
		},
		{
			"name": "connector",
			"from": [-7.10454, 23, -11],
			"to": [23.09546, 23.5, -8],
			"rotation": {"angle": 0, "axis": "y", "origin": [7.89546, -10.29106, -36]},
			"faces": {
				"north": {"uv": [0, 0, 16, 0.5], "texture": "#12"},
				"south": {"uv": [0, 0, 16, 0.5], "texture": "#12"},
				"up": {"uv": [0, 0, 16, 6], "texture": "#12"},
				"down": {"uv": [0, 0, 16, 6], "texture": "#12"}
			}
		},
		{
			"name": "connector",
			"from": [14.39546, -3.5, -11],
			"to": [15.09546, 23, -8],
			"rotation": {"angle": 0, "axis": "y", "origin": [7.89546, -10.29106, -36]},
			"faces": {
				"north": {"uv": [0, 0, 0.7, 16], "texture": "#12"},
				"east": {"uv": [0, 0, 6, 16], "texture": "#12"},
				"west": {"uv": [0, 0, 6, 16], "texture": "#12"}
			}
		},
		{
			"name": "connector",
			"from": [0.90454, -3.5, -11],
			"to": [1.60454, 23, -8],
			"rotation": {"angle": 0, "axis": "y", "origin": [8.10454, -10.29106, -36]},
			"faces": {
				"north": {"uv": [0.7, 0, 0, 16], "texture": "#12"},
				"east": {"uv": [6, 0, 0, 16], "texture": "#12"},
				"west": {"uv": [6, 0, 0, 16], "texture": "#12"}
			}
		},
		{
			"from": [-9, -6, -8],
			"to": [-8, -4, 17],
			"rotation": {"angle": 0, "axis": "y", "origin": [8, 11.26613, 8]},
			"faces": {
				"north": {"uv": [0, 0, 2, 1], "rotation": 270, "texture": "#3"},
				"east": {"uv": [0, 0, 2, 16], "rotation": 270, "texture": "#4"},
				"south": {"uv": [0, 0, 2, 1], "rotation": 270, "texture": "#4"},
				"west": {"uv": [0, 0, 2, 16], "rotation": 270, "texture": "#4"},
				"up": {"uv": [0, 0, 16, 1], "rotation": 270, "texture": "#4"},
				"down": {"uv": [0, 0, 16, 1], "rotation": 270, "texture": "#4"}
			}
		},
		{
			"from": [24, -6, -8],
			"to": [25, -4, 17],
			"rotation": {"angle": 0, "axis": "y", "origin": [8, 11.26613, 8]},
			"faces": {
				"north": {"uv": [0, 0, 2, 1], "rotation": 270, "texture": "#3"},
				"east": {"uv": [0, 0, 2, 16], "rotation": 270, "texture": "#4"},
				"south": {"uv": [0, 0, 2, 1], "rotation": 270, "texture": "#4"},
				"west": {"uv": [0, 0, 2, 16], "rotation": 270, "texture": "#4"},
				"up": {"uv": [0, 0, 16, 1], "rotation": 270, "texture": "#4"},
				"down": {"uv": [0, 0, 16, 1], "rotation": 270, "texture": "#4"}
			}
		},
		{
			"name": "hexadecagon",
			"from": [-4.19348, -10.80652, -8],
			"to": [-1.80652, -9.80652, 17],
			"rotation": {"angle": -45, "axis": "z", "origin": [-3, -4.80652, 24]},
			"faces": {
				"north": {"uv": [0, 0, 2.38696, 1], "texture": "#3"},
				"south": {"uv": [0, 0, 2.38696, 1], "texture": "#4"},
				"up": {"uv": [0, 0, 2.38696, 16], "texture": "#4"},
				"down": {"uv": [0, 0, 2.38696, 16], "texture": "#4"}
			}
		},
		{
			"name": "hexadecagon",
			"from": [17.80652, -10.80652, -8],
			"to": [20.19348, -9.80652, 17],
			"rotation": {"angle": 45, "axis": "z", "origin": [19, -4.80652, 24]},
			"faces": {
				"north": {"uv": [0, 0, 2.38696, 1], "texture": "#3"},
				"south": {"uv": [0, 0, 2.38696, 1], "texture": "#4"},
				"up": {"uv": [0, 0, 2.38696, 16], "texture": "#4"},
				"down": {"uv": [0, 0, 2.38696, 16], "texture": "#4"}
			}
		},
		{
			"name": "hexadecagon",
			"from": [-4.19348, -10.80652, -8],
			"to": [-1.80652, -9.80652, 17],
			"rotation": {"angle": -22.5, "axis": "z", "origin": [-3, -4.80652, 24]},
			"faces": {
				"north": {"uv": [0, 0, 2.38696, 1], "texture": "#3"},
				"east": {"uv": [0, 0, 16, 1], "texture": "#4"},
				"south": {"uv": [0, 0, 2.38696, 1], "texture": "#4"},
				"up": {"uv": [0, 0, 2.38696, 16], "texture": "#4"},
				"down": {"uv": [0, 0, 2.38696, 16], "texture": "#4"}
			}
		},
		{
			"name": "hexadecagon",
			"from": [-9, -6, -8],
			"to": [-8, -3.61306, 17],
			"rotation": {"angle": 22.5, "axis": "z", "origin": [-3, -4.80652, 24]},
			"faces": {
				"north": {"uv": [0, 0, 1, 2.38694], "texture": "#3"},
				"east": {"uv": [0, 0, 16, 2.38694], "texture": "#4"},
				"south": {"uv": [0, 0, 1, 2.38694], "texture": "#4"},
				"west": {"uv": [0, 0, 16, 2.38694], "texture": "#4"},
				"up": {"uv": [0, 0, 1, 16], "texture": "#4"}
			}
		},
		{
			"name": "hexadecagon",
			"from": [17.80652, -10.80652, -8],
			"to": [20.19348, -9.80652, 17],
			"rotation": {"angle": 22.5, "axis": "z", "origin": [19, -4.80652, 24]},
			"faces": {
				"north": {"uv": [0, 0, 2.38696, 1], "texture": "#3"},
				"south": {"uv": [0, 0, 2.38696, 1], "texture": "#4"},
				"west": {"uv": [0, 0, 16, 1], "texture": "#4"},
				"up": {"uv": [0, 0, 2.38696, 16], "texture": "#4"},
				"down": {"uv": [0, 0, 2.38696, 16], "texture": "#4"}
			}
		},
		{
			"name": "hexadecagon",
			"from": [24, -6, -8],
			"to": [25, -3.61306, 17],
			"rotation": {"angle": -22.5, "axis": "z", "origin": [19, -4.80652, 24]},
			"faces": {
				"north": {"uv": [0, 0, 1, 2.38694], "texture": "#3"},
				"east": {"uv": [0, 0, 16, 2.38694], "texture": "#4"},
				"south": {"uv": [0, 0, 1, 2.38694], "texture": "#4"},
				"west": {"uv": [0, 0, 16, 2.38694], "texture": "#4"},
				"up": {"uv": [0, 0, 1, 16], "texture": "#4"}
			}
		},
		{
			"from": [12, -4, 6],
			"to": [24, 23.25, 7],
			"rotation": {"angle": 0, "axis": "y", "origin": [0, -5, 3]},
			"faces": {
				"north": {"uv": [16, 0, 0, 16], "texture": "#6"},
				"south": {"uv": [16, 0, 0, 16], "texture": "#6"},
				"west": {"uv": [16, 0, 0, 16], "texture": "#6"},
				"up": {"uv": [16, 0, 0, 16], "texture": "#6"}
			}
		},
		{
			"from": [12, 7.75, 7.5],
			"to": [12.25, 8, 8.5],
			"rotation": {"angle": 0, "axis": "y", "origin": [0, -5, 3]},
			"faces": {
				"north": {"uv": [0, 0, 0.25, 0.25], "texture": "#4"},
				"east": {"uv": [0, 0, 1, 0.25], "texture": "#4"},
				"south": {"uv": [0, 0, 0.25, 0.25], "texture": "#4"},
				"west": {"uv": [0, 0, 1, 0.25], "texture": "#4"},
				"up": {"uv": [0, 0, 0.25, 1], "texture": "#4"},
				"down": {"uv": [0, 0, 0.25, 1], "texture": "#4"}
			}
		},
		{
			"from": [12.25, 7.75, 7.5],
			"to": [12.5, 8, 7.75],
			"rotation": {"angle": 0, "axis": "y", "origin": [0, -5, 3]},
			"faces": {
				"north": {"uv": [0, 0, 0.25, 0.25], "texture": "#4"},
				"south": {"uv": [0, 0, 0.25, 0.25], "texture": "#4"},
				"up": {"uv": [0, 0, 0.25, 0.25], "texture": "#4"},
				"down": {"uv": [0, 0, 0.25, 0.25], "texture": "#4"}
			}
		},
		{
			"from": [13, 7.75, 7.5],
			"to": [13.25, 8, 7.75],
			"rotation": {"angle": 0, "axis": "y", "origin": [16, -5, 3]},
			"faces": {
				"north": {"uv": [0.25, 0, 0, 0.25], "texture": "#4"},
				"south": {"uv": [0.25, 0, 0, 0.25], "texture": "#4"},
				"up": {"uv": [0.25, 0, 0, 0.25], "texture": "#4"},
				"down": {"uv": [0.25, 0, 0, 0.25], "texture": "#4"}
			}
		},
		{
			"from": [13.25, 7.75, 7.5],
			"to": [13.5, 8, 8.5],
			"rotation": {"angle": 0, "axis": "y", "origin": [16, -5, 3]},
			"faces": {
				"north": {"uv": [0.25, 0, 0, 0.25], "texture": "#4"},
				"east": {"uv": [1, 0, 0, 0.25], "texture": "#4"},
				"south": {"uv": [0.25, 0, 0, 0.25], "texture": "#4"},
				"west": {"uv": [1, 0, 0, 0.25], "texture": "#4"},
				"up": {"uv": [0.25, 0, 0, 1], "texture": "#4"},
				"down": {"uv": [0.25, 0, 0, 1], "texture": "#4"}
			}
		},
		{
			"from": [12.5, -4, 7],
			"to": [13, 23.25, 15],
			"rotation": {"angle": 0, "axis": "y", "origin": [0, -5, 3]},
			"faces": {
				"east": {"uv": [0, 0, 8, 16], "texture": "#3"},
				"west": {"uv": [0, 0, 8, 16], "texture": "#3"}
			}
		},
		{
			"from": [12, -4, 15],
			"to": [24, 23.25, 16],
			"rotation": {"angle": 0, "axis": "y", "origin": [0, -5, 3]},
			"faces": {
				"north": {"uv": [16, 0, 0, 16], "texture": "#6"},
				"south": {"uv": [16, 0, 0, 16], "texture": "#6"},
				"west": {"uv": [16, 0, 0, 16], "texture": "#6"},
				"up": {"uv": [16, 0, 0, 16], "texture": "#6"}
			}
		},
		{
			"from": [-7, 23.25, -8],
			"to": [23, 27, 16],
			"rotation": {"angle": 0, "axis": "y", "origin": [8.25, 25.125, 15.5]},
			"faces": {
				"north": {"uv": [16, 0, 0, 16], "texture": "#3"},
				"south": {"uv": [0, 0, 16, 16], "texture": "#6"},
				"down": {"uv": [16, 0, 0, 16], "texture": "#6"}
			}
		},
		{
			"from": [23, 23.25, -5],
			"to": [23.5, 25.25, 16],
			"rotation": {"angle": 0, "axis": "y", "origin": [0, -5, 3]},
			"faces": {
				"north": {"uv": [16, 0, 0, 16], "texture": "#3"},
				"east": {"uv": [16, 0, 0, 16], "texture": "#6"},
				"south": {"uv": [16, 0, 0, 16], "texture": "#6"},
				"down": {"uv": [16, 0, 0, 16], "texture": "#6"}
			}
		},
		{
			"from": [19, -4, 12],
			"to": [24, 3.75, 14],
			"rotation": {"angle": 0, "axis": "y", "origin": [0, -5, 3]},
			"faces": {
				"north": {"uv": [0, 0, 16, 16], "texture": "#9"},
				"south": {"uv": [0, 0, 16, 16], "texture": "#4"},
				"west": {"uv": [0, 0, 16, 16], "texture": "#4"},
				"up": {"uv": [0, 0, 16, 16], "rotation": 90, "texture": "#9"}
			}
		},
		{
			"from": [19, -4, 7],
			"to": [24, 3.75, 9],
			"rotation": {"angle": 0, "axis": "y", "origin": [0, -5, 3]},
			"faces": {
				"south": {"uv": [0, 0, 16, 16], "texture": "#9"},
				"west": {"uv": [0, 0, 16, 16], "texture": "#4"},
				"up": {"uv": [0, 0, 16, 16], "rotation": 90, "texture": "#9"}
			}
		},
		{
			"from": [23, -4, 9],
			"to": [24, 3.75, 12],
			"rotation": {"angle": 0, "axis": "y", "origin": [0, -5, 3]},
			"faces": {
				"west": {"uv": [0, 0, 16, 16], "texture": "#9"},
				"up": {"uv": [0, 0, 16, 16], "rotation": 90, "texture": "#9"}
			}
		},
		{
			"from": [20.5, -4, 9],
			"to": [23, 0.75, 12],
			"rotation": {"angle": 0, "axis": "y", "origin": [0, -5, 3]},
			"faces": {
				"up": {"uv": [5, 5, 11, 11], "rotation": 90, "texture": "#10"}
			}
		},
		{
			"from": [19, -4, 9],
			"to": [20.5, 3.75, 12],
			"rotation": {"angle": 0, "axis": "y", "origin": [0, -5, 3]},
			"faces": {
				"east": {"uv": [0, 0, 16, 16], "texture": "#9"},
				"west": {"uv": [0, 0, 16, 16], "texture": "#4"},
				"up": {"uv": [0, 0, 16, 16], "rotation": 90, "texture": "#9"}
			}
		},
		{
			"from": [14, -4, -8],
			"to": [24, 23.25, -7],
			"rotation": {"angle": 0, "axis": "y", "origin": [0, -5, 0]},
			"faces": {
				"north": {"uv": [16, 0, 0, 16], "texture": "#6"},
				"south": {"uv": [16, 0, 0, 16], "texture": "#6"},
				"west": {"uv": [16, 0, 0, 16], "texture": "#6"},
				"up": {"uv": [16, 0, 0, 16], "texture": "#6"}
			}
		},
		{
			"from": [-7.5, 23.25, -5],
			"to": [-7, 25.25, 16],
			"rotation": {"angle": 0, "axis": "y", "origin": [16, -5, 3]},
			"faces": {
				"north": {"uv": [0, 0, 16, 16], "texture": "#3"},
				"south": {"uv": [0, 0, 16, 16], "texture": "#6"},
				"west": {"uv": [0, 0, 16, 16], "texture": "#6"},
				"down": {"uv": [0, 0, 16, 16], "texture": "#6"}
			}
		}
	],
	"display": {
		"head": {
			"translation": [0, 10, 10],
			"scale": [2, 2, 2]
		}
	},
	"groups": [
		0,
		1,
		2,
		3,
		4,
		5,
		6,
		7,
		8,
		9,
		10,
		11,
		12,
		13,
		14,
		15,
		16,
		17,
		18,
		19,
		20,
		21,
		22,
		23,
		24,
		25,
		{
			"name": "roof",
			"origin": [8, 8, 8],
			"color": 0,
			"children": [26, 27, 28, 29, 30, 31, 32]
		},
		{
			"name": "connector",
			"origin": [8, 8, 8],
			"color": 0,
			"children": [33, 34, 35, 36, 37, 38, 39, 40, 41, 42, 43, 44, 45, 46, 47, 48, 49, 50, 51, 52]
		},
		53,
		54,
		55,
		56,
		57,
		58,
		59,
		60,
		61,
		62,
		63,
		64,
		65,
		66,
		67,
		68,
		69,
		70,
		71,
		72,
		73,
		74,
		75,
		76
	]
}