{
	"credit": "Made by Mike Shafter",
	"textures": {
		"3": "block/gray_concrete",
		"4": "block/white_terracotta",
		"5": "block/green_shulker_box",
		"6": "block/polished_deepslate",
		"7": "block/green_wool",
		"8": "block/bone_block_side",
		"9": "block/acacia_log",
		"10": "block/magenta_terracotta",
		"11": "block/glass",
		"12": "block/ent/koi_t813",
		"14": "block/white_concrete",
		"particle": "block/bone_block_side"
	},
	"elements": [
		{
			"from": [0, -0.5, 12],
			"to": [16, 0, 28],
			"rotation": {"angle": 0, "axis": "y", "origin": [0, 0, 4]},
			"faces": {
				"north": {"uv": [0, 0, 0.5, 0.5], "texture": "#missing"},
				"east": {"uv": [0, 0, 16, 0.5], "texture": "#4"},
				"south": {"uv": [0, 0, 16, 0.5], "texture": "#4"},
				"west": {"uv": [0, 0, 16, 0.5], "texture": "#4"},
				"up": {"uv": [0, 0, 16, 16], "texture": "#10"},
				"down": {"uv": [0, 0, 16, 16], "texture": "#3"}
			}
		},
		{
			"from": [-1, -0.499, 4],
			"to": [17, 0.001, 12],
			"rotation": {"angle": 0, "axis": "y", "origin": [0, 0, -4]},
			"faces": {
				"north": {"uv": [0, 0, 16, 16], "rotation": 90, "texture": "#9"},
				"east": {"uv": [0, 0, 16, 16], "rotation": 90, "texture": "#9"},
				"south": {"uv": [0, 0, 16, 16], "rotation": 90, "texture": "#9"},
				"west": {"uv": [0, 0, 16, 16], "rotation": 90, "texture": "#9"},
				"up": {"uv": [0, 0, 16, 16], "rotation": 90, "texture": "#9"},
				"down": {"uv": [0, 0, 16, 16], "rotation": 90, "texture": "#9"}
			}
		},
		{
			"from": [-0.5, -0.5, 12],
			"to": [0, 5.5, 28],
			"rotation": {"angle": 0, "axis": "y", "origin": [0, 0, 4]},
			"faces": {
				"north": {"uv": [0, 0, 0.5, 6], "texture": "#4"},
				"east": {"uv": [0, 0, 16, 6], "texture": "#4"},
				"south": {"uv": [0, 0, 0.5, 6], "texture": "#4"},
				"west": {"uv": [3, 3, 13, 13], "texture": "#5"},
				"up": {"uv": [0, 0, 16, 16], "texture": "#14"},
				"down": {"uv": [0, 0, 0.5, 16], "texture": "#3"}
			}
		},
		{
			"from": [-0.5, 5.5, 12],
			"to": [0, 13.5, 14],
			"rotation": {"angle": 0, "axis": "y", "origin": [0, 0, 4]},
			"faces": {
				"north": {"uv": [0, 0, 16, 16], "texture": "#3"},
				"east": {"uv": [0, 0, 16, 16], "texture": "#3"},
				"south": {"uv": [0, 0, 16, 16], "texture": "#3"},
				"west": {"uv": [0, 0, 16, 16], "texture": "#3"},
				"up": {"uv": [0, 0, 16, 16], "texture": "#3"},
				"down": {"uv": [0, 0, 16, 16], "texture": "#3"}
			}
		},
		{
			"from": [-0.5, 5.5, 14],
			"to": [0, 13.5, 22],
			"rotation": {"angle": 0, "axis": "y", "origin": [0, 0, 6]},
			"faces": {
				"north": {"uv": [0, 0, 16, 16], "texture": "#11"},
				"east": {"uv": [0, 0, 16, 16], "texture": "#11"},
				"south": {"uv": [0, 0, 16, 16], "texture": "#11"},
				"west": {"uv": [0, 0, 16, 16], "texture": "#11"},
				"up": {"uv": [0, 0, 16, 16], "texture": "#11"},
				"down": {"uv": [0, 0, 16, 16], "texture": "#11"}
			}
		},
		{
			"from": [-0.5, 5.5, 24],
			"to": [0, 13.5, 28],
			"rotation": {"angle": 0, "axis": "y", "origin": [0, 0, 16]},
			"faces": {
				"north": {"uv": [0, 0, 8, 16], "texture": "#11"},
				"east": {"uv": [8, 0, 16, 16], "texture": "#11"},
				"west": {"uv": [0, 0, 8, 16], "texture": "#11"},
				"up": {"uv": [0, 0, 8, 16], "texture": "#11"},
				"down": {"uv": [0, 0, 8, 16], "texture": "#11"}
			}
		},
		{
			"from": [16, 5.5, 14],
			"to": [16.5, 13.5, 22],
			"rotation": {"angle": 0, "axis": "y", "origin": [16, 0, 6]},
			"faces": {
				"north": {"uv": [0, 0, 16, 16], "texture": "#11"},
				"east": {"uv": [0, 0, 16, 16], "texture": "#11"},
				"south": {"uv": [0, 0, 16, 16], "texture": "#11"},
				"west": {"uv": [0, 0, 16, 16], "texture": "#11"},
				"up": {"uv": [0, 0, 16, 16], "texture": "#11"},
				"down": {"uv": [0, 0, 16, 16], "texture": "#11"}
			}
		},
		{
			"from": [16, 5.5, 24],
			"to": [16.5, 13.5, 28],
			"rotation": {"angle": 0, "axis": "y", "origin": [16, 0, 16]},
			"faces": {
				"north": {"uv": [8, 0, 0, 16], "texture": "#11"},
				"east": {"uv": [8, 0, 16, 16], "texture": "#11"},
				"west": {"uv": [0, 0, 8, 16], "texture": "#11"},
				"up": {"uv": [8, 0, 0, 16], "texture": "#11"},
				"down": {"uv": [8, 0, 0, 16], "texture": "#11"}
			}
		},
		{
			"from": [16, 5.5, 12],
			"to": [16.5, 13.5, 14],
			"rotation": {"angle": 0, "axis": "y", "origin": [16, 0, 4]},
			"faces": {
				"north": {"uv": [16, 0, 0, 16], "texture": "#3"},
				"east": {"uv": [16, 0, 0, 16], "texture": "#3"},
				"south": {"uv": [16, 0, 0, 16], "texture": "#3"},
				"west": {"uv": [16, 0, 0, 16], "texture": "#3"},
				"up": {"uv": [16, 0, 0, 16], "texture": "#3"},
				"down": {"uv": [16, 0, 0, 16], "texture": "#3"}
			}
		},
		{
			"from": [-0.5, 5.5, 22],
			"to": [0, 13.5, 24],
			"rotation": {"angle": 0, "axis": "y", "origin": [0, 0, 1.5]},
			"faces": {
				"north": {"uv": [0, 0, 16, 16], "texture": "#3"},
				"east": {"uv": [0, 0, 16, 16], "texture": "#3"},
				"south": {"uv": [0, 0, 16, 16], "texture": "#3"},
				"west": {"uv": [0, 0, 16, 16], "texture": "#3"},
				"up": {"uv": [0, 0, 16, 16], "texture": "#3"},
				"down": {"uv": [0, 0, 16, 16], "texture": "#3"}
			}
		},
		{
			"from": [16, 5.5, 22],
			"to": [16.5, 13.5, 24],
			"rotation": {"angle": 0, "axis": "y", "origin": [16, 0, 1.5]},
			"faces": {
				"north": {"uv": [16, 0, 0, 16], "texture": "#3"},
				"east": {"uv": [16, 0, 0, 16], "texture": "#3"},
				"south": {"uv": [16, 0, 0, 16], "texture": "#3"},
				"west": {"uv": [16, 0, 0, 16], "texture": "#3"},
				"up": {"uv": [16, 0, 0, 16], "texture": "#3"},
				"down": {"uv": [16, 0, 0, 16], "texture": "#3"}
			}
		},
		{
			"from": [16, -0.5, 12],
			"to": [16.5, 5.5, 28],
			"rotation": {"angle": 0, "axis": "y", "origin": [16, 0, 4]},
			"faces": {
				"north": {"uv": [0.5, 0, 0, 6], "texture": "#4"},
				"east": {"uv": [3, 3, 13, 13], "texture": "#5"},
				"south": {"uv": [0.5, 0, 0, 6], "texture": "#4"},
				"west": {"uv": [16, 0, 0, 6], "texture": "#4"},
				"up": {"uv": [16, 0, 0, 16], "texture": "#14"},
				"down": {"uv": [0.5, 0, 0, 16], "texture": "#3"}
			}
		},
		{
			"from": [16.55, -3.5, 24],
			"to": [16.55, 4.5, 32],
			"rotation": {"angle": 0, "axis": "y", "origin": [16.05, -3, 16]},
			"faces": {
				"east": {"uv": [0, 0, 16, 16], "texture": "#12"}
			}
		},
		{
			"from": [16, -4.5, 3.75],
			"to": [16.5, -0.5, 28],
			"rotation": {"angle": 0, "axis": "y", "origin": [16, -4, 4]},
			"faces": {
				"north": {"uv": [0.5, 0, 0, 6], "texture": "#4"},
				"east": {"uv": [3, 3, 13, 13], "texture": "#5"},
				"south": {"uv": [0.5, 0, 0, 6], "texture": "#4"},
				"west": {"uv": [16, 0, 0, 6], "texture": "#4"},
				"up": {"uv": [16, 0, 0, 16], "texture": "#14"},
				"down": {"uv": [0.5, 0, 0, 16], "texture": "#3"}
			}
		},
		{
			"from": [4.125, -0.5, -7.125],
			"to": [11.875, 5.5, -5.625],
			"rotation": {"angle": 0, "axis": "y", "origin": [0, 0, 4]},
			"faces": {
				"north": {"uv": [3, 3, 13, 13], "texture": "#5"},
				"east": {"uv": [0, 0, 0.5, 0.5], "texture": "#missing"},
				"south": {"uv": [3, 3, 13, 13], "texture": "#5"},
				"west": {"uv": [0, 0, 0.5, 0.5], "texture": "#missing"},
				"up": {"uv": [3, 3, 13, 13], "texture": "#5"},
				"down": {"uv": [0, 0, 7.75, 1.5], "texture": "#3"}
			}
		},
		{
			"from": [4.125, 5.5, -7.125],
			"to": [5.125, 13.5, -6.625],
			"rotation": {"angle": 0, "axis": "y", "origin": [0, 0, 4]},
			"faces": {
				"north": {"uv": [0, 0, 16, 16], "texture": "#3"},
				"east": {"uv": [0, 0, 16, 16], "texture": "#3"},
				"south": {"uv": [3, 3, 13, 13], "texture": "#5"},
				"west": {"uv": [0, 0, 16, 16], "texture": "#3"},
				"up": {"uv": [0, 0, 16, 16], "texture": "#3"},
				"down": {"uv": [0, 0, 16, 16], "texture": "#3"}
			}
		},
		{
			"from": [5.125, 5.5, -7.125],
			"to": [10.875, 13.5, -6.625],
			"rotation": {"angle": 0, "axis": "y", "origin": [1, 0, 4]},
			"faces": {
				"north": {"uv": [0, 0, 16, 16], "texture": "#11"},
				"east": {"uv": [0, 0, 16, 16], "texture": "#11"},
				"south": {"uv": [0, 0, 16, 16], "texture": "#11"},
				"west": {"uv": [0, 0, 16, 16], "texture": "#11"},
				"up": {"uv": [0, 0, 16, 16], "texture": "#11"},
				"down": {"uv": [0, 0, 16, 16], "texture": "#11"}
			}
		},
		{
			"from": [10.875, 5.5, -7.125],
			"to": [11.875, 13.5, -6.625],
			"rotation": {"angle": 0, "axis": "y", "origin": [0, 0, 4]},
			"faces": {
				"north": {"uv": [0, 0, 16, 16], "texture": "#3"},
				"east": {"uv": [0, 0, 16, 16], "texture": "#3"},
				"south": {"uv": [3, 3, 13, 13], "texture": "#5"},
				"west": {"uv": [0, 0, 16, 16], "texture": "#3"},
				"up": {"uv": [0, 0, 16, 16], "texture": "#3"},
				"down": {"uv": [0, 0, 16, 16], "texture": "#3"}
			}
		},
		{
			"from": [8, -0.5, -8],
			"to": [16, 0, 4],
			"rotation": {"angle": 22.5, "axis": "y", "origin": [16, 0, 4]},
			"faces": {
				"north": {"uv": [0, 0, 0.5, 0.5], "texture": "#missing"},
				"east": {"uv": [0, 0, 0.5, 0.5], "texture": "#missing"},
				"south": {"uv": [0, 0, 0.5, 0.5], "texture": "#missing"},
				"west": {"uv": [0, 0, 0.5, 0.5], "texture": "#missing"},
				"up": {"uv": [0, 0, 16, 16], "texture": "#10"},
				"down": {"uv": [0, 0, 8, 12], "texture": "#3"}
			}
		},
		{
			"from": [0, -0.5, -8],
			"to": [8, 0, 4],
			"rotation": {"angle": -22.5, "axis": "y", "origin": [0, 0, 4]},
			"faces": {
				"north": {"uv": [0, 0, 0.5, 0.5], "texture": "#missing"},
				"east": {"uv": [0, 0, 0.5, 0.5], "texture": "#missing"},
				"south": {"uv": [0, 0, 0.5, 0.5], "texture": "#missing"},
				"west": {"uv": [0, 0, 0.5, 0.5], "texture": "#missing"},
				"up": {"uv": [0, 0, 16, 16], "texture": "#10"},
				"down": {"uv": [0, 0, 8, 12], "texture": "#3"}
			}
		},
		{
			"from": [0, 15.5, -7],
			"to": [8, 17.25, 4],
			"rotation": {"angle": -22.5, "axis": "y", "origin": [0, 16, 4]},
			"faces": {
				"north": {"uv": [0, 0, 0.5, 0.5], "texture": "#missing"},
				"east": {"uv": [0, 0, 0.5, 0.5], "texture": "#missing"},
				"south": {"uv": [0, 0, 0.5, 0.5], "texture": "#missing"},
				"west": {"uv": [0, 0, 11, 1.75], "texture": "#3"},
				"up": {"uv": [0, 0, 8, 11], "texture": "#3"},
				"down": {"uv": [0, 0, 8, 12], "texture": "#4"}
			}
		},
		{
			"from": [4.125, 15.55109, -6.44891],
			"to": [12.125, 17.25109, -4.32391],
			"rotation": {"angle": 0, "axis": "y", "origin": [4.125, 16.05109, 4.67609]},
			"faces": {
				"north": {"uv": [0, 0, 0.5, 0.5], "texture": "#3"},
				"east": {"uv": [0, 0, 2.125, 1.7], "texture": "#3"},
				"south": {"uv": [0, 0, 0.5, 0.5], "texture": "#missing"},
				"west": {"uv": [0, 0, 2.125, 1.7], "texture": "#3"},
				"up": {"uv": [7, 0, 15, 2.125], "texture": "#3"},
				"down": {"uv": [0, 0, 8, 12], "texture": "#4"}
			}
		},
		{
			"from": [8, 15.5, -7],
			"to": [16, 17.25, 4],
			"rotation": {"angle": 22.5, "axis": "y", "origin": [16, 16, 4]},
			"faces": {
				"north": {"uv": [0, 0, 0.5, 0.5], "texture": "#missing"},
				"east": {"uv": [0, 0, 11, 1.75], "texture": "#3"},
				"south": {"uv": [0, 0, 0.5, 0.5], "texture": "#missing"},
				"west": {"uv": [0, 0, 0.5, 0.5], "texture": "#missing"},
				"up": {"uv": [8, 0, 16, 11], "texture": "#3"},
				"down": {"uv": [0, 0, 8, 12], "texture": "#4"}
			}
		},
		{
			"from": [0, 15.5, 3.75],
			"to": [16, 17.5, 28],
			"rotation": {"angle": 0, "axis": "y", "origin": [0, 16, 4]},
			"faces": {
				"north": {"uv": [0, 0, 16, 2], "texture": "#3"},
				"east": {"uv": [0, 0, 16, 0.5], "texture": "#3"},
				"south": {"uv": [0, 0, 16, 0.5], "texture": "#4"},
				"west": {"uv": [0, 0, 16, 0.5], "texture": "#3"},
				"up": {"uv": [0, 0, 16, 16], "texture": "#3"},
				"down": {"uv": [0, 0, 16, 16], "texture": "#4"}
			}
		},
		{
			"from": [4, 17, -3],
			"to": [12, 19.5, 15],
			"rotation": {"angle": 0, "axis": "y", "origin": [0, 18, 4]},
			"faces": {
				"north": {"uv": [0, 0, 16, 16], "texture": "#6"},
				"east": {"uv": [0, 0, 16, 16], "texture": "#6"},
				"south": {"uv": [0, 0, 16, 16], "texture": "#6"},
				"west": {"uv": [0, 0, 16, 16], "texture": "#6"},
				"up": {"uv": [0, 0, 16, 16], "texture": "#6"},
				"down": {"uv": [0, 0, 16, 16], "texture": "#6"}
			}
		},
		{
			"from": [8.75, 19.5, 4.5],
			"to": [9.25, 20.5, 6.5],
			"rotation": {"angle": 0, "axis": "y", "origin": [0, 19, 11.5]},
			"faces": {
				"north": {"uv": [0, 0, 16, 16], "texture": "#6"},
				"east": {"uv": [0, 0, 16, 16], "texture": "#6"},
				"south": {"uv": [0, 0, 16, 16], "texture": "#6"},
				"west": {"uv": [0, 0, 16, 16], "texture": "#6"},
				"up": {"uv": [0, 0, 16, 16], "texture": "#6"},
				"down": {"uv": [0, 0, 16, 16], "texture": "#6"}
			}
		},
		{
			"from": [6.75, 19.5, 4.5],
			"to": [7.25, 20.5, 6.5],
			"rotation": {"angle": 0, "axis": "y", "origin": [0, 19, 11.5]},
			"faces": {
				"north": {"uv": [0, 0, 16, 16], "texture": "#6"},
				"east": {"uv": [0, 0, 16, 16], "texture": "#6"},
				"south": {"uv": [0, 0, 16, 16], "texture": "#6"},
				"west": {"uv": [0, 0, 16, 16], "texture": "#6"},
				"up": {"uv": [0, 0, 16, 16], "texture": "#6"},
				"down": {"uv": [0, 0, 16, 16], "texture": "#6"}
			}
		},
		{
			"from": [1, -3.5, 12],
			"to": [15, -0.5, 28],
			"rotation": {"angle": 0, "axis": "y", "origin": [0, -2, 16]},
			"faces": {
				"north": {"uv": [0, 0, 16, 16], "texture": "#6"},
				"east": {"uv": [0, 0, 16, 16], "texture": "#6"},
				"south": {"uv": [0, 0, 16, 16], "texture": "#6"},
				"west": {"uv": [0, 0, 16, 16], "texture": "#6"},
				"up": {"uv": [0, 0, 16, 16], "texture": "#6"},
				"down": {"uv": [0, 0, 16, 16], "texture": "#6"}
			}
		},
		{
			"from": [4, -3.5, -6],
			"to": [12, -0.5, 4],
			"rotation": {"angle": 0, "axis": "y", "origin": [0, -2, -4]},
			"faces": {
				"north": {"uv": [0, 0, 16, 16], "texture": "#6"},
				"east": {"uv": [0, 0, 16, 16], "texture": "#6"},
				"south": {"uv": [0, 0, 16, 16], "texture": "#6"},
				"west": {"uv": [0, 0, 16, 16], "texture": "#6"},
				"up": {"uv": [0, 0, 16, 16], "texture": "#6"},
				"down": {"uv": [0, 0, 16, 16], "texture": "#6"}
			}
		},
		{
			"from": [3.5, 19, 20],
			"to": [4, 19.5, 23],
			"rotation": {"angle": 0, "axis": "y", "origin": [-0.5, 18, 23]},
			"faces": {
				"north": {"uv": [0, 0, 16, 16], "texture": "#8"},
				"east": {"uv": [0, 0, 16, 16], "texture": "#8"},
				"south": {"uv": [0, 0, 16, 16], "texture": "#8"},
				"west": {"uv": [0, 0, 16, 16], "texture": "#8"},
				"up": {"uv": [0, 0, 16, 16], "texture": "#8"},
				"down": {"uv": [0, 0, 16, 16], "texture": "#8"}
			}
		},
		{
			"from": [3.5, 19, 24],
			"to": [4, 19.5, 27],
			"rotation": {"angle": 0, "axis": "y", "origin": [-0.5, 18, 27]},
			"faces": {
				"north": {"uv": [0, 0, 16, 16], "texture": "#8"},
				"east": {"uv": [0, 0, 16, 16], "texture": "#8"},
				"south": {"uv": [0, 0, 16, 16], "texture": "#8"},
				"west": {"uv": [0, 0, 16, 16], "texture": "#8"},
				"up": {"uv": [0, 0, 16, 16], "texture": "#8"},
				"down": {"uv": [0, 0, 16, 16], "texture": "#8"}
			}
		},
		{
			"from": [3.5, 18, 24],
			"to": [4, 18.5, 27],
			"rotation": {"angle": 0, "axis": "y", "origin": [-0.5, 17, 27]},
			"faces": {
				"north": {"uv": [0, 0, 16, 16], "texture": "#8"},
				"east": {"uv": [0, 0, 16, 16], "texture": "#8"},
				"south": {"uv": [0, 0, 16, 16], "texture": "#8"},
				"west": {"uv": [0, 0, 16, 16], "texture": "#8"},
				"up": {"uv": [0, 0, 16, 16], "texture": "#8"},
				"down": {"uv": [0, 0, 16, 16], "texture": "#8"}
			}
		},
		{
			"from": [3.5, 18, 20],
			"to": [4, 18.5, 23],
			"rotation": {"angle": 0, "axis": "y", "origin": [-0.5, 17, 23]},
			"faces": {
				"north": {"uv": [0, 0, 16, 16], "texture": "#8"},
				"east": {"uv": [0, 0, 16, 16], "texture": "#8"},
				"south": {"uv": [0, 0, 16, 16], "texture": "#8"},
				"west": {"uv": [0, 0, 16, 16], "texture": "#8"},
				"up": {"uv": [0, 0, 16, 16], "texture": "#8"},
				"down": {"uv": [0, 0, 16, 16], "texture": "#8"}
			}
		},
		{
			"from": [3.5, 17.5, 18],
			"to": [4, 19.5, 20],
			"rotation": {"angle": 0, "axis": "y", "origin": [-0.5, 16.5, 21]},
			"faces": {
				"north": {"uv": [0, 0, 16, 16], "texture": "#8"},
				"east": {"uv": [0, 0, 16, 16], "texture": "#8"},
				"south": {"uv": [0, 0, 16, 16], "texture": "#8"},
				"west": {"uv": [0, 0, 16, 16], "texture": "#8"},
				"up": {"uv": [0, 0, 16, 16], "texture": "#8"},
				"down": {"uv": [0, 0, 16, 16], "texture": "#8"}
			}
		},
		{
			"from": [3.5, 17.5, 23],
			"to": [4, 19.5, 24],
			"rotation": {"angle": 0, "axis": "y", "origin": [-0.5, 16.5, 27]},
			"faces": {
				"north": {"uv": [0, 0, 16, 16], "texture": "#8"},
				"east": {"uv": [0, 0, 16, 16], "texture": "#8"},
				"south": {"uv": [0, 0, 16, 16], "texture": "#8"},
				"west": {"uv": [0, 0, 16, 16], "texture": "#8"},
				"up": {"uv": [0, 0, 16, 16], "texture": "#8"},
				"down": {"uv": [0, 0, 16, 16], "texture": "#8"}
			}
		},
		{
			"from": [3.5, 17.5, 27],
			"to": [4, 19.5, 28],
			"rotation": {"angle": 0, "axis": "y", "origin": [-0.5, 16.5, 31]},
			"faces": {
				"north": {"uv": [0, 0, 16, 16], "texture": "#8"},
				"east": {"uv": [0, 0, 16, 16], "texture": "#8"},
				"south": {"uv": [0, 0, 16, 16], "texture": "#8"},
				"west": {"uv": [0, 0, 16, 16], "texture": "#8"},
				"up": {"uv": [0, 0, 16, 16], "texture": "#8"},
				"down": {"uv": [0, 0, 16, 16], "texture": "#8"}
			}
		},
		{
			"from": [12, 17.5, 27],
			"to": [12.5, 19.5, 28],
			"rotation": {"angle": 0, "axis": "y", "origin": [16.5, 16.5, 31]},
			"faces": {
				"north": {"uv": [16, 0, 0, 16], "texture": "#8"},
				"east": {"uv": [16, 0, 0, 16], "texture": "#8"},
				"south": {"uv": [16, 0, 0, 16], "texture": "#8"},
				"west": {"uv": [16, 0, 0, 16], "texture": "#8"},
				"up": {"uv": [16, 0, 0, 16], "texture": "#8"},
				"down": {"uv": [16, 0, 0, 16], "texture": "#8"}
			}
		},
		{
			"from": [12, 18, 24],
			"to": [12.5, 18.5, 27],
			"rotation": {"angle": 0, "axis": "y", "origin": [16.5, 17, 27]},
			"faces": {
				"north": {"uv": [16, 0, 0, 16], "texture": "#8"},
				"east": {"uv": [16, 0, 0, 16], "texture": "#8"},
				"south": {"uv": [16, 0, 0, 16], "texture": "#8"},
				"west": {"uv": [16, 0, 0, 16], "texture": "#8"},
				"up": {"uv": [16, 0, 0, 16], "texture": "#8"},
				"down": {"uv": [16, 0, 0, 16], "texture": "#8"}
			}
		},
		{
			"from": [12, 19, 24],
			"to": [12.5, 19.5, 27],
			"rotation": {"angle": 0, "axis": "y", "origin": [16.5, 18, 27]},
			"faces": {
				"north": {"uv": [16, 0, 0, 16], "texture": "#8"},
				"east": {"uv": [16, 0, 0, 16], "texture": "#8"},
				"south": {"uv": [16, 0, 0, 16], "texture": "#8"},
				"west": {"uv": [16, 0, 0, 16], "texture": "#8"},
				"up": {"uv": [16, 0, 0, 16], "texture": "#8"},
				"down": {"uv": [16, 0, 0, 16], "texture": "#8"}
			}
		},
		{
			"from": [12, 17.5, 23],
			"to": [12.5, 19.5, 24],
			"rotation": {"angle": 0, "axis": "y", "origin": [16.5, 16.5, 27]},
			"faces": {
				"north": {"uv": [16, 0, 0, 16], "texture": "#8"},
				"east": {"uv": [16, 0, 0, 16], "texture": "#8"},
				"south": {"uv": [16, 0, 0, 16], "texture": "#8"},
				"west": {"uv": [16, 0, 0, 16], "texture": "#8"},
				"up": {"uv": [16, 0, 0, 16], "texture": "#8"},
				"down": {"uv": [16, 0, 0, 16], "texture": "#8"}
			}
		},
		{
			"from": [12, 19, 20],
			"to": [12.5, 19.5, 23],
			"rotation": {"angle": 0, "axis": "y", "origin": [16.5, 18, 23]},
			"faces": {
				"north": {"uv": [16, 0, 0, 16], "texture": "#8"},
				"east": {"uv": [16, 0, 0, 16], "texture": "#8"},
				"south": {"uv": [16, 0, 0, 16], "texture": "#8"},
				"west": {"uv": [16, 0, 0, 16], "texture": "#8"},
				"up": {"uv": [16, 0, 0, 16], "texture": "#8"},
				"down": {"uv": [16, 0, 0, 16], "texture": "#8"}
			}
		},
		{
			"from": [12, 18, 20],
			"to": [12.5, 18.5, 23],
			"rotation": {"angle": 0, "axis": "y", "origin": [16.5, 17, 23]},
			"faces": {
				"north": {"uv": [16, 0, 0, 16], "texture": "#8"},
				"east": {"uv": [16, 0, 0, 16], "texture": "#8"},
				"south": {"uv": [16, 0, 0, 16], "texture": "#8"},
				"west": {"uv": [16, 0, 0, 16], "texture": "#8"},
				"up": {"uv": [16, 0, 0, 16], "texture": "#8"},
				"down": {"uv": [16, 0, 0, 16], "texture": "#8"}
			}
		},
		{
			"from": [12, 17.5, 18],
			"to": [12.5, 19.5, 20],
			"rotation": {"angle": 0, "axis": "y", "origin": [16.5, 16.5, 21]},
			"faces": {
				"north": {"uv": [16, 0, 0, 16], "texture": "#8"},
				"east": {"uv": [16, 0, 0, 16], "texture": "#8"},
				"south": {"uv": [16, 0, 0, 16], "texture": "#8"},
				"west": {"uv": [16, 0, 0, 16], "texture": "#8"},
				"up": {"uv": [16, 0, 0, 16], "texture": "#8"},
				"down": {"uv": [16, 0, 0, 16], "texture": "#8"}
			}
		},
		{
			"from": [4, 17.5, 18],
			"to": [12, 19.5, 28],
			"rotation": {"angle": 0, "axis": "y", "origin": [0, 18, 20]},
			"faces": {
				"north": {"uv": [0, 0, 16, 16], "texture": "#8"},
				"east": {"uv": [0, 0, 16, 16], "texture": "#6"},
				"south": {"uv": [0, 0, 16, 16], "texture": "#8"},
				"west": {"uv": [0, 0, 16, 16], "texture": "#6"},
				"up": {"uv": [0, 0, 16, 16], "texture": "#8"},
				"down": {"uv": [0, 0, 16, 16], "texture": "#8"}
			}
		},
		{
			"from": [-0.5, -0.5, -8],
			"to": [0, 5.5, 4],
			"rotation": {"angle": -22.5, "axis": "y", "origin": [0, 0, 4]},
			"faces": {
				"north": {"uv": [3, 3, 13, 13], "texture": "#5"},
				"east": {"uv": [0, 0, 12, 6], "texture": "#4"},
				"south": {"uv": [0, 0, 0.5, 6], "texture": "#4"},
				"west": {"uv": [3, 3, 13, 13], "texture": "#5"},
				"up": {"uv": [0, 0, 8, 8], "texture": "#14"},
				"down": {"uv": [0, 0, 0.5, 12], "texture": "#3"}
			}
		},
		{
			"from": [16, -0.5, -8],
			"to": [16.5, 5.5, 4],
			"rotation": {"angle": 22.5, "axis": "y", "origin": [16, 0, 4]},
			"faces": {
				"north": {"uv": [3, 3, 13, 13], "texture": "#5"},
				"east": {"uv": [3, 3, 13, 13], "texture": "#5"},
				"south": {"uv": [0.5, 0, 0, 6], "texture": "#4"},
				"west": {"uv": [12, 0, 0, 6], "texture": "#4"},
				"up": {"uv": [8, 0, 0, 8], "texture": "#14"},
				"down": {"uv": [0.5, 0, 0, 12], "texture": "#3"}
			}
		},
		{
			"from": [16, -4.5, -8],
			"to": [16.5, -0.5, 4],
			"rotation": {"angle": 22.5, "axis": "y", "origin": [16, -4, 4]},
			"faces": {
				"north": {"uv": [3, 3, 13, 13], "texture": "#5"},
				"east": {"uv": [3, 3, 13, 13], "texture": "#5"},
				"south": {"uv": [0.5, 0, 0, 6], "texture": "#4"},
				"west": {"uv": [12, 0, 0, 6], "texture": "#4"},
				"up": {"uv": [8, 0, 0, 8], "texture": "#14"},
				"down": {"uv": [0.5, 0, 0, 12], "texture": "#3"}
			}
		},
		{
			"from": [-0.5, -4.5, 3.75],
			"to": [0, -0.5, 28],
			"rotation": {"angle": 0, "axis": "y", "origin": [0, -4, 4]},
			"faces": {
				"north": {"uv": [0, 0, 0.5, 6], "texture": "#4"},
				"east": {"uv": [0, 0, 16, 6], "texture": "#4"},
				"south": {"uv": [0, 0, 0.5, 6], "texture": "#4"},
				"west": {"uv": [13, 3, 3, 13], "texture": "#5"},
				"up": {"uv": [0, 0, 16, 16], "texture": "#14"},
				"down": {"uv": [0, 0, 0.5, 16], "texture": "#3"}
			}
		},
		{
			"from": [-0.5, -4.5, -8],
			"to": [0, -0.5, 4],
			"rotation": {"angle": -22.5, "axis": "y", "origin": [0, -4, 4]},
			"faces": {
				"north": {"uv": [13, 3, 3, 13], "texture": "#5"},
				"east": {"uv": [0, 0, 12, 6], "texture": "#4"},
				"south": {"uv": [0, 0, 0.5, 6], "texture": "#4"},
				"west": {"uv": [13, 3, 3, 13], "texture": "#5"},
				"up": {"uv": [0, 0, 8, 8], "texture": "#14"},
				"down": {"uv": [0, 0, 0.5, 12], "texture": "#3"}
			}
		},
		{
			"from": [-0.5, 13.5, -8],
			"to": [0, 16.5, 4],
			"rotation": {"angle": -22.5, "axis": "y", "origin": [0, 14, 4]},
			"faces": {
				"north": {"uv": [15.5, 0, 16, 16], "texture": "#6"},
				"east": {"uv": [0, 0, 12, 6], "texture": "#4"},
				"south": {"uv": [0, 0, 0.5, 6], "texture": "#4"},
				"west": {"uv": [0, 0, 12, 3], "texture": "#6"},
				"up": {"uv": [0, 0, 8, 8], "texture": "#3"},
				"down": {"uv": [0, 0, 0.5, 12], "texture": "#4"}
			}
		},
		{
			"from": [-0.5, 13.5, 12],
			"to": [0, 16.75, 28],
			"rotation": {"angle": 0, "axis": "y", "origin": [0, 14, 4]},
			"faces": {
				"north": {"uv": [0, 0, 0.5, 6], "texture": "#4"},
				"east": {"uv": [0, 0, 16, 6], "texture": "#4"},
				"south": {"uv": [0, 0, 0.5, 6], "texture": "#4"},
				"west": {"uv": [0, 0, 16, 3], "texture": "#6"},
				"up": {"uv": [0, 0, 0.5, 16], "texture": "#3"},
				"down": {"uv": [0, 0, 0.5, 16], "texture": "#4"}
			}
		},
		{
			"from": [-0.14645, 13.35355, 4],
			"to": [0.35355, 16.35355, 18],
			"rotation": {"angle": -45, "axis": "z", "origin": [0.35355, 13.85355, 4]},
			"faces": {
				"north": {"uv": [0, 0, 16, 6], "texture": "#14"},
				"east": {"uv": [0, 0, 16, 6], "texture": "#14"},
				"south": {"uv": [0, 0, 16, 6], "texture": "#14"},
				"west": {"uv": [0, 0, 16, 6], "texture": "#14"},
				"up": {"uv": [0, 0, 16, 6], "texture": "#14"},
				"down": {"uv": [0, 0, 16, 6], "texture": "#14"}
			}
		},
		{
			"from": [-0.14645, 13.35355, 18],
			"to": [0.35355, 16.35355, 28],
			"rotation": {"angle": -45, "axis": "z", "origin": [0.35355, 13.85355, 4]},
			"faces": {
				"north": {"uv": [0, 0, 16, 6], "texture": "#14"},
				"east": {"uv": [0, 0, 16, 6], "texture": "#14"},
				"south": {"uv": [0, 0, 16, 6], "texture": "#14"},
				"west": {"uv": [0, 0, 16, 6], "texture": "#14"},
				"up": {"uv": [0, 0, 16, 6], "texture": "#14"},
				"down": {"uv": [0, 0, 16, 6], "texture": "#14"}
			}
		},
		{
			"from": [15.64645, 13.35355, 4],
			"to": [16.14645, 16.35355, 18],
			"rotation": {"angle": 45, "axis": "z", "origin": [15.64645, 13.85355, 4]},
			"faces": {
				"north": {"uv": [16, 0, 0, 6], "texture": "#14"},
				"east": {"uv": [16, 0, 0, 6], "texture": "#14"},
				"south": {"uv": [16, 0, 0, 6], "texture": "#14"},
				"west": {"uv": [16, 0, 0, 6], "texture": "#14"},
				"up": {"uv": [16, 0, 0, 6], "texture": "#14"},
				"down": {"uv": [16, 0, 0, 6], "texture": "#14"}
			}
		},
		{
			"from": [15.64645, 13.35355, 18],
			"to": [16.14645, 16.35355, 28],
			"rotation": {"angle": 45, "axis": "z", "origin": [15.64645, 13.85355, 4]},
			"faces": {
				"north": {"uv": [16, 0, 0, 6], "texture": "#14"},
				"east": {"uv": [16, 0, 0, 6], "texture": "#14"},
				"south": {"uv": [16, 0, 0, 6], "texture": "#14"},
				"west": {"uv": [16, 0, 0, 6], "texture": "#14"},
				"up": {"uv": [16, 0, 0, 6], "texture": "#14"},
				"down": {"uv": [16, 0, 0, 6], "texture": "#14"}
			}
		},
		{
			"from": [-0.5, 13.5, 3.75],
			"to": [0, 16.75, 12],
			"rotation": {"angle": 0, "axis": "y", "origin": [0, 14, 4]},
			"faces": {
				"north": {"uv": [0, 0, 0.5, 6], "texture": "#3"},
				"east": {"uv": [0, 0, 16, 6], "texture": "#4"},
				"south": {"uv": [0, 0, 0.5, 6], "texture": "#4"},
				"west": {"uv": [7.75, 0, 16, 3], "texture": "#6"},
				"up": {"uv": [0, 0, 0.5, 8.25], "texture": "#3"},
				"down": {"uv": [0, 0, 0.5, 16], "texture": "#4"}
			}
		},
		{
			"from": [16, 13.5, 3.75],
			"to": [16.5, 16.75, 12],
			"rotation": {"angle": 0, "axis": "y", "origin": [16, 14, 4]},
			"faces": {
				"north": {"uv": [0.5, 0, 0, 6], "texture": "#3"},
				"east": {"uv": [16, 0, 7.75, 3], "texture": "#6"},
				"south": {"uv": [0.5, 0, 0, 6], "texture": "#4"},
				"west": {"uv": [16, 0, 0, 6], "texture": "#4"},
				"up": {"uv": [0, 0, 0.5, 8.25], "texture": "#3"},
				"down": {"uv": [0.5, 0, 0, 16], "texture": "#4"}
			}
		},
		{
			"from": [16, 13.5, 12],
			"to": [16.5, 16.75, 28],
			"rotation": {"angle": 0, "axis": "y", "origin": [16, 14, 4]},
			"faces": {
				"north": {"uv": [0.5, 0, 0, 6], "texture": "#4"},
				"east": {"uv": [16, 0, 0, 3], "texture": "#6"},
				"south": {"uv": [0.5, 0, 0, 6], "texture": "#4"},
				"west": {"uv": [16, 0, 0, 6], "texture": "#4"},
				"up": {"uv": [0, 0, 0.5, 16], "texture": "#3"},
				"down": {"uv": [0.5, 0, 0, 16], "texture": "#4"}
			}
		},
		{
			"from": [16, 13.5, -8],
			"to": [16.5, 16.5, 4],
			"rotation": {"angle": 22.5, "axis": "y", "origin": [16, 14, 4]},
			"faces": {
				"north": {"uv": [16, 0, 15.5, 16], "texture": "#6"},
				"east": {"uv": [4, 0, 16, 3], "texture": "#6"},
				"south": {"uv": [0.5, 0, 0, 6], "texture": "#4"},
				"west": {"uv": [12, 0, 0, 6], "texture": "#4"},
				"up": {"uv": [8, 0, 0, 8], "texture": "#3"},
				"down": {"uv": [0.5, 0, 0, 12], "texture": "#4"}
			}
		},
		{
			"from": [4.125, 13.5, -7.125],
			"to": [11.875, 16.5, -5.625],
			"rotation": {"angle": 0, "axis": "y", "origin": [0, 14, 4]},
			"faces": {
				"north": {"uv": [0, 0, 7.75, 3], "texture": "#3"},
				"east": {"uv": [0, 0, 0.5, 0.5], "texture": "#missing"},
				"south": {"uv": [0, 0, 7.75, 6], "texture": "#4"},
				"west": {"uv": [0, 0, 0.5, 0.5], "texture": "#missing"},
				"up": {"uv": [0, 0, 16, 16], "texture": "#14"},
				"down": {"uv": [3, 3, 13, 13], "texture": "#5"}
			}
		},
		{
			"from": [-0.5, 5.5, -8],
			"to": [0, 13.5, -6],
			"rotation": {"angle": -22.5, "axis": "y", "origin": [0, 0, 4]},
			"faces": {
				"north": {"uv": [0, 0, 16, 16], "texture": "#3"},
				"east": {"uv": [3, 3, 13, 13], "texture": "#5"},
				"south": {"uv": [0, 0, 16, 16], "texture": "#3"},
				"west": {"uv": [0, 0, 16, 16], "texture": "#3"},
				"up": {"uv": [0, 0, 16, 16], "texture": "#3"},
				"down": {"uv": [0, 0, 16, 16], "texture": "#3"}
			}
		},
		{
			"from": [-0.5, 5.5, 2],
			"to": [0, 13.5, 4],
			"rotation": {"angle": -22.5, "axis": "y", "origin": [0, 0, 4]},
			"faces": {
				"north": {"uv": [0, 0, 16, 16], "texture": "#3"},
				"east": {"uv": [0, 0, 16, 16], "texture": "#3"},
				"south": {"uv": [0, 0, 16, 16], "texture": "#3"},
				"west": {"uv": [0, 0, 16, 16], "texture": "#3"},
				"up": {"uv": [0, 0, 16, 16], "texture": "#3"},
				"down": {"uv": [0, 0, 16, 16], "texture": "#3"}
			}
		},
		{
			"from": [0.26537, 5.5, -5.84776],
			"to": [0.76537, 13.5, 2.15224],
			"rotation": {"angle": -22.5, "axis": "y", "origin": [0.76537, 0, 2.15224]},
			"faces": {
				"north": {"uv": [0, 0, 16, 16], "texture": "#11"},
				"east": {"uv": [0, 0, 16, 16], "texture": "#11"},
				"south": {"uv": [0, 0, 16, 16], "texture": "#11"},
				"west": {"uv": [0, 0, 16, 16], "texture": "#11"},
				"up": {"uv": [0, 0, 16, 16], "texture": "#11"},
				"down": {"uv": [0, 0, 16, 16], "texture": "#11"}
			}
		},
		{
			"from": [15.23463, 5.5, -5.84776],
			"to": [15.73463, 13.5, 2.15224],
			"rotation": {"angle": 22.5, "axis": "y", "origin": [15.23463, 0, 2.15224]},
			"faces": {
				"north": {"uv": [0, 0, 16, 16], "texture": "#11"},
				"east": {"uv": [0, 0, 16, 16], "texture": "#11"},
				"south": {"uv": [0, 0, 16, 16], "texture": "#11"},
				"west": {"uv": [0, 0, 16, 16], "texture": "#11"},
				"up": {"uv": [0, 0, 16, 16], "texture": "#11"},
				"down": {"uv": [0, 0, 16, 16], "texture": "#11"}
			}
		},
		{
			"from": [16, 5.5, -8],
			"to": [16.5, 13.5, -6],
			"rotation": {"angle": 22.5, "axis": "y", "origin": [16, 0, 4]},
			"faces": {
				"north": {"uv": [16, 0, 0, 16], "texture": "#3"},
				"east": {"uv": [16, 0, 0, 16], "texture": "#3"},
				"south": {"uv": [16, 0, 0, 16], "texture": "#3"},
				"west": {"uv": [3, 3, 13, 13], "texture": "#5"},
				"up": {"uv": [16, 0, 0, 16], "texture": "#3"},
				"down": {"uv": [16, 0, 0, 16], "texture": "#3"}
			}
		},
		{
			"from": [16, 5.5, 2],
			"to": [16.5, 13.5, 4],
			"rotation": {"angle": 22.5, "axis": "y", "origin": [16, 0, 4]},
			"faces": {
				"north": {"uv": [16, 0, 0, 16], "texture": "#3"},
				"east": {"uv": [16, 0, 0, 16], "texture": "#3"},
				"south": {"uv": [16, 0, 0, 16], "texture": "#3"},
				"west": {"uv": [16, 0, 0, 16], "texture": "#3"},
				"up": {"uv": [16, 0, 0, 16], "texture": "#3"},
				"down": {"uv": [16, 0, 0, 16], "texture": "#3"}
			}
		},
		{
			"name": "chair",
			"from": [-0.70843, 5.31446, 13],
			"to": [-0.30843, 5.63272, 28],
			"rotation": {"angle": 45, "axis": "z", "origin": [2.40563, 5.51694, 17.20687]},
			"faces": {
				"north": {"uv": [0, 0, 0.4, 0.31826], "texture": "#7"},
				"east": {"uv": [0, 0, 16, 0.31826], "texture": "#7"},
				"south": {"uv": [0, 0, 0.4, 0.31826], "texture": "#7"},
				"west": {"uv": [0, 0, 16, 0.31826], "texture": "#7"},
				"up": {"uv": [0, 0, 0.4, 16], "texture": "#7"},
				"down": {"uv": [0, 0, 0.4, 16], "texture": "#7"}
			}
		},
		{
			"name": "chair",
			"from": [-0.51569, 4.43221, 13],
			"to": [-0.11569, 4.75047, 28],
			"rotation": {"angle": 22.5, "axis": "z", "origin": [2.40563, 5.51694, 17.20687]},
			"faces": {
				"north": {"uv": [0, 0, 0.4, 0.31826], "texture": "#7"},
				"east": {"uv": [0, 0, 16, 0.31826], "texture": "#7"},
				"south": {"uv": [0, 0, 0.4, 0.31826], "texture": "#7"},
				"west": {"uv": [0, 0, 16, 0.31826], "texture": "#7"},
				"up": {"uv": [0, 0, 0.4, 16], "texture": "#7"},
				"down": {"uv": [0, 0, 0.4, 16], "texture": "#7"}
			}
		},
		{
			"name": "chair",
			"from": [0, 3.69087, 13],
			"to": [0.4, 6.69087, 28],
			"rotation": {"angle": 0, "axis": "y", "origin": [2.40625, 5.51694, 17.20687]},
			"faces": {
				"north": {"uv": [0, 0, 0.4, 3], "texture": "#7"},
				"east": {"uv": [0, 0, 16, 3], "texture": "#7"},
				"south": {"uv": [0, 0, 0.4, 3], "texture": "#7"},
				"west": {"uv": [0, 0, 16, 3], "texture": "#7"},
				"up": {"uv": [0, 0, 0.4, 16], "texture": "#7"},
				"down": {"uv": [0, 0, 0.4, 16], "texture": "#7"}
			}
		},
		{
			"name": "chair",
			"from": [0.64087, 3.05, 13],
			"to": [2.64087, 3.45, 28],
			"rotation": {"angle": 0, "axis": "y", "origin": [2.64087, 3.25, 17.20687]},
			"faces": {
				"north": {"uv": [0, 0, 2, 0.4], "texture": "#7"},
				"east": {"uv": [0, 0, 16, 0.4], "texture": "#7"},
				"south": {"uv": [0, 0, 2, 0.4], "texture": "#7"},
				"west": {"uv": [0, 0, 16, 0.4], "texture": "#7"},
				"up": {"uv": [0, 0, 2, 16], "texture": "#7"},
				"down": {"uv": [0, 0, 2, 16], "texture": "#7"}
			}
		},
		{
			"name": "chair",
			"from": [1.401, 2.56244, 13],
			"to": [1.71926, 2.96244, 28],
			"rotation": {"angle": -22.5, "axis": "z", "origin": [2.40563, 5.51694, 17.20687]},
			"faces": {
				"north": {"uv": [0, 0, 0.31826, 0.4], "texture": "#7"},
				"east": {"uv": [0, 0, 16, 0.4], "texture": "#7"},
				"south": {"uv": [0, 0, 0.31826, 0.4], "texture": "#7"},
				"west": {"uv": [0, 0, 16, 0.4], "texture": "#7"},
				"up": {"uv": [0, 0, 0.31826, 16], "texture": "#7"},
				"down": {"uv": [0, 0, 0.31826, 16], "texture": "#7"}
			}
		},
		{
			"name": "chair",
			"from": [3.26171, 4.06273, 13],
			"to": [3.66171, 4.46273, 28],
			"rotation": {"angle": -22.5, "axis": "z", "origin": [0.40563, 5.51694, 17.20687]},
			"faces": {
				"north": {"uv": [0, 0, 0.4, 0.4], "texture": "#7"},
				"east": {"uv": [0, 0, 16, 0.4], "texture": "#7"},
				"south": {"uv": [0, 0, 0.4, 0.4], "texture": "#7"},
				"west": {"uv": [0, 0, 16, 0.4], "texture": "#7"},
				"up": {"uv": [0, 0, 0.4, 16], "texture": "#7"},
				"down": {"uv": [0, 0, 0.4, 16], "texture": "#7"}
			}
		},
		{
			"name": "chair",
			"from": [16.30843, 5.31446, 13],
			"to": [16.70843, 5.63272, 28],
			"rotation": {"angle": -45, "axis": "z", "origin": [13.59437, 5.51694, 17.20687]},
			"faces": {
				"north": {"uv": [0.4, 0, 0, 0.31826], "texture": "#7"},
				"east": {"uv": [16, 0, 0, 0.31826], "texture": "#7"},
				"south": {"uv": [0.4, 0, 0, 0.31826], "texture": "#7"},
				"west": {"uv": [16, 0, 0, 0.31826], "texture": "#7"},
				"up": {"uv": [0.4, 0, 0, 16], "texture": "#7"},
				"down": {"uv": [0.4, 0, 0, 16], "texture": "#7"}
			}
		},
		{
			"name": "chair",
			"from": [16.11569, 4.43221, 13],
			"to": [16.51569, 4.75047, 28],
			"rotation": {"angle": -22.5, "axis": "z", "origin": [13.59437, 5.51694, 17.20687]},
			"faces": {
				"north": {"uv": [0.4, 0, 0, 0.31826], "texture": "#7"},
				"east": {"uv": [16, 0, 0, 0.31826], "texture": "#7"},
				"south": {"uv": [0.4, 0, 0, 0.31826], "texture": "#7"},
				"west": {"uv": [16, 0, 0, 0.31826], "texture": "#7"},
				"up": {"uv": [0.4, 0, 0, 16], "texture": "#7"},
				"down": {"uv": [0.4, 0, 0, 16], "texture": "#7"}
			}
		},
		{
			"name": "chair",
			"from": [15.6, 3.69087, 13],
			"to": [16, 6.69087, 28],
			"rotation": {"angle": 0, "axis": "y", "origin": [13.59375, 5.51694, 17.20687]},
			"faces": {
				"north": {"uv": [0.4, 0, 0, 3], "texture": "#7"},
				"east": {"uv": [16, 0, 0, 3], "texture": "#7"},
				"south": {"uv": [0.4, 0, 0, 3], "texture": "#7"},
				"west": {"uv": [16, 0, 0, 3], "texture": "#7"},
				"up": {"uv": [0.4, 0, 0, 16], "texture": "#7"},
				"down": {"uv": [0.4, 0, 0, 16], "texture": "#7"}
			}
		},
		{
			"name": "chair",
			"from": [13.35913, 3.05, 13],
			"to": [15.35913, 3.45, 28],
			"rotation": {"angle": 0, "axis": "y", "origin": [13.35913, 3.25, 17.20687]},
			"faces": {
				"north": {"uv": [2, 0, 0, 0.4], "texture": "#7"},
				"east": {"uv": [16, 0, 0, 0.4], "texture": "#7"},
				"south": {"uv": [2, 0, 0, 0.4], "texture": "#7"},
				"west": {"uv": [16, 0, 0, 0.4], "texture": "#7"},
				"up": {"uv": [2, 0, 0, 16], "texture": "#7"},
				"down": {"uv": [2, 0, 0, 16], "texture": "#7"}
			}
		},
		{
			"name": "chair",
			"from": [14.28074, 2.56244, 13],
			"to": [14.599, 2.96244, 28],
			"rotation": {"angle": 22.5, "axis": "z", "origin": [13.59437, 5.51694, 17.20687]},
			"faces": {
				"north": {"uv": [0.31826, 0, 0, 0.4], "texture": "#7"},
				"east": {"uv": [16, 0, 0, 0.4], "texture": "#7"},
				"south": {"uv": [0.31826, 0, 0, 0.4], "texture": "#7"},
				"west": {"uv": [16, 0, 0, 0.4], "texture": "#7"},
				"up": {"uv": [0.31826, 0, 0, 16], "texture": "#7"},
				"down": {"uv": [0.31826, 0, 0, 16], "texture": "#7"}
			}
		},
		{
			"name": "chair",
			"from": [12.33829, 4.06273, 13],
			"to": [12.73829, 4.46273, 28],
			"rotation": {"angle": 22.5, "axis": "z", "origin": [15.59437, 5.51694, 17.20687]},
			"faces": {
				"north": {"uv": [0.4, 0, 0, 0.4], "texture": "#7"},
				"east": {"uv": [16, 0, 0, 0.4], "texture": "#7"},
				"south": {"uv": [0.4, 0, 0, 0.4], "texture": "#7"},
				"west": {"uv": [16, 0, 0, 0.4], "texture": "#7"},
				"up": {"uv": [0.4, 0, 0, 16], "texture": "#7"},
				"down": {"uv": [0.4, 0, 0, 16], "texture": "#7"}
			}
		},
		{
			"name": "hexadecagon",
			"from": [4.125, 16.10218, -7.125],
			"to": [12.125, 16.5, -6.125],
			"rotation": {"angle": 22.5, "axis": "x", "origin": [10.25, 16.30109, -6.125]},
			"faces": {
				"north": {"uv": [0, 0, 16, 16], "texture": "#3"},
				"east": {"uv": [0, 0, 16, 16], "texture": "#3"},
				"south": {"uv": [0, 0, 16, 16], "texture": "#3"},
				"west": {"uv": [0, 0, 16, 16], "texture": "#3"},
				"up": {"uv": [0, 0, 16, 16], "texture": "#3"},
				"down": {"uv": [0, 0, 16, 16], "texture": "#3"}
			}
		},
		{
			"name": "hexadecagon",
			"from": [4.125, 16.10218, -7.125],
			"to": [12.125, 16.5, -6.125],
			"rotation": {"angle": 45, "axis": "x", "origin": [10.25, 16.30109, -6.125]},
			"faces": {
				"north": {"uv": [0, 0, 16, 16], "texture": "#3"},
				"east": {"uv": [0, 0, 16, 16], "texture": "#3"},
				"south": {"uv": [0, 0, 16, 16], "texture": "#3"},
				"west": {"uv": [0, 0, 16, 16], "texture": "#3"},
				"up": {"uv": [0, 0, 16, 16], "texture": "#3"},
				"down": {"uv": [0, 0, 16, 16], "texture": "#3"}
			}
		},
		{
			"name": "hexadecagon",
			"from": [4.125, 16.30109, -6.32391],
			"to": [12.125, 17.30109, -6.06359],
			"rotation": {"angle": -22.5, "axis": "x", "origin": [10.25, 16.30109, -6.125]},
			"faces": {
				"north": {"uv": [0, 0, 16, 16], "texture": "#3"},
				"east": {"uv": [0, 0, 16, 16], "texture": "#3"},
				"south": {"uv": [0, 0, 16, 16], "texture": "#3"},
				"west": {"uv": [0, 0, 16, 16], "texture": "#3"},
				"up": {"uv": [0, 0, 16, 16], "texture": "#3"},
				"down": {"uv": [0, 0, 16, 16], "texture": "#3"}
			}
		},
		{
			"name": "hexadecagon",
			"from": [15.5, 16.35218, 3.75],
			"to": [16.5, 16.75, 28],
			"rotation": {"angle": 22.5, "axis": "z", "origin": [15.5, 16.55109, 10.125]},
			"faces": {
				"north": {"uv": [0, 0, 16, 16], "texture": "#3"},
				"east": {"uv": [0, 0, 16, 16], "texture": "#3"},
				"south": {"uv": [0, 0, 16, 16], "texture": "#3"},
				"west": {"uv": [0, 0, 16, 16], "texture": "#3"},
				"up": {"uv": [0, 0, 16, 16], "rotation": 90, "texture": "#3"},
				"down": {"uv": [0, 0, 16, 16], "rotation": 270, "texture": "#3"}
			}
		},
		{
			"name": "hexadecagon",
			"from": [15.5, 16.35218, 3.75],
			"to": [16.5, 16.75, 28],
			"rotation": {"angle": 45, "axis": "z", "origin": [15.5, 16.55109, 10.125]},
			"faces": {
				"north": {"uv": [0, 0, 16, 16], "texture": "#3"},
				"east": {"uv": [0, 0, 16, 16], "texture": "#3"},
				"south": {"uv": [0, 0, 16, 16], "texture": "#3"},
				"west": {"uv": [0, 0, 16, 16], "texture": "#3"},
				"up": {"uv": [0, 0, 16, 16], "rotation": 90, "texture": "#3"},
				"down": {"uv": [0, 0, 16, 16], "rotation": 270, "texture": "#3"}
			}
		},
		{
			"name": "hexadecagon",
			"from": [15.43859, 16.55109, 3.75],
			"to": [15.69891, 17.55109, 28],
			"rotation": {"angle": -22.5, "axis": "z", "origin": [15.5, 16.55109, 10.125]},
			"faces": {
				"north": {"uv": [0, 0, 16, 16], "texture": "#3"},
				"east": {"uv": [0, 0, 16, 16], "texture": "#3"},
				"south": {"uv": [0, 0, 16, 16], "texture": "#3"},
				"west": {"uv": [0, 0, 16, 16], "texture": "#3"},
				"up": {"uv": [0, 0, 16, 16], "rotation": 90, "texture": "#3"},
				"down": {"uv": [0, 0, 16, 16], "rotation": 270, "texture": "#3"}
			}
		},
		{
			"name": "hexadecagon",
			"from": [-0.5, 16.35218, 3.75],
			"to": [0.5, 16.75, 28],
			"rotation": {"angle": -22.5, "axis": "z", "origin": [0.5, 16.55109, 10.125]},
			"faces": {
				"north": {"uv": [0, 0, 16, 16], "texture": "#3"},
				"east": {"uv": [0, 0, 16, 16], "texture": "#3"},
				"south": {"uv": [0, 0, 16, 16], "texture": "#3"},
				"west": {"uv": [0, 0, 16, 16], "texture": "#3"},
				"up": {"uv": [0, 0, 16, 16], "rotation": 90, "texture": "#3"},
				"down": {"uv": [0, 0, 16, 16], "rotation": 270, "texture": "#3"}
			}
		},
		{
			"name": "hexadecagon",
			"from": [-0.5, 16.35218, 3.75],
			"to": [0.5, 16.75, 28],
			"rotation": {"angle": -45, "axis": "z", "origin": [0.5, 16.55109, 10.125]},
			"faces": {
				"north": {"uv": [0, 0, 16, 16], "texture": "#3"},
				"east": {"uv": [0, 0, 16, 16], "texture": "#3"},
				"south": {"uv": [0, 0, 16, 16], "texture": "#3"},
				"west": {"uv": [0, 0, 16, 16], "texture": "#3"},
				"up": {"uv": [0, 0, 16, 16], "rotation": 90, "texture": "#3"},
				"down": {"uv": [0, 0, 16, 16], "rotation": 270, "texture": "#3"}
			}
		},
		{
			"name": "hexadecagon",
			"from": [0.30109, 16.55109, 3.75],
			"to": [0.56141, 17.55109, 28],
			"rotation": {"angle": 22.5, "axis": "z", "origin": [0.5, 16.55109, 10.125]},
			"faces": {
				"north": {"uv": [0, 0, 16, 16], "texture": "#3"},
				"east": {"uv": [0, 0, 16, 16], "texture": "#3"},
				"south": {"uv": [0, 0, 16, 16], "texture": "#3"},
				"west": {"uv": [0, 0, 16, 16], "texture": "#3"},
				"up": {"uv": [0, 0, 16, 16], "rotation": 90, "texture": "#3"},
				"down": {"uv": [0, 0, 16, 16], "rotation": 270, "texture": "#3"}
			}
		},
		{
			"from": [5.75, 3.87196, -1.01079],
			"to": [10.25, 6.32196, -0.66079],
			"rotation": {"angle": 22.5, "axis": "x", "origin": [8, 5.15, -1.00028]},
			"faces": {
				"north": {"uv": [0, 0, 16, 16], "texture": "#5"},
				"east": {"uv": [0, 0, 16, 16], "texture": "#5"},
				"south": {"uv": [0, 0, 16, 16], "texture": "#5"},
				"west": {"uv": [0, 0, 16, 16], "texture": "#5"},
				"up": {"uv": [0, 0, 16, 16], "texture": "#5"},
				"down": {"uv": [0, 0, 16, 16], "texture": "#5"}
			}
		},
		{
			"from": [5.75, 4.05, -0.56278],
			"to": [10.25, 9.05, -0.21278],
			"rotation": {"angle": 0, "axis": "y", "origin": [8, 5.15, -1.00028]},
			"faces": {
				"north": {"uv": [0, 0, 16, 16], "texture": "#5"},
				"east": {"uv": [0, 0, 16, 16], "texture": "#5"},
				"south": {"uv": [0, 0, 16, 16], "texture": "#5"},
				"west": {"uv": [0, 0, 16, 16], "texture": "#5"},
				"up": {"uv": [0, 0, 16, 16], "rotation": 90, "texture": "#5"},
				"down": {"uv": [0, 0, 16, 16], "texture": "#5"}
			}
		},
		{
			"from": [5.75, 3.45, -3.51278],
			"to": [10.25, 4.05, -0.21278],
			"rotation": {"angle": 0, "axis": "y", "origin": [8, 5.15, -1.00028]},
			"faces": {
				"north": {"uv": [0, 0, 16, 16], "texture": "#5"},
				"east": {"uv": [0, 0, 16, 16], "texture": "#5"},
				"south": {"uv": [0, 0, 16, 16], "texture": "#5"},
				"west": {"uv": [0, 0, 16, 16], "texture": "#5"},
				"up": {"uv": [0, 0, 16, 16], "rotation": 90, "texture": "#5"},
				"down": {"uv": [0, 0, 16, 16], "rotation": 270, "texture": "#5"}
			}
		},
		{
			"from": [7.25, -0.05, -2.51278],
			"to": [8.75, 3.55, -1.01278],
			"rotation": {"angle": 0, "axis": "y", "origin": [8, 4.65, -1.00028]},
			"faces": {
				"north": {"uv": [0, 0, 7, 16], "texture": "#9"},
				"east": {"uv": [0, 0, 7, 16], "texture": "#9"},
				"south": {"uv": [0, 0, 7, 16], "texture": "#9"},
				"west": {"uv": [0, 0, 7, 16], "texture": "#9"},
				"up": {"uv": [0, 0, 7, 16], "texture": "#9"},
				"down": {"uv": [0, 0, 7, 16], "texture": "#9"}
			}
		}
	],
	"display": {
		"head": {
			"scale": [4, 4, 4]
		}
	},
	"groups": [
		0,
		1,
		2,
		3,
		4,
		5,
		6,
		7,
		8,
		9,
		10,
		11,
		12,
		13,
		14,
		15,
		16,
		17,
		18,
		19,
		20,
		21,
		22,
		23,
		24,
		25,
		26,
		27,
		28,
		29,
		30,
		31,
		32,
		33,
		34,
		35,
		36,
		37,
		38,
		39,
		40,
		41,
		42,
		43,
		44,
		45,
		46,
		47,
		48,
		49,
		50,
		51,
		52,
		53,
		54,
		55,
		56,
		57,
		58,
		59,
		60,
		61,
		62,
		63,
		64,
		65,
		{
			"name": "chair",
			"origin": [8, 4.26694, 12.39437],
			"color": 0,
			"children": [66, 67, 68, 69, 70, 71]
		},
		{
			"name": "chair",
			"origin": [8, 4.26694, 12.39437],
			"color": 0,
			"children": [72, 73, 74, 75, 76, 77]
		},
		{
			"name": "hexadecagon",
			"origin": [8, 8, 8],
			"color": 0,
			"children": [78, 79, 80]
		},
		{
			"name": "hexadecagon",
			"origin": [8, 8, 8],
			"color": 0,
			"children": [81, 82, 83]
		},
		{
			"name": "hexadecagon",
			"origin": [8, 8, 8],
			"color": 0,
			"children": [84, 85, 86]
		},
		{
			"name": "driver",
			"origin": [8, 5.15, -5.00028],
			"color": 0,
			"children": [87, 88, 89, 90]
		}
	]
}