{
	"format_version": "1.21.6",
	"credit": "Made with Blockbench",
	"texture_size": [128, 128],
	"textures": {
		"3": "block/lipan/lili_mole/lilo_mole_dm_chiyoda",
		"particle": "block/lipan/lili/lilo_light_glass_black"
	},
	"elements": [
		{
			"from": [10.625, 5.875, -10.375],
			"to": [13.375, 10, -10.25],
			"rotation": {"angle": 0, "axis": "y", "origin": [2, 13.375, 6.375]},
			"faces": {
				"north": {"uv": [1.5, 8.5, 1.84375, 9.01563], "texture": "#3"},
				"east": {"uv": [2.375, 11.75, 2.39063, 12.26563], "texture": "#3"},
				"south": {"uv": [1.875, 8.5, 2.21875, 9.01563], "texture": "#3"},
				"west": {"uv": [2.5, 11.75, 2.51563, 12.26563], "texture": "#3"},
				"up": {"uv": [11.71875, 12.01563, 11.375, 12], "texture": "#3"},
				"down": {"uv": [12.34375, 11.5, 12, 11.51563], "texture": "#3"}
			}
		},
		{
			"from": [10.625, 5.875, -10.25],
			"to": [10.75, 10, -10],
			"rotation": {"angle": 0, "axis": "y", "origin": [2, 10.125, 6.375]},
			"faces": {
				"north": {"uv": [2.625, 11.75, 2.64063, 12.26563], "texture": "#3"},
				"east": {"uv": [1.5, 11.25, 1.53125, 11.76563], "texture": "#3"},
				"south": {"uv": [2.75, 11.75, 2.76563, 12.26563], "texture": "#3"},
				"west": {"uv": [1.875, 11.25, 1.90625, 11.76563], "texture": "#3"},
				"up": {"uv": [11.01563, 12.40625, 11, 12.375], "texture": "#3"},
				"down": {"uv": [12.39063, 11, 12.375, 11.03125], "texture": "#3"}
			}
		},
		{
			"from": [10.625, 2.625, -10.375],
			"to": [13.375, 5.875, -10],
			"rotation": {"angle": 0, "axis": "y", "origin": [2, 2.75, 6.375]},
			"faces": {
				"north": {"uv": [0, 9, 0.34375, 9.40625], "texture": "#3"},
				"east": {"uv": [11, 5.375, 11.04688, 5.78125], "texture": "#3"},
				"south": {"uv": [0.375, 9, 0.71875, 9.40625], "texture": "#3"},
				"west": {"uv": [5.625, 11, 5.67188, 11.40625], "texture": "#3"},
				"up": {"uv": [11.46875, 1.17188, 11.125, 1.125], "texture": "#3"},
				"down": {"uv": [11.46875, 2.125, 11.125, 2.17188], "texture": "#3"}
			}
		},
		{
			"from": [10.625, 10, -10.375],
			"to": [13.375, 10.75, -10],
			"rotation": {"angle": 0, "axis": "y", "origin": [2, 10.125, 6.375]},
			"faces": {
				"north": {"uv": [5.75, 4.5, 6.09375, 4.59375], "texture": "#3"},
				"east": {"uv": [12.125, 7.625, 12.17188, 7.71875], "texture": "#3"},
				"south": {"uv": [6.5, 3.375, 6.84375, 3.46875], "texture": "#3"},
				"west": {"uv": [12.125, 7.75, 12.17188, 7.84375], "texture": "#3"},
				"up": {"uv": [11.46875, 4.92188, 11.125, 4.875], "texture": "#3"},
				"down": {"uv": [11.46875, 7.625, 11.125, 7.67188], "texture": "#3"}
			}
		},
		{
			"from": [13.25, 5.875, -10.25],
			"to": [13.375, 10, -10],
			"rotation": {"angle": 0, "axis": "y", "origin": [4.625, 10.125, 6.375]},
			"faces": {
				"north": {"uv": [2.875, 11.75, 2.89063, 12.26563], "texture": "#3"},
				"east": {"uv": [2, 11.25, 2.03125, 11.76563], "texture": "#3"},
				"south": {"uv": [3, 11.75, 3.01563, 12.26563], "texture": "#3"},
				"west": {"uv": [4.5, 11.25, 4.53125, 11.76563], "texture": "#3"},
				"up": {"uv": [11.14063, 12.40625, 11.125, 12.375], "texture": "#3"},
				"down": {"uv": [12.39063, 11.125, 12.375, 11.15625], "texture": "#3"}
			}
		},
		{
			"from": [11.875, 10.125, -10.75],
			"to": [12.25, 10.5, -10.125],
			"rotation": {"angle": 0, "axis": "y", "origin": [4.875, 14.625, 5.875]},
			"faces": {
				"north": {"uv": [7.125, 12.25, 7.17188, 12.29688], "texture": "#3"},
				"east": {"uv": [12.25, 0.75, 12.32813, 0.79688], "texture": "#3"},
				"south": {"uv": [7.25, 12.25, 7.29688, 12.29688], "texture": "#3"},
				"west": {"uv": [12.25, 0.875, 12.32813, 0.92188], "texture": "#3"},
				"up": {"uv": [12.29688, 1.07813, 12.25, 1], "texture": "#3"},
				"down": {"uv": [12.29688, 1.125, 12.25, 1.20313], "texture": "#3"}
			}
		},
		{
			"from": [11, 6.5, -10.5],
			"to": [11.125, 9.1875, -10.375],
			"rotation": {"angle": 0, "axis": "y", "origin": [11.0625, 10.3125, -10.5625]},
			"faces": {
				"north": {"uv": [12, 11.625, 12.01563, 11.96875], "texture": "#3"},
				"east": {"uv": [11.75, 12, 11.76563, 12.34375], "texture": "#3"},
				"south": {"uv": [11.875, 12, 11.89063, 12.34375], "texture": "#3"},
				"west": {"uv": [12, 12, 12.01563, 12.34375], "texture": "#3"},
				"up": {"uv": [12.51563, 1.14063, 12.5, 1.125], "texture": "#3"},
				"down": {"uv": [1.26563, 12.5, 1.25, 12.51563], "texture": "#3"}
			}
		},
		{
			"from": [12, 7.625, -10.625],
			"to": [12.125, 10.375, -10.5],
			"rotation": {"angle": -22.5, "axis": "z", "origin": [12.0625, 10.3125, -10.5625]},
			"faces": {
				"north": {"uv": [12.125, 0.75, 12.14063, 1.09375], "texture": "#3"},
				"east": {"uv": [12.125, 1.125, 12.14063, 1.46875], "texture": "#3"},
				"south": {"uv": [1.5, 12.125, 1.51563, 12.46875], "texture": "#3"},
				"west": {"uv": [12.125, 1.625, 12.14063, 1.96875], "texture": "#3"},
				"up": {"uv": [12.51563, 1.26563, 12.5, 1.25], "texture": "#3"},
				"down": {"uv": [12.51563, 1.375, 12.5, 1.39063], "texture": "#3"}
			}
		},
		{
			"from": [13.125, 2.75, -10],
			"to": [13.375, 2.875, -8.875],
			"rotation": {"angle": 0, "axis": "y", "origin": [2, 2.75, 6.375]},
			"faces": {
				"north": {"uv": [11.25, 12.375, 11.28125, 12.39063], "texture": "#3"},
				"east": {"uv": [12.25, 7.25, 12.39063, 7.26563], "texture": "#3"},
				"south": {"uv": [12.375, 11.25, 12.40625, 11.26563], "texture": "#3"},
				"west": {"uv": [7.375, 12.25, 7.51563, 12.26563], "texture": "#3"},
				"up": {"uv": [8.65625, 12.26563, 8.625, 12.125], "texture": "#3"},
				"down": {"uv": [8.78125, 12.125, 8.75, 12.26563], "texture": "#3"}
			}
		},
		{
			"from": [13.125, 10.625, -10],
			"to": [13.375, 10.75, -8.875],
			"rotation": {"angle": 0, "axis": "y", "origin": [2, 10.625, 6.375]},
			"faces": {
				"north": {"uv": [11.375, 12.375, 11.40625, 12.39063], "texture": "#3"},
				"east": {"uv": [12.25, 7.375, 12.39063, 7.39063], "texture": "#3"},
				"south": {"uv": [12.375, 11.375, 12.40625, 11.39063], "texture": "#3"},
				"west": {"uv": [12.25, 7.5, 12.39063, 7.51563], "texture": "#3"},
				"up": {"uv": [8.90625, 12.26563, 8.875, 12.125], "texture": "#3"},
				"down": {"uv": [9.03125, 12.125, 9, 12.26563], "texture": "#3"}
			}
		}
	],
	"groups": [
		{
			"name": "MoLE",
			"origin": [8, 8, 0.5],
			"color": 0,
			"children": [
				{
					"name": "Doors",
					"origin": [8, 8, 5],
					"color": 0,
					"children": [
						{
							"name": "FrontDoor",
							"origin": [3.2, 9.5, -2.3],
							"color": 0,
							"children": [
								0,
								1,
								2,
								3,
								4,
								{
									"name": "Wiper",
									"origin": [5.1, 13.1, 3.3],
									"color": 0,
									"children": [5, 6, 7]
								},
								{
									"name": "Guide",
									"origin": [3.2, 9.5, -2.3],
									"color": 0,
									"children": [8, 9]
								}
							]
						}
					]
				}
			]
		}
	]
}