{
	"format_version": "1.21.6",
	"credit": "Made with Blockbench",
	"texture_size": [32, 32],
	"textures": {
		"1": "block/lipan/lili_mole/lili_mole_chiyoda_door_r"
	},
	"elements": [
		{
			"from": [7.88281, 13.58594, 6.4375],
			"to": [8.50781, 13.74219, 6.75],
			"rotation": {"angle": 0, "axis": "y", "origin": [6.00781, 12.64844, 22.84375]},
			"faces": {
				"north": {"uv": [6.5, 1, 6.8125, 1.0625], "texture": "#1"},
				"east": {"uv": [6.5, 3, 6.6875, 3.0625], "texture": "#1"},
				"south": {"uv": [6.5, 1.5, 6.8125, 1.5625], "texture": "#1"},
				"west": {"uv": [6.5, 3.5, 6.6875, 3.5625], "texture": "#1"},
				"up": {"uv": [4.3125, 6.1875, 4, 6], "texture": "#1"},
				"down": {"uv": [4.8125, 6, 4.5, 6.1875], "texture": "#1"}
			}
		},
		{
			"from": [7.72656, 12.17969, 6.75],
			"to": [7.88281, 13.74219, 9.25],
			"rotation": {"angle": 0, "axis": "y", "origin": [5.85156, 12.64844, 23.15625]},
			"faces": {
				"north": {"uv": [6, 4.5, 6.0625, 5.3125], "texture": "#1"},
				"east": {"uv": [0, 5, 1.25, 5.8125], "texture": "#1"},
				"south": {"uv": [6, 5.5, 6.0625, 6.3125], "texture": "#1"},
				"west": {"uv": [5, 0, 6.25, 0.8125], "texture": "#1"},
				"up": {"uv": [0.5625, 7.25, 0.5, 6], "texture": "#1"},
				"down": {"uv": [1.0625, 6, 1, 7.25], "texture": "#1"}
			}
		},
		{
			"from": [7.72656, 1.86719, 6.75],
			"to": [7.88281, 2.80469, 9.25],
			"rotation": {"angle": 0, "axis": "y", "origin": [5.85156, 2.33594, 23.15625]},
			"faces": {
				"north": {"uv": [6.5, 0, 6.5625, 0.5], "texture": "#1"},
				"east": {"uv": [5, 1, 6.25, 1.5], "texture": "#1"},
				"south": {"uv": [6.5, 0.5, 6.5625, 1], "texture": "#1"},
				"west": {"uv": [1.5, 5, 2.75, 5.5], "texture": "#1"},
				"up": {"uv": [6.0625, 2.75, 6, 1.5], "texture": "#1"},
				"down": {"uv": [3.0625, 6, 3, 7.25], "texture": "#1"}
			}
		},
		{
			"from": [7.72656, 2.80469, 6.75],
			"to": [7.88281, 12.17969, 9.25],
			"rotation": {"angle": 0, "axis": "y", "origin": [5.85156, 3.27344, 23.15625]},
			"faces": {
				"north": {"uv": [2.5, 5.5, 2.5625, 10.1875], "texture": "#1"},
				"east": {"uv": [0, 0, 1.25, 4.6875], "texture": "#1"},
				"south": {"uv": [0, 6, 0.0625, 10.6875], "texture": "#1"},
				"west": {"uv": [1.5, 0, 2.75, 4.6875], "texture": "#1"},
				"up": {"uv": [6.0625, 4.25, 6, 3], "texture": "#1"},
				"down": {"uv": [3.5625, 6, 3.5, 7.25], "texture": "#1"}
			}
		},
		{
			"from": [7.72656, 1.86719, 6.4375],
			"to": [7.88281, 13.74219, 6.75],
			"rotation": {"angle": 0, "axis": "y", "origin": [5.85156, 3.27344, 23.15625]},
			"faces": {
				"north": {"uv": [5.5, 1.5, 5.5625, 7.4375], "texture": "#1"},
				"east": {"uv": [4, 0, 4.1875, 5.9375], "texture": "#1"},
				"south": {"uv": [2, 5.5, 2.0625, 11.4375], "texture": "#1"},
				"west": {"uv": [4.5, 0, 4.6875, 5.9375], "texture": "#1"},
				"up": {"uv": [4.0625, 6.6875, 4, 6.5], "texture": "#1"},
				"down": {"uv": [6.5625, 4, 6.5, 4.1875], "texture": "#1"}
			}
		},
		{
			"from": [7.72656, 1.86719, 9.25],
			"to": [7.88281, 13.74219, 9.5625],
			"rotation": {"angle": 0, "axis": "y", "origin": [5.85156, 3.27344, 25.96875]},
			"faces": {
				"north": {"uv": [5, 1.5, 5.0625, 7.4375], "texture": "#1"},
				"east": {"uv": [3, 0, 3.1875, 5.9375], "texture": "#1"},
				"south": {"uv": [1.5, 5.5, 1.5625, 11.4375], "texture": "#1"},
				"west": {"uv": [3.5, 0, 3.6875, 5.9375], "texture": "#1"},
				"up": {"uv": [6.5625, 2.1875, 6.5, 2], "texture": "#1"},
				"down": {"uv": [6.5625, 2.5, 6.5, 2.6875], "texture": "#1"}
			}
		}
	],
	"groups": [
		{
			"name": "Door",
			"origin": [7.66406, 12.61719, 18.40625],
			"color": 0,
			"children": [0, 1, 2, 3, 4, 5]
		}
	]
}