{
	"credit": "Made with Blockbench",
	"textures": {
		"0": "block/bus_autonomous/coal_block",
		"1": "block/bus_autonomous/light_gray_concrete",
		"2": "block/bus_autonomous/cyan_concrete",
		"4": "block/bus_autonomous/glass",
		"5": "block/bus_autonomous/quartz_block_bottom",
		"particle": "block/bus_autonomous/coal_block"
	},
	"elements": [
		{
			"from": [1.35, 1.5, 7.725],
			"to": [2.15, 3, 12],
			"rotation": {"angle": 0, "axis": "y", "origin": [-12.5, 0.75, 36.225]},
			"faces": {
				"north": {"uv": [0, 0, 9.5, 0.75], "texture": "#1"},
				"east": {"uv": [0, 0, 16, 0.75], "texture": "#5"},
				"south": {"uv": [0, 0, 9.5, 0.75], "texture": "#1"},
				"west": {"uv": [0, 0, 16, 0.75], "texture": "#2"},
				"up": {"uv": [0, 0, 9.5, 16], "texture": "#0"},
				"down": {"uv": [0, 0, 9.5, 16], "texture": "#1"}
			}
		},
		{
			"from": [1.35, 3, 11.225],
			"to": [2.15, 15.75, 12],
			"rotation": {"angle": 0, "axis": "y", "origin": [-12.5, 9.5, 39.725]},
			"faces": {
				"north": {"uv": [0, 0, 9.5, 0.75], "texture": "#0"},
				"east": {"uv": [0, 0, 16, 0.75], "texture": "#5"},
				"south": {"uv": [0, 0, 9.5, 0.75], "texture": "#1"},
				"west": {"uv": [0, 0, 16, 0.75], "texture": "#2"},
				"up": {"uv": [0, 0, 9.5, 16], "texture": "#1"},
				"down": {"uv": [0, 0, 9.5, 16], "texture": "#1"}
			}
		},
		{
			"from": [1.45, 3, 8.5],
			"to": [2.05, 15.75, 11.225],
			"rotation": {"angle": 0, "axis": "y", "origin": [-12.5, 9.5, 37]},
			"faces": {
				"north": {"uv": [0, 0, 16, 16], "texture": "#4"},
				"east": {"uv": [0, 0, 16, 16], "texture": "#4"},
				"south": {"uv": [0, 0, 16, 16], "texture": "#4"},
				"west": {"uv": [0, 0, 16, 16], "texture": "#4"},
				"up": {"uv": [0, 0, 16, 16], "texture": "#4"},
				"down": {"uv": [0, 0, 16, 16], "texture": "#4"}
			}
		},
		{
			"from": [1.35, 3, 7.725],
			"to": [2.15, 15.75, 8.5],
			"rotation": {"angle": 0, "axis": "y", "origin": [-12.5, 9.5, 36.225]},
			"faces": {
				"north": {"uv": [0, 0, 9.5, 0.75], "texture": "#1"},
				"east": {"uv": [0, 0, 16, 0.75], "texture": "#5"},
				"south": {"uv": [0, 0, 9.5, 0.75], "texture": "#0"},
				"west": {"uv": [0, 0, 16, 0.75], "texture": "#2"},
				"up": {"uv": [0, 0, 9.5, 16], "texture": "#1"},
				"down": {"uv": [0, 0, 9.5, 16], "texture": "#1"}
			}
		},
		{
			"from": [1.35, 1.5, 7.625],
			"to": [2.15, 17.25, 7.725],
			"rotation": {"angle": 0, "axis": "y", "origin": [-12.5, 0.75, 31.75]},
			"faces": {
				"north": {"uv": [0, 0, 9.5, 0.75], "texture": "#0"},
				"east": {"uv": [0, 0, 16, 0.75], "texture": "#0"},
				"south": {"uv": [0, 0, 9.5, 0.75], "texture": "#0"},
				"west": {"uv": [0, 0, 16, 0.75], "texture": "#0"},
				"up": {"uv": [0, 0, 9.5, 16], "texture": "#0"},
				"down": {"uv": [0, 0, 9.5, 16], "texture": "#0"}
			}
		},
		{
			"from": [1.35, 15.75, 7.725],
			"to": [2.15, 17.25, 12],
			"rotation": {"angle": 0, "axis": "y", "origin": [-12.5, 13, 36.225]},
			"faces": {
				"north": {"uv": [0, 0, 9.5, 0.75], "texture": "#1"},
				"east": {"uv": [0, 0, 16, 0.75], "texture": "#5"},
				"south": {"uv": [0, 0, 9.5, 0.75], "texture": "#1"},
				"west": {"uv": [0, 0, 16, 0.75], "texture": "#2"},
				"up": {"uv": [0, 0, 9.5, 16], "texture": "#1"},
				"down": {"uv": [0, 0, 9.5, 16], "texture": "#0"}
			}
		}
	],
	"display": {
		"head": {
			"scale": [4, 4, 4]
		}
	}
}