{
	"credit": "Made with Blockbench",
	"texture_size": [128, 128],
	"textures": {
		"0": "LipanLocoTextures/L500_DM_B_1"
	},
	"elements": [
		{
			"from": [1, 0, 0],
			"to": [4, 29, 1],
			"faces": {
				"north": {"uv": [7, 5.75, 7.375, 9.375], "texture": "#0"},
				"east": {"uv": [9.25, 7.75, 9.375, 11.375], "texture": "#0"},
				"south": {"uv": [1.75, 7.25, 2.125, 10.875], "texture": "#0"},
				"west": {"uv": [7.875, 9.25, 8, 12.875], "texture": "#0"},
				"up": {"uv": [11.875, 8, 11.5, 7.875], "texture": "#0"},
				"down": {"uv": [11.875, 8, 11.5, 8.125], "texture": "#0"}
			}
		},
		{
			"from": [4, 27, 0],
			"to": [12, 29, 1],
			"faces": {
				"north": {"uv": [9.75, 0.25, 10.75, 0.5], "texture": "#0"},
				"east": {"uv": [9.125, 11.75, 9.25, 12], "texture": "#0"},
				"south": {"uv": [9.75, 0.5, 10.75, 0.75], "texture": "#0"},
				"west": {"uv": [11.75, 9.25, 11.875, 9.5], "texture": "#0"},
				"up": {"uv": [12, 5.375, 11, 5.25], "texture": "#0"},
				"down": {"uv": [12, 5.375, 11, 5.5], "texture": "#0"}
			}
		},
		{
			"from": [12, 0, 0],
			"to": [15, 29, 1],
			"faces": {
				"north": {"uv": [2.125, 7.25, 2.5, 10.875], "texture": "#0"},
				"east": {"uv": [8, 9.25, 8.125, 12.875], "texture": "#0"},
				"south": {"uv": [2.5, 7.25, 2.875, 10.875], "texture": "#0"},
				"west": {"uv": [8.125, 9.25, 8.25, 12.875], "texture": "#0"},
				"up": {"uv": [11.875, 8.25, 11.5, 8.125], "texture": "#0"},
				"down": {"uv": [11.875, 9.5, 11.5, 9.625], "texture": "#0"}
			}
		},
		{
			"from": [15, 0, 13],
			"to": [16, 29, 16],
			"faces": {
				"north": {"uv": [8.25, 9.25, 8.375, 12.875], "texture": "#0"},
				"east": {"uv": [2.875, 7.25, 3.25, 10.875], "texture": "#0"},
				"south": {"uv": [8.375, 9.25, 8.5, 12.875], "texture": "#0"},
				"west": {"uv": [3.25, 7.25, 3.625, 10.875], "texture": "#0"},
				"up": {"uv": [6.875, 11.875, 6.75, 11.5], "texture": "#0"},
				"down": {"uv": [7, 11.5, 6.875, 11.875], "texture": "#0"}
			}
		},
		{
			"from": [0, 0, 13],
			"to": [1, 29, 16],
			"faces": {
				"north": {"uv": [7, 9.375, 7.125, 13], "texture": "#0"},
				"east": {"uv": [5.125, 7.25, 5.5, 10.875], "texture": "#0"},
				"south": {"uv": [7.125, 9.375, 7.25, 13], "texture": "#0"},
				"west": {"uv": [7.375, 5.75, 7.75, 9.375], "texture": "#0"},
				"up": {"uv": [11.5, 11.875, 11.375, 11.5], "texture": "#0"},
				"down": {"uv": [11.625, 11.375, 11.5, 11.75], "texture": "#0"}
			}
		},
		{
			"from": [0, 27, 16],
			"to": [1, 29, 32],
			"faces": {
				"north": {"uv": [11.75, 9.625, 11.875, 9.875], "texture": "#0"},
				"east": {"uv": [9.125, 2.875, 11.125, 3.125], "texture": "#0"},
				"south": {"uv": [9.875, 11.75, 10, 12], "texture": "#0"},
				"west": {"uv": [9.125, 3.125, 11.125, 3.375], "texture": "#0"},
				"up": {"uv": [0.75, 12.25, 0.625, 10.25], "texture": "#0"},
				"down": {"uv": [0.875, 10.25, 0.75, 12.25], "texture": "#0"}
			}
		},
		{
			"from": [15, 27, 16],
			"to": [16, 29, 32],
			"faces": {
				"north": {"uv": [11.75, 9.875, 11.875, 10.125], "texture": "#0"},
				"east": {"uv": [9.125, 3.375, 11.125, 3.625], "texture": "#0"},
				"south": {"uv": [10, 11.75, 10.125, 12], "texture": "#0"},
				"west": {"uv": [9.125, 3.625, 11.125, 3.875], "texture": "#0"},
				"up": {"uv": [1, 12.25, 0.875, 10.25], "texture": "#0"},
				"down": {"uv": [1.125, 10.25, 1, 12.25], "texture": "#0"}
			}
		},
		{
			"from": [15, 25, 3],
			"to": [16, 29, 13],
			"faces": {
				"north": {"uv": [5.25, 11.25, 5.375, 11.75], "texture": "#0"},
				"east": {"uv": [8.625, 4.125, 9.875, 4.625], "texture": "#0"},
				"south": {"uv": [5.375, 11.25, 5.5, 11.75], "texture": "#0"},
				"west": {"uv": [7.75, 8.75, 9, 9.25], "texture": "#0"},
				"up": {"uv": [2.75, 12.125, 2.625, 10.875], "texture": "#0"},
				"down": {"uv": [2.875, 10.875, 2.75, 12.125], "texture": "#0"}
			}
		},
		{
			"from": [0, 25, 3],
			"to": [1, 29, 13],
			"faces": {
				"north": {"uv": [6, 11.25, 6.125, 11.75], "texture": "#0"},
				"east": {"uv": [9, 5.75, 10.25, 6.25], "texture": "#0"},
				"south": {"uv": [6.125, 11.25, 6.25, 11.75], "texture": "#0"},
				"west": {"uv": [9, 6.25, 10.25, 6.75], "texture": "#0"},
				"up": {"uv": [3, 12.125, 2.875, 10.875], "texture": "#0"},
				"down": {"uv": [3.125, 10.875, 3, 12.125], "texture": "#0"}
			}
		},
		{
			"from": [0, 0, 3],
			"to": [1, 15, 13],
			"faces": {
				"north": {"uv": [1.125, 10.25, 1.25, 12.125], "texture": "#0"},
				"east": {"uv": [5.75, 0, 7, 1.875], "texture": "#0"},
				"south": {"uv": [1.25, 10.25, 1.375, 12.125], "texture": "#0"},
				"west": {"uv": [5.75, 1.875, 7, 3.75], "texture": "#0"},
				"up": {"uv": [3.25, 12.125, 3.125, 10.875], "texture": "#0"},
				"down": {"uv": [3.375, 10.875, 3.25, 12.125], "texture": "#0"}
			}
		},
		{
			"from": [15, 0, 3],
			"to": [16, 15, 13],
			"faces": {
				"north": {"uv": [1.375, 10.25, 1.5, 12.125], "texture": "#0"},
				"east": {"uv": [5.75, 3.75, 7, 5.625], "texture": "#0"},
				"south": {"uv": [10.25, 7.75, 10.375, 9.625], "texture": "#0"},
				"west": {"uv": [5.75, 5.625, 7, 7.5], "texture": "#0"},
				"up": {"uv": [3.5, 12.125, 3.375, 10.875], "texture": "#0"},
				"down": {"uv": [3.625, 10.875, 3.5, 12.125], "texture": "#0"}
			}
		},
		{
			"from": [15, 0, 0],
			"to": [16, 29, 3],
			"faces": {
				"north": {"uv": [8.5, 9.25, 8.625, 12.875], "texture": "#0"},
				"east": {"uv": [3.625, 7.25, 4, 10.875], "texture": "#0"},
				"south": {"uv": [8.625, 9.25, 8.75, 12.875], "texture": "#0"},
				"west": {"uv": [4, 7.25, 4.375, 10.875], "texture": "#0"},
				"up": {"uv": [11.625, 10, 11.5, 9.625], "texture": "#0"},
				"down": {"uv": [11.625, 11, 11.5, 11.375], "texture": "#0"}
			}
		},
		{
			"from": [0, 0, 0],
			"to": [1, 29, 3],
			"faces": {
				"north": {"uv": [8.75, 9.25, 8.875, 12.875], "texture": "#0"},
				"east": {"uv": [4.375, 7.25, 4.75, 10.875], "texture": "#0"},
				"south": {"uv": [8.875, 9.25, 9, 12.875], "texture": "#0"},
				"west": {"uv": [4.75, 7.25, 5.125, 10.875], "texture": "#0"},
				"up": {"uv": [11.25, 11.875, 11.125, 11.5], "texture": "#0"},
				"down": {"uv": [11.375, 11.5, 11.25, 11.875], "texture": "#0"}
			}
		},
		{
			"from": [0, 15, 3],
			"to": [1, 25, 13],
			"faces": {
				"north": {"uv": [3.625, 10.875, 3.75, 12.125], "texture": "#0"},
				"east": {"uv": [7, 0, 8.25, 1.25], "texture": "#0"},
				"south": {"uv": [3.75, 10.875, 3.875, 12.125], "texture": "#0"},
				"west": {"uv": [7, 1.25, 8.25, 2.5], "texture": "#0"},
				"up": {"uv": [4, 12.125, 3.875, 10.875], "texture": "#0"},
				"down": {"uv": [4.125, 10.875, 4, 12.125], "texture": "#0"}
			}
		},
		{
			"from": [15, 15, 3],
			"to": [16, 25, 13],
			"faces": {
				"north": {"uv": [4.125, 10.875, 4.25, 12.125], "texture": "#0"},
				"east": {"uv": [7, 2.5, 8.25, 3.75], "texture": "#0"},
				"south": {"uv": [4.25, 10.875, 4.375, 12.125], "texture": "#0"},
				"west": {"uv": [7, 3.75, 8.25, 5], "texture": "#0"},
				"up": {"uv": [4.5, 12.125, 4.375, 10.875], "texture": "#0"},
				"down": {"uv": [4.625, 10.875, 4.5, 12.125], "texture": "#0"}
			}
		},
		{
			"from": [0, -3, 0],
			"to": [16, 0, 32],
			"faces": {
				"north": {"uv": [8.25, 4.625, 10.25, 5], "texture": "#0"},
				"east": {"uv": [7, 5, 11, 5.375], "texture": "#0"},
				"south": {"uv": [8.625, 2.25, 10.625, 2.625], "texture": "#0"},
				"west": {"uv": [7, 5.375, 11, 5.75], "texture": "#0"},
				"up": {"uv": [2, 4, 0, 0], "texture": "#0"},
				"down": {"uv": [4, 0, 2, 4], "texture": "#0"}
			}
		},
		{
			"from": [1, -4, 0],
			"to": [2, -3, 32],
			"faces": {
				"north": {"uv": [12.125, 1, 12.25, 1.125], "texture": "#0"},
				"east": {"uv": [9, 7, 13, 7.125], "texture": "#0"},
				"south": {"uv": [1.125, 12.125, 1.25, 12.25], "texture": "#0"},
				"west": {"uv": [9, 7.125, 13, 7.25], "texture": "#0"},
				"up": {"uv": [6.875, 11.5, 6.75, 7.5], "texture": "#0"},
				"down": {"uv": [7, 7.5, 6.875, 11.5], "texture": "#0"}
			}
		},
		{
			"from": [14, -4, 0],
			"to": [15, -3, 32],
			"faces": {
				"north": {"uv": [12.125, 1.125, 12.25, 1.25], "texture": "#0"},
				"east": {"uv": [9, 7.25, 13, 7.375], "texture": "#0"},
				"south": {"uv": [1.25, 12.125, 1.375, 12.25], "texture": "#0"},
				"west": {"uv": [9, 7.375, 13, 7.5], "texture": "#0"},
				"up": {"uv": [1.625, 12, 1.5, 8], "texture": "#0"},
				"down": {"uv": [1.75, 8, 1.625, 12], "texture": "#0"}
			}
		},
		{
			"from": [1, 29, 0],
			"to": [15, 30, 32],
			"faces": {
				"north": {"uv": [10.25, 0.75, 12, 0.875], "texture": "#0"},
				"east": {"uv": [9, 6.75, 13, 6.875], "texture": "#0"},
				"south": {"uv": [10.25, 0.875, 12, 1], "texture": "#0"},
				"west": {"uv": [9, 6.875, 13, 7], "texture": "#0"},
				"up": {"uv": [1.75, 8, 0, 4], "texture": "#0"},
				"down": {"uv": [5.75, 0, 4, 4], "texture": "#0"}
			}
		},
		{
			"from": [15, 29, 0],
			"to": [16, 29.5, 32],
			"faces": {
				"north": {"uv": [12.125, 1.25, 12.25, 1.375], "texture": "#0"},
				"east": {"uv": [9, 7.5, 13, 7.625], "texture": "#0"},
				"south": {"uv": [1.375, 12.125, 1.5, 12.25], "texture": "#0"},
				"west": {"uv": [9, 7.625, 13, 7.75], "texture": "#0"},
				"up": {"uv": [6.75, 12.5, 6.625, 8.5], "texture": "#0"},
				"down": {"uv": [9.125, 7.75, 9, 11.75], "texture": "#0"}
			}
		},
		{
			"from": [0, 29, 0],
			"to": [1, 29.5, 32],
			"faces": {
				"north": {"uv": [12.125, 1.375, 12.25, 1.5], "texture": "#0"},
				"east": {"uv": [9.125, 2.625, 13.125, 2.75], "texture": "#0"},
				"south": {"uv": [1.5, 12.125, 1.625, 12.25], "texture": "#0"},
				"west": {"uv": [9.125, 2.75, 13.125, 2.875], "texture": "#0"},
				"up": {"uv": [9.25, 11.75, 9.125, 7.75], "texture": "#0"},
				"down": {"uv": [7.875, 9.25, 7.75, 13.25], "texture": "#0"}
			}
		},
		{
			"from": [3, 31, 26],
			"to": [13, 32, 27],
			"faces": {
				"north": {"uv": [10.25, 6.125, 11.5, 6.25], "texture": "#0"},
				"east": {"uv": [11.875, 10.25, 12, 10.375], "texture": "#0"},
				"south": {"uv": [10.25, 6.25, 11.5, 6.375], "texture": "#0"},
				"west": {"uv": [12, 0.625, 12.125, 0.75], "texture": "#0"},
				"up": {"uv": [11.5, 6.5, 10.25, 6.375], "texture": "#0"},
				"down": {"uv": [11.5, 6.5, 10.25, 6.625], "texture": "#0"}
			}
		},
		{
			"from": [4, 30, 26],
			"to": [5, 31, 27],
			"faces": {
				"north": {"uv": [12, 4.625, 12.125, 4.75], "texture": "#0"},
				"east": {"uv": [4.75, 12, 4.875, 12.125], "texture": "#0"},
				"south": {"uv": [4.875, 12, 5, 12.125], "texture": "#0"},
				"west": {"uv": [5, 12, 5.125, 12.125], "texture": "#0"},
				"up": {"uv": [12.125, 5.125, 12, 5], "texture": "#0"},
				"down": {"uv": [12.125, 5.125, 12, 5.25], "texture": "#0"}
			}
		},
		{
			"from": [6, 30, 28],
			"to": [7, 31, 29],
			"faces": {
				"north": {"uv": [12, 8.625, 12.125, 8.75], "texture": "#0"},
				"east": {"uv": [12, 8.75, 12.125, 8.875], "texture": "#0"},
				"south": {"uv": [12, 8.875, 12.125, 9], "texture": "#0"},
				"west": {"uv": [12, 9, 12.125, 9.125], "texture": "#0"},
				"up": {"uv": [9.25, 12.125, 9.125, 12], "texture": "#0"},
				"down": {"uv": [12.125, 9.125, 12, 9.25], "texture": "#0"}
			}
		},
		{
			"from": [6.25, 31, 28.25],
			"to": [6.75, 31.25, 28.75],
			"faces": {
				"north": {"uv": [12, 9.25, 12.125, 9.375], "texture": "#0"},
				"east": {"uv": [12, 9.375, 12.125, 9.5], "texture": "#0"},
				"south": {"uv": [12, 9.5, 12.125, 9.625], "texture": "#0"},
				"west": {"uv": [12, 9.625, 12.125, 9.75], "texture": "#0"},
				"up": {"uv": [12.125, 9.875, 12, 9.75], "texture": "#0"},
				"down": {"uv": [10, 12, 9.875, 12.125], "texture": "#0"}
			}
		},
		{
			"from": [11, 30, 26],
			"to": [12, 31, 27],
			"faces": {
				"north": {"uv": [12, 5.25, 12.125, 5.375], "texture": "#0"},
				"east": {"uv": [12, 5.375, 12.125, 5.5], "texture": "#0"},
				"south": {"uv": [5.5, 12, 5.625, 12.125], "texture": "#0"},
				"west": {"uv": [5.625, 12, 5.75, 12.125], "texture": "#0"},
				"up": {"uv": [5.875, 12.125, 5.75, 12], "texture": "#0"},
				"down": {"uv": [6, 12, 5.875, 12.125], "texture": "#0"}
			}
		},
		{
			"from": [11, 30, 16],
			"to": [12, 31, 17],
			"faces": {
				"north": {"uv": [12, 7.875, 12.125, 8], "texture": "#0"},
				"east": {"uv": [12, 8, 12.125, 8.125], "texture": "#0"},
				"south": {"uv": [12, 8.125, 12.125, 8.25], "texture": "#0"},
				"west": {"uv": [12, 8.25, 12.125, 8.375], "texture": "#0"},
				"up": {"uv": [12.125, 8.5, 12, 8.375], "texture": "#0"},
				"down": {"uv": [12.125, 8.5, 12, 8.625], "texture": "#0"}
			}
		},
		{
			"from": [4, 30, 16],
			"to": [5, 31, 17],
			"faces": {
				"north": {"uv": [12, 6.125, 12.125, 6.25], "texture": "#0"},
				"east": {"uv": [12, 6.25, 12.125, 6.375], "texture": "#0"},
				"south": {"uv": [12, 6.375, 12.125, 6.5], "texture": "#0"},
				"west": {"uv": [12, 6.5, 12.125, 6.625], "texture": "#0"},
				"up": {"uv": [12.125, 6.75, 12, 6.625], "texture": "#0"},
				"down": {"uv": [12.125, 7.75, 12, 7.875], "texture": "#0"}
			}
		},
		{
			"from": [3, 31, 16],
			"to": [13, 32, 17],
			"faces": {
				"north": {"uv": [10.25, 6.625, 11.5, 6.75], "texture": "#0"},
				"east": {"uv": [12, 3.625, 12.125, 3.75], "texture": "#0"},
				"south": {"uv": [10.375, 4.125, 11.625, 4.25], "texture": "#0"},
				"west": {"uv": [12, 4, 12.125, 4.125], "texture": "#0"},
				"up": {"uv": [11.625, 4.375, 10.375, 4.25], "texture": "#0"},
				"down": {"uv": [11.625, 4.375, 10.375, 4.5], "texture": "#0"}
			}
		},
		{
			"from": [3, 30, 3],
			"to": [6, 32, 6],
			"faces": {
				"north": {"uv": [11, 5.5, 11.375, 5.75], "texture": "#0"},
				"east": {"uv": [6, 11, 6.375, 11.25], "texture": "#0"},
				"south": {"uv": [11, 7.75, 11.375, 8], "texture": "#0"},
				"west": {"uv": [11, 8, 11.375, 8.25], "texture": "#0"},
				"up": {"uv": [11.125, 0.625, 10.75, 0.25], "texture": "#0"},
				"down": {"uv": [5.5, 10.875, 5.125, 11.25], "texture": "#0"}
			}
		},
		{
			"from": [4, 31, 17],
			"to": [5, 31.5, 26],
			"faces": {
				"north": {"uv": [12, 4.125, 12.125, 4.25], "texture": "#0"},
				"east": {"uv": [10.375, 4.5, 11.5, 4.625], "texture": "#0"},
				"south": {"uv": [12, 4.375, 12.125, 4.5], "texture": "#0"},
				"west": {"uv": [10.625, 2.25, 11.75, 2.375], "texture": "#0"},
				"up": {"uv": [4.75, 12, 4.625, 10.875], "texture": "#0"},
				"down": {"uv": [4.875, 10.875, 4.75, 12], "texture": "#0"}
			}
		},
		{
			"from": [11, 31, 17],
			"to": [12, 31.5, 26],
			"faces": {
				"north": {"uv": [12, 4.5, 12.125, 4.625], "texture": "#0"},
				"east": {"uv": [10.625, 2.375, 11.75, 2.5], "texture": "#0"},
				"south": {"uv": [4.625, 12, 4.75, 12.125], "texture": "#0"},
				"west": {"uv": [10.625, 2.5, 11.75, 2.625], "texture": "#0"},
				"up": {"uv": [5, 12, 4.875, 10.875], "texture": "#0"},
				"down": {"uv": [5.125, 10.875, 5, 12], "texture": "#0"}
			}
		},
		{
			"from": [7.5, 31, 21],
			"to": [8.5, 32, 24],
			"faces": {
				"north": {"uv": [12, 0.75, 12.125, 0.875], "texture": "#0"},
				"east": {"uv": [11.25, 10, 11.625, 10.125], "texture": "#0"},
				"south": {"uv": [12, 0.875, 12.125, 1], "texture": "#0"},
				"west": {"uv": [11.25, 10.125, 11.625, 10.25], "texture": "#0"},
				"up": {"uv": [11.625, 6.375, 11.5, 6], "texture": "#0"},
				"down": {"uv": [11.625, 6.375, 11.5, 6.75], "texture": "#0"}
			}
		},
		{
			"from": [9.5, 31, 22],
			"to": [10.5, 32, 26],
			"faces": {
				"north": {"uv": [1.5, 12, 1.625, 12.125], "texture": "#0"},
				"east": {"uv": [11.125, 3.625, 11.625, 3.75], "texture": "#0"},
				"south": {"uv": [1.625, 12, 1.75, 12.125], "texture": "#0"},
				"west": {"uv": [11.125, 3.75, 11.625, 3.875], "texture": "#0"},
				"up": {"uv": [11.25, 10.375, 11.125, 9.875], "texture": "#0"},
				"down": {"uv": [11.25, 11, 11.125, 11.5], "texture": "#0"}
			}
		},
		{
			"from": [6.25, 31.25, 27],
			"to": [6.75, 31.75, 29],
			"faces": {
				"north": {"uv": [12, 1, 12.125, 1.125], "texture": "#0"},
				"east": {"uv": [5.5, 7.25, 5.75, 7.375], "texture": "#0"},
				"south": {"uv": [12, 1.125, 12.125, 1.25], "texture": "#0"},
				"west": {"uv": [5.5, 7.375, 5.75, 7.5], "texture": "#0"},
				"up": {"uv": [11.5, 5.75, 11.375, 5.5], "texture": "#0"},
				"down": {"uv": [11.75, 4.25, 11.625, 4.5], "texture": "#0"}
			}
		},
		{
			"from": [9, 30, 12],
			"to": [10, 31, 13],
			"faces": {
				"north": {"uv": [10.875, 12, 11, 12.125], "texture": "#0"},
				"east": {"uv": [12, 10.875, 12.125, 11], "texture": "#0"},
				"south": {"uv": [11, 12, 11.125, 12.125], "texture": "#0"},
				"west": {"uv": [12, 11, 12.125, 11.125], "texture": "#0"},
				"up": {"uv": [12.125, 11.25, 12, 11.125], "texture": "#0"},
				"down": {"uv": [12.125, 11.25, 12, 11.375], "texture": "#0"}
			}
		},
		{
			"from": [9.25, 31, 12.25],
			"to": [9.75, 31.25, 12.75],
			"faces": {
				"north": {"uv": [12, 10.125, 12.125, 10.25], "texture": "#0"},
				"east": {"uv": [12, 10.25, 12.125, 10.375], "texture": "#0"},
				"south": {"uv": [12, 10.375, 12.125, 10.5], "texture": "#0"},
				"west": {"uv": [12, 10.5, 12.125, 10.625], "texture": "#0"},
				"up": {"uv": [12.125, 10.75, 12, 10.625], "texture": "#0"},
				"down": {"uv": [12.125, 10.75, 12, 10.875], "texture": "#0"}
			}
		},
		{
			"from": [9, 30, 4],
			"to": [10, 31, 5],
			"faces": {
				"north": {"uv": [12.125, 0, 12.25, 0.125], "texture": "#0"},
				"east": {"uv": [12.125, 0.125, 12.25, 0.25], "texture": "#0"},
				"south": {"uv": [12.125, 0.25, 12.25, 0.375], "texture": "#0"},
				"west": {"uv": [12.125, 0.375, 12.25, 0.5], "texture": "#0"},
				"up": {"uv": [12.25, 0.625, 12.125, 0.5], "texture": "#0"},
				"down": {"uv": [12.25, 0.625, 12.125, 0.75], "texture": "#0"}
			}
		},
		{
			"from": [9.25, 31, 4.25],
			"to": [9.75, 31.25, 4.75],
			"faces": {
				"north": {"uv": [12, 11.375, 12.125, 11.5], "texture": "#0"},
				"east": {"uv": [12, 11.5, 12.125, 11.625], "texture": "#0"},
				"south": {"uv": [12, 11.625, 12.125, 11.75], "texture": "#0"},
				"west": {"uv": [12, 11.75, 12.125, 11.875], "texture": "#0"},
				"up": {"uv": [12.125, 12, 12, 11.875], "texture": "#0"},
				"down": {"uv": [12.125, 12, 12, 12.125], "texture": "#0"}
			}
		},
		{
			"from": [9.25, 31.25, 4.25],
			"to": [9.75, 31.75, 16],
			"faces": {
				"north": {"uv": [12, 10, 12.125, 10.125], "texture": "#0"},
				"east": {"uv": [10.25, 1.5, 11.75, 1.625], "texture": "#0"},
				"south": {"uv": [10.125, 12, 10.25, 12.125], "texture": "#0"},
				"west": {"uv": [10.25, 1.625, 11.75, 1.75], "texture": "#0"},
				"up": {"uv": [10.625, 11, 10.5, 9.5], "texture": "#0"},
				"down": {"uv": [10.75, 7.75, 10.625, 9.25], "texture": "#0"}
			}
		},
		{
			"from": [6, 31.25, 4.25],
			"to": [9.25, 31.75, 4.75],
			"faces": {
				"north": {"uv": [11.25, 10.25, 11.625, 10.375], "texture": "#0"},
				"east": {"uv": [12.125, 0.75, 12.25, 0.875], "texture": "#0"},
				"south": {"uv": [11.5, 4.5, 11.875, 4.625], "texture": "#0"},
				"west": {"uv": [12.125, 0.875, 12.25, 1], "texture": "#0"},
				"up": {"uv": [11.875, 5, 11.5, 4.875], "texture": "#0"},
				"down": {"uv": [11.875, 7.75, 11.5, 7.875], "texture": "#0"}
			}
		},
		{
			"from": [7.75, 31.25, 24],
			"to": [8.25, 31.75, 26],
			"faces": {
				"north": {"uv": [12, 9.875, 12.125, 10], "texture": "#0"},
				"east": {"uv": [11.625, 6.625, 11.875, 6.75], "texture": "#0"},
				"south": {"uv": [10, 12, 10.125, 12.125], "texture": "#0"},
				"west": {"uv": [11.75, 0.375, 12, 0.5], "texture": "#0"},
				"up": {"uv": [11.875, 4.875, 11.75, 4.625], "texture": "#0"},
				"down": {"uv": [11.875, 9, 11.75, 9.25], "texture": "#0"}
			}
		},
		{
			"from": [9.75, 31.25, 17],
			"to": [10.25, 31.75, 22],
			"faces": {
				"north": {"uv": [12, 2.875, 12.125, 3], "texture": "#0"},
				"east": {"uv": [11, 10.5, 11.625, 10.625], "texture": "#0"},
				"south": {"uv": [12, 3, 12.125, 3.125], "texture": "#0"},
				"west": {"uv": [11, 10.625, 11.625, 10.75], "texture": "#0"},
				"up": {"uv": [11, 11.625, 10.875, 11], "texture": "#0"},
				"down": {"uv": [11.125, 11, 11, 11.625], "texture": "#0"}
			}
		},
		{
			"from": [5.5, 31, 22],
			"to": [6.5, 32, 26],
			"faces": {
				"north": {"uv": [12, 3.375, 12.125, 3.5], "texture": "#0"},
				"east": {"uv": [11.125, 10.375, 11.625, 10.5], "texture": "#0"},
				"south": {"uv": [12, 3.5, 12.125, 3.625], "texture": "#0"},
				"west": {"uv": [11.25, 0, 11.75, 0.125], "texture": "#0"},
				"up": {"uv": [11.375, 3.375, 11.25, 2.875], "texture": "#0"},
				"down": {"uv": [5.25, 11.25, 5.125, 11.75], "texture": "#0"}
			}
		},
		{
			"from": [5.75, 31.25, 17],
			"to": [6.25, 31.75, 22],
			"faces": {
				"north": {"uv": [12, 3.125, 12.125, 3.25], "texture": "#0"},
				"east": {"uv": [11.125, 0.25, 11.75, 0.375], "texture": "#0"},
				"south": {"uv": [12, 3.25, 12.125, 3.375], "texture": "#0"},
				"west": {"uv": [11.125, 0.375, 11.75, 0.5], "texture": "#0"},
				"up": {"uv": [11.25, 3.5, 11.125, 2.875], "texture": "#0"},
				"down": {"uv": [11.25, 8.25, 11.125, 8.875], "texture": "#0"}
			}
		},
		{
			"from": [7.75, 31.25, 17],
			"to": [8.25, 31.75, 21],
			"faces": {
				"north": {"uv": [12, 1.25, 12.125, 1.375], "texture": "#0"},
				"east": {"uv": [11.125, 0.5, 11.625, 0.625], "texture": "#0"},
				"south": {"uv": [12, 1.375, 12.125, 1.5], "texture": "#0"},
				"west": {"uv": [11.125, 3.5, 11.625, 3.625], "texture": "#0"},
				"up": {"uv": [11.25, 9.375, 11.125, 8.875], "texture": "#0"},
				"down": {"uv": [11.25, 9.375, 11.125, 9.875], "texture": "#0"}
			}
		},
		{
			"from": [3, 0, -8],
			"to": [13, 1, 0],
			"faces": {
				"north": {"uv": [10.25, 4.875, 11.5, 5], "texture": "#0"},
				"east": {"uv": [10.625, 3.875, 11.625, 4], "texture": "#0"},
				"south": {"uv": [10.25, 5.75, 11.5, 5.875], "texture": "#0"},
				"west": {"uv": [10.625, 4, 11.625, 4.125], "texture": "#0"},
				"up": {"uv": [6.75, 8.5, 5.5, 7.5], "texture": "#0"},
				"down": {"uv": [9, 5.75, 7.75, 6.75], "texture": "#0"}
			}
		},
		{
			"from": [4, 0, 0],
			"to": [12, 0.5, 1],
			"faces": {
				"north": {"uv": [10.875, 10.75, 11.875, 10.875], "texture": "#0"},
				"east": {"uv": [11.625, 3.25, 11.75, 3.375], "texture": "#0"},
				"south": {"uv": [10.875, 10.875, 11.875, 11], "texture": "#0"},
				"west": {"uv": [11.875, 6.625, 12, 6.75], "texture": "#0"},
				"up": {"uv": [12, 5.125, 11, 5], "texture": "#0"},
				"down": {"uv": [12, 5.125, 11, 5.25], "texture": "#0"}
			}
		},
		{
			"from": [3, 27, -8],
			"to": [13, 28, 0],
			"faces": {
				"north": {"uv": [10.25, 5.875, 11.5, 6], "texture": "#0"},
				"east": {"uv": [10.75, 0.625, 11.75, 0.75], "texture": "#0"},
				"south": {"uv": [10.25, 6, 11.5, 6.125], "texture": "#0"},
				"west": {"uv": [5.5, 10.875, 6.5, 11], "texture": "#0"},
				"up": {"uv": [9, 7.75, 7.75, 6.75], "texture": "#0"},
				"down": {"uv": [9, 7.75, 7.75, 8.75], "texture": "#0"}
			}
		},
		{
			"from": [3, 1, -8],
			"to": [4, 27, 0],
			"faces": {
				"north": {"uv": [9.875, 7.75, 10, 11], "texture": "#0"},
				"east": {"uv": [1.75, 4, 2.75, 7.25], "texture": "#0"},
				"south": {"uv": [10, 7.75, 10.125, 11], "texture": "#0"},
				"west": {"uv": [2.75, 4, 3.75, 7.25], "texture": "#0"},
				"up": {"uv": [6.625, 11.875, 6.5, 10.875], "texture": "#0"},
				"down": {"uv": [11, 7.75, 10.875, 8.75], "texture": "#0"}
			}
		},
		{
			"from": [12, 1, -8],
			"to": [13, 27, 0],
			"faces": {
				"north": {"uv": [10.125, 7.75, 10.25, 11], "texture": "#0"},
				"east": {"uv": [3.75, 4, 4.75, 7.25], "texture": "#0"},
				"south": {"uv": [0, 10.25, 0.125, 13.5], "texture": "#0"},
				"west": {"uv": [4.75, 4, 5.75, 7.25], "texture": "#0"},
				"up": {"uv": [11, 9.75, 10.875, 8.75], "texture": "#0"},
				"down": {"uv": [11, 9.75, 10.875, 10.75], "texture": "#0"}
			}
		},
		{
			"from": [2, -2, -2],
			"to": [14, 0, -1],
			"faces": {
				"north": {"uv": [9.125, 3.875, 10.625, 4.125], "texture": "#0"},
				"east": {"uv": [10.125, 11.75, 10.25, 12], "texture": "#0"},
				"south": {"uv": [9.75, 0, 11.25, 0.25], "texture": "#0"},
				"west": {"uv": [11.75, 10.125, 11.875, 10.375], "texture": "#0"},
				"up": {"uv": [11.75, 1.875, 10.25, 1.75], "texture": "#0"},
				"down": {"uv": [11.75, 1.875, 10.25, 2], "texture": "#0"}
			}
		},
		{
			"from": [3, -3, -2],
			"to": [5, -2, -1],
			"faces": {
				"north": {"uv": [11.75, 0.625, 12, 0.75], "texture": "#0"},
				"east": {"uv": [12.125, 1.5, 12.25, 1.625], "texture": "#0"},
				"south": {"uv": [11.75, 4.375, 12, 4.5], "texture": "#0"},
				"west": {"uv": [1.625, 12.125, 1.75, 12.25], "texture": "#0"},
				"up": {"uv": [10.625, 11.875, 10.375, 11.75], "texture": "#0"},
				"down": {"uv": [12, 10.375, 11.75, 10.5], "texture": "#0"}
			}
		},
		{
			"from": [11, -3, -2],
			"to": [13, -2, -1],
			"faces": {
				"north": {"uv": [11.75, 10.5, 12, 10.625], "texture": "#0"},
				"east": {"uv": [12.125, 1.625, 12.25, 1.75], "texture": "#0"},
				"south": {"uv": [11.75, 10.625, 12, 10.75], "texture": "#0"},
				"west": {"uv": [12.125, 1.75, 12.25, 1.875], "texture": "#0"},
				"up": {"uv": [12, 11.125, 11.75, 11], "texture": "#0"},
				"down": {"uv": [12, 11.125, 11.75, 11.25], "texture": "#0"}
			}
		},
		{
			"from": [11, -2, -1],
			"to": [13, -1, 0],
			"faces": {
				"north": {"uv": [11.75, 11.25, 12, 11.375], "texture": "#0"},
				"east": {"uv": [12.125, 1.875, 12.25, 2], "texture": "#0"},
				"south": {"uv": [11.75, 11.375, 12, 11.5], "texture": "#0"},
				"west": {"uv": [12.125, 2, 12.25, 2.125], "texture": "#0"},
				"up": {"uv": [11.75, 11.875, 11.5, 11.75], "texture": "#0"},
				"down": {"uv": [12, 11.5, 11.75, 11.625], "texture": "#0"}
			}
		},
		{
			"from": [3, -2, -1],
			"to": [5, -1, 0],
			"faces": {
				"north": {"uv": [11.75, 11.625, 12, 11.75], "texture": "#0"},
				"east": {"uv": [12.125, 2.125, 12.25, 2.25], "texture": "#0"},
				"south": {"uv": [11.75, 11.75, 12, 11.875], "texture": "#0"},
				"west": {"uv": [12.125, 2.25, 12.25, 2.375], "texture": "#0"},
				"up": {"uv": [12.125, 0.125, 11.875, 0], "texture": "#0"},
				"down": {"uv": [12.125, 0.125, 11.875, 0.25], "texture": "#0"}
			}
		},
		{
			"from": [12, -9, -1],
			"to": [13, -7, 0],
			"faces": {
				"north": {"uv": [11.875, 6.125, 12, 6.375], "texture": "#0"},
				"east": {"uv": [11.875, 6.375, 12, 6.625], "texture": "#0"},
				"south": {"uv": [6.5, 11.875, 6.625, 12.125], "texture": "#0"},
				"west": {"uv": [6.75, 11.875, 6.875, 12.125], "texture": "#0"},
				"up": {"uv": [12.25, 9, 12.125, 8.875], "texture": "#0"},
				"down": {"uv": [9.125, 12.125, 9, 12.25], "texture": "#0"}
			}
		},
		{
			"from": [3, -9, -1],
			"to": [4, -7, 0],
			"faces": {
				"north": {"uv": [6.875, 11.875, 7, 12.125], "texture": "#0"},
				"east": {"uv": [11.875, 7.75, 12, 8], "texture": "#0"},
				"south": {"uv": [11.875, 8, 12, 8.25], "texture": "#0"},
				"west": {"uv": [11.875, 8.25, 12, 8.5], "texture": "#0"},
				"up": {"uv": [12.25, 9.125, 12.125, 9], "texture": "#0"},
				"down": {"uv": [9.25, 12.125, 9.125, 12.25], "texture": "#0"}
			}
		},
		{
			"from": [3, -5, -1],
			"to": [4, -4, 0],
			"faces": {
				"north": {"uv": [12.125, 9.125, 12.25, 9.25], "texture": "#0"},
				"east": {"uv": [9.25, 12.125, 9.375, 12.25], "texture": "#0"},
				"south": {"uv": [12.125, 9.25, 12.25, 9.375], "texture": "#0"},
				"west": {"uv": [9.375, 12.125, 9.5, 12.25], "texture": "#0"},
				"up": {"uv": [12.25, 9.5, 12.125, 9.375], "texture": "#0"},
				"down": {"uv": [9.625, 12.125, 9.5, 12.25], "texture": "#0"}
			}
		},
		{
			"from": [12, -5, -1],
			"to": [13, -4, 0],
			"faces": {
				"north": {"uv": [12.125, 9.5, 12.25, 9.625], "texture": "#0"},
				"east": {"uv": [9.625, 12.125, 9.75, 12.25], "texture": "#0"},
				"south": {"uv": [12.125, 9.625, 12.25, 9.75], "texture": "#0"},
				"west": {"uv": [9.75, 12.125, 9.875, 12.25], "texture": "#0"},
				"up": {"uv": [12.25, 9.875, 12.125, 9.75], "texture": "#0"},
				"down": {"uv": [10, 12.125, 9.875, 12.25], "texture": "#0"}
			}
		},
		{
			"from": [12, -8, -2],
			"to": [13, -4, -1],
			"faces": {
				"north": {"uv": [6.25, 11.25, 6.375, 11.75], "texture": "#0"},
				"east": {"uv": [11.25, 9.5, 11.375, 10], "texture": "#0"},
				"south": {"uv": [10.375, 11.25, 10.5, 11.75], "texture": "#0"},
				"west": {"uv": [11.25, 11, 11.375, 11.5], "texture": "#0"},
				"up": {"uv": [12.25, 10, 12.125, 9.875], "texture": "#0"},
				"down": {"uv": [10.125, 12.125, 10, 12.25], "texture": "#0"}
			}
		},
		{
			"from": [3, -8, -2],
			"to": [4, -4, -1],
			"faces": {
				"north": {"uv": [11.375, 2.875, 11.5, 3.375], "texture": "#0"},
				"east": {"uv": [11.375, 7.75, 11.5, 8.25], "texture": "#0"},
				"south": {"uv": [9.25, 11.375, 9.375, 11.875], "texture": "#0"},
				"west": {"uv": [9.375, 11.375, 9.5, 11.875], "texture": "#0"},
				"up": {"uv": [12.25, 10.125, 12.125, 10], "texture": "#0"},
				"down": {"uv": [10.25, 12.125, 10.125, 12.25], "texture": "#0"}
			}
		},
		{
			"from": [12, -4, -1],
			"to": [13, -2, 0],
			"faces": {
				"north": {"uv": [11.875, 8.5, 12, 8.75], "texture": "#0"},
				"east": {"uv": [11.875, 8.75, 12, 9], "texture": "#0"},
				"south": {"uv": [11.875, 9, 12, 9.25], "texture": "#0"},
				"west": {"uv": [9.25, 11.875, 9.375, 12.125], "texture": "#0"},
				"up": {"uv": [12.25, 10.25, 12.125, 10.125], "texture": "#0"},
				"down": {"uv": [10.375, 12.125, 10.25, 12.25], "texture": "#0"}
			}
		},
		{
			"from": [3, -4, -1],
			"to": [4, -2, 0],
			"faces": {
				"north": {"uv": [11.875, 9.25, 12, 9.5], "texture": "#0"},
				"east": {"uv": [9.375, 11.875, 9.5, 12.125], "texture": "#0"},
				"south": {"uv": [9.5, 11.875, 9.625, 12.125], "texture": "#0"},
				"west": {"uv": [11.875, 9.5, 12, 9.75], "texture": "#0"},
				"up": {"uv": [12.25, 10.375, 12.125, 10.25], "texture": "#0"},
				"down": {"uv": [10.5, 12.125, 10.375, 12.25], "texture": "#0"}
			}
		},
		{
			"from": [14, 8, -1],
			"to": [15, 10, 0],
			"faces": {
				"north": {"uv": [9.625, 11.875, 9.75, 12.125], "texture": "#0"},
				"east": {"uv": [9.75, 11.875, 9.875, 12.125], "texture": "#0"},
				"south": {"uv": [11.875, 9.75, 12, 10], "texture": "#0"},
				"west": {"uv": [11.875, 10, 12, 10.25], "texture": "#0"},
				"up": {"uv": [12.25, 10.5, 12.125, 10.375], "texture": "#0"},
				"down": {"uv": [10.625, 12.125, 10.5, 12.25], "texture": "#0"}
			}
		},
		{
			"from": [1, 8, -1],
			"to": [2, 10, 0],
			"faces": {
				"north": {"uv": [10.25, 11.875, 10.375, 12.125], "texture": "#0"},
				"east": {"uv": [10.375, 11.875, 10.5, 12.125], "texture": "#0"},
				"south": {"uv": [10.5, 11.875, 10.625, 12.125], "texture": "#0"},
				"west": {"uv": [11.875, 10.75, 12, 11], "texture": "#0"},
				"up": {"uv": [12.25, 10.625, 12.125, 10.5], "texture": "#0"},
				"down": {"uv": [12.25, 10.625, 12.125, 10.75], "texture": "#0"}
			}
		},
		{
			"from": [14, 9, -2],
			"to": [15, 13, -1],
			"faces": {
				"north": {"uv": [9.5, 11.375, 9.625, 11.875], "texture": "#0"},
				"east": {"uv": [11.375, 9.5, 11.5, 10], "texture": "#0"},
				"south": {"uv": [9.625, 11.375, 9.75, 11.875], "texture": "#0"},
				"west": {"uv": [9.75, 11.375, 9.875, 11.875], "texture": "#0"},
				"up": {"uv": [12.25, 10.875, 12.125, 10.75], "texture": "#0"},
				"down": {"uv": [11, 12.125, 10.875, 12.25], "texture": "#0"}
			}
		},
		{
			"from": [1, 9, -2],
			"to": [2, 13, -1],
			"faces": {
				"north": {"uv": [10.25, 11.375, 10.375, 11.875], "texture": "#0"},
				"east": {"uv": [11.375, 11, 11.5, 11.5], "texture": "#0"},
				"south": {"uv": [11.5, 2.875, 11.625, 3.375], "texture": "#0"},
				"west": {"uv": [11.5, 5.5, 11.625, 6], "texture": "#0"},
				"up": {"uv": [12.25, 11, 12.125, 10.875], "texture": "#0"},
				"down": {"uv": [11.125, 12.125, 11, 12.25], "texture": "#0"}
			}
		},
		{
			"from": [14, 12, -1],
			"to": [15, 14, 0],
			"faces": {
				"north": {"uv": [11.125, 11.875, 11.25, 12.125], "texture": "#0"},
				"east": {"uv": [11.25, 11.875, 11.375, 12.125], "texture": "#0"},
				"south": {"uv": [11.375, 11.875, 11.5, 12.125], "texture": "#0"},
				"west": {"uv": [11.5, 11.875, 11.625, 12.125], "texture": "#0"},
				"up": {"uv": [12.25, 11.125, 12.125, 11], "texture": "#0"},
				"down": {"uv": [11.25, 12.125, 11.125, 12.25], "texture": "#0"}
			}
		},
		{
			"from": [1, 12, -1],
			"to": [2, 14, 0],
			"faces": {
				"north": {"uv": [11.625, 11.875, 11.75, 12.125], "texture": "#0"},
				"east": {"uv": [11.75, 11.875, 11.875, 12.125], "texture": "#0"},
				"south": {"uv": [11.875, 11.875, 12, 12.125], "texture": "#0"},
				"west": {"uv": [12, 0.375, 12.125, 0.625], "texture": "#0"},
				"up": {"uv": [12.25, 11.25, 12.125, 11.125], "texture": "#0"},
				"down": {"uv": [11.375, 12.125, 11.25, 12.25], "texture": "#0"}
			}
		},
		{
			"from": [11, 7, 2],
			"to": [15, 8, 14],
			"faces": {
				"north": {"uv": [11.25, 0.125, 11.75, 0.25], "texture": "#0"},
				"east": {"uv": [10.25, 2, 11.75, 2.125], "texture": "#0"},
				"south": {"uv": [11.25, 3.375, 11.75, 3.5], "texture": "#0"},
				"west": {"uv": [10.25, 2.125, 11.75, 2.25], "texture": "#0"},
				"up": {"uv": [9.125, 4.125, 8.625, 2.625], "texture": "#0"},
				"down": {"uv": [0.5, 8.75, 0, 10.25], "texture": "#0"}
			}
		},
		{
			"from": [14, 8, 2],
			"to": [15, 14, 14],
			"faces": {
				"north": {"uv": [6.375, 11, 6.5, 11.75], "texture": "#0"},
				"east": {"uv": [0, 8, 1.5, 8.75], "texture": "#0"},
				"south": {"uv": [11, 8.25, 11.125, 9], "texture": "#0"},
				"west": {"uv": [8.25, 0, 9.75, 0.75], "texture": "#0"},
				"up": {"uv": [10.75, 10.75, 10.625, 9.25], "texture": "#0"},
				"down": {"uv": [10.875, 7.75, 10.75, 9.25], "texture": "#0"}
			}
		},
		{
			"from": [14, 6, 12],
			"to": [15, 7, 13],
			"faces": {
				"north": {"uv": [12.125, 2.375, 12.25, 2.5], "texture": "#0"},
				"east": {"uv": [12.125, 2.5, 12.25, 2.625], "texture": "#0"},
				"south": {"uv": [2.625, 12.125, 2.75, 12.25], "texture": "#0"},
				"west": {"uv": [2.75, 12.125, 2.875, 12.25], "texture": "#0"},
				"up": {"uv": [3, 12.25, 2.875, 12.125], "texture": "#0"},
				"down": {"uv": [12.25, 2.875, 12.125, 3], "texture": "#0"}
			}
		},
		{
			"from": [12, 6.5, 12],
			"to": [14, 7, 13],
			"faces": {
				"north": {"uv": [11.875, 0.25, 12.125, 0.375], "texture": "#0"},
				"east": {"uv": [3, 12.125, 3.125, 12.25], "texture": "#0"},
				"south": {"uv": [11.875, 1.5, 12.125, 1.625], "texture": "#0"},
				"west": {"uv": [12.125, 3, 12.25, 3.125], "texture": "#0"},
				"up": {"uv": [12.125, 1.75, 11.875, 1.625], "texture": "#0"},
				"down": {"uv": [12.125, 1.75, 11.875, 1.875], "texture": "#0"}
			}
		},
		{
			"from": [14, 6, 3],
			"to": [15, 7, 4],
			"faces": {
				"north": {"uv": [3.125, 12.125, 3.25, 12.25], "texture": "#0"},
				"east": {"uv": [12.125, 3.125, 12.25, 3.25], "texture": "#0"},
				"south": {"uv": [3.25, 12.125, 3.375, 12.25], "texture": "#0"},
				"west": {"uv": [12.125, 3.25, 12.25, 3.375], "texture": "#0"},
				"up": {"uv": [3.5, 12.25, 3.375, 12.125], "texture": "#0"},
				"down": {"uv": [12.25, 3.375, 12.125, 3.5], "texture": "#0"}
			}
		},
		{
			"from": [12, 6.5, 3],
			"to": [14, 7, 4],
			"faces": {
				"north": {"uv": [11.875, 1.875, 12.125, 2], "texture": "#0"},
				"east": {"uv": [3.5, 12.125, 3.625, 12.25], "texture": "#0"},
				"south": {"uv": [11.875, 2, 12.125, 2.125], "texture": "#0"},
				"west": {"uv": [12.125, 3.5, 12.25, 3.625], "texture": "#0"},
				"up": {"uv": [12.125, 2.25, 11.875, 2.125], "texture": "#0"},
				"down": {"uv": [12.125, 2.25, 11.875, 2.375], "texture": "#0"}
			}
		},
		{
			"from": [11, 6, 7],
			"to": [12, 7, 9],
			"faces": {
				"north": {"uv": [3.625, 12.125, 3.75, 12.25], "texture": "#0"},
				"east": {"uv": [11.875, 2.375, 12.125, 2.5], "texture": "#0"},
				"south": {"uv": [12.125, 3.625, 12.25, 3.75], "texture": "#0"},
				"west": {"uv": [11.875, 2.5, 12.125, 2.625], "texture": "#0"},
				"up": {"uv": [12, 3.5, 11.875, 3.25], "texture": "#0"},
				"down": {"uv": [12, 3.5, 11.875, 3.75], "texture": "#0"}
			}
		},
		{
			"from": [4, 6, 7],
			"to": [5, 7, 9],
			"faces": {
				"north": {"uv": [3.75, 12.125, 3.875, 12.25], "texture": "#0"},
				"east": {"uv": [11.875, 3.75, 12.125, 3.875], "texture": "#0"},
				"south": {"uv": [12.125, 3.75, 12.25, 3.875], "texture": "#0"},
				"west": {"uv": [11.875, 3.875, 12.125, 4], "texture": "#0"},
				"up": {"uv": [12, 4.25, 11.875, 4], "texture": "#0"},
				"down": {"uv": [12, 4.5, 11.875, 4.75], "texture": "#0"}
			}
		},
		{
			"from": [1, 7, 2],
			"to": [5, 8, 14],
			"faces": {
				"north": {"uv": [11.25, 8.25, 11.75, 8.375], "texture": "#0"},
				"east": {"uv": [10.25, 4.625, 11.75, 4.75], "texture": "#0"},
				"south": {"uv": [11.25, 8.375, 11.75, 8.5], "texture": "#0"},
				"west": {"uv": [10.25, 4.75, 11.75, 4.875], "texture": "#0"},
				"up": {"uv": [1, 10.25, 0.5, 8.75], "texture": "#0"},
				"down": {"uv": [1.5, 8.75, 1, 10.25], "texture": "#0"}
			}
		},
		{
			"from": [1, 8, 2],
			"to": [2, 14, 14],
			"faces": {
				"north": {"uv": [11, 9, 11.125, 9.75], "texture": "#0"},
				"east": {"uv": [8.25, 0.75, 9.75, 1.5], "texture": "#0"},
				"south": {"uv": [11, 9.75, 11.125, 10.5], "texture": "#0"},
				"west": {"uv": [8.25, 1.5, 9.75, 2.25], "texture": "#0"},
				"up": {"uv": [10.875, 10.75, 10.75, 9.25], "texture": "#0"},
				"down": {"uv": [10.75, 10.75, 10.625, 12.25], "texture": "#0"}
			}
		},
		{
			"from": [1, 6, 3],
			"to": [2, 7, 4],
			"faces": {
				"north": {"uv": [3.875, 12.125, 4, 12.25], "texture": "#0"},
				"east": {"uv": [12.125, 3.875, 12.25, 4], "texture": "#0"},
				"south": {"uv": [4, 12.125, 4.125, 12.25], "texture": "#0"},
				"west": {"uv": [12.125, 4, 12.25, 4.125], "texture": "#0"},
				"up": {"uv": [4.25, 12.25, 4.125, 12.125], "texture": "#0"},
				"down": {"uv": [12.25, 4.125, 12.125, 4.25], "texture": "#0"}
			}
		},
		{
			"from": [2, 6.5, 3],
			"to": [4, 7, 4],
			"faces": {
				"north": {"uv": [11.875, 4.25, 12.125, 4.375], "texture": "#0"},
				"east": {"uv": [4.25, 12.125, 4.375, 12.25], "texture": "#0"},
				"south": {"uv": [11.875, 4.75, 12.125, 4.875], "texture": "#0"},
				"west": {"uv": [12.125, 4.25, 12.25, 4.375], "texture": "#0"},
				"up": {"uv": [12.125, 5, 11.875, 4.875], "texture": "#0"},
				"down": {"uv": [12.125, 5.5, 11.875, 5.625], "texture": "#0"}
			}
		},
		{
			"from": [1, 6, 12],
			"to": [2, 7, 13],
			"faces": {
				"north": {"uv": [4.375, 12.125, 4.5, 12.25], "texture": "#0"},
				"east": {"uv": [12.125, 4.375, 12.25, 4.5], "texture": "#0"},
				"south": {"uv": [4.5, 12.125, 4.625, 12.25], "texture": "#0"},
				"west": {"uv": [12.125, 4.5, 12.25, 4.625], "texture": "#0"},
				"up": {"uv": [4.75, 12.25, 4.625, 12.125], "texture": "#0"},
				"down": {"uv": [12.25, 4.625, 12.125, 4.75], "texture": "#0"}
			}
		},
		{
			"from": [2, 6.5, 12],
			"to": [4, 7, 13],
			"faces": {
				"north": {"uv": [11.875, 5.625, 12.125, 5.75], "texture": "#0"},
				"east": {"uv": [4.75, 12.125, 4.875, 12.25], "texture": "#0"},
				"south": {"uv": [11.875, 5.75, 12.125, 5.875], "texture": "#0"},
				"west": {"uv": [12.125, 4.75, 12.25, 4.875], "texture": "#0"},
				"up": {"uv": [12.125, 6, 11.875, 5.875], "texture": "#0"},
				"down": {"uv": [12.125, 6, 11.875, 6.125], "texture": "#0"}
			}
		},
		{
			"from": [4, 0, 15],
			"to": [5, 29, 16],
			"rotation": {"angle": 0, "axis": "y", "origin": [0, 0, 16]},
			"faces": {
				"north": {"uv": [7.25, 9.375, 7.375, 13], "texture": "#0"},
				"east": {"uv": [7.375, 9.375, 7.5, 13], "texture": "#0"},
				"south": {"uv": [7.5, 9.375, 7.625, 13], "texture": "#0"},
				"west": {"uv": [7.625, 9.375, 7.75, 13], "texture": "#0"},
				"up": {"uv": [5, 12.25, 4.875, 12.125], "texture": "#0"},
				"down": {"uv": [12.25, 4.875, 12.125, 5], "texture": "#0"}
			}
		},
		{
			"from": [11, 0, 15],
			"to": [12, 29, 16],
			"rotation": {"angle": 0, "axis": "y", "origin": [0, 0, 16]},
			"faces": {
				"north": {"uv": [9.375, 7.75, 9.5, 11.375], "texture": "#0"},
				"east": {"uv": [9.5, 7.75, 9.625, 11.375], "texture": "#0"},
				"south": {"uv": [9.625, 7.75, 9.75, 11.375], "texture": "#0"},
				"west": {"uv": [9.75, 7.75, 9.875, 11.375], "texture": "#0"},
				"up": {"uv": [5.125, 12.25, 5, 12.125], "texture": "#0"},
				"down": {"uv": [12.25, 5, 12.125, 5.125], "texture": "#0"}
			}
		},
		{
			"from": [11, 27, 1],
			"to": [12, 28, 15],
			"rotation": {"angle": 0, "axis": "y", "origin": [0, 0, 16]},
			"faces": {
				"north": {"uv": [5.125, 12.125, 5.25, 12.25], "texture": "#0"},
				"east": {"uv": [10.25, 1, 12, 1.125], "texture": "#0"},
				"south": {"uv": [12.125, 5.125, 12.25, 5.25], "texture": "#0"},
				"west": {"uv": [10.25, 1.125, 12, 1.25], "texture": "#0"},
				"up": {"uv": [10.375, 11.375, 10.25, 9.625], "texture": "#0"},
				"down": {"uv": [10.5, 7.75, 10.375, 9.5], "texture": "#0"}
			}
		},
		{
			"from": [4, 27, 1],
			"to": [5, 28, 15],
			"rotation": {"angle": 0, "axis": "y", "origin": [0, 0, 16]},
			"faces": {
				"north": {"uv": [6.25, 12.125, 6.375, 12.25], "texture": "#0"},
				"east": {"uv": [10.25, 1.25, 12, 1.375], "texture": "#0"},
				"south": {"uv": [12.125, 6.25, 12.25, 6.375], "texture": "#0"},
				"west": {"uv": [10.25, 1.375, 12, 1.5], "texture": "#0"},
				"up": {"uv": [10.5, 11.25, 10.375, 9.5], "texture": "#0"},
				"down": {"uv": [10.625, 7.75, 10.5, 9.5], "texture": "#0"}
			}
		},
		{
			"from": [1, 5, 15],
			"to": [4, 24, 16],
			"rotation": {"angle": 0, "axis": "y", "origin": [0, 0, 16]},
			"faces": {
				"north": {"uv": [8.25, 2.25, 8.625, 4.625], "texture": "#0"},
				"east": {"uv": [0.125, 10.25, 0.25, 12.625], "texture": "#0"},
				"south": {"uv": [5.5, 8.5, 5.875, 10.875], "texture": "#0"},
				"west": {"uv": [0.25, 10.25, 0.375, 12.625], "texture": "#0"},
				"up": {"uv": [12, 0.625, 11.625, 0.5], "texture": "#0"},
				"down": {"uv": [12, 2.875, 11.625, 3], "texture": "#0"}
			}
		},
		{
			"from": [12, 5, 15],
			"to": [15, 24, 16],
			"rotation": {"angle": 0, "axis": "y", "origin": [0, 0, 16]},
			"faces": {
				"north": {"uv": [5.875, 8.5, 6.25, 10.875], "texture": "#0"},
				"east": {"uv": [0.375, 10.25, 0.5, 12.625], "texture": "#0"},
				"south": {"uv": [6.25, 8.5, 6.625, 10.875], "texture": "#0"},
				"west": {"uv": [0.5, 10.25, 0.625, 12.625], "texture": "#0"},
				"up": {"uv": [12, 3.125, 11.625, 3], "texture": "#0"},
				"down": {"uv": [12, 3.125, 11.625, 3.25], "texture": "#0"}
			}
		},
		{
			"from": [11.25, 24, 11.25],
			"to": [11.75, 27, 11.75],
			"rotation": {"angle": 0, "axis": "y", "origin": [0, 0, 16]},
			"faces": {
				"north": {"uv": [11.625, 3.5, 11.75, 3.875], "texture": "#0"},
				"east": {"uv": [11.625, 3.875, 11.75, 4.25], "texture": "#0"},
				"south": {"uv": [11.625, 5.5, 11.75, 5.875], "texture": "#0"},
				"west": {"uv": [11.625, 5.875, 11.75, 6.25], "texture": "#0"},
				"up": {"uv": [5.375, 12.25, 5.25, 12.125], "texture": "#0"},
				"down": {"uv": [12.25, 5.25, 12.125, 5.375], "texture": "#0"}
			}
		},
		{
			"from": [11, 23, 11],
			"to": [12, 24, 12],
			"rotation": {"angle": 0, "axis": "y", "origin": [0, 0, 16]},
			"faces": {
				"north": {"uv": [5.375, 12.125, 5.5, 12.25], "texture": "#0"},
				"east": {"uv": [12.125, 5.375, 12.25, 5.5], "texture": "#0"},
				"south": {"uv": [5.5, 12.125, 5.625, 12.25], "texture": "#0"},
				"west": {"uv": [12.125, 5.5, 12.25, 5.625], "texture": "#0"},
				"up": {"uv": [5.75, 12.25, 5.625, 12.125], "texture": "#0"},
				"down": {"uv": [12.25, 5.625, 12.125, 5.75], "texture": "#0"}
			}
		},
		{
			"from": [4.25, 24, 11.25],
			"to": [4.75, 27, 11.75],
			"rotation": {"angle": 0, "axis": "y", "origin": [0, 0, 16]},
			"faces": {
				"north": {"uv": [10.875, 11.625, 11, 12], "texture": "#0"},
				"east": {"uv": [11, 11.625, 11.125, 12], "texture": "#0"},
				"south": {"uv": [11.625, 11, 11.75, 11.375], "texture": "#0"},
				"west": {"uv": [11.625, 11.375, 11.75, 11.75], "texture": "#0"},
				"up": {"uv": [6.5, 12.25, 6.375, 12.125], "texture": "#0"},
				"down": {"uv": [12.25, 6.375, 12.125, 6.5], "texture": "#0"}
			}
		},
		{
			"from": [4, 23, 11],
			"to": [5, 24, 12],
			"rotation": {"angle": 0, "axis": "y", "origin": [0, 0, 16]},
			"faces": {
				"north": {"uv": [6.5, 12.125, 6.625, 12.25], "texture": "#0"},
				"east": {"uv": [12.125, 6.5, 12.25, 6.625], "texture": "#0"},
				"south": {"uv": [12.125, 6.625, 12.25, 6.75], "texture": "#0"},
				"west": {"uv": [6.75, 12.125, 6.875, 12.25], "texture": "#0"},
				"up": {"uv": [7, 12.25, 6.875, 12.125], "texture": "#0"},
				"down": {"uv": [12.25, 7.75, 12.125, 7.875], "texture": "#0"}
			}
		},
		{
			"from": [11.25, 24, 4.25],
			"to": [11.75, 27, 4.75],
			"rotation": {"angle": 0, "axis": "y", "origin": [0, 0, 16]},
			"faces": {
				"north": {"uv": [11.625, 6.25, 11.75, 6.625], "texture": "#0"},
				"east": {"uv": [11.625, 9.625, 11.75, 10], "texture": "#0"},
				"south": {"uv": [11.625, 10, 11.75, 10.375], "texture": "#0"},
				"west": {"uv": [11.625, 10.375, 11.75, 10.75], "texture": "#0"},
				"up": {"uv": [5.875, 12.25, 5.75, 12.125], "texture": "#0"},
				"down": {"uv": [12.25, 5.75, 12.125, 5.875], "texture": "#0"}
			}
		},
		{
			"from": [11, 23, 4],
			"to": [12, 24, 5],
			"rotation": {"angle": 0, "axis": "y", "origin": [0, 0, 16]},
			"faces": {
				"north": {"uv": [5.875, 12.125, 6, 12.25], "texture": "#0"},
				"east": {"uv": [12.125, 5.875, 12.25, 6], "texture": "#0"},
				"south": {"uv": [6, 12.125, 6.125, 12.25], "texture": "#0"},
				"west": {"uv": [12.125, 6, 12.25, 6.125], "texture": "#0"},
				"up": {"uv": [6.25, 12.25, 6.125, 12.125], "texture": "#0"},
				"down": {"uv": [12.25, 6.125, 12.125, 6.25], "texture": "#0"}
			}
		},
		{
			"from": [4.25, 24, 4.25],
			"to": [4.75, 27, 4.75],
			"rotation": {"angle": 0, "axis": "y", "origin": [0, 0, 16]},
			"faces": {
				"north": {"uv": [11.75, 0, 11.875, 0.375], "texture": "#0"},
				"east": {"uv": [11.75, 1.5, 11.875, 1.875], "texture": "#0"},
				"south": {"uv": [11.75, 1.875, 11.875, 2.25], "texture": "#0"},
				"west": {"uv": [11.75, 2.25, 11.875, 2.625], "texture": "#0"},
				"up": {"uv": [12.25, 8, 12.125, 7.875], "texture": "#0"},
				"down": {"uv": [12.25, 8, 12.125, 8.125], "texture": "#0"}
			}
		},
		{
			"from": [4, 23, 4],
			"to": [5, 24, 5],
			"rotation": {"angle": 0, "axis": "y", "origin": [0, 0, 16]},
			"faces": {
				"north": {"uv": [12.125, 8.125, 12.25, 8.25], "texture": "#0"},
				"east": {"uv": [12.125, 8.25, 12.25, 8.375], "texture": "#0"},
				"south": {"uv": [12.125, 8.375, 12.25, 8.5], "texture": "#0"},
				"west": {"uv": [12.125, 8.5, 12.25, 8.625], "texture": "#0"},
				"up": {"uv": [12.25, 8.75, 12.125, 8.625], "texture": "#0"},
				"down": {"uv": [12.25, 8.75, 12.125, 8.875], "texture": "#0"}
			}
		},
		{
			"from": [7.5, 0, 23.5],
			"to": [8.5, 8, 24.5],
			"faces": {
				"north": {"uv": [5.5, 11, 5.625, 12], "texture": "#0"},
				"east": {"uv": [5.625, 11, 5.75, 12], "texture": "#0"},
				"south": {"uv": [5.75, 11, 5.875, 12], "texture": "#0"},
				"west": {"uv": [5.875, 11, 6, 12], "texture": "#0"},
				"up": {"uv": [12.25, 11.375, 12.125, 11.25], "texture": "#0"},
				"down": {"uv": [11.5, 12.125, 11.375, 12.25], "texture": "#0"}
			}
		},
		{
			"from": [7.5, 9, 22.5],
			"to": [8.5, 21, 23],
			"faces": {
				"north": {"uv": [10.75, 10.75, 10.875, 12.25], "texture": "#0"},
				"east": {"uv": [1.75, 10.875, 1.875, 12.375], "texture": "#0"},
				"south": {"uv": [1.875, 10.875, 2, 12.375], "texture": "#0"},
				"west": {"uv": [2, 10.875, 2.125, 12.375], "texture": "#0"},
				"up": {"uv": [12.25, 11.625, 12.125, 11.5], "texture": "#0"},
				"down": {"uv": [11.75, 12.125, 11.625, 12.25], "texture": "#0"}
			}
		},
		{
			"from": [7.5, 9, 25],
			"to": [8.5, 21, 25.5],
			"faces": {
				"north": {"uv": [2.125, 10.875, 2.25, 12.375], "texture": "#0"},
				"east": {"uv": [2.25, 10.875, 2.375, 12.375], "texture": "#0"},
				"south": {"uv": [2.375, 10.875, 2.5, 12.375], "texture": "#0"},
				"west": {"uv": [2.5, 10.875, 2.625, 12.375], "texture": "#0"},
				"up": {"uv": [12.25, 11.75, 12.125, 11.625], "texture": "#0"},
				"down": {"uv": [11.875, 12.125, 11.75, 12.25], "texture": "#0"}
			}
		},
		{
			"from": [7.5, 20, 24.5],
			"to": [8.5, 23, 25],
			"faces": {
				"north": {"uv": [11.75, 3.25, 11.875, 3.625], "texture": "#0"},
				"east": {"uv": [11.75, 3.625, 11.875, 4], "texture": "#0"},
				"south": {"uv": [11.75, 4, 11.875, 4.375], "texture": "#0"},
				"west": {"uv": [5.125, 11.75, 5.25, 12.125], "texture": "#0"},
				"up": {"uv": [12.25, 11.875, 12.125, 11.75], "texture": "#0"},
				"down": {"uv": [12, 12.125, 11.875, 12.25], "texture": "#0"}
			}
		},
		{
			"from": [7.5, 7, 24.5],
			"to": [8.5, 10, 25],
			"faces": {
				"north": {"uv": [5.25, 11.75, 5.375, 12.125], "texture": "#0"},
				"east": {"uv": [5.375, 11.75, 5.5, 12.125], "texture": "#0"},
				"south": {"uv": [11.75, 5.5, 11.875, 5.875], "texture": "#0"},
				"west": {"uv": [11.75, 5.875, 11.875, 6.25], "texture": "#0"},
				"up": {"uv": [12.25, 12, 12.125, 11.875], "texture": "#0"},
				"down": {"uv": [12.125, 12.125, 12, 12.25], "texture": "#0"}
			}
		},
		{
			"from": [7.5, 7, 23],
			"to": [8.5, 10, 23.5],
			"faces": {
				"north": {"uv": [6.375, 11.75, 6.5, 12.125], "texture": "#0"},
				"east": {"uv": [11.75, 8.25, 11.875, 8.625], "texture": "#0"},
				"south": {"uv": [11.75, 8.625, 11.875, 9], "texture": "#0"},
				"west": {"uv": [9, 11.75, 9.125, 12.125], "texture": "#0"},
				"up": {"uv": [12.375, 0.125, 12.25, 0], "texture": "#0"},
				"down": {"uv": [12.375, 0.125, 12.25, 0.25], "texture": "#0"}
			}
		},
		{
			"from": [7.5, 20, 23],
			"to": [8.5, 23, 23.5],
			"faces": {
				"north": {"uv": [6, 11.75, 6.125, 12.125], "texture": "#0"},
				"east": {"uv": [6.125, 11.75, 6.25, 12.125], "texture": "#0"},
				"south": {"uv": [6.25, 11.75, 6.375, 12.125], "texture": "#0"},
				"west": {"uv": [11.75, 6.25, 11.875, 6.625], "texture": "#0"},
				"up": {"uv": [12.25, 12.125, 12.125, 12], "texture": "#0"},
				"down": {"uv": [12.25, 12.125, 12.125, 12.25], "texture": "#0"}
			}
		},
		{
			"from": [7.5, 22, 23.5],
			"to": [8.5, 28, 24.5],
			"faces": {
				"north": {"uv": [9.875, 11, 10, 11.75], "texture": "#0"},
				"east": {"uv": [10, 11, 10.125, 11.75], "texture": "#0"},
				"south": {"uv": [10.125, 11, 10.25, 11.75], "texture": "#0"},
				"west": {"uv": [10.5, 11, 10.625, 11.75], "texture": "#0"},
				"up": {"uv": [12.25, 11.5, 12.125, 11.375], "texture": "#0"},
				"down": {"uv": [11.625, 12.125, 11.5, 12.25], "texture": "#0"}
			}
		},
		{
			"from": [6, 28, 6],
			"to": [10, 29, 10],
			"faces": {
				"north": {"uv": [11.25, 8.5, 11.75, 8.625], "texture": "#0"},
				"east": {"uv": [11.25, 8.625, 11.75, 8.75], "texture": "#0"},
				"south": {"uv": [11.25, 8.75, 11.75, 8.875], "texture": "#0"},
				"west": {"uv": [11.25, 8.875, 11.75, 9], "texture": "#0"},
				"up": {"uv": [10.25, 1.25, 9.75, 0.75], "texture": "#0"},
				"down": {"uv": [10.25, 1.25, 9.75, 1.75], "texture": "#0"}
			}
		},
		{
			"from": [6, 28, 22],
			"to": [10, 29, 26],
			"faces": {
				"north": {"uv": [11.25, 9, 11.75, 9.125], "texture": "#0"},
				"east": {"uv": [11.25, 9.125, 11.75, 9.25], "texture": "#0"},
				"south": {"uv": [11.25, 9.25, 11.75, 9.375], "texture": "#0"},
				"west": {"uv": [11.25, 9.375, 11.75, 9.5], "texture": "#0"},
				"up": {"uv": [10.25, 2.25, 9.75, 1.75], "texture": "#0"},
				"down": {"uv": [10.375, 4.125, 9.875, 4.625], "texture": "#0"}
			}
		}
	],
	"display": {
		"head": {
			"scale": [2, 2, 2]
		}
	},
	"groups": [
		{
			"name": "body",
			"origin": [0, 0, 0],
			"color": 0,
			"children": [
				0,
				1,
				2,
				3,
				4,
				5,
				6,
				7,
				8,
				9,
				10,
				11,
				12,
				{
					"name": "glass",
					"origin": [0, 0, 0],
					"color": 0,
					"children": [13, 14]
				}
			]
		},
		{
			"name": "Frame",
			"origin": [0, 0, 0],
			"color": 0,
			"children": [15, 16, 17]
		},
		{
			"name": "Roof",
			"origin": [0, 0, 0],
			"color": 0,
			"children": [
				18,
				19,
				20,
				{
					"name": "Panto Holder",
					"origin": [0, 0, 0],
					"color": 0,
					"children": [21, 22, 23, 24, 25, 26, 27, 28, 29, 30, 31, 32, 33, 34, 35, 36, 37, 38, 39, 40, 41, 42, 43, 44, 45]
				}
			]
		},
		{
			"name": "Gangway",
			"origin": [0, 0, 0],
			"color": 0,
			"children": [46, 47, 48, 49, 50]
		},
		{
			"name": "Undercarriage",
			"origin": [0, 0, 0],
			"color": 0,
			"children": [
				{
					"name": "coupler bar",
					"origin": [0, 0, 0],
					"color": 0,
					"children": [51, 52, 53, 54, 55]
				},
				{
					"name": "MU",
					"origin": [0, 0, 0],
					"color": 0,
					"children": [56, 57, 58, 59, 60, 61, 62, 63]
				},
				{
					"name": "MUHigh",
					"origin": [0, 0, 0],
					"color": 0,
					"children": [64, 65, 66, 67, 68, 69]
				}
			]
		},
		{
			"name": "Interior",
			"origin": [0, 0, 0],
			"color": 0,
			"children": [
				{
					"name": "SideSeat",
					"origin": [0, 0, 0],
					"color": 0,
					"children": [
						70,
						71,
						{
							"name": "Seat Legs",
							"origin": [0, 0, 0],
							"color": 0,
							"children": [72, 73]
						},
						{
							"name": "Seat Legs",
							"origin": [0, 0, 0],
							"color": 0,
							"children": [74, 75]
						},
						76,
						77,
						{
							"name": "SideSeat",
							"origin": [0, 0, 0],
							"color": 0,
							"children": [
								78,
								79,
								{
									"name": "Seat Legs",
									"origin": [0, 0, 0],
									"color": 0,
									"children": [80, 81, 82, 83]
								}
							]
						}
					]
				},
				{
					"name": "Handrails",
					"origin": [0, 0, 0],
					"color": 0,
					"children": [
						{
							"name": "EndRails",
							"origin": [0, 0, 0],
							"color": 0,
							"children": [
								84,
								85,
								86,
								87,
								88,
								89,
								{
									"name": "Straphanger",
									"origin": [0, 0, 0],
									"color": 0,
									"children": [90, 91]
								},
								{
									"name": "Straphanger",
									"origin": [0, 0, 0],
									"color": 0,
									"children": [92, 93]
								},
								{
									"name": "Straphanger",
									"origin": [0, 0, 0],
									"color": 0,
									"children": [94, 95]
								},
								{
									"name": "Straphanger",
									"origin": [0, 0, 0],
									"color": 0,
									"children": [96, 97]
								}
							]
						},
						{
							"name": "vestibule",
							"origin": [0, 0, 0],
							"color": 0,
							"children": [98, 99, 100, 101, 102, 103, 104, 105]
						}
					]
				},
				{
					"name": "fittings",
					"origin": [0, 0, 0],
					"color": 0,
					"children": [106, 107]
				}
			]
		}
	]
}