{
	"credit": "Made with Blockbench",
	"textures": {
		"0": "LipanLocoTextures/headlight main",
		"1": "LipanLocoTextures/shine metal",
		"2": "LipanLocoTextures/Crimson",
		"3": "LipanLocoTextures/dark metal",
		"4": "LipanLocoTextures/snowplough yellow",
		"8": "LipanLocoTextures/Namboku Green",
		"10": "LipanLocoTextures/tconsole",
		"11": "LipanLocoTextures/bconsole",
		"12": "LipanLocoTextures/rconsole",
		"13": "LipanLocoTextures/lconsole",
		"14": "LipanLocoTextures/bseat",
		"15": "LipanLocoTextures/tseat",
		"16": "LipanLocoTextures/500_Frame",
		"17": "LipanLocoTextures/500_redlamp",
		"18": "LipanLocoTextures/500_roof",
		"19": "LipanLocoTextures/lamp holder",
		"20": "LipanLocoTextures/500_front",
		"21": "LipanLocoTextures/500_tfront",
		"22": "LipanLocoTextures/500_lpillar",
		"23": "LipanLocoTextures/500_rpillar",
		"24": "LipanLocoTextures/500_lbfront",
		"25": "LipanLocoTextures/500_rbfront",
		"26": "LipanLocoTextures/500_ltfront",
		"27": "LipanLocoTextures/500_rtfront",
		"28": "LipanLocoTextures/500_right",
		"29": "LipanLocoTextures/500_left",
		"30": "LipanLocoTextures/500_trmiddle",
		"31": "LipanLocoTextures/500_tlmiddle",
		"32": "LipanLocoTextures/500_rmiddle",
		"33": "LipanLocoTextures/500_lmiddle",
		"34": "LipanLocoTextures/500_rback",
		"35": "LipanLocoTextures/500_lback",
		"36": "LipanLocoTextures/500_troof",
		"37": "LipanLocoTextures/500_rbdoor",
		"38": "LipanLocoTextures/500_rldoor",
		"39": "LipanLocoTextures/500_rrdoor",
		"40": "LipanLocoTextures/500_rtdoor",
		"41": "LipanLocoTextures/500_lbdoor",
		"42": "LipanLocoTextures/500_ltdoor",
		"43": "LipanLocoTextures/500_lldoor",
		"44": "LipanLocoTextures/500_lrdoor",
		"45": "LipanLocoTextures/500_cabdivider",
		"particle": "LipanLocoTextures/headlight main"
	},
	"elements": [
		{
			"from": [0, -3, 0],
			"to": [16, 0, 24],
			"faces": {
				"north": {"uv": [0, 6.75, 4, 7.5], "texture": "#16"},
				"east": {"uv": [0, 6, 6, 6.75], "texture": "#16"},
				"south": {"uv": [4, 6.75, 8, 7.5], "texture": "#16"},
				"west": {"uv": [6, 6, 12, 6.75], "texture": "#16"},
				"up": {"uv": [4, 6, 0, 0], "texture": "#16"},
				"down": {"uv": [8, 0, 4, 6], "texture": "#16"}
			}
		},
		{
			"from": [1, -4, 0],
			"to": [15, -3, 24],
			"faces": {
				"north": {"uv": [0, 0, 14, 1], "texture": "#2"},
				"east": {"uv": [0, 0, 16, 1], "texture": "#2"},
				"south": {"uv": [0, 0, 14, 1], "texture": "#2"},
				"west": {"uv": [0, 0, 16, 1], "texture": "#2"},
				"up": {"uv": [0, 0, 14, 16], "texture": "#2"},
				"down": {"uv": [0, 0, 14, 16], "texture": "#2"}
			}
		},
		{
			"from": [0, 0, 0],
			"to": [16, 15, 1],
			"faces": {
				"north": {"uv": [0, 0, 8, 7.5], "texture": "#20"},
				"east": {"uv": [8, 1, 8.5, 8.5], "texture": "#20"},
				"south": {"uv": [0, 7.5, 8, 15], "texture": "#20"},
				"west": {"uv": [8.5, 1, 9, 8.5], "texture": "#20"},
				"up": {"uv": [16, 0.5, 8, 0], "texture": "#20"},
				"down": {"uv": [16, 0.5, 8, 1], "texture": "#20"}
			}
		},
		{
			"from": [4, 15, 0],
			"to": [5, 25, 1],
			"faces": {
				"north": {"uv": [0, 0, 1, 10], "texture": "#23"},
				"east": {"uv": [1, 0, 2, 10], "texture": "#23"},
				"south": {"uv": [2, 0, 3, 10], "texture": "#23"},
				"west": {"uv": [3, 0, 4, 10], "texture": "#23"},
				"up": {"uv": [5, 1, 4, 0], "texture": "#23"},
				"down": {"uv": [5, 1, 4, 2], "texture": "#23"}
			}
		},
		{
			"from": [11, 15, 0],
			"to": [12, 25, 1],
			"faces": {
				"north": {"uv": [0, 0, 1, 10], "texture": "#22"},
				"east": {"uv": [1, 0, 2, 10], "texture": "#22"},
				"south": {"uv": [2, 0, 3, 10], "texture": "#22"},
				"west": {"uv": [3, 0, 4, 10], "texture": "#22"},
				"up": {"uv": [5, 1, 4, 0], "texture": "#22"},
				"down": {"uv": [5, 1, 4, 2], "texture": "#22"}
			}
		},
		{
			"from": [0, 25, 0],
			"to": [16, 29, 1],
			"faces": {
				"north": {"uv": [0, 0, 16, 4], "texture": "#21"},
				"east": {"uv": [0, 10, 1, 14], "texture": "#21"},
				"south": {"uv": [0, 4, 16, 8], "texture": "#21"},
				"west": {"uv": [1, 10, 2, 14], "texture": "#21"},
				"up": {"uv": [16, 9, 0, 8], "texture": "#21"},
				"down": {"uv": [16, 9, 0, 10], "texture": "#21"}
			}
		},
		{
			"from": [0, 29, 0],
			"to": [16, 30, 24],
			"faces": {
				"north": {"uv": [0, 6.25, 4, 6.5], "texture": "#18"},
				"east": {"uv": [0, 6, 6, 6.25], "texture": "#18"},
				"south": {"uv": [4, 6.25, 8, 6.5], "texture": "#18"},
				"west": {"uv": [6, 6, 12, 6.25], "texture": "#18"},
				"up": {"uv": [4, 6, 0, 0], "texture": "#18"},
				"down": {"uv": [8, 0, 4, 6], "texture": "#18"}
			}
		},
		{
			"from": [0, 0, 4],
			"to": [1, 29, 10],
			"faces": {
				"north": {"uv": [6, 0, 6.5, 14.5], "texture": "#28"},
				"east": {"uv": [0, 0, 3, 14.5], "texture": "#28"},
				"south": {"uv": [6.5, 0, 7, 14.5], "texture": "#28"},
				"west": {"uv": [3, 0, 6, 14.5], "texture": "#28"},
				"up": {"uv": [7.5, 3, 7, 0], "texture": "#28"},
				"down": {"uv": [7.5, 3, 7, 6], "texture": "#28"}
			}
		},
		{
			"from": [0, 0, 1],
			"to": [1, 15, 4],
			"faces": {
				"north": {"uv": [6, 0, 7, 15], "texture": "#25"},
				"east": {"uv": [0, 0, 3, 15], "texture": "#25"},
				"south": {"uv": [7, 0, 8, 15], "texture": "#25"},
				"west": {"uv": [3, 0, 6, 15], "texture": "#25"},
				"up": {"uv": [9, 3, 8, 0], "texture": "#25"},
				"down": {"uv": [9, 3, 8, 6], "texture": "#25"}
			}
		},
		{
			"from": [0, 27, 10],
			"to": [1, 29, 18],
			"faces": {
				"north": {"uv": [2, 4, 3, 6], "texture": "#30"},
				"east": {"uv": [0, 0, 8, 2], "texture": "#30"},
				"south": {"uv": [3, 4, 4, 6], "texture": "#30"},
				"west": {"uv": [0, 2, 8, 4], "texture": "#30"},
				"up": {"uv": [1, 12, 0, 4], "texture": "#30"},
				"down": {"uv": [2, 4, 1, 12], "texture": "#30"}
			}
		},
		{
			"from": [0, 27, 21],
			"to": [1, 29, 24],
			"faces": {
				"north": {"uv": [0, 4, 1, 6], "texture": "#34"},
				"east": {"uv": [0, 0, 3, 2], "texture": "#34"},
				"south": {"uv": [4, 0, 5, 2], "texture": "#34"},
				"west": {"uv": [0, 2, 3, 4], "texture": "#34"},
				"up": {"uv": [4, 3, 3, 0], "texture": "#34"},
				"down": {"uv": [4, 3, 3, 6], "texture": "#34"}
			}
		},
		{
			"from": [15, 27, 21],
			"to": [16, 29, 24],
			"faces": {
				"north": {"uv": [0, 4, 1, 6], "texture": "#35"},
				"east": {"uv": [0, 0, 3, 2], "texture": "#35"},
				"south": {"uv": [4, 0, 5, 2], "texture": "#35"},
				"west": {"uv": [0, 2, 3, 4], "texture": "#35"},
				"up": {"uv": [4, 3, 3, 0], "texture": "#35"},
				"down": {"uv": [4, 3, 3, 6], "texture": "#35"}
			}
		},
		{
			"from": [0, 25, 1],
			"to": [1, 29, 4],
			"faces": {
				"north": {"uv": [0, 4, 1, 8], "texture": "#27"},
				"east": {"uv": [0, 0, 3, 4], "texture": "#27"},
				"south": {"uv": [1, 4, 2, 8], "texture": "#27"},
				"west": {"uv": [3, 0, 6, 4], "texture": "#27"},
				"up": {"uv": [3, 7, 2, 4], "texture": "#27"},
				"down": {"uv": [4, 4, 3, 7], "texture": "#27"}
			}
		},
		{
			"from": [15, 27, 10],
			"to": [16, 29, 18],
			"faces": {
				"north": {"uv": [2, 4, 3, 6], "texture": "#31"},
				"east": {"uv": [0, 0, 8, 2], "texture": "#31"},
				"south": {"uv": [3, 4, 4, 6], "texture": "#31"},
				"west": {"uv": [0, 2, 8, 4], "texture": "#31"},
				"up": {"uv": [1, 12, 0, 4], "texture": "#31"},
				"down": {"uv": [2, 4, 1, 12], "texture": "#31"}
			}
		},
		{
			"from": [15, 25, 1],
			"to": [16, 29, 4],
			"faces": {
				"north": {"uv": [0, 4, 1, 8], "texture": "#26"},
				"east": {"uv": [0, 0, 3, 4], "texture": "#26"},
				"south": {"uv": [1, 4, 2, 8], "texture": "#26"},
				"west": {"uv": [3, 0, 6, 4], "texture": "#26"},
				"up": {"uv": [3, 7, 2, 4], "texture": "#26"},
				"down": {"uv": [4, 4, 3, 7], "texture": "#26"}
			}
		},
		{
			"from": [15, 0, 1],
			"to": [16, 15, 4],
			"faces": {
				"north": {"uv": [6, 0, 7, 15], "texture": "#24"},
				"east": {"uv": [0, 0, 3, 15], "texture": "#24"},
				"south": {"uv": [7, 0, 8, 15], "texture": "#24"},
				"west": {"uv": [3, 0, 6, 15], "texture": "#24"},
				"up": {"uv": [9, 3, 8, 0], "texture": "#24"},
				"down": {"uv": [9, 3, 8, 6], "texture": "#24"}
			}
		},
		{
			"from": [15, 0, 4],
			"to": [16, 29, 10],
			"faces": {
				"north": {"uv": [6, 0, 6.5, 14.5], "texture": "#29"},
				"east": {"uv": [0, 0, 3, 14.5], "texture": "#29"},
				"south": {"uv": [6.5, 0, 7, 14.5], "texture": "#29"},
				"west": {"uv": [3, 0, 6, 14.5], "texture": "#29"},
				"up": {"uv": [7.5, 3, 7, 0], "texture": "#29"},
				"down": {"uv": [7.5, 3, 7, 6], "texture": "#29"}
			}
		},
		{
			"from": [0, 0, 18],
			"to": [1, 29, 21],
			"faces": {
				"north": {"uv": [3, 0, 3.5, 14.5], "texture": "#32"},
				"east": {"uv": [0, 0, 1.5, 14.5], "texture": "#32"},
				"south": {"uv": [3.5, 0, 4, 14.5], "texture": "#32"},
				"west": {"uv": [1.5, 0, 3, 14.5], "texture": "#32"},
				"up": {"uv": [4.5, 1.5, 4, 0], "texture": "#32"},
				"down": {"uv": [4.5, 1.5, 4, 3], "texture": "#32"}
			}
		},
		{
			"from": [15, 0, 18],
			"to": [16, 29, 21],
			"faces": {
				"north": {"uv": [3, 0, 3.5, 14.5], "texture": "#33"},
				"east": {"uv": [0, 0, 1.5, 14.5], "texture": "#33"},
				"south": {"uv": [3.5, 0, 4, 14.5], "texture": "#33"},
				"west": {"uv": [1.5, 0, 3, 14.5], "texture": "#33"},
				"up": {"uv": [4.5, 1.5, 4, 0], "texture": "#33"},
				"down": {"uv": [4.5, 1.5, 4, 3], "texture": "#33"}
			}
		},
		{
			"from": [1, 0, 19],
			"to": [15, 29, 20],
			"faces": {
				"north": {"uv": [0, 0, 3.5, 7.25], "texture": "#45"},
				"east": {"uv": [7, 0, 7.25, 7.25], "texture": "#45"},
				"south": {"uv": [3.5, 0, 7, 7.25], "texture": "#45"},
				"west": {"uv": [0, 7.25, 0.25, 14.5], "texture": "#45"},
				"up": {"uv": [10.75, 0.25, 7.25, 0], "texture": "#45"},
				"down": {"uv": [3.75, 7.25, 0.25, 7.5], "texture": "#45"}
			}
		},
		{
			"from": [0, 25, 10],
			"to": [1, 27, 18],
			"faces": {
				"north": {"uv": [2, 4, 3, 6], "texture": "#40"},
				"east": {"uv": [0, 0, 8, 2], "texture": "#40"},
				"south": {"uv": [3, 4, 4, 6], "texture": "#40"},
				"west": {"uv": [0, 2, 8, 4], "texture": "#40"},
				"up": {"uv": [1, 12, 0, 4], "texture": "#40"},
				"down": {"uv": [2, 4, 1, 12], "texture": "#40"}
			}
		},
		{
			"from": [0, 15, 10],
			"to": [1, 25, 12],
			"faces": {
				"north": {"uv": [4, 0, 5, 10], "texture": "#38"},
				"east": {"uv": [0, 0, 2, 10], "texture": "#38"},
				"south": {"uv": [5, 0, 6, 10], "texture": "#38"},
				"west": {"uv": [2, 0, 4, 10], "texture": "#38"},
				"up": {"uv": [7, 2, 6, 0], "texture": "#38"},
				"down": {"uv": [7, 2, 6, 4], "texture": "#38"}
			}
		},
		{
			"from": [0, 15, 16],
			"to": [1, 25, 18],
			"faces": {
				"north": {"uv": [4, 0, 5, 10], "texture": "#39"},
				"east": {"uv": [0, 0, 2, 10], "texture": "#39"},
				"south": {"uv": [5, 0, 6, 10], "texture": "#39"},
				"west": {"uv": [2, 0, 4, 10], "texture": "#39"},
				"up": {"uv": [7, 2, 6, 0], "texture": "#39"},
				"down": {"uv": [7, 2, 6, 4], "texture": "#39"}
			}
		},
		{
			"from": [0, 0, 10],
			"to": [1, 15, 18],
			"faces": {
				"north": {"uv": [0, 7.5, 0.5, 15], "texture": "#37"},
				"east": {"uv": [0, 0, 4, 7.5], "texture": "#37"},
				"south": {"uv": [0.5, 7.5, 1, 15], "texture": "#37"},
				"west": {"uv": [4, 0, 8, 7.5], "texture": "#37"},
				"up": {"uv": [1.5, 11.5, 1, 7.5], "texture": "#37"},
				"down": {"uv": [2, 7.5, 1.5, 11.5], "texture": "#37"}
			}
		},
		{
			"from": [15, 25, 10],
			"to": [16, 27, 18],
			"faces": {
				"north": {"uv": [2, 4, 3, 6], "texture": "#42"},
				"east": {"uv": [0, 0, 8, 2], "texture": "#42"},
				"south": {"uv": [3, 4, 4, 6], "texture": "#42"},
				"west": {"uv": [0, 2, 8, 4], "texture": "#42"},
				"up": {"uv": [1, 12, 0, 4], "texture": "#42"},
				"down": {"uv": [2, 4, 1, 12], "texture": "#42"}
			}
		},
		{
			"from": [15, 15, 10],
			"to": [16, 25, 12],
			"faces": {
				"north": {"uv": [4, 0, 5, 10], "texture": "#44"},
				"east": {"uv": [0, 0, 2, 10], "texture": "#44"},
				"south": {"uv": [5, 0, 6, 10], "texture": "#44"},
				"west": {"uv": [2, 0, 4, 10], "texture": "#44"},
				"up": {"uv": [7, 2, 6, 0], "texture": "#44"},
				"down": {"uv": [7, 2, 6, 4], "texture": "#44"}
			}
		},
		{
			"from": [15, 15, 16],
			"to": [16, 25, 18],
			"faces": {
				"north": {"uv": [4, 0, 5, 10], "texture": "#43"},
				"east": {"uv": [0, 0, 2, 10], "texture": "#43"},
				"south": {"uv": [5, 0, 6, 10], "texture": "#43"},
				"west": {"uv": [2, 0, 4, 10], "texture": "#43"},
				"up": {"uv": [7, 2, 6, 0], "texture": "#43"},
				"down": {"uv": [7, 2, 6, 4], "texture": "#43"}
			}
		},
		{
			"from": [15, 0, 10],
			"to": [16, 15, 18],
			"faces": {
				"north": {"uv": [0, 7.5, 0.5, 15], "texture": "#41"},
				"east": {"uv": [0, 0, 4, 7.5], "texture": "#41"},
				"south": {"uv": [0.5, 7.5, 1, 15], "texture": "#41"},
				"west": {"uv": [4, 0, 8, 7.5], "texture": "#41"},
				"up": {"uv": [1.5, 11.5, 1, 7.5], "texture": "#41"},
				"down": {"uv": [2, 7.5, 1.5, 11.5], "texture": "#41"}
			}
		},
		{
			"from": [-1, 2, 8],
			"to": [0, 20, 9],
			"faces": {
				"north": {"uv": [0, 0, 0.5, 8], "texture": "#1"},
				"east": {"uv": [0, 0, 0.5, 8], "texture": "#1"},
				"south": {"uv": [0, 0, 0.5, 8], "texture": "#1"},
				"west": {"uv": [0, 0, 0.5, 8], "texture": "#1"},
				"up": {"uv": [0, 0, 0.5, 0.5], "texture": "#1"},
				"down": {"uv": [0, 0, 0.5, 0.5], "texture": "#1"}
			}
		},
		{
			"from": [16, 2, 8],
			"to": [17, 20, 9],
			"faces": {
				"north": {"uv": [0, 0, 0.5, 8], "texture": "#1"},
				"east": {"uv": [0, 0, 0.5, 8], "texture": "#1"},
				"south": {"uv": [0, 0, 0.5, 8], "texture": "#1"},
				"west": {"uv": [0, 0, 0.5, 8], "texture": "#1"},
				"up": {"uv": [0, 0, 0.5, 0.5], "texture": "#1"},
				"down": {"uv": [0, 0, 0.5, 0.5], "texture": "#1"}
			}
		},
		{
			"from": [16, 2, 19],
			"to": [17, 20, 20],
			"faces": {
				"north": {"uv": [0, 0, 0.5, 8], "texture": "#1"},
				"east": {"uv": [0, 0, 0.5, 8], "texture": "#1"},
				"south": {"uv": [0, 0, 0.5, 8], "texture": "#1"},
				"west": {"uv": [0, 0, 0.5, 8], "texture": "#1"},
				"up": {"uv": [0, 0, 0.5, 0.5], "texture": "#1"},
				"down": {"uv": [0, 0, 0.5, 0.5], "texture": "#1"}
			}
		},
		{
			"from": [-1, 2, 19],
			"to": [0, 20, 20],
			"faces": {
				"north": {"uv": [0, 0, 0.5, 8], "texture": "#1"},
				"east": {"uv": [0, 0, 0.5, 8], "texture": "#1"},
				"south": {"uv": [0, 0, 0.5, 8], "texture": "#1"},
				"west": {"uv": [0, 0, 0.5, 8], "texture": "#1"},
				"up": {"uv": [0, 0, 0.5, 0.5], "texture": "#1"},
				"down": {"uv": [0, 0, 0.5, 0.5], "texture": "#1"}
			}
		},
		{
			"from": [5, 30, 0],
			"to": [11, 32, 4],
			"faces": {
				"north": {"uv": [0, 0, 1.5, 0.5], "texture": "#19"},
				"east": {"uv": [0, 0, 1, 0.5], "texture": "#19"},
				"south": {"uv": [0, 0, 1.5, 0.5], "texture": "#19"},
				"west": {"uv": [0, 0, 1, 0.5], "texture": "#19"},
				"up": {"uv": [0, 0, 1.5, 1], "texture": "#19"},
				"down": {"uv": [0, 0, 1.5, 1], "texture": "#19"}
			}
		},
		{
			"from": [8, 30, 8],
			"to": [14, 32, 17],
			"rotation": {"angle": 0, "axis": "y", "origin": [-8, 16, -14]},
			"faces": {
				"north": {"uv": [0, 5.5, 3, 6.5], "texture": "#36"},
				"east": {"uv": [0, 4.5, 4.5, 5.5], "texture": "#36"},
				"south": {"uv": [3, 5.5, 6, 6.5], "texture": "#36"},
				"west": {"uv": [4.5, 4.5, 9, 5.5], "texture": "#36"},
				"up": {"uv": [3, 4.5, 0, 0], "texture": "#36"},
				"down": {"uv": [6, 0, 3, 4.5], "texture": "#36"}
			}
		},
		{
			"from": [2, -11, 0],
			"to": [5, -4, 1],
			"faces": {
				"north": {"uv": [0, 0, 3, 7], "texture": "#4"},
				"east": {"uv": [0, 0, 1, 7], "texture": "#4"},
				"south": {"uv": [0, 0, 3, 7], "texture": "#4"},
				"west": {"uv": [0, 0, 1, 7], "texture": "#4"},
				"up": {"uv": [0, 0, 3, 1], "texture": "#4"},
				"down": {"uv": [0, 0, 3, 1], "texture": "#4"}
			}
		},
		{
			"from": [5, -5, 0],
			"to": [11, -4, 1],
			"faces": {
				"north": {"uv": [0, 0, 6, 1], "texture": "#4"},
				"east": {"uv": [0, 0, 1, 1], "texture": "#4"},
				"south": {"uv": [0, 0, 6, 1], "texture": "#4"},
				"west": {"uv": [0, 0, 1, 1], "texture": "#4"},
				"up": {"uv": [0, 0, 6, 1], "texture": "#4"},
				"down": {"uv": [0, 0, 6, 1], "texture": "#4"}
			}
		},
		{
			"from": [5, -11, 0],
			"to": [11, -10, 1],
			"faces": {
				"north": {"uv": [0, 0, 6, 1], "texture": "#4"},
				"east": {"uv": [0, 0, 1, 1], "texture": "#4"},
				"south": {"uv": [0, 0, 6, 1], "texture": "#4"},
				"west": {"uv": [0, 0, 1, 1], "texture": "#4"},
				"up": {"uv": [0, 0, 6, 1], "texture": "#4"},
				"down": {"uv": [0, 0, 6, 1], "texture": "#4"}
			}
		},
		{
			"from": [4, -12, 0],
			"to": [12, -11, 1],
			"faces": {
				"north": {"uv": [0, 0, 8, 1], "texture": "#4"},
				"east": {"uv": [0, 0, 1, 1], "texture": "#4"},
				"south": {"uv": [0, 0, 8, 1], "texture": "#4"},
				"west": {"uv": [0, 0, 1, 1], "texture": "#4"},
				"up": {"uv": [0, 0, 8, 1], "texture": "#4"},
				"down": {"uv": [0, 0, 8, 1], "texture": "#4"}
			}
		},
		{
			"from": [11, -11, 0],
			"to": [14, -4, 1],
			"faces": {
				"north": {"uv": [0, 0, 3, 7], "texture": "#4"},
				"east": {"uv": [0, 0, 1, 7], "texture": "#4"},
				"south": {"uv": [0, 0, 3, 7], "texture": "#4"},
				"west": {"uv": [0, 0, 1, 7], "texture": "#4"},
				"up": {"uv": [0, 0, 3, 1], "texture": "#4"},
				"down": {"uv": [0, 0, 3, 1], "texture": "#4"}
			}
		},
		{
			"from": [2, -2, -2],
			"to": [14, 0, -1],
			"faces": {
				"north": {"uv": [0, 0, 6, 1], "texture": "#1"},
				"east": {"uv": [0, 0, 0.5, 1], "texture": "#1"},
				"south": {"uv": [0, 0, 6, 1], "texture": "#1"},
				"west": {"uv": [0, 0, 0.5, 1], "texture": "#1"},
				"up": {"uv": [0, 0, 6, 0.5], "texture": "#1"},
				"down": {"uv": [0, 0, 6, 0.5], "texture": "#1"}
			}
		},
		{
			"from": [3, -3, -2],
			"to": [5, -2, -1],
			"faces": {
				"north": {"uv": [0, 0, 1, 0.5], "texture": "#1"},
				"east": {"uv": [0, 0, 0.5, 0.5], "texture": "#1"},
				"south": {"uv": [0, 0, 1, 0.5], "texture": "#1"},
				"west": {"uv": [0, 0, 0.5, 0.5], "texture": "#1"},
				"up": {"uv": [0, 0, 1, 0.5], "texture": "#1"},
				"down": {"uv": [0, 0, 1, 0.5], "texture": "#1"}
			}
		},
		{
			"from": [11, -3, -2],
			"to": [13, -2, -1],
			"faces": {
				"north": {"uv": [0, 0, 1, 0.5], "texture": "#1"},
				"east": {"uv": [0, 0, 0.5, 0.5], "texture": "#1"},
				"south": {"uv": [0, 0, 1, 0.5], "texture": "#1"},
				"west": {"uv": [0, 0, 0.5, 0.5], "texture": "#1"},
				"up": {"uv": [0, 0, 1, 0.5], "texture": "#1"},
				"down": {"uv": [0, 0, 1, 0.5], "texture": "#1"}
			}
		},
		{
			"from": [11, -2, -1],
			"to": [13, -1, 0],
			"faces": {
				"north": {"uv": [0, 0, 1, 0.5], "texture": "#3"},
				"east": {"uv": [0, 0, 0.5, 0.5], "texture": "#3"},
				"south": {"uv": [0, 0, 1, 0.5], "texture": "#3"},
				"west": {"uv": [0, 0, 0.5, 0.5], "texture": "#3"},
				"up": {"uv": [0, 0, 1, 0.5], "texture": "#3"},
				"down": {"uv": [0, 0, 1, 0.5], "texture": "#3"}
			}
		},
		{
			"from": [3, -2, -1],
			"to": [5, -1, 0],
			"faces": {
				"north": {"uv": [0, 0, 1, 0.5], "texture": "#3"},
				"east": {"uv": [0, 0, 0.5, 0.5], "texture": "#3"},
				"south": {"uv": [0, 0, 1, 0.5], "texture": "#3"},
				"west": {"uv": [0, 0, 0.5, 0.5], "texture": "#3"},
				"up": {"uv": [0, 0, 1, 0.5], "texture": "#3"},
				"down": {"uv": [0, 0, 1, 0.5], "texture": "#3"}
			}
		},
		{
			"from": [2, 3, -1],
			"to": [5, 7, 0],
			"faces": {
				"north": {"uv": [0, 0, 3, 4], "texture": "#17"},
				"east": {"uv": [0, 0, 1, 4], "texture": "#17"},
				"south": {"uv": [0, 0, 3, 4], "texture": "#17"},
				"west": {"uv": [0, 0, 1, 4], "texture": "#17"},
				"up": {"uv": [0, 0, 3, 1], "texture": "#17"},
				"down": {"uv": [0, 0, 3, 1], "texture": "#17"}
			}
		},
		{
			"from": [6, 27, -1],
			"to": [10, 31, 0],
			"faces": {
				"north": {"uv": [0, 0, 4, 4], "texture": "#0"},
				"east": {"uv": [4, 0, 5, 4], "texture": "#0"},
				"south": {"uv": [0, 4, 4, 8], "texture": "#0"},
				"west": {"uv": [4, 4, 5, 8], "texture": "#0"},
				"up": {"uv": [5, 0, 9, 1], "texture": "#0"},
				"down": {"uv": [5, 1, 9, 2], "texture": "#0"}
			}
		},
		{
			"from": [11, 3, -1],
			"to": [14, 7, 0],
			"faces": {
				"north": {"uv": [0, 0, 3, 4], "texture": "#17"},
				"east": {"uv": [0, 4, 1, 8], "texture": "#17"},
				"south": {"uv": [3, 0, 6, 4], "texture": "#17"},
				"west": {"uv": [1, 4, 2, 8], "texture": "#17"},
				"up": {"uv": [5, 5, 2, 4], "texture": "#17"},
				"down": {"uv": [5, 5, 2, 6], "texture": "#17"}
			}
		},
		{
			"from": [2, 1, -1],
			"to": [14, 2, 0],
			"faces": {
				"north": {"uv": [0, 0, 12, 1], "texture": "#1"},
				"east": {"uv": [0, 0, 1, 1], "texture": "#1"},
				"south": {"uv": [0, 0, 12, 1], "texture": "#1"},
				"west": {"uv": [0, 0, 1, 1], "texture": "#1"},
				"up": {"uv": [0, 0, 12, 1], "texture": "#1"},
				"down": {"uv": [0, 0, 12, 1], "texture": "#1"}
			}
		},
		{
			"from": [12, -9, -1],
			"to": [13, -7, 0],
			"faces": {
				"north": {"uv": [0, 0, 2, 10], "texture": "#2"},
				"east": {"uv": [2, 0, 4, 10], "texture": "#2"},
				"south": {"uv": [4, 0, 6, 10], "texture": "#2"},
				"west": {"uv": [6, 0, 8, 10], "texture": "#2"},
				"up": {"uv": [10, 2, 8, 0], "texture": "#2"},
				"down": {"uv": [10, 2, 8, 4], "texture": "#2"}
			}
		},
		{
			"from": [3, -9, -1],
			"to": [4, -7, 0],
			"faces": {
				"north": {"uv": [0, 0, 2, 10], "texture": "#2"},
				"east": {"uv": [2, 0, 4, 10], "texture": "#2"},
				"south": {"uv": [4, 0, 6, 10], "texture": "#2"},
				"west": {"uv": [6, 0, 8, 10], "texture": "#2"},
				"up": {"uv": [10, 2, 8, 0], "texture": "#2"},
				"down": {"uv": [10, 2, 8, 4], "texture": "#2"}
			}
		},
		{
			"from": [3, -5, -1],
			"to": [4, -4, 0],
			"faces": {
				"north": {"uv": [0, 0, 2, 10], "texture": "#3"},
				"east": {"uv": [2, 0, 4, 10], "texture": "#3"},
				"south": {"uv": [4, 0, 6, 10], "texture": "#3"},
				"west": {"uv": [6, 0, 8, 10], "texture": "#3"},
				"up": {"uv": [10, 2, 8, 0], "texture": "#3"},
				"down": {"uv": [10, 2, 8, 4], "texture": "#3"}
			}
		},
		{
			"from": [12, -5, -1],
			"to": [13, -4, 0],
			"faces": {
				"north": {"uv": [0, 0, 2, 10], "texture": "#3"},
				"east": {"uv": [2, 0, 4, 10], "texture": "#3"},
				"south": {"uv": [4, 0, 6, 10], "texture": "#3"},
				"west": {"uv": [6, 0, 8, 10], "texture": "#3"},
				"up": {"uv": [10, 2, 8, 0], "texture": "#3"},
				"down": {"uv": [10, 2, 8, 4], "texture": "#3"}
			}
		},
		{
			"from": [12, -8, -2],
			"to": [13, -4, -1],
			"faces": {
				"north": {"uv": [0, 0, 2, 10], "texture": "#3"},
				"east": {"uv": [2, 0, 4, 10], "texture": "#3"},
				"south": {"uv": [4, 0, 6, 10], "texture": "#3"},
				"west": {"uv": [6, 0, 8, 10], "texture": "#3"},
				"up": {"uv": [10, 2, 8, 0], "texture": "#3"},
				"down": {"uv": [10, 2, 8, 4], "texture": "#3"}
			}
		},
		{
			"from": [3, -8, -2],
			"to": [4, -4, -1],
			"faces": {
				"north": {"uv": [0, 0, 2, 10], "texture": "#3"},
				"east": {"uv": [2, 0, 4, 10], "texture": "#3"},
				"south": {"uv": [4, 0, 6, 10], "texture": "#3"},
				"west": {"uv": [6, 0, 8, 10], "texture": "#3"},
				"up": {"uv": [10, 2, 8, 0], "texture": "#3"},
				"down": {"uv": [10, 2, 8, 4], "texture": "#3"}
			}
		},
		{
			"from": [12, -4, -1],
			"to": [13, -2, 0],
			"faces": {
				"north": {"uv": [0, 0, 1, 2], "texture": "#2"},
				"east": {"uv": [0, 0, 1, 2], "texture": "#2"},
				"south": {"uv": [0, 0, 1, 2], "texture": "#2"},
				"west": {"uv": [0, 0, 1, 2], "texture": "#2"},
				"up": {"uv": [0, 0, 1, 1], "texture": "#2"},
				"down": {"uv": [0, 0, 1, 1], "texture": "#2"}
			}
		},
		{
			"from": [3, -4, -1],
			"to": [4, -2, 0],
			"faces": {
				"north": {"uv": [0, 0, 1, 2], "texture": "#2"},
				"east": {"uv": [0, 0, 1, 2], "texture": "#2"},
				"south": {"uv": [0, 0, 1, 2], "texture": "#2"},
				"west": {"uv": [0, 0, 1, 2], "texture": "#2"},
				"up": {"uv": [0, 0, 1, 1], "texture": "#2"},
				"down": {"uv": [0, 0, 1, 1], "texture": "#2"}
			}
		},
		{
			"from": [1, 12, 1],
			"to": [15, 13, 5],
			"faces": {
				"north": {"uv": [0, 8, 14, 9], "texture": "#11"},
				"east": {"uv": [0, 10, 4, 11], "texture": "#11"},
				"south": {"uv": [0, 9, 14, 10], "texture": "#11"},
				"west": {"uv": [4, 10, 8, 11], "texture": "#11"},
				"up": {"uv": [14, 4, 0, 0], "texture": "#11"},
				"down": {"uv": [14, 4, 0, 8], "texture": "#11"}
			}
		},
		{
			"from": [5, 13, 1],
			"to": [11, 15, 2],
			"faces": {
				"north": {"uv": [0, 0, 6, 2], "texture": "#10"},
				"east": {"uv": [0, 6, 1, 8], "texture": "#10"},
				"south": {"uv": [0, 2, 6, 4], "texture": "#10"},
				"west": {"uv": [6, 0, 7, 2], "texture": "#10"},
				"up": {"uv": [6, 5, 0, 4], "texture": "#10"},
				"down": {"uv": [6, 5, 0, 6], "texture": "#10"}
			}
		},
		{
			"from": [5, 0, 1],
			"to": [11, 1, 6],
			"faces": {
				"north": {"uv": [0, 0, 3, 0.5], "texture": "#1"},
				"east": {"uv": [0, 0, 2.5, 0.5], "texture": "#1"},
				"south": {"uv": [0, 0, 3, 0.5], "texture": "#1"},
				"west": {"uv": [0, 0, 2.5, 0.5], "texture": "#1"},
				"up": {"uv": [0, 0, 3, 2.5], "texture": "#1"},
				"down": {"uv": [0, 0, 3, 2.5], "texture": "#1"}
			}
		},
		{
			"from": [7, 0, 11],
			"to": [9, 7, 13],
			"faces": {
				"north": {"uv": [0, 0, 1, 3.5], "texture": "#1"},
				"east": {"uv": [0, 0, 1, 3.5], "texture": "#1"},
				"south": {"uv": [0, 0, 1, 3.5], "texture": "#1"},
				"west": {"uv": [0, 0, 1, 3.5], "texture": "#1"},
				"up": {"uv": [0, 0, 1, 1], "texture": "#1"},
				"down": {"uv": [0, 0, 1, 1], "texture": "#1"}
			}
		},
		{
			"from": [3, 7, 7],
			"to": [13, 8, 17],
			"faces": {
				"north": {"uv": [5, 0, 10, 0.5], "texture": "#14"},
				"east": {"uv": [5, 0.5, 10, 1], "texture": "#14"},
				"south": {"uv": [5, 1, 10, 1.5], "texture": "#14"},
				"west": {"uv": [5, 1.5, 10, 2], "texture": "#14"},
				"up": {"uv": [5, 5, 0, 0], "texture": "#14"},
				"down": {"uv": [5, 5, 0, 10], "texture": "#14"}
			}
		},
		{
			"from": [6, 7, 20],
			"to": [14, 12, 21],
			"faces": {
				"north": {"uv": [2.5, 0, 5, 0.25], "texture": "#4"},
				"east": {"uv": [2.5, 0.25, 5, 0.5], "texture": "#4"},
				"south": {"uv": [2.5, 0.5, 5, 0.75], "texture": "#4"},
				"west": {"uv": [2.5, 0.75, 5, 1], "texture": "#4"},
				"up": {"uv": [2.5, 2.5, 0, 0], "texture": "#4"},
				"down": {"uv": [2.5, 2.5, 0, 5], "texture": "#4"}
			}
		},
		{
			"from": [2, 7, 20],
			"to": [5, 12, 21],
			"faces": {
				"north": {"uv": [2.5, 0, 5, 0.25], "texture": "#4"},
				"east": {"uv": [2.5, 0.25, 5, 0.5], "texture": "#4"},
				"south": {"uv": [2.5, 0.5, 5, 0.75], "texture": "#4"},
				"west": {"uv": [2.5, 0.75, 5, 1], "texture": "#4"},
				"up": {"uv": [2.5, 2.5, 0, 0], "texture": "#4"},
				"down": {"uv": [2.5, 2.5, 0, 5], "texture": "#4"}
			}
		},
		{
			"from": [3, 8, 16],
			"to": [13, 15, 17],
			"faces": {
				"north": {"uv": [0, 0, 5, 3.5], "texture": "#15"},
				"east": {"uv": [5, 1, 5.5, 4.5], "texture": "#15"},
				"south": {"uv": [0, 3.5, 5, 7], "texture": "#15"},
				"west": {"uv": [5, 4.5, 5.5, 8], "texture": "#15"},
				"up": {"uv": [10, 0.5, 5, 0], "texture": "#15"},
				"down": {"uv": [10, 0.5, 5, 1], "texture": "#15"}
			}
		},
		{
			"from": [13, 13, 3],
			"to": [14, 14, 4],
			"faces": {
				"north": {"uv": [0, 0, 0.5, 0.5], "texture": "#1"},
				"east": {"uv": [0, 0, 0.5, 0.5], "texture": "#1"},
				"south": {"uv": [0, 0, 0.5, 0.5], "texture": "#1"},
				"west": {"uv": [0, 0, 0.5, 0.5], "texture": "#1"},
				"up": {"uv": [0, 0, 0.5, 0.5], "texture": "#1"},
				"down": {"uv": [0, 0, 0.5, 0.5], "texture": "#1"}
			}
		},
		{
			"from": [11, 14, 3],
			"to": [14, 15, 4],
			"faces": {
				"north": {"uv": [0, 0, 1.5, 0.5], "texture": "#2"},
				"east": {"uv": [0, 0, 0.5, 0.5], "texture": "#2"},
				"south": {"uv": [0, 0, 1.5, 0.5], "texture": "#2"},
				"west": {"uv": [0, 0, 0.5, 0.5], "texture": "#2"},
				"up": {"uv": [0, 0, 1.5, 0.5], "texture": "#2"},
				"down": {"uv": [0, 0, 1.5, 0.5], "texture": "#2"}
			}
		},
		{
			"from": [2, 8, 5],
			"to": [3, 11, 6],
			"faces": {
				"north": {"uv": [0, 0, 0.5, 1.5], "texture": "#8"},
				"east": {"uv": [0, 0, 0.5, 1.5], "texture": "#8"},
				"south": {"uv": [0, 0, 0.5, 1.5], "texture": "#8"},
				"west": {"uv": [0, 0, 0.5, 1.5], "texture": "#8"},
				"up": {"uv": [0, 0, 0.5, 0.5], "texture": "#8"},
				"down": {"uv": [0, 0, 0.5, 0.5], "texture": "#8"}
			}
		},
		{
			"from": [2, 13, 2],
			"to": [3, 15, 3],
			"faces": {
				"north": {"uv": [0, 0, 0.5, 1], "texture": "#4"},
				"east": {"uv": [0, 0, 0.5, 1], "texture": "#4"},
				"south": {"uv": [0, 0, 0.5, 1], "texture": "#4"},
				"west": {"uv": [0, 0, 0.5, 1], "texture": "#4"},
				"up": {"uv": [0, 0, 0.5, 0.5], "texture": "#4"},
				"down": {"uv": [0, 0, 0.5, 0.5], "texture": "#4"}
			}
		},
		{
			"from": [1, 0, 1],
			"to": [4, 12, 5],
			"faces": {
				"north": {"uv": [8, 0, 11, 12], "texture": "#13"},
				"east": {"uv": [0, 0, 4, 12], "texture": "#13"},
				"south": {"uv": [11, 0, 14, 12], "texture": "#13"},
				"west": {"uv": [4, 0, 8, 12], "texture": "#13"},
				"up": {"uv": [3, 16, 0, 12], "texture": "#13"},
				"down": {"uv": [6, 12, 3, 16], "texture": "#13"}
			}
		},
		{
			"from": [12, 0, 1],
			"to": [15, 12, 5],
			"faces": {
				"north": {"uv": [8, 0, 11, 12], "texture": "#12"},
				"east": {"uv": [0, 0, 4, 12], "texture": "#12"},
				"south": {"uv": [11, 0, 14, 12], "texture": "#12"},
				"west": {"uv": [4, 0, 8, 12], "texture": "#12"},
				"up": {"uv": [3, 16, 0, 12], "texture": "#12"},
				"down": {"uv": [6, 12, 3, 16], "texture": "#12"}
			}
		}
	],
	"display": {
		"head": {
			"scale": [1.8, 2, 1.9]
		}
	},
	"groups": [
		{
			"name": "Frame",
			"origin": [8, 8, 8],
			"color": 0,
			"children": [0, 1]
		},
		{
			"name": "Body",
			"origin": [0, 0, 0],
			"color": 0,
			"children": [
				2,
				3,
				4,
				5,
				6,
				7,
				8,
				9,
				10,
				11,
				12,
				13,
				14,
				15,
				16,
				17,
				18,
				19,
				{
					"name": "Doors",
					"origin": [0, 0, 0],
					"color": 0,
					"children": [
						{
							"name": "Door1",
							"origin": [0, 0, 0],
							"color": 0,
							"children": [20, 21, 22, 23]
						},
						{
							"name": "Door2",
							"origin": [0, 0, 0],
							"color": 0,
							"children": [24, 25, 26, 27]
						}
					]
				},
				28,
				29,
				30,
				31
			]
		},
		{
			"name": "Roof",
			"origin": [8, 8, 8],
			"color": 0,
			"children": [32, 33]
		},
		{
			"name": "UnderCarriage",
			"origin": [0, 0, 0],
			"color": 0,
			"children": [
				{
					"name": "CouplerAssembly",
					"origin": [0, 0, 0],
					"color": 0,
					"children": [
						34,
						35,
						36,
						37,
						38,
						{
							"name": "coupler bar",
							"origin": [0, 0, 0],
							"color": 0,
							"children": [39, 40, 41, 42, 43]
						}
					]
				}
			]
		},
		{
			"name": "Front",
			"origin": [8, 8, 8],
			"color": 0,
			"children": [
				{
					"name": "Front",
					"origin": [0, 0, 0],
					"color": 0,
					"children": [
						44,
						45,
						46,
						47,
						{
							"name": "MU",
							"origin": [0, 0, 0],
							"color": 0,
							"children": [48, 49, 50, 51, 52, 53, 54, 55]
						}
					]
				}
			]
		},
		{
			"name": "Interior",
			"origin": [0, 0, 0],
			"color": 0,
			"children": [
				{
					"name": "group",
					"origin": [0, 0, 0],
					"color": 0,
					"children": [
						56,
						57,
						58,
						{
							"name": "group",
							"origin": [0, 0, 0],
							"color": 0,
							"children": [59, 60, 61, 62, 63]
						},
						64,
						65,
						66,
						67
					]
				},
				68,
				69
			]
		}
	]
}