{
	"credit": "Made with Blockbench",
	"texture_size": [32, 32],
	"textures": {
		"0": "LipanLocoTextures/dark metal",
		"1": "LipanLocoTextures/shine metal",
		"2": "LipanLocoTextures/500_Frame",
		"3": "LipanLocoTextures/Crimson",
		"4": "LipanLocoTextures/snowplough yellow",
		"9": "LipanLocoTextures/Main Air",
		"10": "LipanLocoTextures/Res Air",
		"12": "LipanLocoTextures/panto holder",
		"13": "LipanLocoTextures/500_broof",
		"14": "LipanLocoTextures/500_b_tfront",
		"15": "LipanLocoTextures/500_b_lfront",
		"16": "LipanLocoTextures/500_b_rfront",
		"23": "LipanLocoTextures/500_b_bleft",
		"25": "LipanLocoTextures/500_b_mtright",
		"27": "LipanLocoTextures/500_b_tfright",
		"28": "LipanLocoTextures/500_b_tfleft",
		"29": "LipanLocoTextures/500_b_fleft",
		"30": "LipanLocoTextures/500_b_mbleft",
		"31": "LipanLocoTextures/500_b_mtleft",
		"32": "LipanLocoTextures/500_b_bseat",
		"33": "LipanLocoTextures/500_b_tseat",
		"36": "LipanLocoTextures/500_rmiddle",
		"37": "LipanLocoTextures/500_b_rollsignplate",
		"38": "LipanLocoTextures/LipanLogoRedraw",
		"particle": "LipanLocoTextures/dark metal"
	},
	"elements": [
		{
			"from": [0, -3, 0],
			"to": [16, 0, 24],
			"faces": {
				"north": {"uv": [0, 6.75, 4, 7.5], "texture": "#2"},
				"east": {"uv": [0, 6, 6, 6.75], "texture": "#2"},
				"south": {"uv": [4, 6.75, 8, 7.5], "texture": "#2"},
				"west": {"uv": [6, 6, 12, 6.75], "texture": "#2"},
				"up": {"uv": [4, 6, 0, 0], "texture": "#2"},
				"down": {"uv": [8, 0, 4, 6], "texture": "#2"}
			}
		},
		{
			"from": [1, -4, 0],
			"to": [15, -3, 24],
			"faces": {
				"north": {"uv": [0, 0, 3.5, 0.25], "texture": "#3"},
				"east": {"uv": [0, 0, 4, 0.25], "texture": "#3"},
				"south": {"uv": [0, 0, 3.5, 0.25], "texture": "#3"},
				"west": {"uv": [0, 0, 4, 0.25], "texture": "#3"},
				"up": {"uv": [0, 0, 3.5, 4], "texture": "#3"},
				"down": {"uv": [0, 0, 3.5, 4], "texture": "#3"}
			}
		},
		{
			"from": [14, 10, -1],
			"to": [15, 13, 0],
			"faces": {
				"north": {"uv": [0, 0, 0.5, 1.5], "texture": "#3"},
				"east": {"uv": [0, 0, 0.5, 1.5], "texture": "#3"},
				"south": {"uv": [0, 0, 0.5, 1.5], "texture": "#3"},
				"west": {"uv": [0, 0, 0.5, 1.5], "texture": "#3"},
				"up": {"uv": [0, 0, 0.5, 0.5], "texture": "#3"},
				"down": {"uv": [0, 0, 0.5, 0.5], "texture": "#3"}
			}
		},
		{
			"from": [14, 7, -2],
			"to": [15, 11, -1],
			"faces": {
				"north": {"uv": [0, 0, 0.5, 2], "texture": "#0"},
				"east": {"uv": [0, 0, 0.5, 2], "texture": "#0"},
				"south": {"uv": [0, 0, 0.5, 2], "texture": "#0"},
				"west": {"uv": [0, 0, 0.5, 2], "texture": "#0"},
				"up": {"uv": [0, 0, 0.5, 0.5], "texture": "#0"},
				"down": {"uv": [0, 0, 0.5, 0.5], "texture": "#0"}
			}
		},
		{
			"from": [14, -9, -1],
			"to": [15, -4, 0],
			"faces": {
				"north": {"uv": [0, 0, 1, 5], "texture": "#9"},
				"east": {"uv": [1, 0, 2, 5], "texture": "#9"},
				"south": {"uv": [2, 0, 3, 5], "texture": "#9"},
				"west": {"uv": [3, 0, 4, 5], "texture": "#9"},
				"up": {"uv": [5, 1, 4, 0], "texture": "#9"},
				"down": {"uv": [5, 1, 4, 2], "texture": "#9"}
			}
		},
		{
			"from": [12, -9, -1],
			"to": [13, -4, 0],
			"faces": {
				"north": {"uv": [0, 0, 1, 5], "texture": "#10"},
				"east": {"uv": [1, 0, 2, 5], "texture": "#10"},
				"south": {"uv": [2, 0, 3, 5], "texture": "#10"},
				"west": {"uv": [3, 0, 4, 5], "texture": "#10"},
				"up": {"uv": [5, 1, 4, 0], "texture": "#10"},
				"down": {"uv": [5, 1, 4, 2], "texture": "#10"}
			}
		},
		{
			"from": [3, -9, -1],
			"to": [4, -4, 0],
			"faces": {
				"north": {"uv": [0, 0, 1, 5], "texture": "#10"},
				"east": {"uv": [1, 0, 2, 5], "texture": "#10"},
				"south": {"uv": [2, 0, 3, 5], "texture": "#10"},
				"west": {"uv": [3, 0, 4, 5], "texture": "#10"},
				"up": {"uv": [5, 1, 4, 0], "texture": "#10"},
				"down": {"uv": [5, 1, 4, 2], "texture": "#10"}
			}
		},
		{
			"from": [1, -9, -1],
			"to": [2, -4, 0],
			"faces": {
				"north": {"uv": [0, 0, 1, 5], "texture": "#9"},
				"east": {"uv": [1, 0, 2, 5], "texture": "#9"},
				"south": {"uv": [2, 0, 3, 5], "texture": "#9"},
				"west": {"uv": [3, 0, 4, 5], "texture": "#9"},
				"up": {"uv": [5, 1, 4, 0], "texture": "#9"},
				"down": {"uv": [5, 1, 4, 2], "texture": "#9"}
			}
		},
		{
			"from": [1, 7, -2],
			"to": [2, 11, -1],
			"faces": {
				"north": {"uv": [0.125, 0.125, 0.375, 0.375], "texture": "#0"},
				"east": {"uv": [0.625, 0.125, 0.875, 0.375], "texture": "#0"},
				"south": {"uv": [1.125, 0.125, 1.375, 0.375], "texture": "#0"},
				"west": {"uv": [1.625, 0.125, 1.875, 0.375], "texture": "#0"},
				"up": {"uv": [2.125, 0.125, 2.375, 0.375], "texture": "#0"},
				"down": {"uv": [2.625, 0.125, 2.875, 0.375], "texture": "#0"}
			}
		},
		{
			"from": [14, 6, -1],
			"to": [15, 8, 0],
			"faces": {
				"north": {"uv": [0, 0, 0.5, 1], "texture": "#3"},
				"east": {"uv": [0, 0, 0.5, 1], "texture": "#3"},
				"south": {"uv": [0, 0, 0.5, 1], "texture": "#3"},
				"west": {"uv": [0, 0, 0.5, 1], "texture": "#3"},
				"up": {"uv": [0, 0, 0.5, 0.5], "texture": "#3"},
				"down": {"uv": [0, 0, 0.5, 0.5], "texture": "#3"}
			}
		},
		{
			"from": [14, -4, -1],
			"to": [15, -2, 0],
			"faces": {
				"north": {"uv": [0, 0, 1, 2], "texture": "#3"},
				"east": {"uv": [0, 0, 1, 2], "texture": "#3"},
				"south": {"uv": [0, 0, 1, 2], "texture": "#3"},
				"west": {"uv": [0, 0, 1, 2], "texture": "#3"},
				"up": {"uv": [0, 0, 1, 1], "texture": "#3"},
				"down": {"uv": [0, 0, 1, 1], "texture": "#3"}
			}
		},
		{
			"from": [1, -4, -1],
			"to": [2, -2, 0],
			"faces": {
				"north": {"uv": [0, 0, 1, 2], "texture": "#3"},
				"east": {"uv": [0, 0, 1, 2], "texture": "#3"},
				"south": {"uv": [0, 0, 1, 2], "texture": "#3"},
				"west": {"uv": [0, 0, 1, 2], "texture": "#3"},
				"up": {"uv": [0, 0, 1, 1], "texture": "#3"},
				"down": {"uv": [0, 0, 1, 1], "texture": "#3"}
			}
		},
		{
			"from": [1, 6, -1],
			"to": [2, 8, 0],
			"faces": {
				"north": {"uv": [0, 0, 0.5, 1], "texture": "#3"},
				"east": {"uv": [0, 0, 0.5, 1], "texture": "#3"},
				"south": {"uv": [0, 0, 0.5, 1], "texture": "#3"},
				"west": {"uv": [0, 0, 0.5, 1], "texture": "#3"},
				"up": {"uv": [0, 0, 0.5, 0.5], "texture": "#3"},
				"down": {"uv": [0, 0, 0.5, 0.5], "texture": "#3"}
			}
		},
		{
			"from": [3, -4, -1],
			"to": [4, -2, 0],
			"faces": {
				"north": {"uv": [0, 0, 1, 2], "texture": "#4"},
				"east": {"uv": [0, 0, 1, 2], "texture": "#4"},
				"south": {"uv": [0, 0, 1, 2], "texture": "#4"},
				"west": {"uv": [0, 0, 1, 2], "texture": "#4"},
				"up": {"uv": [0, 0, 1, 1], "texture": "#4"},
				"down": {"uv": [0, 0, 1, 1], "texture": "#4"}
			}
		},
		{
			"from": [12, -4, -1],
			"to": [13, -2, 0],
			"faces": {
				"north": {"uv": [0, 0, 1, 2], "texture": "#4"},
				"east": {"uv": [0, 0, 1, 2], "texture": "#4"},
				"south": {"uv": [0, 0, 1, 2], "texture": "#4"},
				"west": {"uv": [0, 0, 1, 2], "texture": "#4"},
				"up": {"uv": [0, 0, 1, 1], "texture": "#4"},
				"down": {"uv": [0, 0, 1, 1], "texture": "#4"}
			}
		},
		{
			"from": [1, 10, -1],
			"to": [2, 13, 0],
			"faces": {
				"north": {"uv": [0, 0, 0.5, 1.5], "texture": "#3"},
				"east": {"uv": [0, 0, 0.5, 1.5], "texture": "#3"},
				"south": {"uv": [0, 0, 0.5, 1.5], "texture": "#3"},
				"west": {"uv": [0, 0, 0.5, 1.5], "texture": "#3"},
				"up": {"uv": [0, 0, 0.5, 0.5], "texture": "#3"},
				"down": {"uv": [0, 0, 0.5, 0.5], "texture": "#3"}
			}
		},
		{
			"from": [2, -2, -2],
			"to": [14, 0, -1],
			"faces": {
				"north": {"uv": [0, 0, 6, 1], "texture": "#1"},
				"east": {"uv": [0, 0, 0.5, 1], "texture": "#1"},
				"south": {"uv": [0, 0, 6, 1], "texture": "#1"},
				"west": {"uv": [0, 0, 0.5, 1], "texture": "#1"},
				"up": {"uv": [0, 0, 6, 0.5], "texture": "#1"},
				"down": {"uv": [0, 0, 6, 0.5], "texture": "#1"}
			}
		},
		{
			"from": [3, -3, -2],
			"to": [5, -2, -1],
			"faces": {
				"north": {"uv": [0, 0, 1, 0.5], "texture": "#1"},
				"east": {"uv": [0, 0, 0.5, 0.5], "texture": "#1"},
				"south": {"uv": [0, 0, 1, 0.5], "texture": "#1"},
				"west": {"uv": [0, 0, 0.5, 0.5], "texture": "#1"},
				"up": {"uv": [0, 0, 1, 0.5], "texture": "#1"},
				"down": {"uv": [0, 0, 1, 0.5], "texture": "#1"}
			}
		},
		{
			"from": [11, -3, -2],
			"to": [13, -2, -1],
			"faces": {
				"north": {"uv": [0, 0, 1, 0.5], "texture": "#1"},
				"east": {"uv": [0, 0, 0.5, 0.5], "texture": "#1"},
				"south": {"uv": [0, 0, 1, 0.5], "texture": "#1"},
				"west": {"uv": [0, 0, 0.5, 0.5], "texture": "#1"},
				"up": {"uv": [0, 0, 1, 0.5], "texture": "#1"},
				"down": {"uv": [0, 0, 1, 0.5], "texture": "#1"}
			}
		},
		{
			"from": [11, -2, -1],
			"to": [13, -1, 0],
			"faces": {
				"north": {"uv": [0, 0, 1, 0.5], "texture": "#0"},
				"east": {"uv": [0, 0, 0.5, 0.5], "texture": "#0"},
				"south": {"uv": [0, 0, 1, 0.5], "texture": "#0"},
				"west": {"uv": [0, 0, 0.5, 0.5], "texture": "#0"},
				"up": {"uv": [0, 0, 1, 0.5], "texture": "#0"},
				"down": {"uv": [0, 0, 1, 0.5], "texture": "#0"}
			}
		},
		{
			"from": [3, -2, -1],
			"to": [5, -1, 0],
			"faces": {
				"north": {"uv": [0, 0, 1, 0.5], "texture": "#0"},
				"east": {"uv": [0, 0, 0.5, 0.5], "texture": "#0"},
				"south": {"uv": [0, 0, 1, 0.5], "texture": "#0"},
				"west": {"uv": [0, 0, 0.5, 0.5], "texture": "#0"},
				"up": {"uv": [0, 0, 1, 0.5], "texture": "#0"},
				"down": {"uv": [0, 0, 1, 0.5], "texture": "#0"}
			}
		},
		{
			"from": [3, 1, -4],
			"to": [4, 27, 0],
			"faces": {
				"north": {"uv": [0, 0, 0.5, 13], "texture": "#1"},
				"east": {"uv": [0, 0, 2, 13], "texture": "#1"},
				"south": {"uv": [0, 0, 0.5, 13], "texture": "#1"},
				"west": {"uv": [0, 0, 2, 13], "texture": "#1"},
				"up": {"uv": [0, 0, 0.5, 2], "texture": "#1"},
				"down": {"uv": [0, 0, 0.5, 2], "texture": "#1"}
			}
		},
		{
			"from": [12, 1, -4],
			"to": [13, 27, 0],
			"faces": {
				"north": {"uv": [0, 0, 0.5, 13], "texture": "#1"},
				"east": {"uv": [0, 0, 2, 13], "texture": "#1"},
				"south": {"uv": [0, 0, 0.5, 13], "texture": "#1"},
				"west": {"uv": [0, 0, 2, 13], "texture": "#1"},
				"up": {"uv": [0, 0, 0.5, 2], "texture": "#1"},
				"down": {"uv": [0, 0, 0.5, 2], "texture": "#1"}
			}
		},
		{
			"from": [3, 27, -4],
			"to": [13, 28, 0],
			"faces": {
				"north": {"uv": [0, 0, 5, 0.5], "texture": "#0"},
				"east": {"uv": [0, 0, 2, 0.5], "texture": "#0"},
				"south": {"uv": [0, 0, 5, 0.5], "texture": "#0"},
				"west": {"uv": [0, 0, 2, 0.5], "texture": "#0"},
				"up": {"uv": [0, 0, 5, 2], "texture": "#0"},
				"down": {"uv": [0, 0, 5, 2], "texture": "#0"}
			}
		},
		{
			"from": [3, 0, -4],
			"to": [13, 1, 0],
			"faces": {
				"north": {"uv": [0, 0, 5, 0.5], "texture": "#0"},
				"east": {"uv": [0, 0, 2, 0.5], "texture": "#0"},
				"south": {"uv": [0, 0, 5, 0.5], "texture": "#0"},
				"west": {"uv": [0, 0, 2, 0.5], "texture": "#0"},
				"up": {"uv": [0, 0, 5, 2], "texture": "#0"},
				"down": {"uv": [0, 0, 5, 2], "texture": "#0"}
			}
		},
		{
			"from": [12, 0, 0],
			"to": [16, 27, 1],
			"faces": {
				"north": {"uv": [0, 0, 2, 13.5], "texture": "#15"},
				"east": {"uv": [4, 0, 4.5, 13.5], "texture": "#15"},
				"south": {"uv": [2, 0, 4, 13.5], "texture": "#15"},
				"west": {"uv": [4.5, 0, 5, 13.5], "texture": "#15"},
				"up": {"uv": [7, 0.5, 5, 0], "texture": "#15"},
				"down": {"uv": [7, 0.5, 5, 1], "texture": "#15"}
			}
		},
		{
			"from": [0, 0, 0],
			"to": [4, 27, 1],
			"faces": {
				"north": {"uv": [0, 0, 2, 13.5], "texture": "#16"},
				"east": {"uv": [4, 0, 4.5, 13.5], "texture": "#16"},
				"south": {"uv": [2, 0, 4, 13.5], "texture": "#16"},
				"west": {"uv": [4.5, 0, 5, 13.5], "texture": "#16"},
				"up": {"uv": [7, 0.5, 5, 0], "texture": "#16"},
				"down": {"uv": [7, 0.5, 5, 1], "texture": "#16"}
			}
		},
		{
			"from": [0, 27, 0],
			"to": [16, 29, 1],
			"faces": {
				"north": {"uv": [0, 0, 16, 2], "texture": "#14"},
				"east": {"uv": [0, 6, 1, 8], "texture": "#14"},
				"south": {"uv": [0, 2, 16, 4], "texture": "#14"},
				"west": {"uv": [1, 6, 2, 8], "texture": "#14"},
				"up": {"uv": [16, 5, 0, 4], "texture": "#14"},
				"down": {"uv": [16, 5, 0, 6], "texture": "#14"}
			}
		},
		{
			"from": [0, 29, 0],
			"to": [16, 30, 24],
			"faces": {
				"north": {"uv": [0, 6.25, 4, 6.5], "texture": "#13"},
				"east": {"uv": [0, 6, 6, 6.25], "texture": "#13"},
				"south": {"uv": [4, 6.25, 8, 6.5], "texture": "#13"},
				"west": {"uv": [6, 6, 12, 6.25], "texture": "#13"},
				"up": {"uv": [4, 6, 0, 0], "texture": "#13"},
				"down": {"uv": [8, 0, 4, 6], "texture": "#13"}
			}
		},
		{
			"from": [0, 0, 1],
			"to": [1, 29, 3],
			"faces": {
				"north": {"uv": [3, 0, 3.5, 14.5], "texture": "#36"},
				"east": {"uv": [0, 0, 1, 14.5], "texture": "#36"},
				"south": {"uv": [3.5, 0, 4, 14.5], "texture": "#36"},
				"west": {"uv": [1.5, 0, 2.5, 14.5], "texture": "#36"},
				"up": {"uv": [4.5, 1, 4, 0], "texture": "#36"},
				"down": {"uv": [4.5, 1, 4, 2], "texture": "#36"}
			}
		},
		{
			"from": [15, 0, 1],
			"to": [16, 29, 3],
			"faces": {
				"north": {"uv": [2, 0, 2.5, 14.5], "texture": "#23"},
				"east": {"uv": [0, 0, 1, 14.5], "texture": "#23"},
				"south": {"uv": [2.5, 0, 3, 14.5], "texture": "#23"},
				"west": {"uv": [1, 0, 2, 14.5], "texture": "#23"},
				"up": {"uv": [3.5, 1, 3, 0], "texture": "#23"},
				"down": {"uv": [3.5, 1, 3, 2], "texture": "#23"}
			}
		},
		{
			"from": [0, 0, 13],
			"to": [1, 29, 16],
			"faces": {
				"north": {"uv": [3, 0, 3.5, 14.5], "texture": "#36"},
				"east": {"uv": [0, 0, 1.5, 14.5], "texture": "#36"},
				"south": {"uv": [3.5, 0, 4, 14.5], "texture": "#36"},
				"west": {"uv": [1.5, 0, 3, 14.5], "texture": "#36"},
				"up": {"uv": [4.5, 1.5, 4, 0], "texture": "#36"},
				"down": {"uv": [4.5, 1.5, 4, 3], "texture": "#36"}
			}
		},
		{
			"from": [0, 27, 16],
			"to": [1, 29, 24],
			"faces": {
				"north": {"uv": [2, 4, 3, 6], "texture": "#27"},
				"east": {"uv": [0, 0, 8, 2], "texture": "#27"},
				"south": {"uv": [3, 4, 4, 6], "texture": "#27"},
				"west": {"uv": [0, 2, 8, 4], "texture": "#27"},
				"up": {"uv": [1, 12, 0, 4], "texture": "#27"},
				"down": {"uv": [2, 4, 1, 12], "texture": "#27"}
			}
		},
		{
			"from": [0, 25, 3],
			"to": [1, 29, 13],
			"faces": {
				"north": {"uv": [1, 4, 1.5, 6], "texture": "#25"},
				"east": {"uv": [0, 0, 5, 2], "texture": "#25"},
				"south": {"uv": [1.5, 4, 2, 6], "texture": "#25"},
				"west": {"uv": [0, 2, 5, 4], "texture": "#25"},
				"up": {"uv": [0.5, 9, 0, 4], "texture": "#25"},
				"down": {"uv": [1, 4, 0.5, 9], "texture": "#25"}
			}
		},
		{
			"from": [15, 27, 16],
			"to": [16, 29, 24],
			"faces": {
				"north": {"uv": [2, 4, 3, 6], "texture": "#28"},
				"east": {"uv": [0, 0, 8, 2], "texture": "#28"},
				"south": {"uv": [3, 4, 4, 6], "texture": "#28"},
				"west": {"uv": [0, 2, 8, 4], "texture": "#28"},
				"up": {"uv": [1, 12, 0, 4], "texture": "#28"},
				"down": {"uv": [2, 4, 1, 12], "texture": "#28"}
			}
		},
		{
			"from": [15, 25, 3],
			"to": [16, 29, 13],
			"faces": {
				"north": {"uv": [1, 4, 1.5, 6], "texture": "#31"},
				"east": {"uv": [0, 0, 5, 2], "texture": "#31"},
				"south": {"uv": [1.5, 4, 2, 6], "texture": "#31"},
				"west": {"uv": [0, 2, 5, 4], "texture": "#31"},
				"up": {"uv": [0.5, 9, 0, 4], "texture": "#31"},
				"down": {"uv": [1, 4, 0.5, 9], "texture": "#31"}
			}
		},
		{
			"from": [15, 0, 3],
			"to": [16, 15, 13],
			"faces": {
				"north": {"uv": [0, 7.5, 0.5, 15], "texture": "#30"},
				"east": {"uv": [0, 0, 5, 7.5], "texture": "#30"},
				"south": {"uv": [0.5, 7.5, 1, 15], "texture": "#30"},
				"west": {"uv": [5, 0, 10, 7.5], "texture": "#30"},
				"up": {"uv": [1.5, 12.5, 1, 7.5], "texture": "#30"},
				"down": {"uv": [2, 7.5, 1.5, 12.5], "texture": "#30"}
			}
		},
		{
			"from": [15, 0, 13],
			"to": [16, 29, 16],
			"faces": {
				"north": {"uv": [3, 0, 3.5, 14.5], "texture": "#29"},
				"east": {"uv": [0, 0, 1.5, 14.5], "texture": "#29"},
				"south": {"uv": [3.5, 0, 4, 14.5], "texture": "#29"},
				"west": {"uv": [1.5, 0, 3, 14.5], "texture": "#29"},
				"up": {"uv": [4.5, 1.5, 4, 0], "texture": "#29"},
				"down": {"uv": [4.5, 1.5, 4, 3], "texture": "#29"}
			}
		},
		{
			"from": [2, 30, 2],
			"to": [14, 31, 19],
			"faces": {
				"north": {"uv": [0, 4.5, 3, 4.75], "texture": "#12"},
				"east": {"uv": [0, 4.25, 4.25, 4.5], "texture": "#12"},
				"south": {"uv": [3, 4.5, 6, 4.75], "texture": "#12"},
				"west": {"uv": [4.25, 4.25, 8.5, 4.5], "texture": "#12"},
				"up": {"uv": [3, 4.25, 0, 0], "texture": "#12"},
				"down": {"uv": [6, 0, 3, 4.25], "texture": "#12"}
			}
		},
		{
			"from": [10, 0, 2],
			"to": [11, 6, 3],
			"rotation": {"angle": 0, "axis": "y", "origin": [31, 23, 11]},
			"faces": {
				"north": {"uv": [230.5, 70.5, 231, 73.5], "texture": "#1"},
				"east": {"uv": [230, 70.5, 230.5, 73.5], "texture": "#1"},
				"south": {"uv": [231.5, 70.5, 232, 73.5], "texture": "#1"},
				"west": {"uv": [231, 70.5, 231.5, 73.5], "texture": "#1"},
				"up": {"uv": [231, 70.5, 230.5, 70], "texture": "#1"},
				"down": {"uv": [231.5, 70, 231, 70.5], "texture": "#1"}
			}
		},
		{
			"from": [14, 0, 2],
			"to": [15, 6, 3],
			"rotation": {"angle": 0, "axis": "y", "origin": [31, 23, 11]},
			"faces": {
				"north": {"uv": [230.5, 70.5, 231, 73.5], "texture": "#1"},
				"east": {"uv": [230, 70.5, 230.5, 73.5], "texture": "#1"},
				"south": {"uv": [231.5, 70.5, 232, 73.5], "texture": "#1"},
				"west": {"uv": [231, 70.5, 231.5, 73.5], "texture": "#1"},
				"up": {"uv": [231, 70.5, 230.5, 70], "texture": "#1"},
				"down": {"uv": [231.5, 70, 231, 70.5], "texture": "#1"}
			}
		},
		{
			"from": [10, 0, 13],
			"to": [11, 6, 14],
			"rotation": {"angle": 0, "axis": "y", "origin": [31, 23, 11]},
			"faces": {
				"north": {"uv": [230.5, 70.5, 231, 73.5], "texture": "#1"},
				"east": {"uv": [230, 70.5, 230.5, 73.5], "texture": "#1"},
				"south": {"uv": [231.5, 70.5, 232, 73.5], "texture": "#1"},
				"west": {"uv": [231, 70.5, 231.5, 73.5], "texture": "#1"},
				"up": {"uv": [231, 70.5, 230.5, 70], "texture": "#1"},
				"down": {"uv": [231.5, 70, 231, 70.5], "texture": "#1"}
			}
		},
		{
			"from": [14, 0, 13],
			"to": [15, 6, 14],
			"rotation": {"angle": 0, "axis": "y", "origin": [31, 23, 11]},
			"faces": {
				"north": {"uv": [230.5, 70.5, 231, 73.5], "texture": "#1"},
				"east": {"uv": [230, 70.5, 230.5, 73.5], "texture": "#1"},
				"south": {"uv": [231.5, 70.5, 232, 73.5], "texture": "#1"},
				"west": {"uv": [231, 70.5, 231.5, 73.5], "texture": "#1"},
				"up": {"uv": [231, 70.5, 230.5, 70], "texture": "#1"},
				"down": {"uv": [231.5, 70, 231, 70.5], "texture": "#1"}
			}
		},
		{
			"from": [10, 6, 2],
			"to": [15, 7, 14],
			"rotation": {"angle": 0, "axis": "y", "origin": [31, 23, 11]},
			"faces": {
				"north": {"uv": [5, 1, 7.5, 1.5], "texture": "#32"},
				"east": {"uv": [5, 0, 11, 0.5], "texture": "#32"},
				"south": {"uv": [5, 1.5, 7.5, 2], "texture": "#32"},
				"west": {"uv": [5, 0.5, 11, 1], "texture": "#32"},
				"up": {"uv": [2.5, 6, 0, 0], "texture": "#32"},
				"down": {"uv": [5, 0, 2.5, 6], "texture": "#32"}
			}
		},
		{
			"from": [14, 7, 2],
			"to": [15, 12, 14],
			"rotation": {"angle": 0, "axis": "y", "origin": [31, 23, 11]},
			"faces": {
				"north": {"uv": [1, 5, 1.5, 7.5], "texture": "#33"},
				"east": {"uv": [0, 0, 6, 2.5], "texture": "#33"},
				"south": {"uv": [1.5, 5, 2, 7.5], "texture": "#33"},
				"west": {"uv": [0, 2.5, 6, 5], "texture": "#33"},
				"up": {"uv": [0.5, 11, 0, 5], "texture": "#33"},
				"down": {"uv": [1, 5, 0.5, 11], "texture": "#33"}
			}
		},
		{
			"from": [2, 0, 2],
			"to": [3, 29, 14],
			"faces": {
				"north": {"uv": [0, 0, 0.5, 14.5], "texture": "#1"},
				"east": {"uv": [0, 0, 6, 14.5], "texture": "#1"},
				"south": {"uv": [0, 0, 0.5, 14.5], "texture": "#1"},
				"west": {"uv": [0, 0, 6, 14.5], "texture": "#1"},
				"up": {"uv": [0, 0, 0.5, 6], "texture": "#1"},
				"down": {"uv": [0, 0, 0.5, 6], "texture": "#1"}
			}
		},
		{
			"from": [0, 16, 4],
			"to": [1, 24, 12],
			"faces": {
				"north": {"uv": [0, 0, 0.5, 5], "texture": "#38"},
				"east": {"uv": [0, 0, 5, 5], "texture": "#38"},
				"south": {"uv": [0, 0, 0.5, 5], "texture": "#38"},
				"west": {"uv": [0, 0, 16, 16], "texture": "#38"},
				"up": {"uv": [0, 0, 0.5, 5], "texture": "#38"},
				"down": {"uv": [0, 0, 0.5, 5], "texture": "#38"}
			}
		},
		{
			"from": [0, 0, 3],
			"to": [1, 11, 13],
			"faces": {
				"north": {"uv": [0, 5.5, 0.5, 11], "texture": "#37"},
				"east": {"uv": [0, 0, 5, 5.5], "texture": "#37"},
				"south": {"uv": [0.5, 5.5, 1, 11], "texture": "#37"},
				"west": {"uv": [5, 0, 10, 5.5], "texture": "#37"},
				"up": {"uv": [1.5, 10.5, 1, 5.5], "texture": "#37"},
				"down": {"uv": [2, 5.5, 1.5, 10.5], "texture": "#37"}
			}
		},
		{
			"from": [0, 14, 3],
			"to": [1, 15, 13],
			"faces": {
				"north": {"uv": [0, 0, 0.5, 0.5], "texture": "#0"},
				"east": {"uv": [0, 0, 5, 0.5], "texture": "#0"},
				"south": {"uv": [0, 0, 0.5, 0.5], "texture": "#0"},
				"west": {"uv": [0, 0, 5, 0.5], "texture": "#0"},
				"up": {"uv": [0, 0, 0.5, 5], "texture": "#0"},
				"down": {"uv": [0, 0, 0.5, 5], "texture": "#0"}
			}
		},
		{
			"from": [0, 15, 3],
			"to": [1, 16, 13],
			"faces": {
				"north": {"uv": [0, 0, 0.5, 0.5], "texture": "#1"},
				"east": {"uv": [0, 0, 5, 0.5], "texture": "#1"},
				"south": {"uv": [0, 0, 0.5, 0.5], "texture": "#1"},
				"west": {"uv": [0, 0, 5, 0.5], "texture": "#1"},
				"up": {"uv": [0, 0, 0.5, 5], "texture": "#1"},
				"down": {"uv": [0, 0, 0.5, 5], "texture": "#1"}
			}
		},
		{
			"from": [0, 24, 3],
			"to": [1, 25, 13],
			"faces": {
				"north": {"uv": [0, 0, 0.5, 0.5], "texture": "#1"},
				"east": {"uv": [0, 0, 5, 0.5], "texture": "#1"},
				"south": {"uv": [0, 0, 0.5, 0.5], "texture": "#1"},
				"west": {"uv": [0, 0, 5, 0.5], "texture": "#1"},
				"up": {"uv": [0, 0, 0.5, 5], "texture": "#1"},
				"down": {"uv": [0, 0, 0.5, 5], "texture": "#1"}
			}
		},
		{
			"from": [0, 16, 3],
			"to": [1, 24, 4],
			"faces": {
				"north": {"uv": [0, 0, 0.5, 4], "texture": "#1"},
				"east": {"uv": [0, 0, 0.5, 4], "texture": "#1"},
				"south": {"uv": [0, 0, 0.5, 4], "texture": "#1"},
				"west": {"uv": [0, 0, 0.5, 4], "texture": "#1"},
				"up": {"uv": [0, 0, 0.5, 0.5], "texture": "#1"},
				"down": {"uv": [0, 0, 0.5, 0.5], "texture": "#1"}
			}
		},
		{
			"from": [0, 16, 12],
			"to": [1, 24, 13],
			"faces": {
				"north": {"uv": [0, 0, 0.5, 4], "texture": "#1"},
				"east": {"uv": [0, 0, 0.5, 4], "texture": "#1"},
				"south": {"uv": [0, 0, 0.5, 4], "texture": "#1"},
				"west": {"uv": [0, 0, 0.5, 4], "texture": "#1"},
				"up": {"uv": [0, 0, 0.5, 0.5], "texture": "#1"},
				"down": {"uv": [0, 0, 0.5, 0.5], "texture": "#1"}
			}
		},
		{
			"from": [0, 12, 12],
			"to": [1, 14, 13],
			"faces": {
				"north": {"uv": [0, 0, 0.5, 1], "texture": "#0"},
				"east": {"uv": [0, 0, 0.5, 1], "texture": "#0"},
				"south": {"uv": [0, 0, 0.5, 1], "texture": "#0"},
				"west": {"uv": [0, 0, 0.5, 1], "texture": "#0"},
				"up": {"uv": [0, 0, 0.5, 0.5], "texture": "#0"},
				"down": {"uv": [0, 0, 0.5, 0.5], "texture": "#0"}
			}
		},
		{
			"from": [0, 12, 3],
			"to": [1, 14, 4],
			"faces": {
				"north": {"uv": [0, 0, 0.5, 1], "texture": "#0"},
				"east": {"uv": [0, 0, 0.5, 1], "texture": "#0"},
				"south": {"uv": [0, 0, 0.5, 1], "texture": "#0"},
				"west": {"uv": [0, 0, 0.5, 1], "texture": "#0"},
				"up": {"uv": [0, 0, 0.5, 0.5], "texture": "#0"},
				"down": {"uv": [0, 0, 0.5, 0.5], "texture": "#0"}
			}
		},
		{
			"from": [0, 12, 6],
			"to": [1, 14, 8],
			"faces": {
				"north": {"uv": [0, 0, 0.5, 1], "texture": "#0"},
				"east": {"uv": [0, 0, 1, 1], "texture": "#0"},
				"south": {"uv": [0, 0, 0.5, 1], "texture": "#0"},
				"west": {"uv": [0, 0, 1, 1], "texture": "#0"},
				"up": {"uv": [0, 0, 0.5, 1], "texture": "#0"},
				"down": {"uv": [0, 0, 0.5, 1], "texture": "#0"}
			}
		},
		{
			"from": [0, 11, 3],
			"to": [1, 12, 13],
			"faces": {
				"north": {"uv": [0, 0, 0.5, 0.5], "texture": "#0"},
				"east": {"uv": [0, 0, 5, 0.5], "texture": "#0"},
				"south": {"uv": [0, 0, 0.5, 0.5], "texture": "#0"},
				"west": {"uv": [0, 0, 5, 0.5], "texture": "#0"},
				"up": {"uv": [0, 0, 0.5, 5], "texture": "#0"},
				"down": {"uv": [0, 0, 0.5, 5], "texture": "#0"}
			}
		},
		{
			"from": [1, 0, 2],
			"to": [2, 29, 3],
			"faces": {
				"north": {"uv": [0, 0, 0.5, 14.5], "texture": "#1"},
				"east": {"uv": [0, 0, 0.5, 14.5], "texture": "#1"},
				"south": {"uv": [0, 0, 0.5, 14.5], "texture": "#1"},
				"west": {"uv": [0, 0, 0.5, 14.5], "texture": "#1"},
				"up": {"uv": [0, 0, 0.5, 0.5], "texture": "#1"},
				"down": {"uv": [0, 0, 0.5, 0.5], "texture": "#1"}
			}
		},
		{
			"from": [1, 0, 13],
			"to": [2, 29, 14],
			"faces": {
				"north": {"uv": [0, 0, 0.5, 14.5], "texture": "#1"},
				"east": {"uv": [0, 0, 0.5, 14.5], "texture": "#1"},
				"south": {"uv": [0, 0, 0.5, 14.5], "texture": "#1"},
				"west": {"uv": [0, 0, 0.5, 14.5], "texture": "#1"},
				"up": {"uv": [0, 0, 0.5, 0.5], "texture": "#1"},
				"down": {"uv": [0, 0, 0.5, 0.5], "texture": "#1"}
			}
		},
		{
			"from": [3, 7, 3],
			"to": [4, 12, 13],
			"faces": {
				"north": {"uv": [0, 0, 0.5, 2.5], "texture": "#4"},
				"east": {"uv": [0, 0, 5, 2.5], "texture": "#4"},
				"south": {"uv": [0, 0, 0.5, 2.5], "texture": "#4"},
				"west": {"uv": [0, 0, 5, 2.5], "texture": "#4"},
				"up": {"uv": [0, 0, 0.5, 5], "texture": "#4"},
				"down": {"uv": [0, 0, 0.5, 5], "texture": "#4"}
			}
		}
	],
	"display": {
		"head": {
			"scale": [1.8, 2, 1.9]
		}
	},
	"groups": [
		{
			"name": "Frame",
			"origin": [8, 8, 8],
			"color": 0,
			"children": [0, 1]
		},
		{
			"name": "Body",
			"origin": [0, 0, 0],
			"color": 0,
			"children": [
				{
					"name": "Front",
					"origin": [8, 8, 8],
					"color": 0,
					"children": [
						{
							"name": "MU",
							"origin": [0, 0, 0],
							"color": 0,
							"children": [2, 3, 4, 5, 6, 7, 8, 9, 10, 11, 12, 13, 14, 15]
						},
						{
							"name": "lights",
							"origin": [0, 0, 0],
							"color": 0,
							"children": []
						},
						{
							"name": "coupler bar",
							"origin": [0, 0, 0],
							"color": 0,
							"children": [16, 17, 18, 19, 20, 21, 22, 23, 24]
						}
					]
				},
				25,
				26,
				27,
				28,
				29,
				30,
				31,
				32,
				33,
				34,
				35,
				36,
				37
			]
		},
		{
			"name": "roof",
			"origin": [8, 8, 8],
			"color": 0,
			"children": [
				38,
				{
					"name": "seat",
					"origin": [0, 17, 17],
					"color": 0,
					"children": [39, 40, 41, 42, 43, 44]
				}
			]
		},
		{
			"name": "rollsign",
			"origin": [0, 0, 0],
			"color": 0,
			"children": [45, 46, 47, 48, 49, 50, 51, 52, 53, 54, 55, 56, 57, 58, 59]
		}
	]
}