{
	"credit": "Made with Blockbench",
	"textures": {
		"1": "LipanLocoTextures/shine metal",
		"5": "LipanLocoTextures/dark metal",
		"7": "LipanLocoTextures/snowplough yellow",
		"9": "LipanLocoTextures/Crimson",
		"15": "LipanLocoTextures/Namboku Green",
		"16": "LipanLocoTextures/Snow White",
		"20": "LipanLocoTextures/LipanLogoRedraw",
		"21": "LipanLocoTextures/Lowside_Frame",
		"22": "LipanLocoTextures/Lowside_Front",
		"23": "LipanLocoTextures/Lowside_right",
		"24": "LipanLocoTextures/Lowside_left",
		"25": "LipanLocoTextures/Lowside_mright",
		"26": "LipanLocoTextures/Lowside_mleft",
		"27": "LipanLocoTextures/Lowside_rdoor",
		"28": "LipanLocoTextures/Lowside_ldoor",
		"29": "LipanLocoTextures/Light Crimson",
		"53": "LipanLocoTextures/Loop Orange",
		"particle": "LipanLocoTextures/Snow White"
	},
	"elements": [
		{
			"from": [0, 0, 1],
			"to": [1, 8, 8],
			"faces": {
				"north": {"uv": [0, 8, 1, 16], "texture": "#27"},
				"east": {"uv": [0, 0, 7, 8], "texture": "#27"},
				"south": {"uv": [1, 8, 2, 16], "texture": "#27"},
				"west": {"uv": [7, 0, 14, 8], "texture": "#27"},
				"up": {"uv": [3, 15, 2, 8], "texture": "#27"},
				"down": {"uv": [4, 8, 3, 15], "texture": "#27"}
			}
		},
		{
			"from": [-0.5, -1, 2],
			"to": [0, 1, 3],
			"faces": {
				"north": {"uv": [0, 0, 0.5, 2], "texture": "#16"},
				"east": {"uv": [0, 0, 1, 2], "texture": "#16"},
				"south": {"uv": [0, 0, 0.5, 2], "texture": "#16"},
				"west": {"uv": [0, 0, 1, 2], "texture": "#16"},
				"up": {"uv": [0, 0, 0.5, 1], "texture": "#16"},
				"down": {"uv": [0, 0, 0.5, 1], "texture": "#16"}
			}
		},
		{
			"from": [-0.5, -1, 6],
			"to": [0, 1, 7],
			"faces": {
				"north": {"uv": [0, 0, 0.5, 2], "texture": "#16"},
				"east": {"uv": [0, 0, 1, 2], "texture": "#16"},
				"south": {"uv": [0, 0, 0.5, 2], "texture": "#16"},
				"west": {"uv": [0, 0, 1, 2], "texture": "#16"},
				"up": {"uv": [0, 0, 0.5, 1], "texture": "#16"},
				"down": {"uv": [0, 0, 0.5, 1], "texture": "#16"}
			}
		},
		{
			"from": [-1, 8, 1],
			"to": [1, 9, 8],
			"faces": {
				"north": {"uv": [0, 0, 1, 0.5], "texture": "#7"},
				"east": {"uv": [0, 0, 3.5, 0.5], "texture": "#7"},
				"south": {"uv": [0, 0, 1, 0.5], "texture": "#7"},
				"west": {"uv": [0, 0, 3.5, 0.5], "texture": "#7"},
				"up": {"uv": [0, 0, 1, 3.5], "texture": "#7"},
				"down": {"uv": [0, 0, 1, 3.5], "texture": "#7"}
			}
		},
		{
			"from": [-0.5, 5, 1],
			"to": [0.5, 6, 3],
			"faces": {
				"north": {"uv": [0, 0, 1, 1], "texture": "#16"},
				"east": {"uv": [0, 0, 2, 1], "texture": "#16"},
				"south": {"uv": [0, 0, 1, 1], "texture": "#16"},
				"west": {"uv": [0, 0, 2, 1], "texture": "#16"},
				"up": {"uv": [0, 0, 1, 2], "texture": "#16"},
				"down": {"uv": [0, 0, 1, 2], "texture": "#16"}
			}
		},
		{
			"from": [-0.5, 5, 6],
			"to": [0.5, 6, 8],
			"faces": {
				"north": {"uv": [0, 0, 1, 1], "texture": "#16"},
				"east": {"uv": [0, 0, 2, 1], "texture": "#16"},
				"south": {"uv": [0, 0, 1, 1], "texture": "#16"},
				"west": {"uv": [0, 0, 2, 1], "texture": "#16"},
				"up": {"uv": [0, 0, 1, 2], "texture": "#16"},
				"down": {"uv": [0, 0, 1, 2], "texture": "#16"}
			}
		},
		{
			"from": [-0.5, -1, 9],
			"to": [0, 1, 10],
			"faces": {
				"north": {"uv": [0, 0, 0.5, 2], "texture": "#16"},
				"east": {"uv": [0, 0, 1, 2], "texture": "#16"},
				"south": {"uv": [0, 0, 0.5, 2], "texture": "#16"},
				"west": {"uv": [0, 0, 1, 2], "texture": "#16"},
				"up": {"uv": [0, 0, 0.5, 1], "texture": "#16"},
				"down": {"uv": [0, 0, 0.5, 1], "texture": "#16"}
			}
		},
		{
			"from": [-0.5, -1, 13],
			"to": [0, 1, 14],
			"faces": {
				"north": {"uv": [0, 0, 0.5, 2], "texture": "#16"},
				"east": {"uv": [0, 0, 1, 2], "texture": "#16"},
				"south": {"uv": [0, 0, 0.5, 2], "texture": "#16"},
				"west": {"uv": [0, 0, 1, 2], "texture": "#16"},
				"up": {"uv": [0, 0, 0.5, 1], "texture": "#16"},
				"down": {"uv": [0, 0, 0.5, 1], "texture": "#16"}
			}
		},
		{
			"from": [-1, 8, 8],
			"to": [1, 9, 15],
			"faces": {
				"north": {"uv": [0, 0, 1, 0.5], "texture": "#7"},
				"east": {"uv": [0, 0, 3.5, 0.5], "texture": "#7"},
				"south": {"uv": [0, 0, 1, 0.5], "texture": "#7"},
				"west": {"uv": [0, 0, 3.5, 0.5], "texture": "#7"},
				"up": {"uv": [0, 0, 1, 3.5], "texture": "#7"},
				"down": {"uv": [0, 0, 1, 3.5], "texture": "#7"}
			}
		},
		{
			"from": [-0.5, 5, 8],
			"to": [0.5, 6, 10],
			"faces": {
				"north": {"uv": [0, 0, 1, 1], "texture": "#16"},
				"east": {"uv": [0, 0, 2, 1], "texture": "#16"},
				"south": {"uv": [0, 0, 1, 1], "texture": "#16"},
				"west": {"uv": [0, 0, 2, 1], "texture": "#16"},
				"up": {"uv": [0, 0, 1, 2], "texture": "#16"},
				"down": {"uv": [0, 0, 1, 2], "texture": "#16"}
			}
		},
		{
			"from": [-0.5, 5, 13],
			"to": [0.5, 6, 15],
			"faces": {
				"north": {"uv": [0, 0, 1, 1], "texture": "#16"},
				"east": {"uv": [0, 0, 2, 1], "texture": "#16"},
				"south": {"uv": [0, 0, 1, 1], "texture": "#16"},
				"west": {"uv": [0, 0, 2, 1], "texture": "#16"},
				"up": {"uv": [0, 0, 1, 2], "texture": "#16"},
				"down": {"uv": [0, 0, 1, 2], "texture": "#16"}
			}
		},
		{
			"from": [0, 0, 8],
			"to": [1, 8, 15],
			"faces": {
				"north": {"uv": [0, 8, 1, 16], "texture": "#27"},
				"east": {"uv": [0, 0, 7, 8], "texture": "#27"},
				"south": {"uv": [1, 8, 2, 16], "texture": "#27"},
				"west": {"uv": [7, 0, 14, 8], "texture": "#27"},
				"up": {"uv": [3, 15, 2, 8], "texture": "#27"},
				"down": {"uv": [4, 8, 3, 15], "texture": "#27"}
			}
		},
		{
			"from": [-0.5, -1, 26],
			"to": [0, 1, 27],
			"faces": {
				"north": {"uv": [0, 0, 0.5, 2], "texture": "#16"},
				"east": {"uv": [0, 0, 1, 2], "texture": "#16"},
				"south": {"uv": [0, 0, 0.5, 2], "texture": "#16"},
				"west": {"uv": [0, 0, 1, 2], "texture": "#16"},
				"up": {"uv": [0, 0, 0.5, 1], "texture": "#16"},
				"down": {"uv": [0, 0, 0.5, 1], "texture": "#16"}
			}
		},
		{
			"from": [-0.5, -1, 30],
			"to": [0, 1, 31],
			"faces": {
				"north": {"uv": [0, 0, 0.5, 2], "texture": "#16"},
				"east": {"uv": [0, 0, 1, 2], "texture": "#16"},
				"south": {"uv": [0, 0, 0.5, 2], "texture": "#16"},
				"west": {"uv": [0, 0, 1, 2], "texture": "#16"},
				"up": {"uv": [0, 0, 0.5, 1], "texture": "#16"},
				"down": {"uv": [0, 0, 0.5, 1], "texture": "#16"}
			}
		},
		{
			"from": [-1, 8, 25],
			"to": [1, 9, 32],
			"faces": {
				"north": {"uv": [0, 0, 1, 0.5], "texture": "#7"},
				"east": {"uv": [0, 0, 3.5, 0.5], "texture": "#7"},
				"south": {"uv": [0, 0, 1, 0.5], "texture": "#7"},
				"west": {"uv": [0, 0, 3.5, 0.5], "texture": "#7"},
				"up": {"uv": [0, 0, 1, 3.5], "texture": "#7"},
				"down": {"uv": [0, 0, 1, 3.5], "texture": "#7"}
			}
		},
		{
			"from": [-0.5, 5, 25],
			"to": [0.5, 6, 27],
			"faces": {
				"north": {"uv": [0, 0, 1, 1], "texture": "#16"},
				"east": {"uv": [0, 0, 2, 1], "texture": "#16"},
				"south": {"uv": [0, 0, 1, 1], "texture": "#16"},
				"west": {"uv": [0, 0, 2, 1], "texture": "#16"},
				"up": {"uv": [0, 0, 1, 2], "texture": "#16"},
				"down": {"uv": [0, 0, 1, 2], "texture": "#16"}
			}
		},
		{
			"from": [-0.5, 5, 30],
			"to": [0.5, 6, 32],
			"faces": {
				"north": {"uv": [0, 0, 1, 1], "texture": "#16"},
				"east": {"uv": [0, 0, 2, 1], "texture": "#16"},
				"south": {"uv": [0, 0, 1, 1], "texture": "#16"},
				"west": {"uv": [0, 0, 2, 1], "texture": "#16"},
				"up": {"uv": [0, 0, 1, 2], "texture": "#16"},
				"down": {"uv": [0, 0, 1, 2], "texture": "#16"}
			}
		},
		{
			"from": [0, 0, 25],
			"to": [1, 8, 32],
			"faces": {
				"north": {"uv": [0, 8, 1, 16], "texture": "#27"},
				"east": {"uv": [0, 0, 7, 8], "texture": "#27"},
				"south": {"uv": [1, 8, 2, 16], "texture": "#27"},
				"west": {"uv": [7, 0, 14, 8], "texture": "#27"},
				"up": {"uv": [3, 15, 2, 8], "texture": "#27"},
				"down": {"uv": [4, 8, 3, 15], "texture": "#27"}
			}
		},
		{
			"from": [16, -1, 30],
			"to": [16.5, 1, 31],
			"faces": {
				"north": {"uv": [0, 0, 0.5, 2], "texture": "#16"},
				"east": {"uv": [0, 0, 1, 2], "texture": "#16"},
				"south": {"uv": [0, 0, 0.5, 2], "texture": "#16"},
				"west": {"uv": [0, 0, 1, 2], "texture": "#16"},
				"up": {"uv": [0, 0, 0.5, 1], "texture": "#16"},
				"down": {"uv": [0, 0, 0.5, 1], "texture": "#16"}
			}
		},
		{
			"from": [16, -1, 26],
			"to": [16.5, 1, 27],
			"faces": {
				"north": {"uv": [0, 0, 0.5, 2], "texture": "#16"},
				"east": {"uv": [0, 0, 1, 2], "texture": "#16"},
				"south": {"uv": [0, 0, 0.5, 2], "texture": "#16"},
				"west": {"uv": [0, 0, 1, 2], "texture": "#16"},
				"up": {"uv": [0, 0, 0.5, 1], "texture": "#16"},
				"down": {"uv": [0, 0, 0.5, 1], "texture": "#16"}
			}
		},
		{
			"from": [15, 8, 25],
			"to": [17, 9, 32],
			"faces": {
				"north": {"uv": [0, 0, 1, 0.5], "texture": "#7"},
				"east": {"uv": [0, 0, 3.5, 0.5], "texture": "#7"},
				"south": {"uv": [0, 0, 1, 0.5], "texture": "#7"},
				"west": {"uv": [0, 0, 3.5, 0.5], "texture": "#7"},
				"up": {"uv": [0, 0, 1, 3.5], "texture": "#7"},
				"down": {"uv": [0, 0, 1, 3.5], "texture": "#7"}
			}
		},
		{
			"from": [15.5, 5, 25],
			"to": [16.5, 6, 27],
			"faces": {
				"north": {"uv": [0, 0, 1, 1], "texture": "#16"},
				"east": {"uv": [0, 0, 2, 1], "texture": "#16"},
				"south": {"uv": [0, 0, 1, 1], "texture": "#16"},
				"west": {"uv": [0, 0, 2, 1], "texture": "#16"},
				"up": {"uv": [0, 0, 1, 2], "texture": "#16"},
				"down": {"uv": [0, 0, 1, 2], "texture": "#16"}
			}
		},
		{
			"from": [15.5, 5, 30],
			"to": [16.5, 6, 32],
			"faces": {
				"north": {"uv": [0, 0, 1, 1], "texture": "#16"},
				"east": {"uv": [0, 0, 2, 1], "texture": "#16"},
				"south": {"uv": [0, 0, 1, 1], "texture": "#16"},
				"west": {"uv": [0, 0, 2, 1], "texture": "#16"},
				"up": {"uv": [0, 0, 1, 2], "texture": "#16"},
				"down": {"uv": [0, 0, 1, 2], "texture": "#16"}
			}
		},
		{
			"from": [15, 0, 1],
			"to": [16, 8, 8],
			"faces": {
				"north": {"uv": [0, 8, 1, 16], "texture": "#28"},
				"east": {"uv": [0, 0, 7, 8], "texture": "#28"},
				"south": {"uv": [1, 8, 2, 16], "texture": "#28"},
				"west": {"uv": [7, 0, 14, 8], "texture": "#28"},
				"up": {"uv": [3, 15, 2, 8], "texture": "#28"},
				"down": {"uv": [4, 8, 3, 15], "texture": "#28"}
			}
		},
		{
			"from": [16, -1, 6],
			"to": [16.5, 1, 7],
			"faces": {
				"north": {"uv": [0, 0, 0.5, 2], "texture": "#16"},
				"east": {"uv": [0, 0, 1, 2], "texture": "#16"},
				"south": {"uv": [0, 0, 0.5, 2], "texture": "#16"},
				"west": {"uv": [0, 0, 1, 2], "texture": "#16"},
				"up": {"uv": [0, 0, 0.5, 1], "texture": "#16"},
				"down": {"uv": [0, 0, 0.5, 1], "texture": "#16"}
			}
		},
		{
			"from": [16, -1, 2],
			"to": [16.5, 1, 3],
			"faces": {
				"north": {"uv": [0, 0, 0.5, 2], "texture": "#16"},
				"east": {"uv": [0, 0, 1, 2], "texture": "#16"},
				"south": {"uv": [0, 0, 0.5, 2], "texture": "#16"},
				"west": {"uv": [0, 0, 1, 2], "texture": "#16"},
				"up": {"uv": [0, 0, 0.5, 1], "texture": "#16"},
				"down": {"uv": [0, 0, 0.5, 1], "texture": "#16"}
			}
		},
		{
			"from": [15, 8, 1],
			"to": [17, 9, 8],
			"faces": {
				"north": {"uv": [0, 0, 1, 0.5], "texture": "#7"},
				"east": {"uv": [0, 0, 3.5, 0.5], "texture": "#7"},
				"south": {"uv": [0, 0, 1, 0.5], "texture": "#7"},
				"west": {"uv": [0, 0, 3.5, 0.5], "texture": "#7"},
				"up": {"uv": [0, 0, 1, 3.5], "texture": "#7"},
				"down": {"uv": [0, 0, 1, 3.5], "texture": "#7"}
			}
		},
		{
			"from": [15.5, 5, 1],
			"to": [16.5, 6, 3],
			"faces": {
				"north": {"uv": [0, 0, 1, 1], "texture": "#16"},
				"east": {"uv": [0, 0, 2, 1], "texture": "#16"},
				"south": {"uv": [0, 0, 1, 1], "texture": "#16"},
				"west": {"uv": [0, 0, 2, 1], "texture": "#16"},
				"up": {"uv": [0, 0, 1, 2], "texture": "#16"},
				"down": {"uv": [0, 0, 1, 2], "texture": "#16"}
			}
		},
		{
			"from": [15.5, 5, 6],
			"to": [16.5, 6, 8],
			"faces": {
				"north": {"uv": [0, 0, 1, 1], "texture": "#16"},
				"east": {"uv": [0, 0, 2, 1], "texture": "#16"},
				"south": {"uv": [0, 0, 1, 1], "texture": "#16"},
				"west": {"uv": [0, 0, 2, 1], "texture": "#16"},
				"up": {"uv": [0, 0, 1, 2], "texture": "#16"},
				"down": {"uv": [0, 0, 1, 2], "texture": "#16"}
			}
		},
		{
			"from": [16, -1, 13],
			"to": [16.5, 1, 14],
			"faces": {
				"north": {"uv": [0, 0, 0.5, 2], "texture": "#16"},
				"east": {"uv": [0, 0, 1, 2], "texture": "#16"},
				"south": {"uv": [0, 0, 0.5, 2], "texture": "#16"},
				"west": {"uv": [0, 0, 1, 2], "texture": "#16"},
				"up": {"uv": [0, 0, 0.5, 1], "texture": "#16"},
				"down": {"uv": [0, 0, 0.5, 1], "texture": "#16"}
			}
		},
		{
			"from": [16, -1, 9],
			"to": [16.5, 1, 10],
			"faces": {
				"north": {"uv": [0, 0, 0.5, 2], "texture": "#16"},
				"east": {"uv": [0, 0, 1, 2], "texture": "#16"},
				"south": {"uv": [0, 0, 0.5, 2], "texture": "#16"},
				"west": {"uv": [0, 0, 1, 2], "texture": "#16"},
				"up": {"uv": [0, 0, 0.5, 1], "texture": "#16"},
				"down": {"uv": [0, 0, 0.5, 1], "texture": "#16"}
			}
		},
		{
			"from": [15, 8, 8],
			"to": [17, 9, 15],
			"faces": {
				"north": {"uv": [0, 0, 1, 0.5], "texture": "#7"},
				"east": {"uv": [0, 0, 3.5, 0.5], "texture": "#7"},
				"south": {"uv": [0, 0, 1, 0.5], "texture": "#7"},
				"west": {"uv": [0, 0, 3.5, 0.5], "texture": "#7"},
				"up": {"uv": [0, 0, 1, 3.5], "texture": "#7"},
				"down": {"uv": [0, 0, 1, 3.5], "texture": "#7"}
			}
		},
		{
			"from": [15.5, 5, 8],
			"to": [16.5, 6, 10],
			"faces": {
				"north": {"uv": [0, 0, 1, 1], "texture": "#16"},
				"east": {"uv": [0, 0, 2, 1], "texture": "#16"},
				"south": {"uv": [0, 0, 1, 1], "texture": "#16"},
				"west": {"uv": [0, 0, 2, 1], "texture": "#16"},
				"up": {"uv": [0, 0, 1, 2], "texture": "#16"},
				"down": {"uv": [0, 0, 1, 2], "texture": "#16"}
			}
		},
		{
			"from": [15.5, 5, 13],
			"to": [16.5, 6, 15],
			"faces": {
				"north": {"uv": [0, 0, 1, 1], "texture": "#16"},
				"east": {"uv": [0, 0, 2, 1], "texture": "#16"},
				"south": {"uv": [0, 0, 1, 1], "texture": "#16"},
				"west": {"uv": [0, 0, 2, 1], "texture": "#16"},
				"up": {"uv": [0, 0, 1, 2], "texture": "#16"},
				"down": {"uv": [0, 0, 1, 2], "texture": "#16"}
			}
		},
		{
			"from": [15, 0, 8],
			"to": [16, 8, 15],
			"faces": {
				"north": {"uv": [0, 8, 1, 16], "texture": "#28"},
				"east": {"uv": [0, 0, 7, 8], "texture": "#28"},
				"south": {"uv": [1, 8, 2, 16], "texture": "#28"},
				"west": {"uv": [7, 0, 14, 8], "texture": "#28"},
				"up": {"uv": [3, 15, 2, 8], "texture": "#28"},
				"down": {"uv": [4, 8, 3, 15], "texture": "#28"}
			}
		},
		{
			"from": [16, -1, 30],
			"to": [16.5, 1, 31],
			"color": 8,
			"faces": {
				"north": {"uv": [0, 0, 0.5, 2], "texture": "#missing"},
				"east": {"uv": [0, 0, 1, 2], "texture": "#missing"},
				"south": {"uv": [0, 0, 0.5, 2], "texture": "#missing"},
				"west": {"uv": [0, 0, 1, 2], "texture": "#missing"},
				"up": {"uv": [0, 0, 0.5, 1], "texture": "#missing"},
				"down": {"uv": [0, 0, 0.5, 1], "texture": "#missing"}
			}
		},
		{
			"from": [16, -1, 26],
			"to": [16.5, 1, 27],
			"color": 8,
			"faces": {
				"north": {"uv": [0, 0, 0.5, 2], "texture": "#missing"},
				"east": {"uv": [0, 0, 1, 2], "texture": "#missing"},
				"south": {"uv": [0, 0, 0.5, 2], "texture": "#missing"},
				"west": {"uv": [0, 0, 1, 2], "texture": "#missing"},
				"up": {"uv": [0, 0, 0.5, 1], "texture": "#missing"},
				"down": {"uv": [0, 0, 0.5, 1], "texture": "#missing"}
			}
		},
		{
			"from": [15, 8, 25],
			"to": [17, 9, 32],
			"color": 8,
			"faces": {
				"north": {"uv": [0, 0, 2, 1], "texture": "#missing"},
				"east": {"uv": [0, 0, 7, 1], "texture": "#missing"},
				"south": {"uv": [0, 0, 2, 1], "texture": "#missing"},
				"west": {"uv": [0, 0, 7, 1], "texture": "#missing"},
				"up": {"uv": [0, 0, 2, 7], "texture": "#missing"},
				"down": {"uv": [0, 0, 2, 7], "texture": "#missing"}
			}
		},
		{
			"from": [15.5, 5, 25],
			"to": [16.5, 6, 27],
			"color": 8,
			"faces": {
				"north": {"uv": [0, 0, 1, 1], "texture": "#missing"},
				"east": {"uv": [0, 0, 2, 1], "texture": "#missing"},
				"south": {"uv": [0, 0, 1, 1], "texture": "#missing"},
				"west": {"uv": [0, 0, 2, 1], "texture": "#missing"},
				"up": {"uv": [0, 0, 1, 2], "texture": "#missing"},
				"down": {"uv": [0, 0, 1, 2], "texture": "#missing"}
			}
		},
		{
			"from": [15.5, 5, 30],
			"to": [16.5, 6, 32],
			"color": 8,
			"faces": {
				"north": {"uv": [0, 0, 1, 1], "texture": "#missing"},
				"east": {"uv": [0, 0, 2, 1], "texture": "#missing"},
				"south": {"uv": [0, 0, 1, 1], "texture": "#missing"},
				"west": {"uv": [0, 0, 2, 1], "texture": "#missing"},
				"up": {"uv": [0, 0, 1, 2], "texture": "#missing"},
				"down": {"uv": [0, 0, 1, 2], "texture": "#missing"}
			}
		},
		{
			"from": [15, -3, -1],
			"to": [16, -2, 1],
			"faces": {
				"north": {"uv": [0, 0, 1, 1], "texture": "#29"},
				"east": {"uv": [0, 0, 2, 1], "texture": "#29"},
				"south": {"uv": [0, 0, 1, 1], "texture": "#29"},
				"west": {"uv": [0, 0, 2, 1], "texture": "#29"},
				"up": {"uv": [0, 0, 1, 2], "texture": "#29"},
				"down": {"uv": [0, 0, 1, 2], "texture": "#29"}
			}
		},
		{
			"from": [15, -2, -1],
			"to": [16.5, -1, 1],
			"faces": {
				"north": {"uv": [0, 0, 1.5, 1], "texture": "#29"},
				"east": {"uv": [0, 0, 2, 1], "texture": "#29"},
				"south": {"uv": [0, 0, 1.5, 1], "texture": "#29"},
				"west": {"uv": [0, 0, 2, 1], "texture": "#29"},
				"up": {"uv": [0, 0, 1.5, 2], "texture": "#29"},
				"down": {"uv": [0, 0, 1.5, 2], "texture": "#29"}
			}
		},
		{
			"from": [16, -1, -1],
			"to": [17, 8, 1],
			"faces": {
				"north": {"uv": [0, 0, 0.5, 4.5], "texture": "#29"},
				"east": {"uv": [0, 0, 1, 4.5], "texture": "#29"},
				"south": {"uv": [0, 0, 0.5, 4.5], "texture": "#29"},
				"west": {"uv": [0, 0, 1, 4.5], "texture": "#29"},
				"up": {"uv": [0, 0, 0.5, 1], "texture": "#29"},
				"down": {"uv": [0, 0, 0.5, 1], "texture": "#29"}
			}
		},
		{
			"from": [15, -3, -9],
			"to": [16, -2, -7],
			"faces": {
				"north": {"uv": [0, 0, 0.5, 0.5], "texture": "#29"},
				"east": {"uv": [0, 0, 1, 0.5], "texture": "#29"},
				"south": {"uv": [0, 0, 0.5, 0.5], "texture": "#29"},
				"west": {"uv": [0, 0, 1, 0.5], "texture": "#29"},
				"up": {"uv": [0, 0, 0.5, 1], "texture": "#29"},
				"down": {"uv": [0, 0, 0.5, 1], "texture": "#29"}
			}
		},
		{
			"from": [15, -2, -9],
			"to": [16.5, -1, -7],
			"faces": {
				"north": {"uv": [0, 0, 0.75, 0.5], "texture": "#29"},
				"east": {"uv": [0, 0, 1, 0.5], "texture": "#29"},
				"south": {"uv": [0, 0, 0.75, 0.5], "texture": "#29"},
				"west": {"uv": [0, 0, 1, 0.5], "texture": "#29"},
				"up": {"uv": [0, 0, 0.75, 1], "texture": "#29"},
				"down": {"uv": [0, 0, 0.75, 1], "texture": "#29"}
			}
		},
		{
			"from": [16, -1, -9],
			"to": [17, 8, -7],
			"faces": {
				"north": {"uv": [0, 0, 0.5, 4.5], "texture": "#29"},
				"east": {"uv": [0, 0, 1, 4.5], "texture": "#29"},
				"south": {"uv": [0, 0, 0.5, 4.5], "texture": "#29"},
				"west": {"uv": [0, 0, 1, 4.5], "texture": "#29"},
				"up": {"uv": [0, 0, 0.5, 1], "texture": "#29"},
				"down": {"uv": [0, 0, 0.5, 1], "texture": "#29"}
			}
		},
		{
			"from": [15, -3, 15],
			"to": [16, -2, 17],
			"faces": {
				"north": {"uv": [0, 0, 1, 1], "texture": "#29"},
				"east": {"uv": [0, 0, 2, 1], "texture": "#29"},
				"south": {"uv": [0, 0, 1, 1], "texture": "#29"},
				"west": {"uv": [0, 0, 2, 1], "texture": "#29"},
				"up": {"uv": [0, 0, 1, 2], "texture": "#29"},
				"down": {"uv": [0, 0, 1, 2], "texture": "#29"}
			}
		},
		{
			"from": [15, -2, 15],
			"to": [16.5, -1, 17],
			"faces": {
				"north": {"uv": [0, 0, 1.5, 1], "texture": "#29"},
				"east": {"uv": [0, 0, 2, 1], "texture": "#29"},
				"south": {"uv": [0, 0, 1.5, 1], "texture": "#29"},
				"west": {"uv": [0, 0, 2, 1], "texture": "#29"},
				"up": {"uv": [0, 0, 1.5, 2], "texture": "#29"},
				"down": {"uv": [0, 0, 1.5, 2], "texture": "#29"}
			}
		},
		{
			"from": [16, -1, 15],
			"to": [17, 8, 17],
			"faces": {
				"north": {"uv": [0, 0, 0.5, 4.5], "texture": "#29"},
				"east": {"uv": [0, 0, 1, 4.5], "texture": "#29"},
				"south": {"uv": [0, 0, 0.5, 4.5], "texture": "#29"},
				"west": {"uv": [0, 0, 1, 4.5], "texture": "#29"},
				"up": {"uv": [0, 0, 0.5, 1], "texture": "#29"},
				"down": {"uv": [0, 0, 0.5, 1], "texture": "#29"}
			}
		},
		{
			"from": [15, -3, 23],
			"to": [16, -2, 25],
			"faces": {
				"north": {"uv": [0, 0, 1, 1], "texture": "#29"},
				"east": {"uv": [0, 0, 2, 1], "texture": "#29"},
				"south": {"uv": [0, 0, 1, 1], "texture": "#29"},
				"west": {"uv": [0, 0, 2, 1], "texture": "#29"},
				"up": {"uv": [0, 0, 1, 2], "texture": "#29"},
				"down": {"uv": [0, 0, 1, 2], "texture": "#29"}
			}
		},
		{
			"from": [15, -2, 23],
			"to": [16.5, -1, 25],
			"faces": {
				"north": {"uv": [0, 0, 1.5, 1], "texture": "#29"},
				"east": {"uv": [0, 0, 2, 1], "texture": "#29"},
				"south": {"uv": [0, 0, 1.5, 1], "texture": "#29"},
				"west": {"uv": [0, 0, 2, 1], "texture": "#29"},
				"up": {"uv": [0, 0, 1.5, 2], "texture": "#29"},
				"down": {"uv": [0, 0, 1.5, 2], "texture": "#29"}
			}
		},
		{
			"from": [16, -1, 23],
			"to": [17, 8, 25],
			"faces": {
				"north": {"uv": [0, 0, 0.5, 4.5], "texture": "#29"},
				"east": {"uv": [0, 0, 1, 4.5], "texture": "#29"},
				"south": {"uv": [0, 0, 0.5, 4.5], "texture": "#29"},
				"west": {"uv": [0, 0, 1, 4.5], "texture": "#29"},
				"up": {"uv": [0, 0, 0.5, 1], "texture": "#29"},
				"down": {"uv": [0, 0, 0.5, 1], "texture": "#29"}
			}
		},
		{
			"from": [0, -3, -1],
			"to": [1, -2, 1],
			"faces": {
				"north": {"uv": [0, 0, 1, 1], "texture": "#29"},
				"east": {"uv": [0, 0, 2, 1], "texture": "#29"},
				"south": {"uv": [0, 0, 1, 1], "texture": "#29"},
				"west": {"uv": [0, 0, 2, 1], "texture": "#29"},
				"up": {"uv": [0, 0, 1, 2], "texture": "#29"},
				"down": {"uv": [0, 0, 1, 2], "texture": "#29"}
			}
		},
		{
			"from": [-0.5, -2, -1],
			"to": [1, -1, 1],
			"faces": {
				"north": {"uv": [0, 0, 1.5, 1], "texture": "#29"},
				"east": {"uv": [0, 0, 2, 1], "texture": "#29"},
				"south": {"uv": [0, 0, 1.5, 1], "texture": "#29"},
				"west": {"uv": [0, 0, 2, 1], "texture": "#29"},
				"up": {"uv": [0, 0, 1.5, 2], "texture": "#29"},
				"down": {"uv": [0, 0, 1.5, 2], "texture": "#29"}
			}
		},
		{
			"from": [-1, -1, -1],
			"to": [0, 8, 1],
			"faces": {
				"north": {"uv": [0, 0, 0.5, 4.5], "texture": "#29"},
				"east": {"uv": [0, 0, 1, 4.5], "texture": "#29"},
				"south": {"uv": [0, 0, 0.5, 4.5], "texture": "#29"},
				"west": {"uv": [0, 0, 1, 4.5], "texture": "#29"},
				"up": {"uv": [0, 0, 0.5, 1], "texture": "#29"},
				"down": {"uv": [0, 0, 0.5, 1], "texture": "#29"}
			}
		},
		{
			"from": [0, -3, 15],
			"to": [1, -2, 17],
			"faces": {
				"north": {"uv": [0, 0, 1, 1], "texture": "#29"},
				"east": {"uv": [0, 0, 2, 1], "texture": "#29"},
				"south": {"uv": [0, 0, 1, 1], "texture": "#29"},
				"west": {"uv": [0, 0, 2, 1], "texture": "#29"},
				"up": {"uv": [0, 0, 1, 2], "texture": "#29"},
				"down": {"uv": [0, 0, 1, 2], "texture": "#29"}
			}
		},
		{
			"from": [-0.5, -2, 15],
			"to": [1, -1, 17],
			"faces": {
				"north": {"uv": [0, 0, 1.5, 1], "texture": "#29"},
				"east": {"uv": [0, 0, 2, 1], "texture": "#29"},
				"south": {"uv": [0, 0, 1.5, 1], "texture": "#29"},
				"west": {"uv": [0, 0, 2, 1], "texture": "#29"},
				"up": {"uv": [0, 0, 1.5, 2], "texture": "#29"},
				"down": {"uv": [0, 0, 1.5, 2], "texture": "#29"}
			}
		},
		{
			"from": [-1, -1, 15],
			"to": [0, 8, 17],
			"faces": {
				"north": {"uv": [0, 0, 0.5, 4.5], "texture": "#29"},
				"east": {"uv": [0, 0, 1, 4.5], "texture": "#29"},
				"south": {"uv": [0, 0, 0.5, 4.5], "texture": "#29"},
				"west": {"uv": [0, 0, 1, 4.5], "texture": "#29"},
				"up": {"uv": [0, 0, 0.5, 1], "texture": "#29"},
				"down": {"uv": [0, 0, 0.5, 1], "texture": "#29"}
			}
		},
		{
			"from": [0, -3, 23],
			"to": [1, -2, 25],
			"faces": {
				"north": {"uv": [0, 0, 1, 1], "texture": "#29"},
				"east": {"uv": [0, 0, 2, 1], "texture": "#29"},
				"south": {"uv": [0, 0, 1, 1], "texture": "#29"},
				"west": {"uv": [0, 0, 2, 1], "texture": "#29"},
				"up": {"uv": [0, 0, 1, 2], "texture": "#29"},
				"down": {"uv": [0, 0, 1, 2], "texture": "#29"}
			}
		},
		{
			"from": [-0.5, -2, 23],
			"to": [1, -1, 25],
			"faces": {
				"north": {"uv": [0, 0, 1.5, 1], "texture": "#29"},
				"east": {"uv": [0, 0, 2, 1], "texture": "#29"},
				"south": {"uv": [0, 0, 1.5, 1], "texture": "#29"},
				"west": {"uv": [0, 0, 2, 1], "texture": "#29"},
				"up": {"uv": [0, 0, 1.5, 2], "texture": "#29"},
				"down": {"uv": [0, 0, 1.5, 2], "texture": "#29"}
			}
		},
		{
			"from": [-1, -1, 23],
			"to": [0, 8, 25],
			"faces": {
				"north": {"uv": [0, 0, 0.5, 4.5], "texture": "#29"},
				"east": {"uv": [0, 0, 1, 4.5], "texture": "#29"},
				"south": {"uv": [0, 0, 0.5, 4.5], "texture": "#29"},
				"west": {"uv": [0, 0, 1, 4.5], "texture": "#29"},
				"up": {"uv": [0, 0, 0.5, 1], "texture": "#29"},
				"down": {"uv": [0, 0, 0.5, 1], "texture": "#29"}
			}
		},
		{
			"from": [0, -3, -9],
			"to": [1, -2, -7],
			"faces": {
				"north": {"uv": [0, 0, 0.5, 0.5], "texture": "#29"},
				"east": {"uv": [0, 0, 1, 0.5], "texture": "#29"},
				"south": {"uv": [0, 0, 0.5, 0.5], "texture": "#29"},
				"west": {"uv": [0, 0, 1, 0.5], "texture": "#29"},
				"up": {"uv": [0, 0, 0.5, 1], "texture": "#29"},
				"down": {"uv": [0, 0, 0.5, 1], "texture": "#29"}
			}
		},
		{
			"from": [-0.5, -2, -9],
			"to": [1, -1, -7],
			"faces": {
				"north": {"uv": [0, 0, 0.75, 0.5], "texture": "#29"},
				"east": {"uv": [0, 0, 1, 0.5], "texture": "#29"},
				"south": {"uv": [0, 0, 0.75, 0.5], "texture": "#29"},
				"west": {"uv": [0, 0, 1, 0.5], "texture": "#29"},
				"up": {"uv": [0, 0, 0.75, 1], "texture": "#29"},
				"down": {"uv": [0, 0, 0.75, 1], "texture": "#29"}
			}
		},
		{
			"from": [-1, -1, -9],
			"to": [0, 8, -7],
			"faces": {
				"north": {"uv": [0, 0, 0.5, 4.5], "texture": "#29"},
				"east": {"uv": [0, 0, 1, 4.5], "texture": "#29"},
				"south": {"uv": [0, 0, 0.5, 4.5], "texture": "#29"},
				"west": {"uv": [0, 0, 1, 4.5], "texture": "#29"},
				"up": {"uv": [0, 0, 0.5, 1], "texture": "#29"},
				"down": {"uv": [0, 0, 0.5, 1], "texture": "#29"}
			}
		},
		{
			"from": [15, 8, -7],
			"to": [17, 9, 1],
			"faces": {
				"north": {"uv": [0, 0, 2, 1], "texture": "#53"},
				"east": {"uv": [0, 0, 8, 1], "texture": "#53"},
				"south": {"uv": [0, 0, 2, 1], "texture": "#53"},
				"west": {"uv": [0, 0, 8, 1], "texture": "#53"},
				"up": {"uv": [0, 0, 2, 8], "texture": "#53"},
				"down": {"uv": [0, 0, 2, 8], "texture": "#53"}
			}
		},
		{
			"from": [15, 8, 15],
			"to": [17, 9, 25],
			"faces": {
				"north": {"uv": [0, 0, 2, 1], "texture": "#53"},
				"east": {"uv": [0, 0, 10, 1], "texture": "#53"},
				"south": {"uv": [0, 0, 2, 1], "texture": "#53"},
				"west": {"uv": [0, 0, 10, 1], "texture": "#53"},
				"up": {"uv": [0, 0, 2, 10], "texture": "#53"},
				"down": {"uv": [0, 0, 2, 10], "texture": "#53"}
			}
		},
		{
			"from": [-1, 8, -7],
			"to": [1, 9, 1],
			"faces": {
				"north": {"uv": [0, 0, 2, 1], "texture": "#53"},
				"east": {"uv": [0, 0, 8, 1], "texture": "#53"},
				"south": {"uv": [0, 0, 2, 1], "texture": "#53"},
				"west": {"uv": [0, 0, 8, 1], "texture": "#53"},
				"up": {"uv": [0, 0, 2, 8], "texture": "#53"},
				"down": {"uv": [0, 0, 2, 8], "texture": "#53"}
			}
		},
		{
			"from": [-1, 8, 15],
			"to": [1, 9, 25],
			"faces": {
				"north": {"uv": [0, 0, 2, 1], "texture": "#53"},
				"east": {"uv": [0, 0, 10, 1], "texture": "#53"},
				"south": {"uv": [0, 0, 2, 1], "texture": "#53"},
				"west": {"uv": [0, 0, 10, 1], "texture": "#53"},
				"up": {"uv": [0, 0, 2, 10], "texture": "#53"},
				"down": {"uv": [0, 0, 2, 10], "texture": "#53"}
			}
		},
		{
			"from": [-1, 8, -9],
			"to": [17, 9, -7],
			"faces": {
				"north": {"uv": [0, 0, 18, 1], "texture": "#53"},
				"east": {"uv": [0, 0, 2, 1], "texture": "#53"},
				"south": {"uv": [0, 0, 18, 1], "texture": "#53"},
				"west": {"uv": [0, 0, 2, 1], "texture": "#53"},
				"up": {"uv": [0, 0, 18, 2], "texture": "#53"},
				"down": {"uv": [0, 0, 18, 2], "texture": "#53"}
			}
		},
		{
			"from": [0, 0, -7],
			"to": [1, 8, 1],
			"faces": {
				"north": {"uv": [8, 0, 9, 8], "texture": "#23"},
				"east": {"uv": [0, 0, 8, 8], "texture": "#23"},
				"south": {"uv": [8, 8, 9, 16], "texture": "#23"},
				"west": {"uv": [0, 8, 8, 16], "texture": "#23"},
				"up": {"uv": [10, 8, 9, 0], "texture": "#23"},
				"down": {"uv": [10, 8, 9, 16], "texture": "#23"}
			}
		},
		{
			"from": [15, 0, -7],
			"to": [16, 8, 1],
			"faces": {
				"north": {"uv": [8, 0, 9, 8], "texture": "#24"},
				"east": {"uv": [0, 0, 8, 8], "texture": "#24"},
				"south": {"uv": [8, 8, 9, 16], "texture": "#24"},
				"west": {"uv": [0, 8, 8, 16], "texture": "#24"},
				"up": {"uv": [10, 8, 9, 0], "texture": "#24"},
				"down": {"uv": [10, 8, 9, 16], "texture": "#24"}
			}
		},
		{
			"from": [15, 0, 15],
			"to": [16, 8, 25],
			"faces": {
				"north": {"uv": [5.5, 0, 6, 4], "texture": "#26"},
				"east": {"uv": [0, 0, 5, 4], "texture": "#26"},
				"south": {"uv": [5.5, 4, 6, 8], "texture": "#26"},
				"west": {"uv": [0, 4, 5, 8], "texture": "#26"},
				"up": {"uv": [5.5, 5, 5, 0], "texture": "#26"},
				"down": {"uv": [5.5, 5, 5, 10], "texture": "#26"}
			}
		},
		{
			"from": [0, 0, 15],
			"to": [1, 8, 25],
			"faces": {
				"north": {"uv": [5.5, 0, 6, 4], "texture": "#25"},
				"east": {"uv": [0, 0, 5, 4], "texture": "#25"},
				"south": {"uv": [5.5, 4, 6, 8], "texture": "#25"},
				"west": {"uv": [0, 4, 5, 8], "texture": "#25"},
				"up": {"uv": [5.5, 5, 5, 0], "texture": "#25"},
				"down": {"uv": [5.5, 5, 5, 10], "texture": "#25"}
			}
		},
		{
			"from": [0, 0, -8],
			"to": [16, 8, -7],
			"faces": {
				"north": {"uv": [0, 0, 8, 4], "texture": "#22"},
				"east": {"uv": [8, 0.5, 8.5, 4.5], "texture": "#22"},
				"south": {"uv": [0, 4, 8, 8], "texture": "#22"},
				"west": {"uv": [8, 4.5, 8.5, 8.5], "texture": "#22"},
				"up": {"uv": [8, 8.5, 0, 8], "texture": "#22"},
				"down": {"uv": [16, 0, 8, 0.5], "texture": "#22"}
			}
		},
		{
			"from": [15.5, 7, 17],
			"to": [16.5, 8, 23],
			"faces": {
				"north": {"uv": [0, 0, 1, 1], "texture": "#29"},
				"east": {"uv": [0, 0, 6, 1], "texture": "#29"},
				"south": {"uv": [0, 0, 1, 1], "texture": "#29"},
				"west": {"uv": [0, 0, 6, 1], "texture": "#29"},
				"up": {"uv": [0, 0, 1, 6], "texture": "#29"},
				"down": {"uv": [0, 0, 1, 6], "texture": "#29"}
			}
		},
		{
			"from": [15.5, 7, -7],
			"to": [16.5, 8, -1],
			"faces": {
				"north": {"uv": [0, 0, 1, 1], "texture": "#29"},
				"east": {"uv": [0, 0, 6, 1], "texture": "#29"},
				"south": {"uv": [0, 0, 1, 1], "texture": "#29"},
				"west": {"uv": [0, 0, 6, 1], "texture": "#29"},
				"up": {"uv": [0, 0, 1, 6], "texture": "#29"},
				"down": {"uv": [0, 0, 1, 6], "texture": "#29"}
			}
		},
		{
			"from": [-0.5, 7, -7],
			"to": [0.5, 8, -1],
			"faces": {
				"north": {"uv": [0, 0, 1, 1], "texture": "#29"},
				"east": {"uv": [0, 0, 6, 1], "texture": "#29"},
				"south": {"uv": [0, 0, 1, 1], "texture": "#29"},
				"west": {"uv": [0, 0, 6, 1], "texture": "#29"},
				"up": {"uv": [0, 0, 1, 6], "texture": "#29"},
				"down": {"uv": [0, 0, 1, 6], "texture": "#29"}
			}
		},
		{
			"from": [-0.5, 7, 17],
			"to": [0.5, 8, 23],
			"faces": {
				"north": {"uv": [0, 0, 1, 1], "texture": "#29"},
				"east": {"uv": [0, 0, 6, 1], "texture": "#29"},
				"south": {"uv": [0, 0, 1, 1], "texture": "#29"},
				"west": {"uv": [0, 0, 6, 1], "texture": "#29"},
				"up": {"uv": [0, 0, 1, 6], "texture": "#29"},
				"down": {"uv": [0, 0, 1, 6], "texture": "#29"}
			}
		},
		{
			"from": [-0.5, 1, -6],
			"to": [0.5, 5, -2],
			"faces": {
				"north": {"uv": [0, 0, 1, 4], "texture": "#20"},
				"east": {"uv": [0, 0, 4, 4], "texture": "#20"},
				"south": {"uv": [0, 0, 1, 4], "texture": "#20"},
				"west": {"uv": [0, 0, 16, 16], "texture": "#20"},
				"up": {"uv": [0, 0, 1, 4], "texture": "#20"},
				"down": {"uv": [0, 0, 1, 4], "texture": "#20"}
			}
		},
		{
			"from": [1, -2, -9],
			"to": [15, -1, -8],
			"faces": {
				"north": {"uv": [0, 0, 7, 0.5], "texture": "#29"},
				"east": {"uv": [0, 0, 0.5, 0.5], "texture": "#29"},
				"south": {"uv": [0, 0, 7, 0.5], "texture": "#29"},
				"west": {"uv": [0, 0, 0.5, 0.5], "texture": "#29"},
				"up": {"uv": [0, 0, 7, 0.5], "texture": "#29"},
				"down": {"uv": [0, 0, 7, 0.5], "texture": "#29"}
			}
		},
		{
			"from": [4, -1, -9],
			"to": [12, 8, -8],
			"faces": {
				"north": {"uv": [0, 0, 8, 9], "texture": "#29"},
				"east": {"uv": [0, 0, 1, 9], "texture": "#29"},
				"south": {"uv": [0, 0, 8, 9], "texture": "#29"},
				"west": {"uv": [0, 0, 1, 9], "texture": "#29"},
				"up": {"uv": [0, 0, 8, 1], "texture": "#29"},
				"down": {"uv": [0, 0, 8, 1], "texture": "#29"}
			}
		},
		{
			"from": [9, 4, -9.5],
			"to": [10, 5, -9],
			"faces": {
				"north": {"uv": [0, 0, 1, 1], "texture": "#16"},
				"east": {"uv": [0, 0, 0.5, 1], "texture": "#16"},
				"south": {"uv": [0, 0, 1, 1], "texture": "#16"},
				"west": {"uv": [0, 0, 0.5, 1], "texture": "#16"},
				"up": {"uv": [0, 0, 1, 0.5], "texture": "#16"},
				"down": {"uv": [0, 0, 1, 0.5], "texture": "#16"}
			}
		},
		{
			"from": [9, 4, -10],
			"to": [10, 6, -9.5],
			"faces": {
				"north": {"uv": [0, 0, 1, 2], "texture": "#16"},
				"east": {"uv": [0, 0, 0.5, 2], "texture": "#16"},
				"south": {"uv": [0, 0, 1, 2], "texture": "#16"},
				"west": {"uv": [0, 0, 0.5, 2], "texture": "#16"},
				"up": {"uv": [0, 0, 1, 0.5], "texture": "#16"},
				"down": {"uv": [0, 0, 1, 0.5], "texture": "#16"}
			}
		},
		{
			"from": [12, 7, -9],
			"to": [16, 8, -8],
			"faces": {
				"north": {"uv": [0, 0, 2, 0.5], "texture": "#29"},
				"east": {"uv": [0, 0, 0.5, 0.5], "texture": "#29"},
				"south": {"uv": [0, 0, 2, 0.5], "texture": "#29"},
				"west": {"uv": [0, 0, 0.5, 0.5], "texture": "#29"},
				"up": {"uv": [0, 0, 2, 0.5], "texture": "#29"},
				"down": {"uv": [0, 0, 2, 0.5], "texture": "#29"}
			}
		},
		{
			"from": [0, 7, -9],
			"to": [4, 8, -8],
			"faces": {
				"north": {"uv": [0, 0, 2, 0.5], "texture": "#29"},
				"east": {"uv": [0, 0, 0.5, 0.5], "texture": "#29"},
				"south": {"uv": [0, 0, 2, 0.5], "texture": "#29"},
				"west": {"uv": [0, 0, 0.5, 0.5], "texture": "#29"},
				"up": {"uv": [0, 0, 2, 0.5], "texture": "#29"},
				"down": {"uv": [0, 0, 2, 0.5], "texture": "#29"}
			}
		},
		{
			"from": [12, 2, -9],
			"to": [16, 3, -8],
			"faces": {
				"north": {"uv": [0, 0, 2, 0.5], "texture": "#29"},
				"east": {"uv": [0, 0, 0.5, 0.5], "texture": "#29"},
				"south": {"uv": [0, 0, 2, 0.5], "texture": "#29"},
				"west": {"uv": [0, 0, 0.5, 0.5], "texture": "#29"},
				"up": {"uv": [0, 0, 2, 0.5], "texture": "#29"},
				"down": {"uv": [0, 0, 2, 0.5], "texture": "#29"}
			}
		},
		{
			"from": [0, 2, -9],
			"to": [4, 3, -8],
			"faces": {
				"north": {"uv": [0, 0, 2, 0.5], "texture": "#29"},
				"east": {"uv": [0, 0, 0.5, 0.5], "texture": "#29"},
				"south": {"uv": [0, 0, 2, 0.5], "texture": "#29"},
				"west": {"uv": [0, 0, 0.5, 0.5], "texture": "#29"},
				"up": {"uv": [0, 0, 2, 0.5], "texture": "#29"},
				"down": {"uv": [0, 0, 2, 0.5], "texture": "#29"}
			}
		},
		{
			"from": [1, -1, -9],
			"to": [2, 1, -8],
			"faces": {
				"north": {"uv": [0, 0, 0.5, 1], "texture": "#9"},
				"east": {"uv": [0, 0, 0.5, 1], "texture": "#9"},
				"south": {"uv": [0, 0, 0.5, 1], "texture": "#9"},
				"west": {"uv": [0, 0, 0.5, 1], "texture": "#9"},
				"up": {"uv": [0, 0, 0.5, 0.5], "texture": "#9"},
				"down": {"uv": [0, 0, 0.5, 0.5], "texture": "#9"}
			}
		},
		{
			"from": [3, -1, -9],
			"to": [4, 1, -8],
			"faces": {
				"north": {"uv": [0, 0, 0.5, 1], "texture": "#7"},
				"east": {"uv": [0, 0, 0.5, 1], "texture": "#7"},
				"south": {"uv": [0, 0, 0.5, 1], "texture": "#7"},
				"west": {"uv": [0, 0, 0.5, 1], "texture": "#7"},
				"up": {"uv": [0, 0, 0.5, 0.5], "texture": "#7"},
				"down": {"uv": [0, 0, 0.5, 0.5], "texture": "#7"}
			}
		},
		{
			"from": [12, -1, -9],
			"to": [13, 1, -8],
			"faces": {
				"north": {"uv": [0, 0, 0.5, 1], "texture": "#7"},
				"east": {"uv": [0, 0, 0.5, 1], "texture": "#7"},
				"south": {"uv": [0, 0, 0.5, 1], "texture": "#7"},
				"west": {"uv": [0, 0, 0.5, 1], "texture": "#7"},
				"up": {"uv": [0, 0, 0.5, 0.5], "texture": "#7"},
				"down": {"uv": [0, 0, 0.5, 0.5], "texture": "#7"}
			}
		},
		{
			"from": [14, -6, -9],
			"to": [15, -4, -8],
			"faces": {
				"north": {"uv": [0, 0, 0.5, 1], "texture": "#9"},
				"east": {"uv": [0, 0, 0.5, 1], "texture": "#9"},
				"south": {"uv": [0, 0, 0.5, 1], "texture": "#9"},
				"west": {"uv": [0, 0, 0.5, 1], "texture": "#9"},
				"up": {"uv": [0, 0, 0.5, 0.5], "texture": "#9"},
				"down": {"uv": [0, 0, 0.5, 0.5], "texture": "#9"}
			}
		},
		{
			"from": [12, -6, -9],
			"to": [13, -4, -8],
			"faces": {
				"north": {"uv": [0, 0, 0.5, 1], "texture": "#7"},
				"east": {"uv": [0, 0, 0.5, 1], "texture": "#7"},
				"south": {"uv": [0, 0, 0.5, 1], "texture": "#7"},
				"west": {"uv": [0, 0, 0.5, 1], "texture": "#7"},
				"up": {"uv": [0, 0, 0.5, 0.5], "texture": "#7"},
				"down": {"uv": [0, 0, 0.5, 0.5], "texture": "#7"}
			}
		},
		{
			"from": [3, -6, -9],
			"to": [4, -4, -8],
			"faces": {
				"north": {"uv": [0.25, 0.25, 0.75, 0.75], "texture": "#7"},
				"east": {"uv": [0.25, 0.25, 0.75, 0.75], "texture": "#7"},
				"south": {"uv": [0.25, 0.25, 0.75, 0.75], "texture": "#7"},
				"west": {"uv": [0.25, 0.25, 0.75, 0.75], "texture": "#7"},
				"up": {"uv": [0.25, 0.25, 0.75, 0.75], "texture": "#7"},
				"down": {"uv": [0.25, 0.25, 0.75, 0.75], "texture": "#7"}
			}
		},
		{
			"from": [1, -6, -9],
			"to": [2, -4, -8],
			"faces": {
				"north": {"uv": [0, 0, 0.5, 1], "texture": "#9"},
				"east": {"uv": [0, 0, 0.5, 1], "texture": "#9"},
				"south": {"uv": [0, 0, 0.5, 1], "texture": "#9"},
				"west": {"uv": [0, 0, 0.5, 1], "texture": "#9"},
				"up": {"uv": [0, 0, 0.5, 0.5], "texture": "#9"},
				"down": {"uv": [0, 0, 0.5, 0.5], "texture": "#9"}
			}
		},
		{
			"from": [14, -1, -9],
			"to": [15, 1, -8],
			"faces": {
				"north": {"uv": [0, 0, 0.5, 1], "texture": "#9"},
				"east": {"uv": [0, 0, 0.5, 1], "texture": "#9"},
				"south": {"uv": [0, 0, 0.5, 1], "texture": "#9"},
				"west": {"uv": [0, 0, 0.5, 1], "texture": "#9"},
				"up": {"uv": [0, 0, 0.5, 0.5], "texture": "#9"},
				"down": {"uv": [0, 0, 0.5, 0.5], "texture": "#9"}
			}
		},
		{
			"from": [14, -5, -10],
			"to": [15, -1, -9],
			"faces": {
				"north": {"uv": [0, 0, 0.5, 2], "texture": "#5"},
				"east": {"uv": [0, 0, 0.5, 2], "texture": "#5"},
				"south": {"uv": [0, 0, 0.5, 2], "texture": "#5"},
				"west": {"uv": [0, 0, 0.5, 2], "texture": "#5"},
				"up": {"uv": [0, 0, 0.5, 0.5], "texture": "#5"},
				"down": {"uv": [0, 0, 0.5, 0.5], "texture": "#5"}
			}
		},
		{
			"from": [12, -5, -10],
			"to": [13, -1, -9],
			"faces": {
				"north": {"uv": [0, 0, 0.5, 2], "texture": "#5"},
				"east": {"uv": [0, 0, 0.5, 2], "texture": "#5"},
				"south": {"uv": [0, 0, 0.5, 2], "texture": "#5"},
				"west": {"uv": [0, 0, 0.5, 2], "texture": "#5"},
				"up": {"uv": [0, 0, 0.5, 0.5], "texture": "#5"},
				"down": {"uv": [0, 0, 0.5, 0.5], "texture": "#5"}
			}
		},
		{
			"from": [3, -5, -10],
			"to": [4, -1, -9],
			"faces": {
				"north": {"uv": [0, 0, 0.5, 2], "texture": "#5"},
				"east": {"uv": [0, 0, 0.5, 2], "texture": "#5"},
				"south": {"uv": [0, 0, 0.5, 2], "texture": "#5"},
				"west": {"uv": [0, 0, 0.5, 2], "texture": "#5"},
				"up": {"uv": [0, 0, 0.5, 0.5], "texture": "#5"},
				"down": {"uv": [0, 0, 0.5, 0.5], "texture": "#5"}
			}
		},
		{
			"from": [1, -5, -10],
			"to": [2, -1, -9],
			"faces": {
				"north": {"uv": [0, 0, 0.5, 2], "texture": "#5"},
				"east": {"uv": [0, 0, 0.5, 2], "texture": "#5"},
				"south": {"uv": [0, 0, 0.5, 2], "texture": "#5"},
				"west": {"uv": [0, 0, 0.5, 2], "texture": "#5"},
				"up": {"uv": [0, 0, 0.5, 0.5], "texture": "#5"},
				"down": {"uv": [0, 0, 0.5, 0.5], "texture": "#5"}
			}
		},
		{
			"from": [16, 1, -6],
			"to": [17, 2, -2],
			"faces": {
				"north": {"uv": [0, 0, 1, 1], "texture": "#16"},
				"east": {"uv": [0, 0, 4, 1], "texture": "#16"},
				"south": {"uv": [0, 0, 1, 1], "texture": "#16"},
				"west": {"uv": [0, 0, 4, 1], "texture": "#16"},
				"up": {"uv": [0, 0, 1, 4], "texture": "#16"},
				"down": {"uv": [0, 0, 1, 4], "texture": "#16"}
			}
		},
		{
			"from": [15.5, -3, -6],
			"to": [16, -2, -2],
			"faces": {
				"north": {"uv": [0, 0, 0.5, 1], "texture": "#16"},
				"east": {"uv": [0, 0, 4, 1], "texture": "#16"},
				"south": {"uv": [0, 0, 0.5, 1], "texture": "#16"},
				"west": {"uv": [0, 0, 4, 1], "texture": "#16"},
				"up": {"uv": [0, 0, 0.5, 4], "texture": "#16"},
				"down": {"uv": [0, 0, 0.5, 4], "texture": "#16"}
			}
		},
		{
			"from": [15.5, -2, -6],
			"to": [16, -1, -5],
			"faces": {
				"north": {"uv": [0, 0, 0.5, 1], "texture": "#1"},
				"east": {"uv": [0, 0, 1, 1], "texture": "#1"},
				"south": {"uv": [0, 0, 0.5, 1], "texture": "#1"},
				"west": {"uv": [0, 0, 1, 1], "texture": "#1"},
				"up": {"uv": [0, 0, 0.5, 1], "texture": "#1"},
				"down": {"uv": [0, 0, 0.5, 1], "texture": "#1"}
			}
		},
		{
			"from": [15.5, -2, -3],
			"to": [16, -1, -2],
			"faces": {
				"north": {"uv": [0, 0, 0.5, 1], "texture": "#1"},
				"east": {"uv": [0, 0, 1, 1], "texture": "#1"},
				"south": {"uv": [0, 0, 0.5, 1], "texture": "#1"},
				"west": {"uv": [0, 0, 1, 1], "texture": "#1"},
				"up": {"uv": [0, 0, 0.5, 1], "texture": "#1"},
				"down": {"uv": [0, 0, 0.5, 1], "texture": "#1"}
			}
		},
		{
			"from": [16, 4, -6],
			"to": [17, 5, -2],
			"faces": {
				"north": {"uv": [0, 0, 1, 1], "texture": "#16"},
				"east": {"uv": [0, 0, 4, 1], "texture": "#16"},
				"south": {"uv": [0, 0, 1, 1], "texture": "#16"},
				"west": {"uv": [0, 0, 4, 1], "texture": "#16"},
				"up": {"uv": [0, 0, 1, 4], "texture": "#16"},
				"down": {"uv": [0, 0, 1, 4], "texture": "#16"}
			}
		},
		{
			"from": [0, -1, -8],
			"to": [16, 0, 32],
			"faces": {
				"north": {"uv": [4, 0.25, 6, 0.375], "texture": "#21"},
				"east": {"uv": [4, 0, 9, 0.125], "texture": "#21"},
				"south": {"uv": [4, 0.375, 6, 0.5], "texture": "#21"},
				"west": {"uv": [4, 0.125, 9, 0.25], "texture": "#21"},
				"up": {"uv": [2, 5, 0, 0], "texture": "#21"},
				"down": {"uv": [4, 0, 2, 5], "texture": "#21"}
			}
		},
		{
			"from": [1, -3, -8],
			"to": [15, -1, 32],
			"faces": {
				"north": {"uv": [0, 0, 14, 2], "texture": "#5"},
				"east": {"uv": [0, 0, 32, 2], "texture": "#5"},
				"south": {"uv": [0, 0, 14, 2], "texture": "#5"},
				"west": {"uv": [0, 0, 32, 2], "texture": "#5"},
				"up": {"uv": [0, 0, 14, 32], "texture": "#5"},
				"down": {"uv": [0, 0, 14, 32], "texture": "#5"}
			}
		},
		{
			"from": [10, -5, 19],
			"to": [16, -4, 20],
			"faces": {
				"north": {"uv": [0, 0, 6, 1], "texture": "#9"},
				"east": {"uv": [0, 0, 1, 1], "texture": "#9"},
				"south": {"uv": [0, 0, 6, 1], "texture": "#9"},
				"west": {"uv": [0, 0, 1, 1], "texture": "#9"},
				"up": {"uv": [0, 0, 6, 1], "texture": "#9"},
				"down": {"uv": [0, 0, 6, 1], "texture": "#9"}
			}
		},
		{
			"from": [6, -6, 19],
			"to": [7, -5, 20],
			"faces": {
				"north": {"uv": [0, 0, 1, 1], "texture": "#7"},
				"east": {"uv": [0, 0, 1, 1], "texture": "#7"},
				"south": {"uv": [0, 0, 1, 1], "texture": "#7"},
				"west": {"uv": [0, 0, 1, 1], "texture": "#7"},
				"up": {"uv": [0, 0, 1, 1], "texture": "#7"},
				"down": {"uv": [0, 0, 1, 1], "texture": "#7"}
			}
		},
		{
			"from": [6, -6, 22],
			"to": [8, -5, 23],
			"faces": {
				"north": {"uv": [0, 0, 2, 1], "texture": "#7"},
				"east": {"uv": [0, 0, 1, 1], "texture": "#7"},
				"south": {"uv": [0, 0, 2, 1], "texture": "#7"},
				"west": {"uv": [0, 0, 1, 1], "texture": "#7"},
				"up": {"uv": [0, 0, 2, 1], "texture": "#7"},
				"down": {"uv": [0, 0, 2, 1], "texture": "#7"}
			}
		},
		{
			"from": [4, -6, 25],
			"to": [5, -5, 29],
			"faces": {
				"north": {"uv": [0, 0, 1, 1], "texture": "#7"},
				"east": {"uv": [0, 0, 4, 1], "texture": "#7"},
				"south": {"uv": [0, 0, 1, 1], "texture": "#7"},
				"west": {"uv": [0, 0, 4, 1], "texture": "#7"},
				"up": {"uv": [0, 0, 1, 4], "texture": "#7"},
				"down": {"uv": [0, 0, 1, 4], "texture": "#7"}
			}
		},
		{
			"from": [4, -6, 29],
			"to": [8.5, -5, 30],
			"faces": {
				"north": {"uv": [0, 0, 4.5, 1], "texture": "#7"},
				"east": {"uv": [0, 0, 1, 1], "texture": "#7"},
				"south": {"uv": [0, 0, 4.5, 1], "texture": "#7"},
				"west": {"uv": [0, 0, 1, 1], "texture": "#7"},
				"up": {"uv": [0, 0, 4.5, 1], "texture": "#7"},
				"down": {"uv": [0, 0, 4.5, 1], "texture": "#7"}
			}
		},
		{
			"from": [7.5, -6, 30],
			"to": [8.5, -5, 32],
			"faces": {
				"north": {"uv": [0, 0, 1, 1], "texture": "#7"},
				"east": {"uv": [0, 0, 2, 1], "texture": "#7"},
				"south": {"uv": [0, 0, 1, 1], "texture": "#7"},
				"west": {"uv": [0, 0, 2, 1], "texture": "#7"},
				"up": {"uv": [0, 0, 1, 2], "texture": "#7"},
				"down": {"uv": [0, 0, 1, 2], "texture": "#7"}
			}
		},
		{
			"from": [8, -6, 22],
			"to": [9, -3, 23],
			"faces": {
				"north": {"uv": [0, 0, 1, 3], "texture": "#7"},
				"east": {"uv": [0, 0, 1, 3], "texture": "#7"},
				"south": {"uv": [0, 0, 1, 3], "texture": "#7"},
				"west": {"uv": [0, 0, 1, 3], "texture": "#7"},
				"up": {"uv": [0, 0, 1, 1], "texture": "#7"},
				"down": {"uv": [0, 0, 1, 1], "texture": "#7"}
			}
		},
		{
			"from": [3, -7, 18],
			"to": [6, -4, 25],
			"faces": {
				"north": {"uv": [0, 0, 3, 3], "texture": "#53"},
				"east": {"uv": [0, 0, 7, 3], "texture": "#53"},
				"south": {"uv": [0, 0, 3, 3], "texture": "#53"},
				"west": {"uv": [0, 0, 7, 3], "texture": "#53"},
				"up": {"uv": [0, 0, 3, 7], "texture": "#53"},
				"down": {"uv": [0, 0, 3, 7], "texture": "#53"}
			}
		},
		{
			"from": [7, -7, 18],
			"to": [10, -3, 21],
			"faces": {
				"north": {"uv": [0, 0, 3, 4], "texture": "#15"},
				"east": {"uv": [0, 0, 3, 4], "texture": "#15"},
				"south": {"uv": [0, 0, 3, 4], "texture": "#15"},
				"west": {"uv": [0, 0, 3, 4], "texture": "#15"},
				"up": {"uv": [0, 0, 3, 3], "texture": "#15"},
				"down": {"uv": [0, 0, 3, 3], "texture": "#15"}
			}
		},
		{
			"from": [5, -4, 23],
			"to": [6, -3, 24],
			"faces": {
				"north": {"uv": [0, 0, 1, 1], "texture": "#5"},
				"east": {"uv": [0, 0, 1, 1], "texture": "#5"},
				"south": {"uv": [0, 0, 1, 1], "texture": "#5"},
				"west": {"uv": [0, 0, 1, 1], "texture": "#5"},
				"up": {"uv": [0, 0, 1, 1], "texture": "#5"},
				"down": {"uv": [0, 0, 1, 1], "texture": "#5"}
			}
		},
		{
			"from": [5, -4, 19],
			"to": [6, -3, 20],
			"faces": {
				"north": {"uv": [0, 0, 1, 1], "texture": "#5"},
				"east": {"uv": [0, 0, 1, 1], "texture": "#5"},
				"south": {"uv": [0, 0, 1, 1], "texture": "#5"},
				"west": {"uv": [0, 0, 1, 1], "texture": "#5"},
				"up": {"uv": [0, 0, 1, 1], "texture": "#5"},
				"down": {"uv": [0, 0, 1, 1], "texture": "#5"}
			}
		},
		{
			"from": [13, -4, 19],
			"to": [14, -3, 20],
			"faces": {
				"north": {"uv": [0, 0, 1, 1], "texture": "#5"},
				"east": {"uv": [0, 0, 1, 1], "texture": "#5"},
				"south": {"uv": [0, 0, 1, 1], "texture": "#5"},
				"west": {"uv": [0, 0, 1, 1], "texture": "#5"},
				"up": {"uv": [0, 0, 1, 1], "texture": "#5"},
				"down": {"uv": [0, 0, 1, 1], "texture": "#5"}
			}
		},
		{
			"from": [5.5, -5, 29],
			"to": [6.5, -3, 30],
			"faces": {
				"north": {"uv": [0, 0, 1, 2], "texture": "#5"},
				"east": {"uv": [0, 0, 1, 2], "texture": "#5"},
				"south": {"uv": [0, 0, 1, 2], "texture": "#5"},
				"west": {"uv": [0, 0, 1, 2], "texture": "#5"},
				"up": {"uv": [0, 0, 1, 1], "texture": "#5"},
				"down": {"uv": [0, 0, 1, 1], "texture": "#5"}
			}
		},
		{
			"from": [3, -4, 19],
			"to": [4, -3, 20],
			"faces": {
				"north": {"uv": [0, 0, 1, 1], "texture": "#5"},
				"east": {"uv": [0, 0, 1, 1], "texture": "#5"},
				"south": {"uv": [0, 0, 1, 1], "texture": "#5"},
				"west": {"uv": [0, 0, 1, 1], "texture": "#5"},
				"up": {"uv": [0, 0, 1, 1], "texture": "#5"},
				"down": {"uv": [0, 0, 1, 1], "texture": "#5"}
			}
		},
		{
			"from": [3, -4, 23],
			"to": [4, -3, 24],
			"faces": {
				"north": {"uv": [0, 0, 1, 1], "texture": "#5"},
				"east": {"uv": [0, 0, 1, 1], "texture": "#5"},
				"south": {"uv": [0, 0, 1, 1], "texture": "#5"},
				"west": {"uv": [0, 0, 1, 1], "texture": "#5"},
				"up": {"uv": [0, 0, 1, 1], "texture": "#5"},
				"down": {"uv": [0, 0, 1, 1], "texture": "#5"}
			}
		},
		{
			"from": [16, -4, 19],
			"to": [16.5, -3, 20],
			"faces": {
				"north": {"uv": [0, 0, 0.5, 1], "texture": "#16"},
				"east": {"uv": [0, 0, 1, 1], "texture": "#16"},
				"south": {"uv": [0, 0, 0.5, 1], "texture": "#16"},
				"west": {"uv": [0, 0, 1, 1], "texture": "#16"},
				"up": {"uv": [0, 0, 0.5, 1], "texture": "#16"},
				"down": {"uv": [0, 0, 0.5, 1], "texture": "#16"}
			}
		},
		{
			"from": [16, -3, 18],
			"to": [16.5, -2, 21],
			"faces": {
				"north": {"uv": [0, 0, 0.5, 1], "texture": "#16"},
				"east": {"uv": [0, 0, 3, 1], "texture": "#16"},
				"south": {"uv": [0, 0, 0.5, 1], "texture": "#16"},
				"west": {"uv": [0, 0, 3, 1], "texture": "#16"},
				"up": {"uv": [0, 0, 0.5, 3], "texture": "#16"},
				"down": {"uv": [0, 0, 0.5, 3], "texture": "#16"}
			}
		},
		{
			"from": [16, -7, 18],
			"to": [16.5, -6, 21],
			"faces": {
				"north": {"uv": [0, 0, 0.5, 1], "texture": "#16"},
				"east": {"uv": [0, 0, 3, 1], "texture": "#16"},
				"south": {"uv": [0, 0, 0.5, 1], "texture": "#16"},
				"west": {"uv": [0, 0, 3, 1], "texture": "#16"},
				"up": {"uv": [0, 0, 0.5, 3], "texture": "#16"},
				"down": {"uv": [0, 0, 0.5, 3], "texture": "#16"}
			}
		},
		{
			"from": [16, -6, 21],
			"to": [16.5, -3, 22],
			"faces": {
				"north": {"uv": [0, 0, 0.5, 3], "texture": "#16"},
				"east": {"uv": [0, 0, 1, 3], "texture": "#16"},
				"south": {"uv": [0, 0, 0.5, 3], "texture": "#16"},
				"west": {"uv": [0, 0, 1, 3], "texture": "#16"},
				"up": {"uv": [0, 0, 0.5, 1], "texture": "#16"},
				"down": {"uv": [0, 0, 0.5, 1], "texture": "#16"}
			}
		},
		{
			"from": [16, -6, 17],
			"to": [16.5, -3, 18],
			"faces": {
				"north": {"uv": [0, 0, 0.5, 3], "texture": "#16"},
				"east": {"uv": [0, 0, 1, 3], "texture": "#16"},
				"south": {"uv": [0, 0, 0.5, 3], "texture": "#16"},
				"west": {"uv": [0, 0, 1, 3], "texture": "#16"},
				"up": {"uv": [0, 0, 0.5, 1], "texture": "#16"},
				"down": {"uv": [0, 0, 0.5, 1], "texture": "#16"}
			}
		},
		{
			"from": [16, -6, 19],
			"to": [16.5, -5, 20],
			"faces": {
				"north": {"uv": [0, 0, 0.5, 1], "texture": "#16"},
				"east": {"uv": [0, 0, 1, 1], "texture": "#16"},
				"south": {"uv": [0, 0, 0.5, 1], "texture": "#16"},
				"west": {"uv": [0, 0, 1, 1], "texture": "#16"},
				"up": {"uv": [0, 0, 0.5, 1], "texture": "#16"},
				"down": {"uv": [0, 0, 0.5, 1], "texture": "#16"}
			}
		},
		{
			"from": [16, -5, 18],
			"to": [16.5, -4, 21],
			"faces": {
				"north": {"uv": [0, 0, 0.5, 1], "texture": "#16"},
				"east": {"uv": [0, 0, 3, 1], "texture": "#16"},
				"south": {"uv": [0, 0, 0.5, 1], "texture": "#16"},
				"west": {"uv": [0, 0, 3, 1], "texture": "#16"},
				"up": {"uv": [0, 0, 0.5, 3], "texture": "#16"},
				"down": {"uv": [0, 0, 0.5, 3], "texture": "#16"}
			}
		},
		{
			"from": [1, -8, 24],
			"to": [2, -3, 25],
			"faces": {
				"north": {"uv": [0, 0, 1, 5], "texture": "#1"},
				"east": {"uv": [0, 0, 1, 5], "texture": "#1"},
				"south": {"uv": [0, 0, 1, 5], "texture": "#1"},
				"west": {"uv": [0, 0, 1, 5], "texture": "#1"},
				"up": {"uv": [0, 0, 1, 1], "texture": "#1"},
				"down": {"uv": [0, 0, 1, 1], "texture": "#1"}
			}
		},
		{
			"from": [14, -8, 24],
			"to": [15, -3, 25],
			"faces": {
				"north": {"uv": [0, 0, 1, 5], "texture": "#1"},
				"east": {"uv": [0, 0, 1, 5], "texture": "#1"},
				"south": {"uv": [0, 0, 1, 5], "texture": "#1"},
				"west": {"uv": [0, 0, 1, 5], "texture": "#1"},
				"up": {"uv": [0, 0, 1, 1], "texture": "#1"},
				"down": {"uv": [0, 0, 1, 1], "texture": "#1"}
			}
		},
		{
			"from": [1, -7, 22],
			"to": [2, -5, 23],
			"faces": {
				"north": {"uv": [0, 0, 1, 2], "texture": "#1"},
				"east": {"uv": [0, 0, 1, 2], "texture": "#1"},
				"south": {"uv": [0, 0, 1, 2], "texture": "#1"},
				"west": {"uv": [0, 0, 1, 2], "texture": "#1"},
				"up": {"uv": [0, 0, 1, 1], "texture": "#1"},
				"down": {"uv": [0, 0, 1, 1], "texture": "#1"}
			}
		},
		{
			"from": [1, -5, 21],
			"to": [2, -3, 22],
			"faces": {
				"north": {"uv": [0, 0, 1, 2], "texture": "#1"},
				"east": {"uv": [0, 0, 1, 2], "texture": "#1"},
				"south": {"uv": [0, 0, 1, 2], "texture": "#1"},
				"west": {"uv": [0, 0, 1, 2], "texture": "#1"},
				"up": {"uv": [0, 0, 1, 1], "texture": "#1"},
				"down": {"uv": [0, 0, 1, 1], "texture": "#1"}
			}
		},
		{
			"from": [1, -8, 23],
			"to": [2, -7, 24],
			"faces": {
				"north": {"uv": [0, 0, 1, 1], "texture": "#1"},
				"east": {"uv": [0, 0, 1, 1], "texture": "#1"},
				"south": {"uv": [0, 0, 1, 1], "texture": "#1"},
				"west": {"uv": [0, 0, 1, 1], "texture": "#1"},
				"up": {"uv": [0, 0, 1, 1], "texture": "#1"},
				"down": {"uv": [0, 0, 1, 1], "texture": "#1"}
			}
		},
		{
			"from": [14, -7, 22],
			"to": [15, -6, 23],
			"faces": {
				"north": {"uv": [0, 0, 1, 1], "texture": "#1"},
				"east": {"uv": [0, 0, 1, 1], "texture": "#1"},
				"south": {"uv": [0, 0, 1, 1], "texture": "#1"},
				"west": {"uv": [0, 0, 1, 1], "texture": "#1"},
				"up": {"uv": [0, 0, 1, 1], "texture": "#1"},
				"down": {"uv": [0, 0, 1, 1], "texture": "#1"}
			}
		},
		{
			"from": [14, -6, 22],
			"to": [15, -5, 23],
			"faces": {
				"north": {"uv": [0, 0, 1, 1], "texture": "#1"},
				"east": {"uv": [0, 0, 1, 1], "texture": "#1"},
				"south": {"uv": [0, 0, 1, 1], "texture": "#1"},
				"west": {"uv": [0, 0, 1, 1], "texture": "#1"},
				"up": {"uv": [0, 0, 1, 1], "texture": "#1"},
				"down": {"uv": [0, 0, 1, 1], "texture": "#1"}
			}
		},
		{
			"from": [14, -5, 21],
			"to": [15, -3, 22],
			"faces": {
				"north": {"uv": [0, 0, 1, 2], "texture": "#1"},
				"east": {"uv": [0, 0, 1, 2], "texture": "#1"},
				"south": {"uv": [0, 0, 1, 2], "texture": "#1"},
				"west": {"uv": [0, 0, 1, 2], "texture": "#1"},
				"up": {"uv": [0, 0, 1, 1], "texture": "#1"},
				"down": {"uv": [0, 0, 1, 1], "texture": "#1"}
			}
		},
		{
			"from": [14, -8, 23],
			"to": [15, -7, 24],
			"faces": {
				"north": {"uv": [0, 0, 1, 1], "texture": "#1"},
				"east": {"uv": [0, 0, 1, 1], "texture": "#1"},
				"south": {"uv": [0, 0, 1, 1], "texture": "#1"},
				"west": {"uv": [0, 0, 1, 1], "texture": "#1"},
				"up": {"uv": [0, 0, 1, 1], "texture": "#1"},
				"down": {"uv": [0, 0, 1, 1], "texture": "#1"}
			}
		},
		{
			"from": [1, -9, 24],
			"to": [2, -8, 32],
			"faces": {
				"north": {"uv": [0, 0, 1, 1], "texture": "#1"},
				"east": {"uv": [0, 0, 8, 1], "texture": "#1"},
				"south": {"uv": [0, 0, 1, 1], "texture": "#1"},
				"west": {"uv": [0, 0, 8, 1], "texture": "#1"},
				"up": {"uv": [0, 0, 1, 8], "texture": "#1"},
				"down": {"uv": [0, 0, 1, 8], "texture": "#1"}
			}
		},
		{
			"from": [14, -9, 24],
			"to": [15, -8, 32],
			"faces": {
				"north": {"uv": [0, 0, 1, 1], "texture": "#1"},
				"east": {"uv": [0, 0, 8, 1], "texture": "#1"},
				"south": {"uv": [0, 0, 1, 1], "texture": "#1"},
				"west": {"uv": [0, 0, 8, 1], "texture": "#1"},
				"up": {"uv": [0, 0, 1, 8], "texture": "#1"},
				"down": {"uv": [0, 0, 1, 8], "texture": "#1"}
			}
		},
		{
			"from": [15, 0, 25],
			"to": [16, 8, 32],
			"faces": {
				"north": {"uv": [0, 8, 1, 16], "texture": "#28"},
				"east": {"uv": [0, 0, 7, 8], "texture": "#28"},
				"south": {"uv": [1, 8, 2, 16], "texture": "#28"},
				"west": {"uv": [7, 0, 14, 8], "texture": "#28"},
				"up": {"uv": [3, 15, 2, 8], "texture": "#28"},
				"down": {"uv": [4, 8, 3, 15], "texture": "#28"}
			}
		}
	],
	"display": {
		"head": {
			"scale": [1.9, 1.9, 1.9]
		}
	},
	"groups": [
		{
			"name": "body",
			"origin": [8, 8, 8],
			"color": 0,
			"children": [
				{
					"name": "Doors",
					"origin": [8, 8, 8],
					"color": 0,
					"children": [
						{
							"name": "rDoor",
							"origin": [0, 0, 0],
							"color": 0,
							"children": [0, 1, 2, 3, 4, 5]
						},
						{
							"name": "rDoor",
							"origin": [0, 0, 0],
							"color": 0,
							"children": [6, 7, 8, 9, 10, 11]
						},
						{
							"name": "rDoor",
							"origin": [0, 0, 0],
							"color": 0,
							"children": [12, 13, 14, 15, 16, 17]
						},
						{
							"name": "lDoor",
							"origin": [0, 0, 0],
							"color": 0,
							"children": [18, 19, 20, 21, 22]
						},
						{
							"name": "lDoor",
							"origin": [0, 0, 0],
							"color": 0,
							"children": [23, 24, 25, 26, 27, 28]
						},
						{
							"name": "lDoor",
							"origin": [0, 0, 0],
							"color": 0,
							"children": [29, 30, 31, 32, 33, 34]
						},
						{
							"name": "lDoor",
							"origin": [0, 0, 0],
							"color": 0,
							"children": [35, 36, 37, 38, 39]
						}
					]
				},
				{
					"name": "ribs",
					"origin": [8, 8, 8],
					"color": 0,
					"children": [
						{
							"name": "all lribs",
							"origin": [8, 8, 8],
							"color": 0,
							"children": [
								{
									"name": "lrib",
									"origin": [8, 8, 8],
									"color": 0,
									"children": [40, 41, 42]
								},
								{
									"name": "lrib end",
									"origin": [8, 8, 8],
									"color": 0,
									"children": [43, 44, 45]
								},
								{
									"name": "lrib",
									"origin": [8, 8, 8],
									"color": 0,
									"children": []
								},
								{
									"name": "lrib",
									"origin": [8, 8, 8],
									"color": 0,
									"children": [46, 47, 48]
								},
								{
									"name": "lrib",
									"origin": [8, 8, 8],
									"color": 0,
									"children": [49, 50, 51]
								},
								{
									"name": "lrib middle",
									"origin": [8, 8, 8],
									"color": 0,
									"children": []
								}
							]
						},
						{
							"name": "all rribs",
							"origin": [8, 8, 8],
							"color": 0,
							"children": [
								{
									"name": "rrib",
									"origin": [8, 8, 8],
									"color": 0,
									"children": [52, 53, 54]
								},
								{
									"name": "rrib",
									"origin": [8, 8, 8],
									"color": 0,
									"children": []
								},
								{
									"name": "rrib",
									"origin": [8, 8, 8],
									"color": 0,
									"children": [55, 56, 57]
								},
								{
									"name": "rrib",
									"origin": [8, 8, 8],
									"color": 0,
									"children": [58, 59, 60]
								},
								{
									"name": "rrib end",
									"origin": [8, 8, 8],
									"color": 0,
									"children": [61, 62, 63]
								},
								{
									"name": "rrib middle",
									"origin": [8, 8, 8],
									"color": 0,
									"children": []
								}
							]
						},
						64,
						65,
						66,
						67,
						68
					]
				},
				69,
				70,
				71,
				72,
				73,
				74,
				75,
				76,
				77,
				78,
				{
					"name": "end",
					"origin": [0, 0, 0],
					"color": 0,
					"children": [
						79,
						80,
						81,
						82,
						83,
						84,
						85,
						86,
						{
							"name": "AirBrakes",
							"origin": [0, 0, 0],
							"color": 0,
							"children": [87, 88, 89, 90, 91, 92, 93, 94, 95, 96, 97, 98]
						}
					]
				},
				{
					"name": "ladder",
					"origin": [8, 8, 8],
					"color": 0,
					"children": [99, 100, 101, 102, 103]
				}
			]
		},
		{
			"name": "frame",
			"origin": [8, 8, 8],
			"color": 0,
			"children": [104, 105]
		},
		{
			"name": "Underframe",
			"origin": [0, 0, 0],
			"color": 0,
			"children": [106, 107, 108, 109, 110, 111, 112, 113, 114, 115, 116, 117, 118, 119, 120, 121, 122, 123, 124, 125, 126, 127]
		},
		128,
		129,
		130,
		131,
		132,
		133,
		134,
		135,
		136,
		137,
		138,
		139
	]
}