{
	"credit": "Made with Blockbench",
	"textures": {
		"12": "LipanLocoTextures/dark metal",
		"13": "LipanLocoTextures/shine metal",
		"particle": "LipanLocoTextures/MidoriMEMUtextures/MEMU_gwindow"
	},
	"elements": [
		{
			"from": [4, 0.5, 0.25],
			"to": [12, 1, 2.25],
			"faces": {
				"north": {"uv": [0, 0, 4, 0.25], "texture": "#12"},
				"east": {"uv": [0, 0, 1, 0.25], "texture": "#12"},
				"south": {"uv": [0, 0, 4, 0.25], "texture": "#12"},
				"west": {"uv": [0, 0, 1, 0.25], "texture": "#12"},
				"up": {"uv": [0, 0, 4, 1], "texture": "#12"},
				"down": {"uv": [0, 0, 4, 1], "texture": "#12"}
			}
		},
		{
			"from": [4, 1, 0.25],
			"to": [5, 27, 2.25],
			"faces": {
				"north": {"uv": [0, 0, 0.5, 13], "texture": "#13"},
				"east": {"uv": [0, 0, 1, 13], "texture": "#13"},
				"south": {"uv": [0, 0, 0.5, 13], "texture": "#13"},
				"west": {"uv": [0, 0, 1, 13], "texture": "#13"},
				"up": {"uv": [0, 0, 0.5, 1], "texture": "#13"},
				"down": {"uv": [0, 0, 0.5, 1], "texture": "#13"}
			}
		},
		{
			"from": [4, 27, 0.25],
			"to": [12, 27.5, 2.25],
			"faces": {
				"north": {"uv": [0, 0, 4, 0.25], "texture": "#12"},
				"east": {"uv": [0, 0, 1, 0.25], "texture": "#12"},
				"south": {"uv": [0, 0, 4, 0.25], "texture": "#12"},
				"west": {"uv": [0, 0, 1, 0.25], "texture": "#12"},
				"up": {"uv": [0, 0, 4, 1], "texture": "#12"},
				"down": {"uv": [0, 0, 4, 1], "texture": "#12"}
			}
		},
		{
			"from": [11, 1, 0.25],
			"to": [12, 27, 2.25],
			"faces": {
				"north": {"uv": [0, 0, 0.5, 13], "texture": "#13"},
				"east": {"uv": [0, 0, 1, 13], "texture": "#13"},
				"south": {"uv": [0, 0, 0.5, 13], "texture": "#13"},
				"west": {"uv": [0, 0, 1, 13], "texture": "#13"},
				"up": {"uv": [0, 0, 0.5, 1], "texture": "#13"},
				"down": {"uv": [0, 0, 0.5, 1], "texture": "#13"}
			}
		}
	],
	"display": {
		"head": {
			"scale": [2, 2, 2]
		}
	},
	"groups": [
		{
			"name": "Gangway Mechanism",
			"origin": [8, 8, 8],
			"color": 0,
			"children": [
				{
					"name": "Gangway",
					"origin": [0, 0, 0],
					"color": 0,
					"children": [0, 1, 2, 3]
				}
			]
		}
	]
}