{
	"credit": "Made with Blockbench",
	"texture_size": [128, 128],
	"textures": {
		"3": "LipanLocoTextures/wagon metal",
		"31": "LipanLocoTextures/Snow White",
		"41": "LipanLocoTextures/Lipan Midori",
		"44": "LipanLocoTextures/LipanLogoRedraw",
		"46": "LipanLocoTextures/MidoriMEMUtextures/MidoriCatEndTexture",
		"particle": "LipanLocoTextures/dark metal"
	},
	"elements": [
		{
			"from": [0, -2, 0],
			"to": [16, 0, 32],
			"faces": {
				"north": {"uv": [10.75, 3.375, 12.75, 3.625], "texture": "#46"},
				"east": {"uv": [10.5, 6.5, 14.5, 6.75], "texture": "#46"},
				"south": {"uv": [11, 11, 13, 11.25], "texture": "#46"},
				"west": {"uv": [10.5, 6.75, 14.5, 7], "texture": "#46"},
				"up": {"uv": [2, 4, 0, 0], "texture": "#46"},
				"down": {"uv": [4, 0, 2, 4], "texture": "#46"}
			}
		},
		{
			"from": [14, -4, 0],
			"to": [15, -2, 32],
			"faces": {
				"north": {"uv": [13.75, 2.375, 13.875, 2.625], "texture": "#46"},
				"east": {"uv": [10.5, 7, 14.5, 7.25], "texture": "#46"},
				"south": {"uv": [2.75, 13.75, 2.875, 14], "texture": "#46"},
				"west": {"uv": [10.75, 1.625, 14.75, 1.875], "texture": "#46"},
				"up": {"uv": [10.25, 14.875, 10.125, 10.875], "texture": "#46"},
				"down": {"uv": [7, 11, 6.875, 15], "texture": "#46"}
			}
		},
		{
			"from": [2, -3, 0],
			"to": [14, -2, 32],
			"faces": {
				"north": {"uv": [11.875, 9.125, 13.375, 9.25], "texture": "#46"},
				"east": {"uv": [11.25, 9.625, 15.25, 9.75], "texture": "#46"},
				"south": {"uv": [11.875, 9.25, 13.375, 9.375], "texture": "#46"},
				"west": {"uv": [11.25, 9.75, 15.25, 9.875], "texture": "#46"},
				"up": {"uv": [3.5, 8, 2, 4], "texture": "#46"},
				"down": {"uv": [5, 4, 3.5, 8], "texture": "#46"}
			}
		},
		{
			"from": [1, -4, 0],
			"to": [2, -2, 32],
			"faces": {
				"north": {"uv": [2.875, 13.75, 3, 14], "texture": "#46"},
				"east": {"uv": [10.75, 1.875, 14.75, 2.125], "texture": "#46"},
				"south": {"uv": [3, 13.75, 3.125, 14], "texture": "#46"},
				"west": {"uv": [10.75, 2.125, 14.75, 2.375], "texture": "#46"},
				"up": {"uv": [11.125, 15.25, 11, 11.25], "texture": "#46"},
				"down": {"uv": [11.25, 11.25, 11.125, 15.25], "texture": "#46"}
			}
		},
		{
			"from": [0, 0, 14],
			"to": [1, 29, 16],
			"faces": {
				"north": {"uv": [0.375, 11.375, 0.5, 15], "texture": "#46"},
				"east": {"uv": [9.375, 10.25, 9.625, 13.875], "texture": "#46"},
				"south": {"uv": [0.5, 11.375, 0.625, 15], "texture": "#46"},
				"west": {"uv": [9.625, 10.875, 9.875, 14.5], "texture": "#46"},
				"up": {"uv": [9.375, 4.75, 9.25, 4.5], "texture": "#46"},
				"down": {"uv": [9.5, 4.5, 9.375, 4.75], "texture": "#46"}
			}
		},
		{
			"from": [4, 27, 0],
			"to": [12, 29, 1],
			"faces": {
				"north": {"uv": [6, 3.75, 7, 4], "texture": "#46"},
				"east": {"uv": [13.375, 8, 13.5, 8.25], "texture": "#46"},
				"south": {"uv": [11.75, 6.125, 12.75, 6.375], "texture": "#46"},
				"west": {"uv": [13.375, 9.125, 13.5, 9.375], "texture": "#46"},
				"up": {"uv": [13.75, 6.375, 12.75, 6.25], "texture": "#46"},
				"down": {"uv": [13.875, 3, 12.875, 3.125], "texture": "#46"}
			}
		},
		{
			"from": [0, 27, 2],
			"to": [1, 29, 14],
			"faces": {
				"north": {"uv": [12.375, 8.25, 12.5, 8.5], "texture": "#46"},
				"east": {"uv": [11.25, 9.875, 12.75, 10.125], "texture": "#46"},
				"south": {"uv": [13.25, 8, 13.375, 8.25], "texture": "#46"},
				"west": {"uv": [11.25, 10.125, 12.75, 10.375], "texture": "#46"},
				"up": {"uv": [12.625, 8.75, 12.5, 7.25], "texture": "#46"},
				"down": {"uv": [11.375, 12.5, 11.25, 14], "texture": "#46"}
			}
		},
		{
			"from": [15, 0, 17],
			"to": [16, 29, 21],
			"faces": {
				"north": {"uv": [1.125, 11.375, 1.25, 15], "texture": "#46"},
				"east": {"uv": [10, 3.625, 10.5, 7.25], "texture": "#46"},
				"south": {"uv": [1.25, 11.375, 1.375, 15], "texture": "#46"},
				"west": {"uv": [10.25, 0, 10.75, 3.625], "texture": "#46"},
				"up": {"uv": [13.25, 13.5, 13.125, 13], "texture": "#46"},
				"down": {"uv": [13.375, 2.375, 13.25, 2.875], "texture": "#46"}
			}
		},
		{
			"from": [12, 0, 0],
			"to": [16, 29, 1],
			"faces": {
				"north": {"uv": [9.25, 0, 9.75, 3.625], "texture": "#46"},
				"east": {"uv": [0.625, 11.375, 0.75, 15], "texture": "#46"},
				"south": {"uv": [9.5, 3.625, 10, 7.25], "texture": "#46"},
				"west": {"uv": [0.75, 11.375, 0.875, 15], "texture": "#46"},
				"up": {"uv": [13.5, 8.375, 13, 8.25], "texture": "#46"},
				"down": {"uv": [13.5, 10.25, 13, 10.375], "texture": "#46"}
			}
		},
		{
			"from": [0, 0, 0],
			"to": [4, 29, 1],
			"faces": {
				"north": {"uv": [9.75, 0, 10.25, 3.625], "texture": "#46"},
				"east": {"uv": [0.875, 11.375, 1, 15], "texture": "#46"},
				"south": {"uv": [9.75, 7.25, 10.25, 10.875], "texture": "#46"},
				"west": {"uv": [1, 11.375, 1.125, 15], "texture": "#46"},
				"up": {"uv": [13.5, 10.5, 13, 10.375], "texture": "#46"},
				"down": {"uv": [13.625, 10.5, 13.125, 10.625], "texture": "#46"}
			}
		},
		{
			"from": [0, 0, 1],
			"to": [1, 29, 2],
			"faces": {
				"north": {"uv": [1.375, 11.375, 1.5, 15], "texture": "#46"},
				"east": {"uv": [1.5, 11.375, 1.625, 15], "texture": "#46"},
				"south": {"uv": [1.625, 11.375, 1.75, 15], "texture": "#46"},
				"west": {"uv": [1.75, 11.375, 1.875, 15], "texture": "#46"},
				"up": {"uv": [12.375, 5.75, 12.25, 5.625], "texture": "#46"},
				"down": {"uv": [14.125, 10.375, 14, 10.5], "texture": "#46"}
			}
		},
		{
			"from": [6, 28, 6],
			"to": [10, 29, 10],
			"faces": {
				"north": {"uv": [13.125, 10.625, 13.625, 10.75], "texture": "#46"},
				"east": {"uv": [13.125, 10.75, 13.625, 10.875], "texture": "#46"},
				"south": {"uv": [13.125, 12.125, 13.625, 12.25], "texture": "#46"},
				"west": {"uv": [13.125, 12.25, 13.625, 12.375], "texture": "#46"},
				"up": {"uv": [12.5, 1.5, 12, 1], "texture": "#46"},
				"down": {"uv": [12.5, 7.25, 12, 7.75], "texture": "#46"}
			}
		},
		{
			"from": [6, 28, 24],
			"to": [10, 29, 28],
			"faces": {
				"north": {"uv": [13.125, 12.375, 13.625, 12.5], "texture": "#46"},
				"east": {"uv": [13.25, 2.875, 13.75, 3], "texture": "#46"},
				"south": {"uv": [13.25, 7.5, 13.75, 7.625], "texture": "#46"},
				"west": {"uv": [13.25, 7.625, 13.75, 7.75], "texture": "#46"},
				"up": {"uv": [12.5, 8.25, 12, 7.75], "texture": "#46"},
				"down": {"uv": [12.625, 11.25, 12.125, 11.75], "texture": "#46"}
			}
		},
		{
			"from": [0, 0, 2],
			"to": [1, 12, 14],
			"faces": {
				"north": {"uv": [11.375, 12.5, 11.5, 14], "texture": "#46"},
				"east": {"uv": [8, 4.75, 9.5, 6.25], "texture": "#46"},
				"south": {"uv": [11.5, 12.5, 11.625, 14], "texture": "#46"},
				"west": {"uv": [8, 6.25, 9.5, 7.75], "texture": "#46"},
				"up": {"uv": [11.75, 14, 11.625, 12.5], "texture": "#46"},
				"down": {"uv": [11.875, 12.5, 11.75, 14], "texture": "#46"}
			}
		},
		{
			"from": [1, 7, 3],
			"to": [1.25, 26, 13],
			"faces": {
				"north": {"uv": [8.125, 11.5, 8.25, 13.875], "texture": "#46"},
				"east": {"uv": [0, 8, 1.25, 10.375], "texture": "#46"},
				"south": {"uv": [12, 3.625, 12.125, 6], "texture": "#46"},
				"west": {"uv": [8, 0, 9.25, 2.375], "texture": "#46"},
				"up": {"uv": [11, 13.875, 10.875, 12.625], "texture": "#46"},
				"down": {"uv": [12.75, 11.25, 12.625, 12.5], "texture": "#46"}
			}
		},
		{
			"from": [2.75, 7, 3],
			"to": [3, 26, 13],
			"faces": {
				"north": {"uv": [12.125, 3.625, 12.25, 6], "texture": "#46"},
				"east": {"uv": [1.25, 8, 2.5, 10.375], "texture": "#46"},
				"south": {"uv": [10.25, 12.125, 10.375, 14.5], "texture": "#46"},
				"west": {"uv": [8, 2.375, 9.25, 4.75], "texture": "#46"},
				"up": {"uv": [7.5, 14, 7.375, 12.75], "texture": "#46"},
				"down": {"uv": [7.625, 12.75, 7.5, 14], "texture": "#46"}
			}
		},
		{
			"from": [1.25, 10, 3],
			"to": [2.75, 11, 13],
			"faces": {
				"north": {"uv": [13.875, 4.5, 14.125, 4.625], "texture": "#46"},
				"east": {"uv": [12.625, 8.625, 13.875, 8.75], "texture": "#46"},
				"south": {"uv": [13.875, 4.75, 14.125, 4.875], "texture": "#46"},
				"west": {"uv": [12.75, 0, 14, 0.125], "texture": "#46"},
				"up": {"uv": [2.75, 12.875, 2.5, 11.625], "texture": "#46"},
				"down": {"uv": [3, 11.625, 2.75, 12.875], "texture": "#46"}
			}
		},
		{
			"from": [1.25, 14, 3],
			"to": [2.75, 15, 13],
			"faces": {
				"north": {"uv": [13.875, 4.875, 14.125, 5], "texture": "#46"},
				"east": {"uv": [12.75, 0.125, 14, 0.25], "texture": "#46"},
				"south": {"uv": [13.875, 5.5, 14.125, 5.625], "texture": "#46"},
				"west": {"uv": [12.75, 0.25, 14, 0.375], "texture": "#46"},
				"up": {"uv": [3.25, 12.875, 3, 11.625], "texture": "#46"},
				"down": {"uv": [3.5, 11.625, 3.25, 12.875], "texture": "#46"}
			}
		},
		{
			"from": [1.25, 18, 3],
			"to": [2.75, 19, 13],
			"faces": {
				"north": {"uv": [13.875, 5.625, 14.125, 5.75], "texture": "#46"},
				"east": {"uv": [12.75, 0.375, 14, 0.5], "texture": "#46"},
				"south": {"uv": [13.875, 5.875, 14.125, 6], "texture": "#46"},
				"west": {"uv": [12.75, 0.5, 14, 0.625], "texture": "#46"},
				"up": {"uv": [3.75, 12.875, 3.5, 11.625], "texture": "#46"},
				"down": {"uv": [11.875, 11.25, 11.625, 12.5], "texture": "#46"}
			}
		},
		{
			"from": [1.25, 22, 3],
			"to": [2.75, 23, 13],
			"faces": {
				"north": {"uv": [13.875, 6, 14.125, 6.125], "texture": "#46"},
				"east": {"uv": [12.75, 0.625, 14, 0.75], "texture": "#46"},
				"south": {"uv": [13.875, 6.125, 14.125, 6.25], "texture": "#46"},
				"west": {"uv": [12.75, 0.75, 14, 0.875], "texture": "#46"},
				"up": {"uv": [12, 4.875, 11.75, 3.625], "texture": "#46"},
				"down": {"uv": [12, 4.875, 11.75, 6.125], "texture": "#46"}
			}
		},
		{
			"from": [1.25, 23, 10],
			"to": [2.25, 25, 11],
			"faces": {
				"north": {"uv": [6.5, 13.875, 6.625, 14.125], "texture": "#46"},
				"east": {"uv": [6.625, 13.875, 6.75, 14.125], "texture": "#46"},
				"south": {"uv": [6.75, 13.875, 6.875, 14.125], "texture": "#46"},
				"west": {"uv": [8.125, 13.875, 8.25, 14.125], "texture": "#46"},
				"up": {"uv": [6.625, 14.25, 6.5, 14.125], "texture": "#46"},
				"down": {"uv": [6.75, 14.125, 6.625, 14.25], "texture": "#46"}
			}
		},
		{
			"from": [1.25, 23, 7],
			"to": [2.25, 25, 8],
			"faces": {
				"north": {"uv": [13.875, 8.125, 14, 8.375], "texture": "#46"},
				"east": {"uv": [8.25, 13.875, 8.375, 14.125], "texture": "#46"},
				"south": {"uv": [8.375, 13.875, 8.5, 14.125], "texture": "#46"},
				"west": {"uv": [8.5, 13.875, 8.625, 14.125], "texture": "#46"},
				"up": {"uv": [6.875, 14.25, 6.75, 14.125], "texture": "#46"},
				"down": {"uv": [7.375, 14.125, 7.25, 14.25], "texture": "#46"}
			}
		},
		{
			"from": [1.25, 23, 4],
			"to": [2.25, 25, 5],
			"faces": {
				"north": {"uv": [13.875, 8.5, 14, 8.75], "texture": "#46"},
				"east": {"uv": [8.625, 13.875, 8.75, 14.125], "texture": "#46"},
				"south": {"uv": [8.75, 13.875, 8.875, 14.125], "texture": "#46"},
				"west": {"uv": [13.875, 8.75, 14, 9], "texture": "#46"},
				"up": {"uv": [14.25, 7.375, 14.125, 7.25], "texture": "#46"},
				"down": {"uv": [14.25, 7.375, 14.125, 7.5], "texture": "#46"}
			}
		},
		{
			"from": [1.25, 19, 11],
			"to": [2.25, 21, 12],
			"faces": {
				"north": {"uv": [13.875, 10.375, 14, 10.625], "texture": "#46"},
				"east": {"uv": [13.875, 10.625, 14, 10.875], "texture": "#46"},
				"south": {"uv": [10.875, 13.875, 11, 14.125], "texture": "#46"},
				"west": {"uv": [13.875, 10.875, 14, 11.125], "texture": "#46"},
				"up": {"uv": [8.125, 14.25, 8, 14.125], "texture": "#46"},
				"down": {"uv": [14.25, 8, 14.125, 8.125], "texture": "#46"}
			}
		},
		{
			"from": [1.25, 19, 8],
			"to": [2.25, 21, 9],
			"faces": {
				"north": {"uv": [9.25, 13.875, 9.375, 14.125], "texture": "#46"},
				"east": {"uv": [9.375, 13.875, 9.5, 14.125], "texture": "#46"},
				"south": {"uv": [9.5, 13.875, 9.625, 14.125], "texture": "#46"},
				"west": {"uv": [13.875, 9.875, 14, 10.125], "texture": "#46"},
				"up": {"uv": [8, 14.25, 7.875, 14.125], "texture": "#46"},
				"down": {"uv": [14.25, 7.875, 14.125, 8], "texture": "#46"}
			}
		},
		{
			"from": [1.25, 19, 5],
			"to": [2.25, 21, 6],
			"faces": {
				"north": {"uv": [8.875, 13.875, 9, 14.125], "texture": "#46"},
				"east": {"uv": [9, 13.875, 9.125, 14.125], "texture": "#46"},
				"south": {"uv": [13.875, 9, 14, 9.25], "texture": "#46"},
				"west": {"uv": [9.125, 13.875, 9.25, 14.125], "texture": "#46"},
				"up": {"uv": [7.75, 14.25, 7.625, 14.125], "texture": "#46"},
				"down": {"uv": [7.875, 14.125, 7.75, 14.25], "texture": "#46"}
			}
		},
		{
			"from": [1.25, 15, 10],
			"to": [2.25, 17, 11],
			"faces": {
				"north": {"uv": [13.875, 13.25, 14, 13.5], "texture": "#46"},
				"east": {"uv": [13.5, 13.875, 13.625, 14.125], "texture": "#46"},
				"south": {"uv": [13.875, 13.75, 14, 14], "texture": "#46"},
				"west": {"uv": [14, 0, 14.125, 0.25], "texture": "#46"},
				"up": {"uv": [8.5, 14.25, 8.375, 14.125], "texture": "#46"},
				"down": {"uv": [14.25, 8.375, 14.125, 8.5], "texture": "#46"}
			}
		},
		{
			"from": [1.25, 15, 7],
			"to": [2.25, 17, 8],
			"faces": {
				"north": {"uv": [13.875, 12.125, 14, 12.375], "texture": "#46"},
				"east": {"uv": [12.375, 13.875, 12.5, 14.125], "texture": "#46"},
				"south": {"uv": [13.875, 12.375, 14, 12.625], "texture": "#46"},
				"west": {"uv": [13.875, 12.625, 14, 12.875], "texture": "#46"},
				"up": {"uv": [8.375, 14.25, 8.25, 14.125], "texture": "#46"},
				"down": {"uv": [14.25, 8.25, 14.125, 8.375], "texture": "#46"}
			}
		},
		{
			"from": [1.25, 15, 4],
			"to": [2.25, 17, 5],
			"faces": {
				"north": {"uv": [13.875, 11.125, 14, 11.375], "texture": "#46"},
				"east": {"uv": [13.875, 11.375, 14, 11.625], "texture": "#46"},
				"south": {"uv": [13.875, 11.625, 14, 11.875], "texture": "#46"},
				"west": {"uv": [13.875, 11.875, 14, 12.125], "texture": "#46"},
				"up": {"uv": [8.25, 14.25, 8.125, 14.125], "texture": "#46"},
				"down": {"uv": [14.25, 8.125, 14.125, 8.25], "texture": "#46"}
			}
		},
		{
			"from": [1.25, 11, 11],
			"to": [2.25, 13, 12],
			"faces": {
				"north": {"uv": [14, 2.875, 14.125, 3.125], "texture": "#46"},
				"east": {"uv": [3, 14, 3.125, 14.25], "texture": "#46"},
				"south": {"uv": [14, 3.125, 14.125, 3.375], "texture": "#46"},
				"west": {"uv": [14, 3.375, 14.125, 3.625], "texture": "#46"},
				"up": {"uv": [8.875, 14.25, 8.75, 14.125], "texture": "#46"},
				"down": {"uv": [14.25, 8.75, 14.125, 8.875], "texture": "#46"}
			}
		},
		{
			"from": [1.25, 11, 8],
			"to": [2.25, 13, 9],
			"faces": {
				"north": {"uv": [2.625, 14, 2.75, 14.25], "texture": "#46"},
				"east": {"uv": [14, 2.625, 14.125, 2.875], "texture": "#46"},
				"south": {"uv": [2.75, 14, 2.875, 14.25], "texture": "#46"},
				"west": {"uv": [2.875, 14, 3, 14.25], "texture": "#46"},
				"up": {"uv": [8.75, 14.25, 8.625, 14.125], "texture": "#46"},
				"down": {"uv": [14.25, 8.625, 14.125, 8.75], "texture": "#46"}
			}
		},
		{
			"from": [1.25, 11, 5],
			"to": [2.25, 13, 6],
			"faces": {
				"north": {"uv": [14, 0.25, 14.125, 0.5], "texture": "#46"},
				"east": {"uv": [14, 0.5, 14.125, 0.75], "texture": "#46"},
				"south": {"uv": [14, 2.375, 14.125, 2.625], "texture": "#46"},
				"west": {"uv": [2.5, 14, 2.625, 14.25], "texture": "#46"},
				"up": {"uv": [8.625, 14.25, 8.5, 14.125], "texture": "#46"},
				"down": {"uv": [14.25, 8.5, 14.125, 8.625], "texture": "#46"}
			}
		},
		{
			"from": [1.25, 7, 10],
			"to": [2.25, 9, 11],
			"faces": {
				"north": {"uv": [6.25, 14, 6.375, 14.25], "texture": "#46"},
				"east": {"uv": [14, 6.25, 14.125, 6.5], "texture": "#46"},
				"south": {"uv": [6.375, 14, 6.5, 14.25], "texture": "#46"},
				"west": {"uv": [14, 7.25, 14.125, 7.5], "texture": "#46"},
				"up": {"uv": [9.5, 14.25, 9.375, 14.125], "texture": "#46"},
				"down": {"uv": [9.625, 14.125, 9.5, 14.25], "texture": "#46"}
			}
		},
		{
			"from": [1.25, 7, 7],
			"to": [2.25, 9, 8],
			"faces": {
				"north": {"uv": [14, 5, 14.125, 5.25], "texture": "#46"},
				"east": {"uv": [14, 5.25, 14.125, 5.5], "texture": "#46"},
				"south": {"uv": [6, 14, 6.125, 14.25], "texture": "#46"},
				"west": {"uv": [6.125, 14, 6.25, 14.25], "texture": "#46"},
				"up": {"uv": [9.25, 14.25, 9.125, 14.125], "texture": "#46"},
				"down": {"uv": [9.375, 14.125, 9.25, 14.25], "texture": "#46"}
			}
		},
		{
			"from": [1.25, 7, 4],
			"to": [2.25, 9, 5],
			"faces": {
				"north": {"uv": [3.625, 14, 3.75, 14.25], "texture": "#46"},
				"east": {"uv": [14, 3.625, 14.125, 3.875], "texture": "#46"},
				"south": {"uv": [14, 3.875, 14.125, 4.125], "texture": "#46"},
				"west": {"uv": [14, 4.125, 14.125, 4.375], "texture": "#46"},
				"up": {"uv": [9, 14.25, 8.875, 14.125], "texture": "#46"},
				"down": {"uv": [9.125, 14.125, 9, 14.25], "texture": "#46"}
			}
		},
		{
			"from": [1, 0, 13],
			"to": [3, 27, 18],
			"faces": {
				"north": {"uv": [9.875, 10.875, 10.125, 14.25], "texture": "#46"},
				"east": {"uv": [3.75, 8, 4.375, 11.375], "texture": "#46"},
				"south": {"uv": [5, 11, 5.25, 14.375], "texture": "#46"},
				"west": {"uv": [4.375, 8, 5, 11.375], "texture": "#46"},
				"up": {"uv": [12.875, 5.5, 12.625, 4.875], "texture": "#46"},
				"down": {"uv": [10.875, 12.625, 10.625, 13.25], "texture": "#46"}
			}
		},
		{
			"from": [1, 0, 3],
			"to": [3, 7, 13],
			"faces": {
				"north": {"uv": [9.25, 3.625, 9.5, 4.5], "texture": "#46"},
				"east": {"uv": [10.5, 5.625, 11.75, 6.5], "texture": "#46"},
				"south": {"uv": [12.375, 4.875, 12.625, 5.75], "texture": "#46"},
				"west": {"uv": [10.625, 8.5, 11.875, 9.375], "texture": "#46"},
				"up": {"uv": [7.875, 12.75, 7.625, 11.5], "texture": "#46"},
				"down": {"uv": [8.125, 11.5, 7.875, 12.75], "texture": "#46"}
			}
		},
		{
			"from": [1, 0, 2],
			"to": [3, 27, 3],
			"faces": {
				"north": {"uv": [5.25, 11, 5.5, 14.375], "texture": "#46"},
				"east": {"uv": [3.875, 11.375, 4, 14.75], "texture": "#46"},
				"south": {"uv": [5.5, 11, 5.75, 14.375], "texture": "#46"},
				"west": {"uv": [4, 11.375, 4.125, 14.75], "texture": "#46"},
				"up": {"uv": [14, 9.375, 13.75, 9.25], "texture": "#46"},
				"down": {"uv": [14, 10.125, 13.75, 10.25], "texture": "#46"}
			}
		},
		{
			"from": [1, 26, 3],
			"to": [3, 27, 13],
			"faces": {
				"north": {"uv": [13.75, 13, 14, 13.125], "texture": "#46"},
				"east": {"uv": [12.5, 1.375, 13.75, 1.5], "texture": "#46"},
				"south": {"uv": [13.875, 0.875, 14.125, 1], "texture": "#46"},
				"west": {"uv": [12.5, 8.75, 13.75, 8.875], "texture": "#46"},
				"up": {"uv": [11.75, 8.5, 11.5, 7.25], "texture": "#46"},
				"down": {"uv": [7.625, 11.5, 7.375, 12.75], "texture": "#46"}
			}
		},
		{
			"from": [0, 16, 3],
			"to": [1, 26, 13],
			"faces": {
				"north": {"uv": [6.5, 12.625, 6.625, 13.875], "texture": "#44"},
				"east": {"uv": [7, 10.25, 8.25, 11.5], "texture": "#44"},
				"south": {"uv": [6.625, 12.625, 6.75, 13.875], "texture": "#44"},
				"west": {"uv": [0, 0, 16, 16], "texture": "#44"},
				"up": {"uv": [6.875, 13.875, 6.75, 12.625], "texture": "#44"},
				"down": {"uv": [12.75, 7.25, 12.625, 8.5], "texture": "#44"}
			}
		},
		{
			"from": [0, 15, 2],
			"to": [1, 27, 3],
			"faces": {
				"north": {"uv": [12.5, 11.75, 12.625, 13.25], "texture": "#46"},
				"east": {"uv": [11.875, 12.5, 12, 14], "texture": "#46"},
				"south": {"uv": [12, 12.5, 12.125, 14], "texture": "#46"},
				"west": {"uv": [0, 12.625, 0.125, 14.125], "texture": "#46"},
				"up": {"uv": [14.25, 5.75, 14.125, 5.625], "texture": "#46"},
				"down": {"uv": [5.875, 14.125, 5.75, 14.25], "texture": "#46"}
			}
		},
		{
			"from": [0, 15, 13],
			"to": [1, 27, 14],
			"faces": {
				"north": {"uv": [0.125, 12.625, 0.25, 14.125], "texture": "#46"},
				"east": {"uv": [0.25, 12.625, 0.375, 14.125], "texture": "#46"},
				"south": {"uv": [5.75, 12.625, 5.875, 14.125], "texture": "#46"},
				"west": {"uv": [5.875, 12.625, 6, 14.125], "texture": "#46"},
				"up": {"uv": [6, 14.25, 5.875, 14.125], "texture": "#46"},
				"down": {"uv": [14.25, 5.875, 14.125, 6], "texture": "#46"}
			}
		},
		{
			"from": [0, 15, 3],
			"to": [1, 16, 13],
			"faces": {
				"north": {"uv": [14.125, 6, 14.25, 6.125], "texture": "#46"},
				"east": {"uv": [12.5, 8.875, 13.75, 9], "texture": "#46"},
				"south": {"uv": [14.125, 6.125, 14.25, 6.25], "texture": "#46"},
				"west": {"uv": [12.625, 5.5, 13.875, 5.625], "texture": "#46"},
				"up": {"uv": [12.75, 13.75, 12.625, 12.5], "texture": "#46"},
				"down": {"uv": [12.875, 2.375, 12.75, 3.625], "texture": "#46"}
			}
		},
		{
			"from": [0, 26, 3],
			"to": [1, 27, 13],
			"faces": {
				"north": {"uv": [14.125, 6.25, 14.25, 6.375], "texture": "#46"},
				"east": {"uv": [12.625, 5.625, 13.875, 5.75], "texture": "#46"},
				"south": {"uv": [14.125, 6.375, 14.25, 6.5], "texture": "#46"},
				"west": {"uv": [12.625, 8.5, 13.875, 8.625], "texture": "#46"},
				"up": {"uv": [12.875, 4.875, 12.75, 3.625], "texture": "#46"},
				"down": {"uv": [12.875, 7.25, 12.75, 8.5], "texture": "#46"}
			}
		},
		{
			"from": [0, 12, 7],
			"to": [1, 15, 9],
			"faces": {
				"north": {"uv": [13.25, 9.875, 13.375, 10.25], "texture": "#46"},
				"east": {"uv": [9.5, 7.25, 9.75, 7.625], "texture": "#46"},
				"south": {"uv": [13.375, 9.875, 13.5, 10.25], "texture": "#46"},
				"west": {"uv": [12.875, 12.125, 13.125, 12.5], "texture": "#46"},
				"up": {"uv": [3.75, 14, 3.625, 13.75], "texture": "#46"},
				"down": {"uv": [13.875, 4.125, 13.75, 4.375], "texture": "#46"}
			}
		},
		{
			"from": [2, -2, -2],
			"to": [14, 0, -1],
			"faces": {
				"north": {"uv": [11.25, 10.375, 12.75, 10.625], "texture": "#46"},
				"east": {"uv": [13.75, 4.375, 13.875, 4.625], "texture": "#46"},
				"south": {"uv": [11.25, 10.625, 12.75, 10.875], "texture": "#46"},
				"west": {"uv": [13.75, 4.75, 13.875, 5], "texture": "#46"},
				"up": {"uv": [13.5, 6.125, 12, 6], "texture": "#46"},
				"down": {"uv": [13.75, 5.75, 12.25, 5.875], "texture": "#46"}
			}
		},
		{
			"from": [3, -3, -2],
			"to": [5, -2, -1],
			"faces": {
				"north": {"uv": [9.5, 7.625, 9.75, 7.75], "texture": "#46"},
				"east": {"uv": [14.125, 1.25, 14.25, 1.375], "texture": "#46"},
				"south": {"uv": [13.75, 2.625, 14, 2.75], "texture": "#46"},
				"west": {"uv": [14.125, 1.375, 14.25, 1.5], "texture": "#46"},
				"up": {"uv": [14, 3, 13.75, 2.875], "texture": "#46"},
				"down": {"uv": [14, 5, 13.75, 5.125], "texture": "#46"}
			}
		},
		{
			"from": [11, -3, -2],
			"to": [13, -2, -1],
			"faces": {
				"north": {"uv": [13.75, 5.125, 14, 5.25], "texture": "#46"},
				"east": {"uv": [14.125, 1.5, 14.25, 1.625], "texture": "#46"},
				"south": {"uv": [13.75, 5.25, 14, 5.375], "texture": "#46"},
				"west": {"uv": [14.125, 2.375, 14.25, 2.5], "texture": "#46"},
				"up": {"uv": [14, 5.875, 13.75, 5.75], "texture": "#46"},
				"down": {"uv": [14, 6.25, 13.75, 6.375], "texture": "#46"}
			}
		},
		{
			"from": [11, -2, -1],
			"to": [13, -1, 0],
			"faces": {
				"north": {"uv": [13.75, 6.375, 14, 6.5], "texture": "#46"},
				"east": {"uv": [14.125, 2.5, 14.25, 2.625], "texture": "#46"},
				"south": {"uv": [13.75, 7.25, 14, 7.375], "texture": "#46"},
				"west": {"uv": [14.125, 2.625, 14.25, 2.75], "texture": "#46"},
				"up": {"uv": [14, 7.5, 13.75, 7.375], "texture": "#46"},
				"down": {"uv": [14, 7.5, 13.75, 7.625], "texture": "#46"}
			}
		},
		{
			"from": [3, -2, -1],
			"to": [5, -1, 0],
			"faces": {
				"north": {"uv": [13.75, 7.625, 14, 7.75], "texture": "#46"},
				"east": {"uv": [14.125, 2.75, 14.25, 2.875], "texture": "#46"},
				"south": {"uv": [13.75, 7.75, 14, 7.875], "texture": "#46"},
				"west": {"uv": [14.125, 2.875, 14.25, 3], "texture": "#46"},
				"up": {"uv": [14, 8, 13.75, 7.875], "texture": "#46"},
				"down": {"uv": [14, 8, 13.75, 8.125], "texture": "#46"}
			}
		},
		{
			"from": [1, -3, -1],
			"to": [2, -1, 0],
			"faces": {
				"north": {"uv": [13.75, 8.125, 13.875, 8.375], "texture": "#46"},
				"east": {"uv": [13.75, 8.75, 13.875, 9], "texture": "#46"},
				"south": {"uv": [13.75, 9, 13.875, 9.25], "texture": "#46"},
				"west": {"uv": [13.75, 9.875, 13.875, 10.125], "texture": "#46"},
				"up": {"uv": [14.25, 3.125, 14.125, 3], "texture": "#46"},
				"down": {"uv": [3.25, 14.125, 3.125, 14.25], "texture": "#46"}
			}
		},
		{
			"from": [1, -6, -2],
			"to": [2, -2, -1],
			"faces": {
				"north": {"uv": [3, 13.25, 3.125, 13.75], "texture": "#46"},
				"east": {"uv": [10.625, 13.25, 10.75, 13.75], "texture": "#46"},
				"south": {"uv": [10.75, 13.25, 10.875, 13.75], "texture": "#46"},
				"west": {"uv": [13.25, 10.875, 13.375, 11.375], "texture": "#46"},
				"up": {"uv": [14.25, 3.25, 14.125, 3.125], "texture": "#46"},
				"down": {"uv": [3.375, 14.125, 3.25, 14.25], "texture": "#46"}
			}
		},
		{
			"from": [1, -7, -1],
			"to": [2, -5, 0],
			"faces": {
				"north": {"uv": [13.75, 10.5, 13.875, 10.75], "texture": "#46"},
				"east": {"uv": [10.625, 13.75, 10.75, 14], "texture": "#46"},
				"south": {"uv": [10.75, 13.75, 10.875, 14], "texture": "#46"},
				"west": {"uv": [13.75, 10.75, 13.875, 11], "texture": "#46"},
				"up": {"uv": [14.25, 3.375, 14.125, 3.25], "texture": "#46"},
				"down": {"uv": [3.5, 14.125, 3.375, 14.25], "texture": "#46"}
			}
		},
		{
			"from": [14, -7, -1],
			"to": [15, -5, 0],
			"faces": {
				"north": {"uv": [13.75, 11, 13.875, 11.25], "texture": "#46"},
				"east": {"uv": [13.75, 11.25, 13.875, 11.5], "texture": "#46"},
				"south": {"uv": [13.75, 11.5, 13.875, 11.75], "texture": "#46"},
				"west": {"uv": [13.75, 11.75, 13.875, 12], "texture": "#46"},
				"up": {"uv": [14.25, 3.5, 14.125, 3.375], "texture": "#46"},
				"down": {"uv": [3.625, 14.125, 3.5, 14.25], "texture": "#46"}
			}
		},
		{
			"from": [14, -3, -1],
			"to": [15, -1, 0],
			"faces": {
				"north": {"uv": [13.75, 12, 13.875, 12.25], "texture": "#46"},
				"east": {"uv": [12.125, 13.75, 12.25, 14], "texture": "#46"},
				"south": {"uv": [13.75, 12.25, 13.875, 12.5], "texture": "#46"},
				"west": {"uv": [12.5, 13.75, 12.625, 14], "texture": "#46"},
				"up": {"uv": [14.25, 3.625, 14.125, 3.5], "texture": "#46"},
				"down": {"uv": [14.25, 3.625, 14.125, 3.75], "texture": "#46"}
			}
		},
		{
			"from": [14, -6, -2],
			"to": [15, -2, -1],
			"faces": {
				"north": {"uv": [13.25, 11.375, 13.375, 11.875], "texture": "#46"},
				"east": {"uv": [12.5, 13.25, 12.625, 13.75], "texture": "#46"},
				"south": {"uv": [13.25, 12.5, 13.375, 13], "texture": "#46"},
				"west": {"uv": [13.25, 13, 13.375, 13.5], "texture": "#46"},
				"up": {"uv": [14.25, 3.875, 14.125, 3.75], "texture": "#46"},
				"down": {"uv": [14.25, 3.875, 14.125, 4], "texture": "#46"}
			}
		},
		{
			"from": [1, 12, -1],
			"to": [2, 14, 0],
			"faces": {
				"north": {"uv": [3.25, 13.875, 3.375, 14.125], "texture": "#46"},
				"east": {"uv": [13.875, 3.25, 14, 3.5], "texture": "#46"},
				"south": {"uv": [3.375, 13.875, 3.5, 14.125], "texture": "#46"},
				"west": {"uv": [3.5, 13.875, 3.625, 14.125], "texture": "#46"},
				"up": {"uv": [14.25, 5.5, 14.125, 5.375], "texture": "#46"},
				"down": {"uv": [14.25, 5.5, 14.125, 5.625], "texture": "#46"}
			}
		},
		{
			"from": [1, 9, -2],
			"to": [2, 13, -1],
			"faces": {
				"north": {"uv": [13.375, 12.5, 13.5, 13], "texture": "#46"},
				"east": {"uv": [13.375, 13, 13.5, 13.5], "texture": "#46"},
				"south": {"uv": [13.5, 2.375, 13.625, 2.875], "texture": "#46"},
				"west": {"uv": [13.5, 4.625, 13.625, 5.125], "texture": "#46"},
				"up": {"uv": [14.25, 5.25, 14.125, 5.125], "texture": "#46"},
				"down": {"uv": [14.25, 5.25, 14.125, 5.375], "texture": "#46"}
			}
		},
		{
			"from": [1, 8, -1],
			"to": [2, 10, 0],
			"faces": {
				"north": {"uv": [13.75, 13.75, 13.875, 14], "texture": "#46"},
				"east": {"uv": [13.875, 2.375, 14, 2.625], "texture": "#46"},
				"south": {"uv": [13.875, 3, 14, 3.25], "texture": "#46"},
				"west": {"uv": [3.125, 13.875, 3.25, 14.125], "texture": "#46"},
				"up": {"uv": [14.25, 5, 14.125, 4.875], "texture": "#46"},
				"down": {"uv": [14.25, 5, 14.125, 5.125], "texture": "#46"}
			}
		},
		{
			"from": [14, 8, -1],
			"to": [15, 10, 0],
			"faces": {
				"north": {"uv": [12.875, 13.75, 13, 14], "texture": "#46"},
				"east": {"uv": [13, 13.75, 13.125, 14], "texture": "#46"},
				"south": {"uv": [13.125, 13.75, 13.25, 14], "texture": "#46"},
				"west": {"uv": [13.625, 13.75, 13.75, 14], "texture": "#46"},
				"up": {"uv": [14.25, 4.875, 14.125, 4.75], "texture": "#46"},
				"down": {"uv": [5, 14.125, 4.875, 14.25], "texture": "#46"}
			}
		},
		{
			"from": [14, 12, -1],
			"to": [15, 14, 0],
			"faces": {
				"north": {"uv": [13.75, 12.5, 13.875, 12.75], "texture": "#46"},
				"east": {"uv": [12.625, 13.75, 12.75, 14], "texture": "#46"},
				"south": {"uv": [12.75, 13.75, 12.875, 14], "texture": "#46"},
				"west": {"uv": [13.75, 12.75, 13.875, 13], "texture": "#46"},
				"up": {"uv": [14.25, 4.375, 14.125, 4.25], "texture": "#46"},
				"down": {"uv": [14.25, 4.5, 14.125, 4.625], "texture": "#46"}
			}
		},
		{
			"from": [14, 9, -2],
			"to": [15, 13, -1],
			"faces": {
				"north": {"uv": [13.375, 2.375, 13.5, 2.875], "texture": "#46"},
				"east": {"uv": [13.375, 4.625, 13.5, 5.125], "texture": "#46"},
				"south": {"uv": [13.375, 10.875, 13.5, 11.375], "texture": "#46"},
				"west": {"uv": [13.375, 11.375, 13.5, 11.875], "texture": "#46"},
				"up": {"uv": [14.25, 4.125, 14.125, 4], "texture": "#46"},
				"down": {"uv": [14.25, 4.125, 14.125, 4.25], "texture": "#46"}
			}
		},
		{
			"from": [0, 29, 0],
			"to": [16, 30, 32],
			"faces": {
				"north": {"uv": [11.25, 10.875, 13.25, 11], "texture": "#46"},
				"east": {"uv": [11.25, 9.375, 15.25, 9.5], "texture": "#46"},
				"south": {"uv": [11.375, 1.5, 13.375, 1.625], "texture": "#46"},
				"west": {"uv": [11.25, 9.5, 15.25, 9.625], "texture": "#46"},
				"up": {"uv": [2, 8, 0, 4], "texture": "#46"},
				"down": {"uv": [6, 0, 4, 4], "texture": "#46"}
			}
		},
		{
			"from": [3, 30, 10],
			"to": [6, 32, 13],
			"faces": {
				"north": {"uv": [12, 8.25, 12.375, 8.5], "texture": "#46"},
				"east": {"uv": [12.875, 12.5, 13.25, 12.75], "texture": "#46"},
				"south": {"uv": [12.875, 12.75, 13.25, 13], "texture": "#46"},
				"west": {"uv": [13, 4.625, 13.375, 4.875], "texture": "#46"},
				"up": {"uv": [13.125, 10.875, 12.75, 10.5], "texture": "#46"},
				"down": {"uv": [3.125, 12.875, 2.75, 13.25], "texture": "#46"}
			}
		},
		{
			"from": [9, 30, 12],
			"to": [10, 31, 13],
			"faces": {
				"north": {"uv": [11.375, 14, 11.5, 14.125], "texture": "#46"},
				"east": {"uv": [14, 11.375, 14.125, 11.5], "texture": "#46"},
				"south": {"uv": [11.5, 14, 11.625, 14.125], "texture": "#46"},
				"west": {"uv": [14, 11.5, 14.125, 11.625], "texture": "#46"},
				"up": {"uv": [11.75, 14.125, 11.625, 14], "texture": "#46"},
				"down": {"uv": [14.125, 11.625, 14, 11.75], "texture": "#46"}
			}
		},
		{
			"from": [9.25, 31, 12.25],
			"to": [9.75, 31.25, 12.75],
			"faces": {
				"north": {"uv": [14, 10.75, 14.125, 10.875], "texture": "#46"},
				"east": {"uv": [14, 10.875, 14.125, 11], "texture": "#46"},
				"south": {"uv": [14, 11, 14.125, 11.125], "texture": "#46"},
				"west": {"uv": [14, 11.125, 14.125, 11.25], "texture": "#46"},
				"up": {"uv": [11.375, 14.125, 11.25, 14], "texture": "#46"},
				"down": {"uv": [14.125, 11.25, 14, 11.375], "texture": "#46"}
			}
		},
		{
			"from": [9, 30, 4],
			"to": [10, 31, 5],
			"faces": {
				"north": {"uv": [12.125, 14, 12.25, 14.125], "texture": "#46"},
				"east": {"uv": [14, 12.125, 14.125, 12.25], "texture": "#46"},
				"south": {"uv": [12.25, 14, 12.375, 14.125], "texture": "#46"},
				"west": {"uv": [14, 12.25, 14.125, 12.375], "texture": "#46"},
				"up": {"uv": [14.125, 12.5, 14, 12.375], "texture": "#46"},
				"down": {"uv": [12.625, 14, 12.5, 14.125], "texture": "#46"}
			}
		},
		{
			"from": [7.5, 30, 4],
			"to": [8.5, 31, 5],
			"faces": {
				"north": {"uv": [14, 12.5, 14.125, 12.625], "texture": "#46"},
				"east": {"uv": [12.625, 14, 12.75, 14.125], "texture": "#46"},
				"south": {"uv": [14, 12.625, 14.125, 12.75], "texture": "#46"},
				"west": {"uv": [12.75, 14, 12.875, 14.125], "texture": "#46"},
				"up": {"uv": [14.125, 12.875, 14, 12.75], "texture": "#46"},
				"down": {"uv": [13, 14, 12.875, 14.125], "texture": "#46"}
			}
		},
		{
			"from": [7.5, 30, 2],
			"to": [8.5, 31, 3],
			"faces": {
				"north": {"uv": [13.375, 14, 13.5, 14.125], "texture": "#46"},
				"east": {"uv": [14, 13.375, 14.125, 13.5], "texture": "#46"},
				"south": {"uv": [14, 13.5, 14.125, 13.625], "texture": "#46"},
				"west": {"uv": [13.625, 14, 13.75, 14.125], "texture": "#46"},
				"up": {"uv": [14.125, 13.75, 14, 13.625], "texture": "#46"},
				"down": {"uv": [13.875, 14, 13.75, 14.125], "texture": "#46"}
			}
		},
		{
			"from": [9.25, 31, 4.25],
			"to": [9.75, 31.25, 4.75],
			"faces": {
				"north": {"uv": [11.75, 14, 11.875, 14.125], "texture": "#46"},
				"east": {"uv": [14, 11.75, 14.125, 11.875], "texture": "#46"},
				"south": {"uv": [11.875, 14, 12, 14.125], "texture": "#46"},
				"west": {"uv": [14, 11.875, 14.125, 12], "texture": "#46"},
				"up": {"uv": [12.125, 14.125, 12, 14], "texture": "#46"},
				"down": {"uv": [14.125, 12, 14, 12.125], "texture": "#46"}
			}
		},
		{
			"from": [7.75, 31, 4.25],
			"to": [8.25, 31.25, 4.75],
			"faces": {
				"north": {"uv": [13, 14, 13.125, 14.125], "texture": "#46"},
				"east": {"uv": [14, 13, 14.125, 13.125], "texture": "#46"},
				"south": {"uv": [13.125, 14, 13.25, 14.125], "texture": "#46"},
				"west": {"uv": [14, 13.125, 14.125, 13.25], "texture": "#46"},
				"up": {"uv": [13.375, 14.125, 13.25, 14], "texture": "#46"},
				"down": {"uv": [14.125, 13.25, 14, 13.375], "texture": "#46"}
			}
		},
		{
			"from": [7.75, 31, 2.25],
			"to": [8.25, 31.25, 2.75],
			"faces": {
				"north": {"uv": [14, 13.75, 14.125, 13.875], "texture": "#46"},
				"east": {"uv": [13.875, 14, 14, 14.125], "texture": "#46"},
				"south": {"uv": [14, 13.875, 14.125, 14], "texture": "#46"},
				"west": {"uv": [14, 14, 14.125, 14.125], "texture": "#46"},
				"up": {"uv": [0.125, 14.25, 0, 14.125], "texture": "#46"},
				"down": {"uv": [14.25, 0, 14.125, 0.125], "texture": "#46"}
			}
		},
		{
			"from": [9.25, 31.25, 4.25],
			"to": [9.75, 31.75, 12.75],
			"faces": {
				"north": {"uv": [14, 10.625, 14.125, 10.75], "texture": "#46"},
				"east": {"uv": [12.75, 0.875, 13.875, 1], "texture": "#46"},
				"south": {"uv": [10.75, 14, 10.875, 14.125], "texture": "#46"},
				"west": {"uv": [12.75, 6.125, 13.875, 6.25], "texture": "#46"},
				"up": {"uv": [2.625, 14, 2.5, 12.875], "texture": "#46"},
				"down": {"uv": [2.75, 12.875, 2.625, 14], "texture": "#46"}
			}
		},
		{
			"from": [7.75, 31.25, 1.25],
			"to": [8.25, 31.75, 4.75],
			"faces": {
				"north": {"uv": [0.125, 14.125, 0.25, 14.25], "texture": "#46"},
				"east": {"uv": [13.25, 7.75, 13.75, 7.875], "texture": "#46"},
				"south": {"uv": [14.125, 0.125, 14.25, 0.25], "texture": "#46"},
				"west": {"uv": [13.25, 7.875, 13.75, 8], "texture": "#46"},
				"up": {"uv": [2.875, 13.75, 2.75, 13.25], "texture": "#46"},
				"down": {"uv": [3, 13.25, 2.875, 13.75], "texture": "#46"}
			}
		},
		{
			"from": [7.5, 31, -1.75],
			"to": [8.5, 32, 1.25],
			"faces": {
				"north": {"uv": [14.125, 1, 14.25, 1.125], "texture": "#46"},
				"east": {"uv": [13.25, 11.875, 13.625, 12], "texture": "#46"},
				"south": {"uv": [14.125, 1.125, 14.25, 1.25], "texture": "#46"},
				"west": {"uv": [13.25, 12, 13.625, 12.125], "texture": "#46"},
				"up": {"uv": [13.625, 9.375, 13.5, 9], "texture": "#46"},
				"down": {"uv": [12.5, 13.5, 12.375, 13.875], "texture": "#46"}
			}
		},
		{
			"from": [8.25, 31.25, 4.25],
			"to": [9.25, 31.75, 4.75],
			"faces": {
				"north": {"uv": [0.25, 14.125, 0.375, 14.25], "texture": "#46"},
				"east": {"uv": [14.125, 0.25, 14.25, 0.375], "texture": "#46"},
				"south": {"uv": [14.125, 0.375, 14.25, 0.5], "texture": "#46"},
				"west": {"uv": [14.125, 0.5, 14.25, 0.625], "texture": "#46"},
				"up": {"uv": [14.25, 0.75, 14.125, 0.625], "texture": "#46"},
				"down": {"uv": [14.25, 0.875, 14.125, 1], "texture": "#46"}
			}
		},
		{
			"from": [3, 0, -8],
			"to": [13, 1, 0],
			"faces": {
				"north": {"uv": [12.25, 5.875, 13.5, 6], "texture": "#46"},
				"east": {"uv": [12.875, 3.125, 13.875, 3.25], "texture": "#46"},
				"south": {"uv": [12.5, 1, 13.75, 1.125], "texture": "#46"},
				"west": {"uv": [12.875, 3.25, 13.875, 3.375], "texture": "#46"},
				"up": {"uv": [1.25, 11.375, 0, 10.375], "texture": "#46"},
				"down": {"uv": [2.5, 10.375, 1.25, 11.375], "texture": "#46"}
			}
		},
		{
			"from": [4, 0, 0],
			"to": [12, 0.5, 1],
			"faces": {
				"north": {"uv": [12.875, 3.625, 13.875, 3.75], "texture": "#46"},
				"east": {"uv": [14, 10.5, 14.125, 10.625], "texture": "#46"},
				"south": {"uv": [12.875, 3.75, 13.875, 3.875], "texture": "#46"},
				"west": {"uv": [10.625, 14, 10.75, 14.125], "texture": "#46"},
				"up": {"uv": [13.875, 4, 12.875, 3.875], "texture": "#46"},
				"down": {"uv": [13.875, 4, 12.875, 4.125], "texture": "#46"}
			}
		},
		{
			"from": [3, 27, -8],
			"to": [13, 28, 0],
			"faces": {
				"north": {"uv": [12.5, 1.125, 13.75, 1.25], "texture": "#46"},
				"east": {"uv": [12.875, 3.375, 13.875, 3.5], "texture": "#46"},
				"south": {"uv": [12.5, 1.25, 13.75, 1.375], "texture": "#46"},
				"west": {"uv": [12.875, 3.5, 13.875, 3.625], "texture": "#46"},
				"up": {"uv": [11.75, 4.625, 10.5, 3.625], "texture": "#46"},
				"down": {"uv": [11.75, 4.625, 10.5, 5.625], "texture": "#46"}
			}
		},
		{
			"from": [3, 1, -8],
			"to": [4, 27, 0],
			"faces": {
				"north": {"uv": [4.125, 11.375, 4.25, 14.625], "texture": "#46"},
				"east": {"uv": [7, 3.75, 8, 7], "texture": "#46"},
				"south": {"uv": [4.25, 11.375, 4.375, 14.625], "texture": "#46"},
				"west": {"uv": [7, 7, 8, 10.25], "texture": "#46"},
				"up": {"uv": [3.25, 13.875, 3.125, 12.875], "texture": "#46"},
				"down": {"uv": [3.375, 12.875, 3.25, 13.875], "texture": "#46"}
			}
		},
		{
			"from": [12, 1, -8],
			"to": [13, 27, 0],
			"faces": {
				"north": {"uv": [4.375, 11.375, 4.5, 14.625], "texture": "#46"},
				"east": {"uv": [5, 7.75, 6, 11], "texture": "#46"},
				"south": {"uv": [4.5, 11.375, 4.625, 14.625], "texture": "#46"},
				"west": {"uv": [6, 7.75, 7, 11], "texture": "#46"},
				"up": {"uv": [3.5, 13.875, 3.375, 12.875], "texture": "#46"},
				"down": {"uv": [3.625, 12.875, 3.5, 13.875], "texture": "#46"}
			}
		},
		{
			"from": [12, 13, 6],
			"to": [15, 14, 19],
			"faces": {
				"north": {"uv": [13.5, 5.875, 13.875, 6], "texture": "#46"},
				"east": {"uv": [11.75, 6.375, 13.375, 6.5], "texture": "#46"},
				"south": {"uv": [13.5, 6, 13.875, 6.125], "texture": "#46"},
				"west": {"uv": [11.875, 9, 13.5, 9.125], "texture": "#46"},
				"up": {"uv": [6.125, 12.625, 5.75, 11], "texture": "#46"},
				"down": {"uv": [6.5, 11, 6.125, 12.625], "texture": "#46"}
			}
		},
		{
			"from": [12.25, 14, 8],
			"to": [15, 14.25, 15],
			"faces": {
				"north": {"uv": [13.625, 5.375, 14, 5.5], "texture": "#3"},
				"east": {"uv": [12.875, 4.125, 13.75, 4.25], "texture": "#3"},
				"south": {"uv": [13.625, 8.375, 14, 8.5], "texture": "#3"},
				"west": {"uv": [12.875, 4.25, 13.75, 4.375], "texture": "#3"},
				"up": {"uv": [5, 12.25, 4.625, 11.375], "texture": "#3"},
				"down": {"uv": [7.375, 11.5, 7, 12.375], "texture": "#3"}
			}
		},
		{
			"from": [13.25, 14.25, 11.25],
			"to": [14.25, 15.25, 14.25],
			"faces": {
				"north": {"uv": [12.5, 14.125, 12.625, 14.25], "texture": "#31"},
				"east": {"uv": [13.75, 1.375, 14.125, 1.5], "texture": "#31"},
				"south": {"uv": [14.125, 12.5, 14.25, 12.625], "texture": "#31"},
				"west": {"uv": [13.75, 1.5, 14.125, 1.625], "texture": "#31"},
				"up": {"uv": [13.375, 14, 13.25, 13.625], "texture": "#31"},
				"down": {"uv": [13.5, 13.625, 13.375, 14], "texture": "#31"}
			}
		},
		{
			"from": [14.75, 14.25, 8.25],
			"to": [15, 14.5, 14.75],
			"faces": {
				"north": {"uv": [12.25, 14.125, 12.375, 14.25], "texture": "#3"},
				"east": {"uv": [12.875, 4.375, 13.75, 4.5], "texture": "#3"},
				"south": {"uv": [14.125, 12.25, 14.25, 12.375], "texture": "#3"},
				"west": {"uv": [12.875, 4.5, 13.75, 4.625], "texture": "#3"},
				"up": {"uv": [3.75, 13.75, 3.625, 12.875], "texture": "#3"},
				"down": {"uv": [13, 4.625, 12.875, 5.5], "texture": "#3"}
			}
		},
		{
			"from": [12.25, 14.25, 8.25],
			"to": [12.5, 14.5, 14.75],
			"faces": {
				"north": {"uv": [12.375, 14.125, 12.5, 14.25], "texture": "#3"},
				"east": {"uv": [12.875, 7.25, 13.75, 7.375], "texture": "#3"},
				"south": {"uv": [14.125, 12.375, 14.25, 12.5], "texture": "#3"},
				"west": {"uv": [12.875, 7.375, 13.75, 7.5], "texture": "#3"},
				"up": {"uv": [13, 8.375, 12.875, 7.5], "texture": "#3"},
				"down": {"uv": [13, 11.25, 12.875, 12.125], "texture": "#3"}
			}
		},
		{
			"from": [12.25, 14.25, 14.75],
			"to": [15, 14.5, 15],
			"faces": {
				"north": {"uv": [13.625, 10.25, 14, 10.375], "texture": "#3"},
				"east": {"uv": [12, 14.125, 12.125, 14.25], "texture": "#3"},
				"south": {"uv": [12.875, 13.625, 13.25, 13.75], "texture": "#3"},
				"west": {"uv": [14.125, 12, 14.25, 12.125], "texture": "#3"},
				"up": {"uv": [14, 13.25, 13.625, 13.125], "texture": "#3"},
				"down": {"uv": [14, 13.5, 13.625, 13.625], "texture": "#3"}
			}
		},
		{
			"from": [12.25, 14.25, 8],
			"to": [15, 14.5, 8.25],
			"faces": {
				"north": {"uv": [13.625, 13.625, 14, 13.75], "texture": "#3"},
				"east": {"uv": [12.125, 14.125, 12.25, 14.25], "texture": "#3"},
				"south": {"uv": [13.75, 1, 14.125, 1.125], "texture": "#3"},
				"west": {"uv": [14.125, 12.125, 14.25, 12.25], "texture": "#3"},
				"up": {"uv": [14.125, 1.25, 13.75, 1.125], "texture": "#3"},
				"down": {"uv": [14.125, 1.25, 13.75, 1.375], "texture": "#3"}
			}
		},
		{
			"from": [12, 13, 1],
			"to": [15, 14, 3],
			"faces": {
				"north": {"uv": [13.5, 10.375, 13.875, 10.5], "texture": "#46"},
				"east": {"uv": [14, 7.75, 14.25, 7.875], "texture": "#46"},
				"south": {"uv": [13.125, 13.5, 13.5, 13.625], "texture": "#46"},
				"west": {"uv": [7.875, 14, 8.125, 14.125], "texture": "#46"},
				"up": {"uv": [13.375, 5.125, 13, 4.875], "texture": "#46"},
				"down": {"uv": [13.375, 5.125, 13, 5.375], "texture": "#46"}
			}
		},
		{
			"from": [12, 13, 3],
			"to": [12.5, 14, 6],
			"faces": {
				"north": {"uv": [10.625, 14.125, 10.75, 14.25], "texture": "#46"},
				"east": {"uv": [13.5, 13.25, 13.875, 13.375], "texture": "#46"},
				"south": {"uv": [14.125, 10.625, 14.25, 10.75], "texture": "#46"},
				"west": {"uv": [13.5, 13.375, 13.875, 13.5], "texture": "#46"},
				"up": {"uv": [13.625, 13.875, 13.5, 13.5], "texture": "#46"},
				"down": {"uv": [13.75, 2.375, 13.625, 2.75], "texture": "#46"}
			}
		},
		{
			"from": [13, 14, 1.5],
			"to": [14, 16, 2.5],
			"faces": {
				"north": {"uv": [14, 7.875, 14.125, 8.125], "texture": "#46"},
				"east": {"uv": [14, 8.125, 14.125, 8.375], "texture": "#46"},
				"south": {"uv": [14, 8.375, 14.125, 8.625], "texture": "#46"},
				"west": {"uv": [14, 8.625, 14.125, 8.875], "texture": "#46"},
				"up": {"uv": [10.875, 14.25, 10.75, 14.125], "texture": "#46"},
				"down": {"uv": [14.25, 10.75, 14.125, 10.875], "texture": "#46"}
			}
		},
		{
			"from": [13, 15, 2.5],
			"to": [14, 16, 3.5],
			"faces": {
				"north": {"uv": [10.875, 14.125, 11, 14.25], "texture": "#46"},
				"east": {"uv": [14.125, 10.875, 14.25, 11], "texture": "#46"},
				"south": {"uv": [14.125, 11, 14.25, 11.125], "texture": "#46"},
				"west": {"uv": [14.125, 11.125, 14.25, 11.25], "texture": "#46"},
				"up": {"uv": [11.375, 14.25, 11.25, 14.125], "texture": "#46"},
				"down": {"uv": [14.25, 11.25, 14.125, 11.375], "texture": "#46"}
			}
		},
		{
			"from": [11.75, 1, 2],
			"to": [12, 11, 5],
			"faces": {
				"north": {"uv": [12.75, 11.25, 12.875, 12.5], "texture": "#31"},
				"east": {"uv": [11.25, 11.25, 11.625, 12.5], "texture": "#31"},
				"south": {"uv": [12.75, 12.5, 12.875, 13.75], "texture": "#31"},
				"west": {"uv": [0, 11.375, 0.375, 12.625], "texture": "#31"},
				"up": {"uv": [13.625, 12.875, 13.5, 12.5], "texture": "#31"},
				"down": {"uv": [13.625, 12.875, 13.5, 13.25], "texture": "#31"}
			}
		},
		{
			"from": [11.75, 12, 2],
			"to": [12, 13, 5],
			"faces": {
				"north": {"uv": [11.375, 14.125, 11.5, 14.25], "texture": "#31"},
				"east": {"uv": [13.625, 2.75, 14, 2.875], "texture": "#31"},
				"south": {"uv": [14.125, 11.375, 14.25, 11.5], "texture": "#31"},
				"west": {"uv": [13.625, 4.625, 14, 4.75], "texture": "#31"},
				"up": {"uv": [13.75, 5.125, 13.625, 4.75], "texture": "#31"},
				"down": {"uv": [13.75, 8, 13.625, 8.375], "texture": "#31"}
			}
		},
		{
			"from": [12, 0, 1],
			"to": [15, 13, 6],
			"faces": {
				"north": {"uv": [6.5, 11, 6.875, 12.625], "texture": "#46"},
				"east": {"uv": [10.625, 9.375, 11.25, 11], "texture": "#46"},
				"south": {"uv": [10.625, 11, 11, 12.625], "texture": "#46"},
				"west": {"uv": [10.75, 0, 11.375, 1.625], "texture": "#46"},
				"up": {"uv": [12.75, 4.25, 12.375, 3.625], "texture": "#46"},
				"down": {"uv": [12.75, 4.25, 12.375, 4.875], "texture": "#46"}
			}
		},
		{
			"from": [13.5, 5, 10],
			"to": [15, 6, 15],
			"faces": {
				"north": {"uv": [14, 8.875, 14.25, 9], "texture": "#3"},
				"east": {"uv": [12.875, 8.375, 13.5, 8.5], "texture": "#3"},
				"south": {"uv": [14, 9, 14.25, 9.125], "texture": "#3"},
				"west": {"uv": [13, 5.375, 13.625, 5.5], "texture": "#3"},
				"up": {"uv": [13, 10.5, 12.75, 9.875], "texture": "#3"},
				"down": {"uv": [13.125, 2.375, 12.875, 3], "texture": "#3"}
			}
		},
		{
			"from": [13.25, 5, 10],
			"to": [13.5, 9, 15],
			"faces": {
				"north": {"uv": [13.5, 10.875, 13.625, 11.375], "texture": "#31"},
				"east": {"uv": [11.375, 1, 12, 1.5], "texture": "#31"},
				"south": {"uv": [13.5, 11.375, 13.625, 11.875], "texture": "#31"},
				"west": {"uv": [11.875, 8.5, 12.5, 9], "texture": "#31"},
				"up": {"uv": [13.125, 13.625, 13, 13], "texture": "#31"},
				"down": {"uv": [13.25, 2.375, 13.125, 3], "texture": "#31"}
			}
		},
		{
			"from": [13.5, 6, 10],
			"to": [15, 9, 11],
			"faces": {
				"north": {"uv": [13, 7.5, 13.25, 7.875], "texture": "#3"},
				"east": {"uv": [13.625, 9, 13.75, 9.375], "texture": "#3"},
				"south": {"uv": [13, 7.875, 13.25, 8.25], "texture": "#3"},
				"west": {"uv": [13.625, 9.875, 13.75, 10.25], "texture": "#3"},
				"up": {"uv": [14.25, 9.25, 14, 9.125], "texture": "#3"},
				"down": {"uv": [14.25, 9.25, 14, 9.375], "texture": "#3"}
			}
		},
		{
			"from": [13.5, 14, 17.5],
			"to": [15, 17, 18],
			"faces": {
				"north": {"uv": [13, 11.375, 13.25, 11.75], "texture": "#41"},
				"east": {"uv": [13.625, 11.25, 13.75, 11.625], "texture": "#41"},
				"south": {"uv": [13, 11.75, 13.25, 12.125], "texture": "#41"},
				"west": {"uv": [13.625, 11.625, 13.75, 12], "texture": "#41"},
				"up": {"uv": [14.25, 10.25, 14, 10.125], "texture": "#41"},
				"down": {"uv": [14.25, 10.25, 14, 10.375], "texture": "#41"}
			}
		},
		{
			"from": [13.5, 14, 18],
			"to": [14, 17, 19],
			"faces": {
				"north": {"uv": [13.625, 12, 13.75, 12.375], "texture": "#41"},
				"east": {"uv": [12.25, 13.625, 12.375, 14], "texture": "#41"},
				"south": {"uv": [13.625, 12.375, 13.75, 12.75], "texture": "#41"},
				"west": {"uv": [13.625, 12.75, 13.75, 13.125], "texture": "#41"},
				"up": {"uv": [11.625, 14.25, 11.5, 14.125], "texture": "#41"},
				"down": {"uv": [14.25, 11.5, 14.125, 11.625], "texture": "#41"}
			}
		},
		{
			"from": [14, 14, 18],
			"to": [15, 14.5, 19],
			"faces": {
				"north": {"uv": [11.625, 14.125, 11.75, 14.25], "texture": "#41"},
				"east": {"uv": [14.125, 11.625, 14.25, 11.75], "texture": "#41"},
				"south": {"uv": [11.75, 14.125, 11.875, 14.25], "texture": "#41"},
				"west": {"uv": [14.125, 11.75, 14.25, 11.875], "texture": "#41"},
				"up": {"uv": [12, 14.25, 11.875, 14.125], "texture": "#41"},
				"down": {"uv": [14.25, 11.875, 14.125, 12], "texture": "#41"}
			}
		},
		{
			"from": [13.5, 6, 14],
			"to": [15, 9, 15],
			"faces": {
				"north": {"uv": [13, 9.875, 13.25, 10.25], "texture": "#3"},
				"east": {"uv": [13.625, 10.5, 13.75, 10.875], "texture": "#3"},
				"south": {"uv": [13, 11, 13.25, 11.375], "texture": "#3"},
				"west": {"uv": [13.625, 10.875, 13.75, 11.25], "texture": "#3"},
				"up": {"uv": [14.25, 10, 14, 9.875], "texture": "#3"},
				"down": {"uv": [14.25, 10, 14, 10.125], "texture": "#3"}
			}
		},
		{
			"from": [13, 12.5, 9],
			"to": [15, 13, 10],
			"faces": {
				"north": {"uv": [13.875, 12.875, 14.125, 13], "texture": "#46"},
				"east": {"uv": [10.375, 14.125, 10.5, 14.25], "texture": "#46"},
				"south": {"uv": [14, 0.75, 14.25, 0.875], "texture": "#46"},
				"west": {"uv": [14.125, 10.375, 14.25, 10.5], "texture": "#46"},
				"up": {"uv": [14.25, 4.5, 14, 4.375], "texture": "#46"},
				"down": {"uv": [14.25, 4.625, 14, 4.75], "texture": "#46"}
			}
		},
		{
			"from": [13, 12.5, 15],
			"to": [15, 13, 16],
			"faces": {
				"north": {"uv": [14, 5.75, 14.25, 5.875], "texture": "#46"},
				"east": {"uv": [10.5, 14.125, 10.625, 14.25], "texture": "#46"},
				"south": {"uv": [14, 7.5, 14.25, 7.625], "texture": "#46"},
				"west": {"uv": [14.125, 10.5, 14.25, 10.625], "texture": "#46"},
				"up": {"uv": [7.875, 14.125, 7.625, 14], "texture": "#46"},
				"down": {"uv": [14.25, 7.625, 14, 7.75], "texture": "#46"}
			}
		},
		{
			"from": [15, 25, 1],
			"to": [16, 29, 17],
			"faces": {
				"north": {"uv": [13.5, 8, 13.625, 8.5], "texture": "#46"},
				"east": {"uv": [10.75, 2.375, 12.75, 2.875], "texture": "#46"},
				"south": {"uv": [13.5, 9.875, 13.625, 10.375], "texture": "#46"},
				"west": {"uv": [10.75, 2.875, 12.75, 3.375], "texture": "#46"},
				"up": {"uv": [10.5, 14.125, 10.375, 12.125], "texture": "#46"},
				"down": {"uv": [10.625, 12.125, 10.5, 14.125], "texture": "#46"}
			}
		},
		{
			"from": [15, 15, 1],
			"to": [16, 25, 3],
			"faces": {
				"north": {"uv": [7.625, 12.75, 7.75, 14], "texture": "#46"},
				"east": {"uv": [11.75, 7.25, 12, 8.5], "texture": "#46"},
				"south": {"uv": [7.75, 12.75, 7.875, 14], "texture": "#46"},
				"west": {"uv": [11.875, 11.25, 12.125, 12.5], "texture": "#46"},
				"up": {"uv": [7.5, 14.25, 7.375, 14], "texture": "#46"},
				"down": {"uv": [7.625, 14, 7.5, 14.25], "texture": "#46"}
			}
		},
		{
			"from": [15, 15, 3],
			"to": [16, 25, 17],
			"faces": {
				"north": {"uv": [7.875, 12.75, 8, 14], "texture": "#46"},
				"east": {"uv": [8, 7.75, 9.75, 9], "texture": "#46"},
				"south": {"uv": [8, 12.75, 8.125, 14], "texture": "#46"},
				"west": {"uv": [8, 9, 9.75, 10.25], "texture": "#46"},
				"up": {"uv": [7.375, 14.125, 7.25, 12.375], "texture": "#46"},
				"down": {"uv": [12.5, 11.75, 12.375, 13.5], "texture": "#46"}
			}
		},
		{
			"from": [15, 0, 1],
			"to": [16, 15, 17],
			"faces": {
				"north": {"uv": [4.875, 12.25, 5, 14.125], "texture": "#46"},
				"east": {"uv": [5, 4, 7, 5.875], "texture": "#46"},
				"south": {"uv": [12.25, 11.75, 12.375, 13.625], "texture": "#46"},
				"west": {"uv": [5, 5.875, 7, 7.75], "texture": "#46"},
				"up": {"uv": [12.25, 13.75, 12.125, 11.75], "texture": "#46"},
				"down": {"uv": [12.375, 3.625, 12.25, 5.625], "texture": "#46"}
			}
		},
		{
			"from": [0, 0, 16],
			"to": [1, 29, 21],
			"faces": {
				"north": {"uv": [1.875, 11.375, 2, 15], "texture": "#46"},
				"east": {"uv": [2.5, 8, 3.125, 11.625], "texture": "#46"},
				"south": {"uv": [2, 11.375, 2.125, 15], "texture": "#46"},
				"west": {"uv": [3.125, 8, 3.75, 11.625], "texture": "#46"},
				"up": {"uv": [9.75, 10.875, 9.625, 10.25], "texture": "#46"},
				"down": {"uv": [13, 13, 12.875, 13.625], "texture": "#46"}
			}
		},
		{
			"from": [1, 0, 19],
			"to": [4, 29, 20],
			"faces": {
				"north": {"uv": [8.25, 10.25, 8.625, 13.875], "texture": "#46"},
				"east": {"uv": [2.125, 11.375, 2.25, 15], "texture": "#46"},
				"south": {"uv": [10.25, 8.5, 10.625, 12.125], "texture": "#46"},
				"west": {"uv": [2.25, 11.375, 2.375, 15], "texture": "#46"},
				"up": {"uv": [13.75, 1.625, 13.375, 1.5], "texture": "#46"},
				"down": {"uv": [13.75, 5.125, 13.375, 5.25], "texture": "#46"}
			}
		},
		{
			"from": [12, 0, 19],
			"to": [15, 29, 20],
			"faces": {
				"north": {"uv": [8.625, 10.25, 9, 13.875], "texture": "#46"},
				"east": {"uv": [2.375, 11.375, 2.5, 15], "texture": "#46"},
				"south": {"uv": [9, 10.25, 9.375, 13.875], "texture": "#46"},
				"west": {"uv": [3.75, 11.375, 3.875, 15], "texture": "#46"},
				"up": {"uv": [13.75, 5.375, 13.375, 5.25], "texture": "#46"},
				"down": {"uv": [13.75, 6.375, 13.375, 6.5], "texture": "#46"}
			}
		},
		{
			"from": [0, 27, 21],
			"to": [1, 29, 32],
			"faces": {
				"north": {"uv": [13.875, 3.5, 14, 3.75], "texture": "#46"},
				"east": {"uv": [11.375, 0, 12.75, 0.25], "texture": "#46"},
				"south": {"uv": [13.875, 3.75, 14, 4], "texture": "#46"},
				"west": {"uv": [11.375, 0.25, 12.75, 0.5], "texture": "#46"},
				"up": {"uv": [6.125, 14, 6, 12.625], "texture": "#46"},
				"down": {"uv": [6.25, 12.625, 6.125, 14], "texture": "#46"}
			}
		},
		{
			"from": [15, 27, 21],
			"to": [16, 29, 32],
			"faces": {
				"north": {"uv": [13.875, 4, 14, 4.25], "texture": "#46"},
				"east": {"uv": [11.375, 0.5, 12.75, 0.75], "texture": "#46"},
				"south": {"uv": [13.875, 4.25, 14, 4.5], "texture": "#46"},
				"west": {"uv": [11.375, 0.75, 12.75, 1], "texture": "#46"},
				"up": {"uv": [6.375, 14, 6.25, 12.625], "texture": "#46"},
				"down": {"uv": [6.5, 12.625, 6.375, 14], "texture": "#46"}
			}
		}
	],
	"display": {
		"head": {
			"scale": [2, 2, 2]
		}
	},
	"groups": [
		{
			"name": "glass",
			"origin": [0, 0, 0],
			"color": 0,
			"children": []
		},
		{
			"name": "Frame",
			"origin": [0, 0, 0],
			"color": 0,
			"children": [0, 1, 2, 3]
		},
		{
			"name": "Body",
			"origin": [0, 0, 0],
			"color": 0,
			"children": [
				4,
				5,
				6,
				7,
				8,
				9,
				10,
				{
					"name": "fittings",
					"origin": [0, 0, 0],
					"color": 0,
					"children": [11, 12]
				},
				{
					"name": "rollsign",
					"origin": [0, 0, 0],
					"color": 0,
					"children": [
						13,
						{
							"name": "group",
							"origin": [0, 0, 0],
							"color": 0,
							"children": [14, 15, 16, 17, 18, 19, 20, 21, 22, 23, 24, 25, 26, 27, 28, 29, 30, 31, 32, 33, 34]
						},
						{
							"name": "group",
							"origin": [0, 0, 0],
							"color": 0,
							"children": []
						},
						{
							"name": "group",
							"origin": [0, 0, 0],
							"color": 0,
							"children": []
						},
						{
							"name": "group",
							"origin": [0, 0, 0],
							"color": 0,
							"children": []
						},
						35,
						36,
						37,
						38,
						39,
						40,
						41,
						42,
						43,
						44
					]
				},
				{
					"name": "MU",
					"origin": [0, 0, 0],
					"color": 0,
					"children": [
						{
							"name": "coupler bar",
							"origin": [0, 0, 0],
							"color": 0,
							"children": [45, 46, 47, 48, 49]
						},
						50,
						51,
						52,
						53,
						54,
						55,
						56,
						57,
						58,
						59,
						60,
						61
					]
				}
			]
		},
		{
			"name": "Roof",
			"origin": [0, 0, 0],
			"color": 0,
			"children": [
				62,
				{
					"name": "Panto Holder",
					"origin": [0, 0, 0],
					"color": 0,
					"children": [63, 64, 65, 66, 67, 68, 69, 70, 71, 72, 73, 74, 75]
				}
			]
		},
		{
			"name": "Gangway",
			"origin": [0, 0, 0],
			"color": 0,
			"children": [76, 77, 78, 79, 80]
		},
		{
			"name": "Interior",
			"origin": [0, 0, 0],
			"color": 0,
			"children": [
				{
					"name": "bar",
					"origin": [0, 0, 0],
					"color": 0,
					"children": [
						81,
						82,
						83,
						84,
						85,
						86,
						87,
						{
							"name": "group",
							"origin": [0, 0, 0],
							"color": 0,
							"children": [88]
						},
						{
							"name": "group",
							"origin": [0, 0, 0],
							"color": 0,
							"children": [89]
						},
						{
							"name": "group",
							"origin": [0, 0, 0],
							"color": 0,
							"children": [90]
						},
						{
							"name": "group",
							"origin": [0, 0, 0],
							"color": 0,
							"children": [91]
						},
						92,
						93,
						94,
						95,
						96,
						97,
						98,
						99,
						100,
						101,
						102,
						103
					]
				}
			]
		},
		104,
		105,
		106,
		107,
		108,
		109,
		110,
		111,
		112
	]
}