{
	"format_version": "1.21.6",
	"credit": "Made with Blockbench",
	"textures": {
		"1": "LipanLocoTextures/shine metal",
		"5": "LipanLocoTextures/dark metal",
		"7": "LipanLocoTextures/snowplough yellow",
		"9": "LipanLocoTextures/Crimson",
		"15": "LipanLocoTextures/Namboku Green",
		"16": "LipanLocoTextures/Snow White",
		"18": "LipanLocoTextures/Loop Orange",
		"19": "LipanLocoTextures/Light Crimson",
		"20": "LipanLocoTextures/LipanLogoRedraw",
		"21": "LipanLocoTextures/wagon metal",
		"22": "LipanLocoTextures/OreHopper_Frame",
		"23": "LipanLocoTextures/OreHopper_Left",
		"24": "LipanLocoTextures/OreHopper_right",
		"25": "LipanLocoTextures/OreHopper_Front",
		"26": "LipanLocoTextures/OreHopper_mleft",
		"27": "LipanLocoTextures/OreHopper_fright",
		"particle": "LipanLocoTextures/horn"
	},
	"elements": [
		{
			"from": [2, -5, 17],
			"to": [3, -3, 22],
			"faces": {
				"north": {"uv": [0, 0, 0.5, 1], "texture": "#1"},
				"east": {"uv": [0, 0, 2.5, 1], "texture": "#1"},
				"south": {"uv": [0, 0, 0.5, 1], "texture": "#1"},
				"west": {"uv": [0, 0, 2.5, 1], "texture": "#1"},
				"up": {"uv": [0, 0, 0.5, 2.5], "texture": "#1"},
				"down": {"uv": [0, 0, 0.5, 2.5], "texture": "#1"}
			}
		},
		{
			"from": [2, -7, 19],
			"to": [3, -5, 21],
			"faces": {
				"north": {"uv": [0, 0, 0.5, 1], "texture": "#1"},
				"east": {"uv": [0, 0, 1, 1], "texture": "#1"},
				"south": {"uv": [0, 0, 0.5, 1], "texture": "#1"},
				"west": {"uv": [0, 0, 1, 1], "texture": "#1"},
				"up": {"uv": [0, 0, 0.5, 1], "texture": "#1"},
				"down": {"uv": [0, 0, 0.5, 1], "texture": "#1"}
			}
		},
		{
			"from": [13, -7, 19],
			"to": [14, -5, 21],
			"faces": {
				"north": {"uv": [0, 0, 0.5, 1], "texture": "#1"},
				"east": {"uv": [0, 0, 1, 1], "texture": "#1"},
				"south": {"uv": [0, 0, 0.5, 1], "texture": "#1"},
				"west": {"uv": [0, 0, 1, 1], "texture": "#1"},
				"up": {"uv": [0, 0, 0.5, 1], "texture": "#1"},
				"down": {"uv": [0, 0, 0.5, 1], "texture": "#1"}
			}
		},
		{
			"from": [13, -5, 17],
			"to": [14, -3, 22],
			"faces": {
				"north": {"uv": [0, 0, 0.5, 1], "texture": "#1"},
				"east": {"uv": [0, 0, 2.5, 1], "texture": "#1"},
				"south": {"uv": [0, 0, 0.5, 1], "texture": "#1"},
				"west": {"uv": [0, 0, 2.5, 1], "texture": "#1"},
				"up": {"uv": [0, 0, 0.5, 2.5], "texture": "#1"},
				"down": {"uv": [0, 0, 0.5, 2.5], "texture": "#1"}
			}
		},
		{
			"from": [2, -6, 18],
			"to": [14, -5, 19],
			"faces": {
				"north": {"uv": [0, 0, 6, 0.5], "texture": "#1"},
				"east": {"uv": [0, 0, 0.5, 0.5], "texture": "#1"},
				"south": {"uv": [0, 0, 6, 0.5], "texture": "#1"},
				"west": {"uv": [0, 0, 0.5, 0.5], "texture": "#1"},
				"up": {"uv": [0, 0, 6, 0.5], "texture": "#1"},
				"down": {"uv": [0, 0, 6, 0.5], "texture": "#1"}
			}
		},
		{
			"from": [3, -5, 17],
			"to": [13, -4, 18],
			"faces": {
				"north": {"uv": [0, 0, 5, 0.5], "texture": "#1"},
				"east": {"uv": [0, 0, 0.5, 0.5], "texture": "#1"},
				"south": {"uv": [0, 0, 5, 0.5], "texture": "#1"},
				"west": {"uv": [0, 0, 0.5, 0.5], "texture": "#1"},
				"up": {"uv": [0, 0, 5, 0.5], "texture": "#1"},
				"down": {"uv": [0, 0, 5, 0.5], "texture": "#1"}
			}
		},
		{
			"from": [2, -4, 16],
			"to": [14, -3, 17],
			"faces": {
				"north": {"uv": [0, 0, 6, 0.5], "texture": "#1"},
				"east": {"uv": [0, 0, 0.5, 0.5], "texture": "#1"},
				"south": {"uv": [0, 0, 6, 0.5], "texture": "#1"},
				"west": {"uv": [0, 0, 0.5, 0.5], "texture": "#1"},
				"up": {"uv": [0, 0, 6, 0.5], "texture": "#1"},
				"down": {"uv": [0, 0, 6, 0.5], "texture": "#1"}
			}
		},
		{
			"from": [3, -7, 19],
			"to": [13, -5, 20],
			"faces": {
				"north": {"uv": [0, 0, 5, 1], "texture": "#1"},
				"east": {"uv": [0, 0, 0.5, 1], "texture": "#1"},
				"south": {"uv": [0, 0, 5, 1], "texture": "#1"},
				"west": {"uv": [0, 0, 0.5, 1], "texture": "#1"},
				"up": {"uv": [0, 0, 5, 0.5], "texture": "#1"},
				"down": {"uv": [0, 0, 5, 0.5], "texture": "#1"}
			}
		},
		{
			"from": [3, -4, 21],
			"to": [13, -3, 22],
			"faces": {
				"north": {"uv": [0, 0, 5, 0.5], "texture": "#1"},
				"east": {"uv": [0, 0, 0.5, 0.5], "texture": "#1"},
				"south": {"uv": [0, 0, 5, 0.5], "texture": "#1"},
				"west": {"uv": [0, 0, 0.5, 0.5], "texture": "#1"},
				"up": {"uv": [0, 0, 5, 0.5], "texture": "#1"},
				"down": {"uv": [0, 0, 5, 0.5], "texture": "#1"}
			}
		},
		{
			"from": [3, -5, 21],
			"to": [13, -4, 22],
			"faces": {
				"north": {"uv": [0, 0, 5, 0.5], "texture": "#5"},
				"east": {"uv": [0, 0, 0.5, 0.5], "texture": "#5"},
				"south": {"uv": [0, 0, 5, 0.5], "texture": "#5"},
				"west": {"uv": [0, 0, 0.5, 0.5], "texture": "#5"},
				"up": {"uv": [0, 0, 5, 0.5], "texture": "#5"},
				"down": {"uv": [0, 0, 5, 0.5], "texture": "#5"}
			}
		},
		{
			"from": [3, -6, 20],
			"to": [13, -5, 21],
			"faces": {
				"north": {"uv": [0, 0, 5, 0.5], "texture": "#5"},
				"east": {"uv": [0, 0, 0.5, 0.5], "texture": "#5"},
				"south": {"uv": [0, 0, 5, 0.5], "texture": "#5"},
				"west": {"uv": [0, 0, 0.5, 0.5], "texture": "#5"},
				"up": {"uv": [0, 0, 5, 0.5], "texture": "#5"},
				"down": {"uv": [0, 0, 5, 0.5], "texture": "#5"}
			}
		},
		{
			"from": [3, -7, 20],
			"to": [13, -6, 21],
			"faces": {
				"north": {"uv": [0, 0, 5, 0.5], "texture": "#1"},
				"east": {"uv": [0, 0, 0.5, 0.5], "texture": "#1"},
				"south": {"uv": [0, 0, 5, 0.5], "texture": "#1"},
				"west": {"uv": [0, 0, 0.5, 0.5], "texture": "#1"},
				"up": {"uv": [0, 0, 5, 0.5], "texture": "#1"},
				"down": {"uv": [0, 0, 5, 0.5], "texture": "#1"}
			}
		},
		{
			"from": [2, -5, 25],
			"to": [3, -3, 30],
			"faces": {
				"north": {"uv": [0, 0, 0.5, 1], "texture": "#1"},
				"east": {"uv": [0, 0, 2.5, 1], "texture": "#1"},
				"south": {"uv": [0, 0, 0.5, 1], "texture": "#1"},
				"west": {"uv": [0, 0, 2.5, 1], "texture": "#1"},
				"up": {"uv": [0, 0, 0.5, 2.5], "texture": "#1"},
				"down": {"uv": [0, 0, 0.5, 2.5], "texture": "#1"}
			}
		},
		{
			"from": [2, -7, 27],
			"to": [3, -5, 29],
			"faces": {
				"north": {"uv": [0, 0, 0.5, 1], "texture": "#1"},
				"east": {"uv": [0, 0, 1, 1], "texture": "#1"},
				"south": {"uv": [0, 0, 0.5, 1], "texture": "#1"},
				"west": {"uv": [0, 0, 1, 1], "texture": "#1"},
				"up": {"uv": [0, 0, 0.5, 1], "texture": "#1"},
				"down": {"uv": [0, 0, 0.5, 1], "texture": "#1"}
			}
		},
		{
			"from": [13, -7, 27],
			"to": [14, -5, 29],
			"faces": {
				"north": {"uv": [0, 0, 0.5, 1], "texture": "#1"},
				"east": {"uv": [0, 0, 1, 1], "texture": "#1"},
				"south": {"uv": [0, 0, 0.5, 1], "texture": "#1"},
				"west": {"uv": [0, 0, 1, 1], "texture": "#1"},
				"up": {"uv": [0, 0, 0.5, 1], "texture": "#1"},
				"down": {"uv": [0, 0, 0.5, 1], "texture": "#1"}
			}
		},
		{
			"from": [13, -5, 25],
			"to": [14, -3, 30],
			"faces": {
				"north": {"uv": [0, 0, 0.5, 1], "texture": "#1"},
				"east": {"uv": [0, 0, 2.5, 1], "texture": "#1"},
				"south": {"uv": [0, 0, 0.5, 1], "texture": "#1"},
				"west": {"uv": [0, 0, 2.5, 1], "texture": "#1"},
				"up": {"uv": [0, 0, 0.5, 2.5], "texture": "#1"},
				"down": {"uv": [0, 0, 0.5, 2.5], "texture": "#1"}
			}
		},
		{
			"from": [2, -6, 26],
			"to": [14, -5, 27],
			"faces": {
				"north": {"uv": [0, 0, 6, 0.5], "texture": "#1"},
				"east": {"uv": [0, 0, 0.5, 0.5], "texture": "#1"},
				"south": {"uv": [0, 0, 6, 0.5], "texture": "#1"},
				"west": {"uv": [0, 0, 0.5, 0.5], "texture": "#1"},
				"up": {"uv": [0, 0, 6, 0.5], "texture": "#1"},
				"down": {"uv": [0, 0, 6, 0.5], "texture": "#1"}
			}
		},
		{
			"from": [3, -5, 25],
			"to": [13, -4, 26],
			"faces": {
				"north": {"uv": [0, 0, 5, 0.5], "texture": "#1"},
				"east": {"uv": [0, 0, 0.5, 0.5], "texture": "#1"},
				"south": {"uv": [0, 0, 5, 0.5], "texture": "#1"},
				"west": {"uv": [0, 0, 0.5, 0.5], "texture": "#1"},
				"up": {"uv": [0, 0, 5, 0.5], "texture": "#1"},
				"down": {"uv": [0, 0, 5, 0.5], "texture": "#1"}
			}
		},
		{
			"from": [2, -4, 24],
			"to": [14, -3, 25],
			"faces": {
				"north": {"uv": [0, 0, 6, 0.5], "texture": "#1"},
				"east": {"uv": [0, 0, 0.5, 0.5], "texture": "#1"},
				"south": {"uv": [0, 0, 6, 0.5], "texture": "#1"},
				"west": {"uv": [0, 0, 0.5, 0.5], "texture": "#1"},
				"up": {"uv": [0, 0, 6, 0.5], "texture": "#1"},
				"down": {"uv": [0, 0, 6, 0.5], "texture": "#1"}
			}
		},
		{
			"from": [3, -7, 27],
			"to": [13, -5, 28],
			"faces": {
				"north": {"uv": [0, 0, 5, 1], "texture": "#1"},
				"east": {"uv": [0, 0, 0.5, 1], "texture": "#1"},
				"south": {"uv": [0, 0, 5, 1], "texture": "#1"},
				"west": {"uv": [0, 0, 0.5, 1], "texture": "#1"},
				"up": {"uv": [0, 0, 5, 0.5], "texture": "#1"},
				"down": {"uv": [0, 0, 5, 0.5], "texture": "#1"}
			}
		},
		{
			"from": [3, -4, 29],
			"to": [13, -3, 30],
			"faces": {
				"north": {"uv": [0, 0, 5, 0.5], "texture": "#1"},
				"east": {"uv": [0, 0, 0.5, 0.5], "texture": "#1"},
				"south": {"uv": [0, 0, 5, 0.5], "texture": "#1"},
				"west": {"uv": [0, 0, 0.5, 0.5], "texture": "#1"},
				"up": {"uv": [0, 0, 5, 0.5], "texture": "#1"},
				"down": {"uv": [0, 0, 5, 0.5], "texture": "#1"}
			}
		},
		{
			"from": [3, -5, 29],
			"to": [13, -4, 30],
			"faces": {
				"north": {"uv": [0, 0, 5, 0.5], "texture": "#5"},
				"east": {"uv": [0, 0, 0.5, 0.5], "texture": "#5"},
				"south": {"uv": [0, 0, 5, 0.5], "texture": "#5"},
				"west": {"uv": [0, 0, 0.5, 0.5], "texture": "#5"},
				"up": {"uv": [0, 0, 5, 0.5], "texture": "#5"},
				"down": {"uv": [0, 0, 5, 0.5], "texture": "#5"}
			}
		},
		{
			"from": [3, -6, 28],
			"to": [13, -5, 29],
			"faces": {
				"north": {"uv": [0, 0, 5, 0.5], "texture": "#5"},
				"east": {"uv": [0, 0, 0.5, 0.5], "texture": "#5"},
				"south": {"uv": [0, 0, 5, 0.5], "texture": "#5"},
				"west": {"uv": [0, 0, 0.5, 0.5], "texture": "#5"},
				"up": {"uv": [0, 0, 5, 0.5], "texture": "#5"},
				"down": {"uv": [0, 0, 5, 0.5], "texture": "#5"}
			}
		},
		{
			"from": [3, -7, 28],
			"to": [13, -6, 29],
			"faces": {
				"north": {"uv": [0, 0, 5, 0.5], "texture": "#1"},
				"east": {"uv": [0, 0, 0.5, 0.5], "texture": "#1"},
				"south": {"uv": [0, 0, 5, 0.5], "texture": "#1"},
				"west": {"uv": [0, 0, 0.5, 0.5], "texture": "#1"},
				"up": {"uv": [0, 0, 5, 0.5], "texture": "#1"},
				"down": {"uv": [0, 0, 5, 0.5], "texture": "#1"}
			}
		},
		{
			"from": [14, -5, 19],
			"to": [15, -4, 28],
			"faces": {
				"north": {"uv": [0, 0, 0.5, 0.5], "texture": "#7"},
				"east": {"uv": [0, 0, 4.5, 0.5], "texture": "#7"},
				"south": {"uv": [0, 0, 0.5, 0.5], "texture": "#7"},
				"west": {"uv": [0, 0, 4.5, 0.5], "texture": "#7"},
				"up": {"uv": [0, 0, 0.5, 4.5], "texture": "#7"},
				"down": {"uv": [0, 0, 0.5, 4.5], "texture": "#7"}
			}
		},
		{
			"from": [1, -5, 16],
			"to": [2, -4, 20],
			"faces": {
				"north": {"uv": [0, 0, 0.5, 0.5], "texture": "#7"},
				"east": {"uv": [0, 0, 2, 0.5], "texture": "#7"},
				"south": {"uv": [0, 0, 0.5, 0.5], "texture": "#7"},
				"west": {"uv": [0, 0, 2, 0.5], "texture": "#7"},
				"up": {"uv": [0, 0, 0.5, 2], "texture": "#7"},
				"down": {"uv": [0, 0, 0.5, 2], "texture": "#7"}
			}
		},
		{
			"from": [15, -3, -1],
			"to": [16, -2, 1],
			"faces": {
				"north": {"uv": [0, 0, 0.5, 0.5], "texture": "#19"},
				"east": {"uv": [0, 0, 1, 0.5], "texture": "#19"},
				"south": {"uv": [0, 0, 0.5, 0.5], "texture": "#19"},
				"west": {"uv": [0, 0, 1, 0.5], "texture": "#19"},
				"up": {"uv": [0, 0, 0.5, 1], "texture": "#19"},
				"down": {"uv": [0, 0, 0.5, 1], "texture": "#19"}
			}
		},
		{
			"from": [15, -2, -1],
			"to": [16.5, -1, 1],
			"faces": {
				"north": {"uv": [0, 0, 0.75, 0.5], "texture": "#19"},
				"east": {"uv": [0, 0, 1, 0.5], "texture": "#19"},
				"south": {"uv": [0, 0, 0.75, 0.5], "texture": "#19"},
				"west": {"uv": [0, 0, 1, 0.5], "texture": "#19"},
				"up": {"uv": [0, 0, 0.75, 1], "texture": "#19"},
				"down": {"uv": [0, 0, 0.75, 1], "texture": "#19"}
			}
		},
		{
			"from": [16, -1, -1],
			"to": [17, 16, 1],
			"faces": {
				"north": {"uv": [0, 0, 0.5, 8.5], "texture": "#19"},
				"east": {"uv": [0, 0, 1, 8.5], "texture": "#19"},
				"south": {"uv": [0, 0, 0.5, 8.5], "texture": "#19"},
				"west": {"uv": [0, 0, 1, 8.5], "texture": "#19"},
				"up": {"uv": [0, 0, 0.5, 1], "texture": "#19"},
				"down": {"uv": [0, 0, 0.5, 1], "texture": "#19"}
			}
		},
		{
			"from": [15, -3, -9],
			"to": [16, -2, -7],
			"faces": {
				"north": {"uv": [0, 0, 0.5, 0.5], "texture": "#19"},
				"east": {"uv": [0, 0, 1, 0.5], "texture": "#19"},
				"south": {"uv": [0, 0, 0.5, 0.5], "texture": "#19"},
				"west": {"uv": [0, 0, 1, 0.5], "texture": "#19"},
				"up": {"uv": [0, 0, 0.5, 1], "texture": "#19"},
				"down": {"uv": [0, 0, 0.5, 1], "texture": "#19"}
			}
		},
		{
			"from": [15, -2, -9],
			"to": [16.5, -1, -7],
			"faces": {
				"north": {"uv": [0, 0, 0.75, 0.5], "texture": "#19"},
				"east": {"uv": [0, 0, 1, 0.5], "texture": "#19"},
				"south": {"uv": [0, 0, 0.75, 0.5], "texture": "#19"},
				"west": {"uv": [0, 0, 1, 0.5], "texture": "#19"},
				"up": {"uv": [0, 0, 0.75, 1], "texture": "#19"},
				"down": {"uv": [0, 0, 0.75, 1], "texture": "#19"}
			}
		},
		{
			"from": [16, -1, -9],
			"to": [17, 8, -7],
			"faces": {
				"north": {"uv": [0, 0, 0.5, 4.5], "texture": "#19"},
				"east": {"uv": [0, 0, 1, 4.5], "texture": "#19"},
				"south": {"uv": [0, 0, 0.5, 4.5], "texture": "#19"},
				"west": {"uv": [0, 0, 1, 4.5], "texture": "#19"},
				"up": {"uv": [0, 0, 0.5, 1], "texture": "#19"},
				"down": {"uv": [0, 0, 0.5, 1], "texture": "#19"}
			}
		},
		{
			"from": [15, -3, -1],
			"to": [16, -2, 1],
			"color": 1,
			"faces": {
				"north": {"uv": [0, 0, 1, 1], "texture": "#missing"},
				"east": {"uv": [0, 0, 2, 1], "texture": "#missing"},
				"south": {"uv": [0, 0, 1, 1], "texture": "#missing"},
				"west": {"uv": [0, 0, 2, 1], "texture": "#missing"},
				"up": {"uv": [0, 0, 1, 2], "texture": "#missing"},
				"down": {"uv": [0, 0, 1, 2], "texture": "#missing"}
			}
		},
		{
			"from": [15, -2, -1],
			"to": [16.5, -1, 1],
			"color": 1,
			"faces": {
				"north": {"uv": [0, 0, 1.5, 1], "texture": "#missing"},
				"east": {"uv": [0, 0, 2, 1], "texture": "#missing"},
				"south": {"uv": [0, 0, 1.5, 1], "texture": "#missing"},
				"west": {"uv": [0, 0, 2, 1], "texture": "#missing"},
				"up": {"uv": [0, 0, 1.5, 2], "texture": "#missing"},
				"down": {"uv": [0, 0, 1.5, 2], "texture": "#missing"}
			}
		},
		{
			"from": [15, -3, 7],
			"to": [16, -2, 9],
			"faces": {
				"north": {"uv": [0, 0, 0.5, 0.5], "texture": "#19"},
				"east": {"uv": [0, 0, 1, 0.5], "texture": "#19"},
				"south": {"uv": [0, 0, 0.5, 0.5], "texture": "#19"},
				"west": {"uv": [0, 0, 1, 0.5], "texture": "#19"},
				"up": {"uv": [0, 0, 0.5, 1], "texture": "#19"},
				"down": {"uv": [0, 0, 0.5, 1], "texture": "#19"}
			}
		},
		{
			"from": [15, -2, 7],
			"to": [16.5, -1, 9],
			"faces": {
				"north": {"uv": [0, 0, 0.75, 0.5], "texture": "#19"},
				"east": {"uv": [0, 0, 1, 0.5], "texture": "#19"},
				"south": {"uv": [0, 0, 0.75, 0.5], "texture": "#19"},
				"west": {"uv": [0, 0, 1, 0.5], "texture": "#19"},
				"up": {"uv": [0, 0, 0.75, 1], "texture": "#19"},
				"down": {"uv": [0, 0, 0.75, 1], "texture": "#19"}
			}
		},
		{
			"from": [16, -1, 7],
			"to": [17, 16, 9],
			"faces": {
				"north": {"uv": [0, 0, 0.5, 8.5], "texture": "#19"},
				"east": {"uv": [0, 0, 1, 8.5], "texture": "#19"},
				"south": {"uv": [0, 0, 0.5, 8.5], "texture": "#19"},
				"west": {"uv": [0, 0, 1, 8.5], "texture": "#19"},
				"up": {"uv": [0, 0, 0.5, 1], "texture": "#19"},
				"down": {"uv": [0, 0, 0.5, 1], "texture": "#19"}
			}
		},
		{
			"from": [15, -3, 15],
			"to": [16, -2, 17],
			"faces": {
				"north": {"uv": [0, 0, 0.5, 0.5], "texture": "#19"},
				"east": {"uv": [0, 0, 1, 0.5], "texture": "#19"},
				"south": {"uv": [0, 0, 0.5, 0.5], "texture": "#19"},
				"west": {"uv": [0, 0, 1, 0.5], "texture": "#19"},
				"up": {"uv": [0, 0, 0.5, 1], "texture": "#19"},
				"down": {"uv": [0, 0, 0.5, 1], "texture": "#19"}
			}
		},
		{
			"from": [15, -2, 15],
			"to": [16.5, -1, 17],
			"faces": {
				"north": {"uv": [0, 0, 0.75, 0.5], "texture": "#19"},
				"east": {"uv": [0, 0, 1, 0.5], "texture": "#19"},
				"south": {"uv": [0, 0, 0.75, 0.5], "texture": "#19"},
				"west": {"uv": [0, 0, 1, 0.5], "texture": "#19"},
				"up": {"uv": [0, 0, 0.75, 1], "texture": "#19"},
				"down": {"uv": [0, 0, 0.75, 1], "texture": "#19"}
			}
		},
		{
			"from": [16, -1, 15],
			"to": [17, 16, 17],
			"faces": {
				"north": {"uv": [0, 0, 0.5, 8.5], "texture": "#19"},
				"east": {"uv": [0, 0, 1, 8.5], "texture": "#19"},
				"south": {"uv": [0, 0, 0.5, 8.5], "texture": "#19"},
				"west": {"uv": [0, 0, 1, 8.5], "texture": "#19"},
				"up": {"uv": [0, 0, 0.5, 1], "texture": "#19"},
				"down": {"uv": [0, 0, 0.5, 1], "texture": "#19"}
			}
		},
		{
			"from": [15, -3, 23],
			"to": [16, -2, 25],
			"faces": {
				"north": {"uv": [0, 0, 0.5, 0.5], "texture": "#19"},
				"east": {"uv": [0, 0, 1, 0.5], "texture": "#19"},
				"south": {"uv": [0, 0, 0.5, 0.5], "texture": "#19"},
				"west": {"uv": [0, 0, 1, 0.5], "texture": "#19"},
				"up": {"uv": [0, 0, 0.5, 1], "texture": "#19"},
				"down": {"uv": [0, 0, 0.5, 1], "texture": "#19"}
			}
		},
		{
			"from": [15, -2, 23],
			"to": [16.5, -1, 25],
			"faces": {
				"north": {"uv": [0, 0, 0.75, 0.5], "texture": "#19"},
				"east": {"uv": [0, 0, 1, 0.5], "texture": "#19"},
				"south": {"uv": [0, 0, 0.75, 0.5], "texture": "#19"},
				"west": {"uv": [0, 0, 1, 0.5], "texture": "#19"},
				"up": {"uv": [0, 0, 0.75, 1], "texture": "#19"},
				"down": {"uv": [0, 0, 0.75, 1], "texture": "#19"}
			}
		},
		{
			"from": [16, -1, 23],
			"to": [17, 16, 25],
			"faces": {
				"north": {"uv": [0, 0, 0.5, 8.5], "texture": "#19"},
				"east": {"uv": [0, 0, 1, 8.5], "texture": "#19"},
				"south": {"uv": [0, 0, 0.5, 8.5], "texture": "#19"},
				"west": {"uv": [0, 0, 1, 8.5], "texture": "#19"},
				"up": {"uv": [0, 0, 0.5, 1], "texture": "#19"},
				"down": {"uv": [0, 0, 0.5, 1], "texture": "#19"}
			}
		},
		{
			"from": [15, -3, 31],
			"to": [16, -2, 32],
			"faces": {
				"north": {"uv": [0, 0, 0.5, 0.5], "texture": "#19"},
				"east": {"uv": [0, 0, 0.5, 0.5], "texture": "#19"},
				"south": {"uv": [0, 0, 0.5, 0.5], "texture": "#19"},
				"west": {"uv": [0, 0, 0.5, 0.5], "texture": "#19"},
				"up": {"uv": [0, 0, 0.5, 0.5], "texture": "#19"},
				"down": {"uv": [0, 0, 0.5, 0.5], "texture": "#19"}
			}
		},
		{
			"from": [15, -2, 31],
			"to": [16.5, -1, 32],
			"faces": {
				"north": {"uv": [0, 0, 0.75, 0.5], "texture": "#19"},
				"east": {"uv": [0, 0, 0.5, 0.5], "texture": "#19"},
				"south": {"uv": [0, 0, 0.75, 0.5], "texture": "#19"},
				"west": {"uv": [0, 0, 0.5, 0.5], "texture": "#19"},
				"up": {"uv": [0, 0, 0.75, 0.5], "texture": "#19"},
				"down": {"uv": [0, 0, 0.75, 0.5], "texture": "#19"}
			}
		},
		{
			"from": [16, -1, 31],
			"to": [17, 16, 32],
			"faces": {
				"north": {"uv": [0, 0, 0.5, 8.5], "texture": "#19"},
				"east": {"uv": [0, 0, 0.5, 8.5], "texture": "#19"},
				"south": {"uv": [0, 0, 0.5, 8.5], "texture": "#19"},
				"west": {"uv": [0, 0, 0.5, 8.5], "texture": "#19"},
				"up": {"uv": [0, 0, 0.5, 0.5], "texture": "#19"},
				"down": {"uv": [0, 0, 0.5, 0.5], "texture": "#19"}
			}
		},
		{
			"from": [0, -3, -1],
			"to": [1, -2, 1],
			"faces": {
				"north": {"uv": [0, 0, 0.5, 0.5], "texture": "#19"},
				"east": {"uv": [0, 0, 1, 0.5], "texture": "#19"},
				"south": {"uv": [0, 0, 0.5, 0.5], "texture": "#19"},
				"west": {"uv": [0, 0, 1, 0.5], "texture": "#19"},
				"up": {"uv": [0, 0, 0.5, 1], "texture": "#19"},
				"down": {"uv": [0, 0, 0.5, 1], "texture": "#19"}
			}
		},
		{
			"from": [-0.5, -2, -1],
			"to": [1, -1, 1],
			"faces": {
				"north": {"uv": [0, 0, 0.75, 0.5], "texture": "#19"},
				"east": {"uv": [0, 0, 1, 0.5], "texture": "#19"},
				"south": {"uv": [0, 0, 0.75, 0.5], "texture": "#19"},
				"west": {"uv": [0, 0, 1, 0.5], "texture": "#19"},
				"up": {"uv": [0, 0, 0.75, 1], "texture": "#19"},
				"down": {"uv": [0, 0, 0.75, 1], "texture": "#19"}
			}
		},
		{
			"from": [-1, -1, -1],
			"to": [0, 16, 1],
			"faces": {
				"north": {"uv": [0, 0, 0.5, 8.5], "texture": "#19"},
				"east": {"uv": [0, 0, 1, 8.5], "texture": "#19"},
				"south": {"uv": [0, 0, 0.5, 8.5], "texture": "#19"},
				"west": {"uv": [0, 0, 1, 8.5], "texture": "#19"},
				"up": {"uv": [0, 0, 0.5, 1], "texture": "#19"},
				"down": {"uv": [0, 0, 0.5, 1], "texture": "#19"}
			}
		},
		{
			"from": [0, -3, 7],
			"to": [1, -2, 9],
			"faces": {
				"north": {"uv": [0, 0, 0.5, 0.5], "texture": "#19"},
				"east": {"uv": [0, 0, 1, 0.5], "texture": "#19"},
				"south": {"uv": [0, 0, 0.5, 0.5], "texture": "#19"},
				"west": {"uv": [0, 0, 1, 0.5], "texture": "#19"},
				"up": {"uv": [0, 0, 0.5, 1], "texture": "#19"},
				"down": {"uv": [0, 0, 0.5, 1], "texture": "#19"}
			}
		},
		{
			"from": [-0.5, -2, 7],
			"to": [1, -1, 9],
			"faces": {
				"north": {"uv": [0, 0, 0.75, 0.5], "texture": "#19"},
				"east": {"uv": [0, 0, 1, 0.5], "texture": "#19"},
				"south": {"uv": [0, 0, 0.75, 0.5], "texture": "#19"},
				"west": {"uv": [0, 0, 1, 0.5], "texture": "#19"},
				"up": {"uv": [0, 0, 0.75, 1], "texture": "#19"},
				"down": {"uv": [0, 0, 0.75, 1], "texture": "#19"}
			}
		},
		{
			"from": [-1, -1, 7],
			"to": [0, 16, 9],
			"faces": {
				"north": {"uv": [0, 0, 0.5, 8.5], "texture": "#19"},
				"east": {"uv": [0, 0, 1, 8.5], "texture": "#19"},
				"south": {"uv": [0, 0, 0.5, 8.5], "texture": "#19"},
				"west": {"uv": [0, 0, 1, 8.5], "texture": "#19"},
				"up": {"uv": [0, 0, 0.5, 1], "texture": "#19"},
				"down": {"uv": [0, 0, 0.5, 1], "texture": "#19"}
			}
		},
		{
			"from": [0, -3, 15],
			"to": [1, -2, 17],
			"faces": {
				"north": {"uv": [0, 0, 0.5, 0.5], "texture": "#19"},
				"east": {"uv": [0, 0, 1, 0.5], "texture": "#19"},
				"south": {"uv": [0, 0, 0.5, 0.5], "texture": "#19"},
				"west": {"uv": [0, 0, 1, 0.5], "texture": "#19"},
				"up": {"uv": [0, 0, 0.5, 1], "texture": "#19"},
				"down": {"uv": [0, 0, 0.5, 1], "texture": "#19"}
			}
		},
		{
			"from": [-0.5, -2, 15],
			"to": [1, -1, 17],
			"faces": {
				"north": {"uv": [0, 0, 0.75, 0.5], "texture": "#19"},
				"east": {"uv": [0, 0, 1, 0.5], "texture": "#19"},
				"south": {"uv": [0, 0, 0.75, 0.5], "texture": "#19"},
				"west": {"uv": [0, 0, 1, 0.5], "texture": "#19"},
				"up": {"uv": [0, 0, 0.75, 1], "texture": "#19"},
				"down": {"uv": [0, 0, 0.75, 1], "texture": "#19"}
			}
		},
		{
			"from": [-1, -1, 15],
			"to": [0, 16, 17],
			"faces": {
				"north": {"uv": [0, 0, 0.5, 8.5], "texture": "#19"},
				"east": {"uv": [0, 0, 1, 8.5], "texture": "#19"},
				"south": {"uv": [0, 0, 0.5, 8.5], "texture": "#19"},
				"west": {"uv": [0, 0, 1, 8.5], "texture": "#19"},
				"up": {"uv": [0, 0, 0.5, 1], "texture": "#19"},
				"down": {"uv": [0, 0, 0.5, 1], "texture": "#19"}
			}
		},
		{
			"from": [0, -3, 23],
			"to": [1, -2, 25],
			"faces": {
				"north": {"uv": [0, 0, 0.5, 0.5], "texture": "#19"},
				"east": {"uv": [0, 0, 1, 0.5], "texture": "#19"},
				"south": {"uv": [0, 0, 0.5, 0.5], "texture": "#19"},
				"west": {"uv": [0, 0, 1, 0.5], "texture": "#19"},
				"up": {"uv": [0, 0, 0.5, 1], "texture": "#19"},
				"down": {"uv": [0, 0, 0.5, 1], "texture": "#19"}
			}
		},
		{
			"from": [-0.5, -2, 23],
			"to": [1, -1, 25],
			"faces": {
				"north": {"uv": [0, 0, 0.75, 0.5], "texture": "#19"},
				"east": {"uv": [0, 0, 1, 0.5], "texture": "#19"},
				"south": {"uv": [0, 0, 0.75, 0.5], "texture": "#19"},
				"west": {"uv": [0, 0, 1, 0.5], "texture": "#19"},
				"up": {"uv": [0, 0, 0.75, 1], "texture": "#19"},
				"down": {"uv": [0, 0, 0.75, 1], "texture": "#19"}
			}
		},
		{
			"from": [-1, -1, 23],
			"to": [0, 16, 25],
			"faces": {
				"north": {"uv": [0, 0, 0.5, 8.5], "texture": "#19"},
				"east": {"uv": [0, 0, 1, 8.5], "texture": "#19"},
				"south": {"uv": [0, 0, 0.5, 8.5], "texture": "#19"},
				"west": {"uv": [0, 0, 1, 8.5], "texture": "#19"},
				"up": {"uv": [0, 0, 0.5, 1], "texture": "#19"},
				"down": {"uv": [0, 0, 0.5, 1], "texture": "#19"}
			}
		},
		{
			"from": [0, -3, -9],
			"to": [1, -2, -7],
			"faces": {
				"north": {"uv": [0, 0, 0.5, 0.5], "texture": "#19"},
				"east": {"uv": [0, 0, 1, 0.5], "texture": "#19"},
				"south": {"uv": [0, 0, 0.5, 0.5], "texture": "#19"},
				"west": {"uv": [0, 0, 1, 0.5], "texture": "#19"},
				"up": {"uv": [0, 0, 0.5, 1], "texture": "#19"},
				"down": {"uv": [0, 0, 0.5, 1], "texture": "#19"}
			}
		},
		{
			"from": [-0.5, -2, -9],
			"to": [1, -1, -7],
			"faces": {
				"north": {"uv": [0, 0, 0.75, 0.5], "texture": "#19"},
				"east": {"uv": [0, 0, 1, 0.5], "texture": "#19"},
				"south": {"uv": [0, 0, 0.75, 0.5], "texture": "#19"},
				"west": {"uv": [0, 0, 1, 0.5], "texture": "#19"},
				"up": {"uv": [0, 0, 0.75, 1], "texture": "#19"},
				"down": {"uv": [0, 0, 0.75, 1], "texture": "#19"}
			}
		},
		{
			"from": [-1, -1, -9],
			"to": [0, 8, -7],
			"faces": {
				"north": {"uv": [0, 0, 0.5, 4.5], "texture": "#19"},
				"east": {"uv": [0, 0, 1, 4.5], "texture": "#19"},
				"south": {"uv": [0, 0, 0.5, 4.5], "texture": "#19"},
				"west": {"uv": [0, 0, 1, 4.5], "texture": "#19"},
				"up": {"uv": [0, 0, 0.5, 1], "texture": "#19"},
				"down": {"uv": [0, 0, 0.5, 1], "texture": "#19"}
			}
		},
		{
			"from": [0, -3, 31],
			"to": [1, -2, 32],
			"faces": {
				"north": {"uv": [0, 0, 0.5, 0.5], "texture": "#19"},
				"east": {"uv": [0, 0, 0.5, 0.5], "texture": "#19"},
				"south": {"uv": [0, 0, 0.5, 0.5], "texture": "#19"},
				"west": {"uv": [0, 0, 0.5, 0.5], "texture": "#19"},
				"up": {"uv": [0, 0, 0.5, 0.5], "texture": "#19"},
				"down": {"uv": [0, 0, 0.5, 0.5], "texture": "#19"}
			}
		},
		{
			"from": [-0.5, -2, 31],
			"to": [1, -1, 32],
			"faces": {
				"north": {"uv": [0, 0, 0.75, 0.5], "texture": "#19"},
				"east": {"uv": [0, 0, 0.5, 0.5], "texture": "#19"},
				"south": {"uv": [0, 0, 0.75, 0.5], "texture": "#19"},
				"west": {"uv": [0, 0, 0.5, 0.5], "texture": "#19"},
				"up": {"uv": [0, 0, 0.75, 0.5], "texture": "#19"},
				"down": {"uv": [0, 0, 0.75, 0.5], "texture": "#19"}
			}
		},
		{
			"from": [-1, -1, 31],
			"to": [0, 16, 32],
			"faces": {
				"north": {"uv": [0, 0, 0.5, 8.5], "texture": "#19"},
				"east": {"uv": [0, 0, 0.5, 8.5], "texture": "#19"},
				"south": {"uv": [0, 0, 0.5, 8.5], "texture": "#19"},
				"west": {"uv": [0, 0, 0.5, 8.5], "texture": "#19"},
				"up": {"uv": [0, 0, 0.5, 0.5], "texture": "#19"},
				"down": {"uv": [0, 0, 0.5, 0.5], "texture": "#19"}
			}
		},
		{
			"from": [15, 16, 1],
			"to": [17, 17, 32],
			"faces": {
				"north": {"uv": [0, 0, 1, 0.5], "texture": "#18"},
				"east": {"uv": [0, 0, 15.5, 0.5], "texture": "#18"},
				"south": {"uv": [0, 0, 1, 0.5], "texture": "#18"},
				"west": {"uv": [0, 0, 15.5, 0.5], "texture": "#18"},
				"up": {"uv": [0, 0, 1, 15.5], "texture": "#18"},
				"down": {"uv": [0, 0, 1, 15.5], "texture": "#18"}
			}
		},
		{
			"from": [-1, 16, 1],
			"to": [1, 17, 32],
			"faces": {
				"north": {"uv": [0, 0, 1, 0.5], "texture": "#18"},
				"east": {"uv": [0, 0, 15.5, 0.5], "texture": "#18"},
				"south": {"uv": [0, 0, 1, 0.5], "texture": "#18"},
				"west": {"uv": [0, 0, 15.5, 0.5], "texture": "#18"},
				"up": {"uv": [0, 0, 1, 15.5], "texture": "#18"},
				"down": {"uv": [0, 0, 1, 15.5], "texture": "#18"}
			}
		},
		{
			"from": [-1, 16, -1],
			"to": [17, 17, 1],
			"faces": {
				"north": {"uv": [0, 0, 9, 0.5], "texture": "#18"},
				"east": {"uv": [0, 0, 1, 0.5], "texture": "#18"},
				"south": {"uv": [0, 0, 9, 0.5], "texture": "#18"},
				"west": {"uv": [0, 0, 1, 0.5], "texture": "#18"},
				"up": {"uv": [0, 0, 9, 1], "texture": "#18"},
				"down": {"uv": [0, 0, 9, 1], "texture": "#18"}
			}
		},
		{
			"from": [0, 0, 8],
			"to": [1, 16, 32],
			"faces": {
				"north": {"uv": [6.25, 0, 6.5, 4], "texture": "#24"},
				"east": {"uv": [0, 0, 6, 4], "texture": "#24"},
				"south": {"uv": [6.25, 4, 6.5, 8], "texture": "#24"},
				"west": {"uv": [0, 4, 6, 8], "texture": "#24"},
				"up": {"uv": [6.25, 6, 6, 0], "texture": "#24"},
				"down": {"uv": [6.25, 6, 6, 12], "texture": "#24"}
			}
		},
		{
			"from": [15, 11, 1],
			"to": [16, 16, 8],
			"faces": {
				"north": {"uv": [8, 0, 9, 5], "texture": "#26"},
				"east": {"uv": [0, 0, 7, 5], "texture": "#26"},
				"south": {"uv": [8, 5, 9, 10], "texture": "#26"},
				"west": {"uv": [0, 5, 7, 10], "texture": "#26"},
				"up": {"uv": [8, 7, 7, 0], "texture": "#26"},
				"down": {"uv": [8, 7, 7, 14], "texture": "#26"}
			}
		},
		{
			"from": [0, 11, 1],
			"to": [1, 16, 8],
			"faces": {
				"north": {"uv": [8, 0, 9, 5], "texture": "#27"},
				"east": {"uv": [0, 0, 7, 5], "texture": "#27"},
				"south": {"uv": [8, 5, 9, 10], "texture": "#27"},
				"west": {"uv": [0, 5, 7, 10], "texture": "#27"},
				"up": {"uv": [8, 7, 7, 0], "texture": "#27"},
				"down": {"uv": [8, 7, 7, 14], "texture": "#27"}
			}
		},
		{
			"from": [15, 7, 4],
			"to": [16, 11, 8],
			"faces": {
				"north": {"uv": [0, 0, 1, 4], "texture": "#26"},
				"east": {"uv": [0, 0, 4, 4], "texture": "#26"},
				"south": {"uv": [0, 0, 1, 4], "texture": "#26"},
				"west": {"uv": [0, 5, 4, 9], "texture": "#26"},
				"up": {"uv": [0, 0, 1, 4], "texture": "#26"},
				"down": {"uv": [0, 0, 1, 4], "texture": "#26"}
			}
		},
		{
			"from": [0, 7, 4],
			"to": [1, 11, 8],
			"faces": {
				"north": {"uv": [0, 5, 1, 9], "texture": "#27"},
				"east": {"uv": [0, 0, 4, 4], "texture": "#27"},
				"south": {"uv": [0, 5, 1, 9], "texture": "#27"},
				"west": {"uv": [0, 5, 4, 9], "texture": "#27"},
				"up": {"uv": [0, 5, 1, 9], "texture": "#27"},
				"down": {"uv": [0, 5, 1, 9], "texture": "#27"}
			}
		},
		{
			"from": [15, 9, 2],
			"to": [16, 11, 4],
			"faces": {
				"north": {"uv": [0, 0, 1, 2], "texture": "#26"},
				"east": {"uv": [0, 0, 2, 2], "texture": "#26"},
				"south": {"uv": [0, 0, 1, 2], "texture": "#26"},
				"west": {"uv": [0, 5, 2, 7], "texture": "#26"},
				"up": {"uv": [0, 0, 1, 2], "texture": "#26"},
				"down": {"uv": [0, 0, 1, 2], "texture": "#26"}
			}
		},
		{
			"from": [0, 9, 2],
			"to": [1, 11, 4],
			"faces": {
				"north": {"uv": [0, 5, 1, 7], "texture": "#27"},
				"east": {"uv": [0, 0, 2, 2], "texture": "#27"},
				"south": {"uv": [0, 5, 1, 7], "texture": "#27"},
				"west": {"uv": [0, 5, 2, 7], "texture": "#27"},
				"up": {"uv": [0, 5, 1, 7], "texture": "#27"},
				"down": {"uv": [0, 5, 1, 7], "texture": "#27"}
			}
		},
		{
			"from": [15, 5, 6],
			"to": [16, 7, 9],
			"faces": {
				"north": {"uv": [0, 0, 1, 2], "texture": "#26"},
				"east": {"uv": [0, 0, 3, 2], "texture": "#26"},
				"south": {"uv": [0, 0, 1, 2], "texture": "#26"},
				"west": {"uv": [0, 5, 3, 7], "texture": "#26"},
				"up": {"uv": [0, 0, 1, 3], "texture": "#26"},
				"down": {"uv": [0, 0, 1, 3], "texture": "#26"}
			}
		},
		{
			"from": [0, 5, 6],
			"to": [1, 7, 9],
			"faces": {
				"north": {"uv": [0, 5, 1, 7], "texture": "#27"},
				"east": {"uv": [0, 0, 3, 2], "texture": "#27"},
				"south": {"uv": [0, 5, 1, 7], "texture": "#27"},
				"west": {"uv": [0, 5, 3, 7], "texture": "#27"},
				"up": {"uv": [0, 5, 1, 8], "texture": "#27"},
				"down": {"uv": [0, 5, 1, 8], "texture": "#27"}
			}
		},
		{
			"from": [15, 0, 8],
			"to": [16, 16, 32],
			"faces": {
				"north": {"uv": [6.25, 0, 6.5, 4], "texture": "#23"},
				"east": {"uv": [0, 0, 6, 4], "texture": "#23"},
				"south": {"uv": [6.25, 4, 6.5, 8], "texture": "#23"},
				"west": {"uv": [0, 4, 6, 8], "texture": "#23"},
				"up": {"uv": [6.25, 6, 6, 0], "texture": "#23"},
				"down": {"uv": [6.25, 6, 6, 12], "texture": "#23"}
			}
		},
		{
			"from": [1, 11, 1],
			"to": [15, 12, 2],
			"faces": {
				"north": {"uv": [0, 0, 7, 0.5], "texture": "#21"},
				"east": {"uv": [0, 0, 0.5, 0.5], "texture": "#21"},
				"south": {"uv": [0, 0, 7, 0.5], "texture": "#21"},
				"west": {"uv": [0, 0, 0.5, 0.5], "texture": "#21"},
				"up": {"uv": [0, 0, 7, 0.5], "texture": "#21"},
				"down": {"uv": [0, 0, 7, 0.5], "texture": "#21"}
			}
		},
		{
			"from": [1, 10, 2],
			"to": [15, 11, 3],
			"faces": {
				"north": {"uv": [0, 0, 7, 0.5], "texture": "#21"},
				"east": {"uv": [0, 0, 0.5, 0.5], "texture": "#21"},
				"south": {"uv": [0, 0, 7, 0.5], "texture": "#21"},
				"west": {"uv": [0, 0, 0.5, 0.5], "texture": "#21"},
				"up": {"uv": [0, 0, 7, 0.5], "texture": "#21"},
				"down": {"uv": [0, 0, 7, 0.5], "texture": "#21"}
			}
		},
		{
			"from": [1, 9, 3],
			"to": [15, 10, 4],
			"faces": {
				"north": {"uv": [0, 0, 7, 0.5], "texture": "#21"},
				"east": {"uv": [0, 0, 0.5, 0.5], "texture": "#21"},
				"south": {"uv": [0, 0, 7, 0.5], "texture": "#21"},
				"west": {"uv": [0, 0, 0.5, 0.5], "texture": "#21"},
				"up": {"uv": [0, 0, 7, 0.5], "texture": "#21"},
				"down": {"uv": [0, 0, 7, 0.5], "texture": "#21"}
			}
		},
		{
			"from": [1, 8, 4],
			"to": [15, 9, 5],
			"faces": {
				"north": {"uv": [0, 0, 7, 0.5], "texture": "#21"},
				"east": {"uv": [0, 0, 0.5, 0.5], "texture": "#21"},
				"south": {"uv": [0, 0, 7, 0.5], "texture": "#21"},
				"west": {"uv": [0, 0, 0.5, 0.5], "texture": "#21"},
				"up": {"uv": [0, 0, 7, 0.5], "texture": "#21"},
				"down": {"uv": [0, 0, 7, 0.5], "texture": "#21"}
			}
		},
		{
			"from": [1, 5, 6],
			"to": [15, 6, 7],
			"faces": {
				"north": {"uv": [0, 0, 1.75, 0.125], "texture": "#9"},
				"east": {"uv": [0, 0, 0.125, 0.125], "texture": "#9"},
				"south": {"uv": [0, 0, 1.75, 0.125], "texture": "#9"},
				"west": {"uv": [0, 0, 0.125, 0.125], "texture": "#9"},
				"up": {"uv": [0, 0, 1.75, 0.125], "texture": "#9"},
				"down": {"uv": [0, 0, 1.75, 0.125], "texture": "#9"}
			}
		},
		{
			"from": [1, 7, 4],
			"to": [15, 8, 5],
			"faces": {
				"north": {"uv": [0, 0, 1.75, 0.125], "texture": "#9"},
				"east": {"uv": [0, 0, 0.125, 0.125], "texture": "#9"},
				"south": {"uv": [0, 0, 1.75, 0.125], "texture": "#9"},
				"west": {"uv": [0, 0, 0.125, 0.125], "texture": "#9"},
				"up": {"uv": [0, 0, 1.75, 0.125], "texture": "#9"},
				"down": {"uv": [0, 0, 1.75, 0.125], "texture": "#9"}
			}
		},
		{
			"from": [1, 9, 2],
			"to": [15, 10, 3],
			"faces": {
				"north": {"uv": [0, 0, 1.75, 0.125], "texture": "#9"},
				"east": {"uv": [0, 0, 0.125, 0.125], "texture": "#9"},
				"south": {"uv": [0, 0, 1.75, 0.125], "texture": "#9"},
				"west": {"uv": [0, 0, 0.125, 0.125], "texture": "#9"},
				"up": {"uv": [0, 0, 1.75, 0.125], "texture": "#9"},
				"down": {"uv": [0, 0, 1.75, 0.125], "texture": "#9"}
			}
		},
		{
			"from": [0, 6, 5],
			"to": [16, 7, 6],
			"faces": {
				"north": {"uv": [0, 0, 2, 0.125], "texture": "#9"},
				"east": {"uv": [0, 0, 0.125, 0.125], "texture": "#9"},
				"south": {"uv": [0, 0, 2, 0.125], "texture": "#9"},
				"west": {"uv": [0, 0, 0.125, 0.125], "texture": "#9"},
				"up": {"uv": [0, 0, 2, 0.125], "texture": "#9"},
				"down": {"uv": [0, 0, 2, 0.125], "texture": "#9"}
			}
		},
		{
			"from": [0, 8, 3],
			"to": [16, 9, 4],
			"faces": {
				"north": {"uv": [0, 0, 2, 0.125], "texture": "#9"},
				"east": {"uv": [0, 0, 0.125, 0.125], "texture": "#9"},
				"south": {"uv": [0, 0, 2, 0.125], "texture": "#9"},
				"west": {"uv": [0, 0, 0.125, 0.125], "texture": "#9"},
				"up": {"uv": [0, 0, 2, 0.125], "texture": "#9"},
				"down": {"uv": [0, 0, 2, 0.125], "texture": "#9"}
			}
		},
		{
			"from": [0, 10, 1],
			"to": [16, 11, 2],
			"faces": {
				"north": {"uv": [0, 0, 2, 0.125], "texture": "#9"},
				"east": {"uv": [0, 0, 0.125, 0.125], "texture": "#9"},
				"south": {"uv": [0, 0, 2, 0.125], "texture": "#9"},
				"west": {"uv": [0, 0, 0.125, 0.125], "texture": "#9"},
				"up": {"uv": [0, 0, 2, 0.125], "texture": "#9"},
				"down": {"uv": [0, 0, 2, 0.125], "texture": "#9"}
			}
		},
		{
			"from": [0, 11, 0],
			"to": [16, 12, 1],
			"faces": {
				"north": {"uv": [0, 0, 2, 0.125], "texture": "#9"},
				"east": {"uv": [0, 0, 0.125, 0.125], "texture": "#9"},
				"south": {"uv": [0, 0, 2, 0.125], "texture": "#9"},
				"west": {"uv": [0, 0, 0.125, 0.125], "texture": "#9"},
				"up": {"uv": [0, 0, 2, 0.125], "texture": "#9"},
				"down": {"uv": [0, 0, 2, 0.125], "texture": "#9"}
			}
		},
		{
			"from": [0, 12, 0],
			"to": [16, 16, 1],
			"faces": {
				"north": {"uv": [0, 0, 16, 4], "texture": "#25"},
				"east": {"uv": [0, 10, 1, 14], "texture": "#25"},
				"south": {"uv": [0, 4, 16, 8], "texture": "#25"},
				"west": {"uv": [1, 10, 2, 14], "texture": "#25"},
				"up": {"uv": [16, 9, 0, 8], "texture": "#25"},
				"down": {"uv": [16, 9, 0, 10], "texture": "#25"}
			}
		},
		{
			"from": [0, 4, 7],
			"to": [16, 5, 8],
			"faces": {
				"north": {"uv": [0, 0, 2, 0.125], "texture": "#9"},
				"east": {"uv": [0, 0, 0.125, 0.125], "texture": "#9"},
				"south": {"uv": [0, 0, 2, 0.125], "texture": "#9"},
				"west": {"uv": [0, 0, 0.125, 0.125], "texture": "#9"},
				"up": {"uv": [0, 0, 2, 0.125], "texture": "#9"},
				"down": {"uv": [0, 0, 2, 0.125], "texture": "#9"}
			}
		},
		{
			"from": [1, 0, 8],
			"to": [15, 4, 9],
			"faces": {
				"north": {"uv": [0, 0, 14, 4], "texture": "#25"},
				"east": {"uv": [0, 0, 1, 4], "texture": "#25"},
				"south": {"uv": [0, 0, 14, 4], "texture": "#25"},
				"west": {"uv": [0, 0, 1, 4], "texture": "#25"},
				"up": {"uv": [0, 0, 14, 1], "texture": "#25"},
				"down": {"uv": [0, 0, 14, 1], "texture": "#25"}
			}
		},
		{
			"from": [1, 7, 5],
			"to": [15, 8, 6],
			"faces": {
				"north": {"uv": [0, 0, 7, 0.5], "texture": "#21"},
				"east": {"uv": [0, 0, 0.5, 0.5], "texture": "#21"},
				"south": {"uv": [0, 0, 7, 0.5], "texture": "#21"},
				"west": {"uv": [0, 0, 0.5, 0.5], "texture": "#21"},
				"up": {"uv": [0, 0, 7, 0.5], "texture": "#21"},
				"down": {"uv": [0, 0, 7, 0.5], "texture": "#21"}
			}
		},
		{
			"from": [1, 6, 6],
			"to": [15, 7, 7],
			"faces": {
				"north": {"uv": [0, 0, 7, 0.5], "texture": "#21"},
				"east": {"uv": [0, 0, 0.5, 0.5], "texture": "#21"},
				"south": {"uv": [0, 0, 7, 0.5], "texture": "#21"},
				"west": {"uv": [0, 0, 0.5, 0.5], "texture": "#21"},
				"up": {"uv": [0, 0, 7, 0.5], "texture": "#21"},
				"down": {"uv": [0, 0, 7, 0.5], "texture": "#21"}
			}
		},
		{
			"from": [1, 5, 7],
			"to": [15, 6, 8],
			"faces": {
				"north": {"uv": [0, 0, 7, 0.5], "texture": "#21"},
				"east": {"uv": [0, 0, 0.5, 0.5], "texture": "#21"},
				"south": {"uv": [0, 0, 7, 0.5], "texture": "#21"},
				"west": {"uv": [0, 0, 0.5, 0.5], "texture": "#21"},
				"up": {"uv": [0, 0, 7, 0.5], "texture": "#21"},
				"down": {"uv": [0, 0, 7, 0.5], "texture": "#21"}
			}
		},
		{
			"from": [1, 4, 8],
			"to": [15, 5, 9],
			"faces": {
				"north": {"uv": [0, 0, 7, 0.5], "texture": "#21"},
				"east": {"uv": [0, 0, 0.5, 0.5], "texture": "#21"},
				"south": {"uv": [0, 0, 7, 0.5], "texture": "#21"},
				"west": {"uv": [0, 0, 0.5, 0.5], "texture": "#21"},
				"up": {"uv": [0, 0, 7, 0.5], "texture": "#21"},
				"down": {"uv": [0, 0, 7, 0.5], "texture": "#21"}
			}
		},
		{
			"from": [1, 3, 9],
			"to": [15, 4, 10],
			"faces": {
				"north": {"uv": [0, 0, 7, 0.5], "texture": "#21"},
				"east": {"uv": [0, 0, 0.5, 0.5], "texture": "#21"},
				"south": {"uv": [0, 0, 7, 0.5], "texture": "#21"},
				"west": {"uv": [0, 0, 0.5, 0.5], "texture": "#21"},
				"up": {"uv": [0, 0, 7, 0.5], "texture": "#21"},
				"down": {"uv": [0, 0, 7, 0.5], "texture": "#21"}
			}
		},
		{
			"from": [1, 2, 10],
			"to": [15, 3, 11],
			"faces": {
				"north": {"uv": [0, 0, 7, 0.5], "texture": "#21"},
				"east": {"uv": [0, 0, 0.5, 0.5], "texture": "#21"},
				"south": {"uv": [0, 0, 7, 0.5], "texture": "#21"},
				"west": {"uv": [0, 0, 0.5, 0.5], "texture": "#21"},
				"up": {"uv": [0, 0, 7, 0.5], "texture": "#21"},
				"down": {"uv": [0, 0, 7, 0.5], "texture": "#21"}
			}
		},
		{
			"from": [1, 1, 11],
			"to": [15, 2, 12],
			"faces": {
				"north": {"uv": [0, 0, 7, 0.5], "texture": "#21"},
				"east": {"uv": [0, 0, 0.5, 0.5], "texture": "#21"},
				"south": {"uv": [0, 0, 7, 0.5], "texture": "#21"},
				"west": {"uv": [0, 0, 0.5, 0.5], "texture": "#21"},
				"up": {"uv": [0, 0, 7, 0.5], "texture": "#21"},
				"down": {"uv": [0, 0, 7, 0.5], "texture": "#21"}
			}
		},
		{
			"from": [1, 0, 12],
			"to": [15, 1, 13],
			"faces": {
				"north": {"uv": [0, 0, 7, 0.5], "texture": "#21"},
				"east": {"uv": [0, 0, 0.5, 0.5], "texture": "#21"},
				"south": {"uv": [0, 0, 7, 0.5], "texture": "#21"},
				"west": {"uv": [0, 0, 0.5, 0.5], "texture": "#21"},
				"up": {"uv": [0, 0, 7, 0.5], "texture": "#21"},
				"down": {"uv": [0, 0, 7, 0.5], "texture": "#21"}
			}
		},
		{
			"from": [-0.5, 1, 10],
			"to": [0.5, 5, 14],
			"faces": {
				"north": {"uv": [0, 0, 0.5, 2], "texture": "#20"},
				"east": {"uv": [0, 0, 2, 2], "texture": "#20"},
				"south": {"uv": [0, 0, 0.5, 2], "texture": "#20"},
				"west": {"uv": [0, 0, 16, 16], "texture": "#20"},
				"up": {"uv": [0, 0, 0.5, 2], "texture": "#20"},
				"down": {"uv": [0, 0, 0.5, 2], "texture": "#20"}
			}
		},
		{
			"from": [1, -2, -9],
			"to": [15, -1, -8],
			"faces": {
				"north": {"uv": [0, 0, 7, 0.5], "texture": "#19"},
				"east": {"uv": [0, 0, 0.5, 0.5], "texture": "#19"},
				"south": {"uv": [0, 0, 7, 0.5], "texture": "#19"},
				"west": {"uv": [0, 0, 0.5, 0.5], "texture": "#19"},
				"up": {"uv": [0, 0, 7, 0.5], "texture": "#19"},
				"down": {"uv": [0, 0, 7, 0.5], "texture": "#19"}
			}
		},
		{
			"from": [4, -1, -9],
			"to": [12, 8, -8],
			"faces": {
				"north": {"uv": [0, 0, 4, 4.5], "texture": "#19"},
				"east": {"uv": [0, 0, 0.5, 4.5], "texture": "#19"},
				"south": {"uv": [0, 0, 4, 4.5], "texture": "#19"},
				"west": {"uv": [0, 0, 0.5, 4.5], "texture": "#19"},
				"up": {"uv": [0, 0, 4, 0.5], "texture": "#19"},
				"down": {"uv": [0, 0, 4, 0.5], "texture": "#19"}
			}
		},
		{
			"from": [9, 5, -9.5],
			"to": [10, 6, -9],
			"faces": {
				"north": {"uv": [0, 0, 0.5, 0.5], "texture": "#16"},
				"east": {"uv": [0, 0, 0.25, 0.5], "texture": "#16"},
				"south": {"uv": [0, 0, 0.5, 0.5], "texture": "#16"},
				"west": {"uv": [0, 0, 0.25, 0.5], "texture": "#16"},
				"up": {"uv": [0, 0, 0.5, 0.25], "texture": "#16"},
				"down": {"uv": [0, 0, 0.5, 0.25], "texture": "#16"}
			}
		},
		{
			"from": [9, 5, -10],
			"to": [10, 7, -9.5],
			"faces": {
				"north": {"uv": [0, 0, 0.5, 1], "texture": "#16"},
				"east": {"uv": [0, 0, 0.25, 1], "texture": "#16"},
				"south": {"uv": [0, 0, 0.5, 1], "texture": "#16"},
				"west": {"uv": [0, 0, 0.25, 1], "texture": "#16"},
				"up": {"uv": [0, 0, 0.5, 0.25], "texture": "#16"},
				"down": {"uv": [0, 0, 0.5, 0.25], "texture": "#16"}
			}
		},
		{
			"from": [12, 7, -9],
			"to": [16, 8, -8],
			"faces": {
				"north": {"uv": [0, 0, 2, 0.5], "texture": "#19"},
				"east": {"uv": [0, 0, 0.5, 0.5], "texture": "#19"},
				"south": {"uv": [0, 0, 2, 0.5], "texture": "#19"},
				"west": {"uv": [0, 0, 0.5, 0.5], "texture": "#19"},
				"up": {"uv": [0, 0, 2, 0.5], "texture": "#19"},
				"down": {"uv": [0, 0, 2, 0.5], "texture": "#19"}
			}
		},
		{
			"from": [0, 7, -9],
			"to": [4, 8, -8],
			"faces": {
				"north": {"uv": [0, 0, 2, 0.5], "texture": "#19"},
				"east": {"uv": [0, 0, 0.5, 0.5], "texture": "#19"},
				"south": {"uv": [0, 0, 2, 0.5], "texture": "#19"},
				"west": {"uv": [0, 0, 0.5, 0.5], "texture": "#19"},
				"up": {"uv": [0, 0, 2, 0.5], "texture": "#19"},
				"down": {"uv": [0, 0, 2, 0.5], "texture": "#19"}
			}
		},
		{
			"from": [12, 2, -9],
			"to": [16, 3, -8],
			"faces": {
				"north": {"uv": [0, 0, 2, 0.5], "texture": "#19"},
				"east": {"uv": [0, 0, 0.5, 0.5], "texture": "#19"},
				"south": {"uv": [0, 0, 2, 0.5], "texture": "#19"},
				"west": {"uv": [0, 0, 0.5, 0.5], "texture": "#19"},
				"up": {"uv": [0, 0, 2, 0.5], "texture": "#19"},
				"down": {"uv": [0, 0, 2, 0.5], "texture": "#19"}
			}
		},
		{
			"from": [0, 2, -9],
			"to": [4, 3, -8],
			"faces": {
				"north": {"uv": [0, 0, 2, 0.5], "texture": "#19"},
				"east": {"uv": [0, 0, 0.5, 0.5], "texture": "#19"},
				"south": {"uv": [0, 0, 2, 0.5], "texture": "#19"},
				"west": {"uv": [0, 0, 0.5, 0.5], "texture": "#19"},
				"up": {"uv": [0, 0, 2, 0.5], "texture": "#19"},
				"down": {"uv": [0, 0, 2, 0.5], "texture": "#19"}
			}
		},
		{
			"from": [1, -1, -9],
			"to": [2, 1, -8],
			"faces": {
				"north": {"uv": [0, 0, 0.5, 1], "texture": "#9"},
				"east": {"uv": [0, 0, 0.5, 1], "texture": "#9"},
				"south": {"uv": [0, 0, 0.5, 1], "texture": "#9"},
				"west": {"uv": [0, 0, 0.5, 1], "texture": "#9"},
				"up": {"uv": [0, 0, 0.5, 0.5], "texture": "#9"},
				"down": {"uv": [0, 0, 0.5, 0.5], "texture": "#9"}
			}
		},
		{
			"from": [1, 0, 5],
			"to": [8, 3, 8],
			"faces": {
				"north": {"uv": [0, 0, 1.75, 0.75], "texture": "#18"},
				"east": {"uv": [0, 0, 0.75, 0.75], "texture": "#18"},
				"south": {"uv": [0, 0, 1.75, 0.75], "texture": "#18"},
				"west": {"uv": [0, 0, 0.75, 0.75], "texture": "#18"},
				"up": {"uv": [0, 0, 1.75, 0.75], "texture": "#18"},
				"down": {"uv": [0, 0, 1.75, 0.75], "texture": "#18"}
			}
		},
		{
			"from": [8, 1, 6],
			"to": [9, 2, 7],
			"faces": {
				"north": {"uv": [0, 0, 0.25, 0.25], "texture": "#7"},
				"east": {"uv": [0, 0, 0.25, 0.25], "texture": "#7"},
				"south": {"uv": [0, 0, 0.25, 0.25], "texture": "#7"},
				"west": {"uv": [0, 0, 0.25, 0.25], "texture": "#7"},
				"up": {"uv": [0, 0, 0.25, 0.25], "texture": "#7"},
				"down": {"uv": [0, 0, 0.25, 0.25], "texture": "#7"}
			}
		},
		{
			"from": [11, 3, 5],
			"to": [12, 4, 6],
			"faces": {
				"north": {"uv": [0, 0, 0.25, 0.25], "texture": "#1"},
				"east": {"uv": [0, 0, 0.25, 0.25], "texture": "#1"},
				"south": {"uv": [0, 0, 0.25, 0.25], "texture": "#1"},
				"west": {"uv": [0, 0, 0.25, 0.25], "texture": "#1"},
				"up": {"uv": [0, 0, 0.25, 0.25], "texture": "#1"},
				"down": {"uv": [0, 0, 0.25, 0.25], "texture": "#1"}
			}
		},
		{
			"from": [2, 1, 4],
			"to": [3, 2, 5],
			"faces": {
				"north": {"uv": [0, 0, 0.25, 0.25], "texture": "#7"},
				"east": {"uv": [0, 0, 0.25, 0.25], "texture": "#7"},
				"south": {"uv": [0, 0, 0.25, 0.25], "texture": "#7"},
				"west": {"uv": [0, 0, 0.25, 0.25], "texture": "#7"},
				"up": {"uv": [0, 0, 0.25, 0.25], "texture": "#7"},
				"down": {"uv": [0, 0, 0.25, 0.25], "texture": "#7"}
			}
		},
		{
			"from": [2, 0, 3],
			"to": [3, 2, 4],
			"faces": {
				"north": {"uv": [0, 0, 0.25, 0.5], "texture": "#7"},
				"east": {"uv": [0, 0, 0.25, 0.5], "texture": "#7"},
				"south": {"uv": [0, 0, 0.25, 0.5], "texture": "#7"},
				"west": {"uv": [0, 0, 0.25, 0.5], "texture": "#7"},
				"up": {"uv": [0, 0, 0.25, 0.25], "texture": "#7"},
				"down": {"uv": [0, 0, 0.25, 0.25], "texture": "#7"}
			}
		},
		{
			"from": [5, 0, 1],
			"to": [6, 8, 2],
			"faces": {
				"north": {"uv": [0, 0, 0.25, 2], "texture": "#5"},
				"east": {"uv": [0, 0, 0.25, 2], "texture": "#5"},
				"south": {"uv": [0, 0, 0.25, 2], "texture": "#5"},
				"west": {"uv": [0, 0, 0.25, 2], "texture": "#5"},
				"up": {"uv": [0, 0, 0.25, 0.25], "texture": "#5"},
				"down": {"uv": [0, 0, 0.25, 0.25], "texture": "#5"}
			}
		},
		{
			"from": [5, 7, 0],
			"to": [6, 8, 1],
			"faces": {
				"north": {"uv": [0, 0, 0.25, 0.25], "texture": "#7"},
				"east": {"uv": [0, 0, 0.25, 0.25], "texture": "#7"},
				"south": {"uv": [0, 0, 0.25, 0.25], "texture": "#7"},
				"west": {"uv": [0, 0, 0.25, 0.25], "texture": "#7"},
				"up": {"uv": [0, 0, 0.25, 0.25], "texture": "#7"},
				"down": {"uv": [0, 0, 0.25, 0.25], "texture": "#7"}
			}
		},
		{
			"from": [4, 7, -0.5],
			"to": [7, 8, 0],
			"faces": {
				"north": {"uv": [0, 0, 1.5, 0.5], "texture": "#16"},
				"east": {"uv": [0, 0, 0.25, 0.5], "texture": "#16"},
				"south": {"uv": [0, 0, 1.5, 0.5], "texture": "#16"},
				"west": {"uv": [0, 0, 0.25, 0.5], "texture": "#16"},
				"up": {"uv": [0, 0, 1.5, 0.25], "texture": "#16"},
				"down": {"uv": [0, 0, 1.5, 0.25], "texture": "#16"}
			}
		},
		{
			"from": [4, 9, -0.5],
			"to": [7, 10, 0],
			"faces": {
				"north": {"uv": [0, 0, 1.5, 0.5], "texture": "#16"},
				"east": {"uv": [0, 0, 0.25, 0.5], "texture": "#16"},
				"south": {"uv": [0, 0, 1.5, 0.5], "texture": "#16"},
				"west": {"uv": [0, 0, 0.25, 0.5], "texture": "#16"},
				"up": {"uv": [0, 0, 1.5, 0.25], "texture": "#16"},
				"down": {"uv": [0, 0, 1.5, 0.25], "texture": "#16"}
			}
		},
		{
			"from": [4, 5, -0.5],
			"to": [7, 6, 0],
			"faces": {
				"north": {"uv": [0, 0, 1.5, 0.5], "texture": "#16"},
				"east": {"uv": [0, 0, 0.25, 0.5], "texture": "#16"},
				"south": {"uv": [0, 0, 1.5, 0.5], "texture": "#16"},
				"west": {"uv": [0, 0, 0.25, 0.5], "texture": "#16"},
				"up": {"uv": [0, 0, 1.5, 0.25], "texture": "#16"},
				"down": {"uv": [0, 0, 1.5, 0.25], "texture": "#16"}
			}
		},
		{
			"from": [3, 6, -0.5],
			"to": [4, 9, 0],
			"faces": {
				"north": {"uv": [0, 0, 0.5, 1.5], "texture": "#16"},
				"east": {"uv": [0, 0, 0.25, 1.5], "texture": "#16"},
				"south": {"uv": [0, 0, 0.5, 1.5], "texture": "#16"},
				"west": {"uv": [0, 0, 0.25, 1.5], "texture": "#16"},
				"up": {"uv": [0, 0, 0.5, 0.25], "texture": "#16"},
				"down": {"uv": [0, 0, 0.5, 0.25], "texture": "#16"}
			}
		},
		{
			"from": [5, 8, -0.5],
			"to": [6, 9, 0],
			"faces": {
				"north": {"uv": [0, 0, 0.5, 0.5], "texture": "#16"},
				"east": {"uv": [0, 0, 0.25, 0.5], "texture": "#16"},
				"south": {"uv": [0, 0, 0.5, 0.5], "texture": "#16"},
				"west": {"uv": [0, 0, 0.25, 0.5], "texture": "#16"},
				"up": {"uv": [0, 0, 0.5, 0.25], "texture": "#16"},
				"down": {"uv": [0, 0, 0.5, 0.25], "texture": "#16"}
			}
		},
		{
			"from": [5, 6, -0.5],
			"to": [6, 7, 0],
			"faces": {
				"north": {"uv": [0, 0, 0.5, 0.5], "texture": "#16"},
				"east": {"uv": [0, 0, 0.25, 0.5], "texture": "#16"},
				"south": {"uv": [0, 0, 0.5, 0.5], "texture": "#16"},
				"west": {"uv": [0, 0, 0.25, 0.5], "texture": "#16"},
				"up": {"uv": [0, 0, 0.5, 0.25], "texture": "#16"},
				"down": {"uv": [0, 0, 0.5, 0.25], "texture": "#16"}
			}
		},
		{
			"from": [7, 6, -0.5],
			"to": [8, 9, 0],
			"faces": {
				"north": {"uv": [0, 0, 0.5, 1.5], "texture": "#16"},
				"east": {"uv": [0, 0, 0.25, 1.5], "texture": "#16"},
				"south": {"uv": [0, 0, 0.5, 1.5], "texture": "#16"},
				"west": {"uv": [0, 0, 0.25, 1.5], "texture": "#16"},
				"up": {"uv": [0, 0, 0.5, 0.25], "texture": "#16"},
				"down": {"uv": [0, 0, 0.5, 0.25], "texture": "#16"}
			}
		},
		{
			"from": [5, 1, 2],
			"to": [6, 2, 5],
			"faces": {
				"north": {"uv": [0, 0, 0.25, 0.25], "texture": "#7"},
				"east": {"uv": [0, 0, 0.75, 0.25], "texture": "#7"},
				"south": {"uv": [0, 0, 0.25, 0.25], "texture": "#7"},
				"west": {"uv": [0, 0, 0.75, 0.25], "texture": "#7"},
				"up": {"uv": [0, 0, 0.25, 0.75], "texture": "#7"},
				"down": {"uv": [0, 0, 0.25, 0.75], "texture": "#7"}
			}
		},
		{
			"from": [9, 0, 3],
			"to": [14, 3, 8],
			"faces": {
				"north": {"uv": [0, 0, 1.25, 0.75], "texture": "#15"},
				"east": {"uv": [0, 0, 1.25, 0.75], "texture": "#15"},
				"south": {"uv": [0, 0, 1.25, 0.75], "texture": "#15"},
				"west": {"uv": [0, 0, 1.25, 0.75], "texture": "#15"},
				"up": {"uv": [0, 0, 1.25, 1.25], "texture": "#15"},
				"down": {"uv": [0, 0, 1.25, 1.25], "texture": "#15"}
			}
		},
		{
			"from": [3, -1, -9],
			"to": [4, 1, -8],
			"faces": {
				"north": {"uv": [0, 0, 0.5, 1], "texture": "#7"},
				"east": {"uv": [0, 0, 0.5, 1], "texture": "#7"},
				"south": {"uv": [0, 0, 0.5, 1], "texture": "#7"},
				"west": {"uv": [0, 0, 0.5, 1], "texture": "#7"},
				"up": {"uv": [0, 0, 0.5, 0.5], "texture": "#7"},
				"down": {"uv": [0, 0, 0.5, 0.5], "texture": "#7"}
			}
		},
		{
			"from": [12, -1, -9],
			"to": [13, 1, -8],
			"faces": {
				"north": {"uv": [0, 0, 0.5, 1], "texture": "#7"},
				"east": {"uv": [0, 0, 0.5, 1], "texture": "#7"},
				"south": {"uv": [0, 0, 0.5, 1], "texture": "#7"},
				"west": {"uv": [0, 0, 0.5, 1], "texture": "#7"},
				"up": {"uv": [0, 0, 0.5, 0.5], "texture": "#7"},
				"down": {"uv": [0, 0, 0.5, 0.5], "texture": "#7"}
			}
		},
		{
			"from": [14, -6, -9],
			"to": [15, -4, -8],
			"faces": {
				"north": {"uv": [0, 0, 0.5, 1], "texture": "#9"},
				"east": {"uv": [0, 0, 0.5, 1], "texture": "#9"},
				"south": {"uv": [0, 0, 0.5, 1], "texture": "#9"},
				"west": {"uv": [0, 0, 0.5, 1], "texture": "#9"},
				"up": {"uv": [0, 0, 0.5, 0.5], "texture": "#9"},
				"down": {"uv": [0, 0, 0.5, 0.5], "texture": "#9"}
			}
		},
		{
			"from": [12, -6, -9],
			"to": [13, -4, -8],
			"faces": {
				"north": {"uv": [0, 0, 0.5, 1], "texture": "#7"},
				"east": {"uv": [0, 0, 0.5, 1], "texture": "#7"},
				"south": {"uv": [0, 0, 0.5, 1], "texture": "#7"},
				"west": {"uv": [0, 0, 0.5, 1], "texture": "#7"},
				"up": {"uv": [0, 0, 0.5, 0.5], "texture": "#7"},
				"down": {"uv": [0, 0, 0.5, 0.5], "texture": "#7"}
			}
		},
		{
			"from": [3, -6, -9],
			"to": [4, -4, -8],
			"faces": {
				"north": {"uv": [0, 0, 0.5, 1], "texture": "#7"},
				"east": {"uv": [0, 0, 0.5, 1], "texture": "#7"},
				"south": {"uv": [0, 0, 0.5, 1], "texture": "#7"},
				"west": {"uv": [0, 0, 0.5, 1], "texture": "#7"},
				"up": {"uv": [0, 0, 0.5, 0.5], "texture": "#7"},
				"down": {"uv": [0, 0, 0.5, 0.5], "texture": "#7"}
			}
		},
		{
			"from": [1, -6, -9],
			"to": [2, -4, -8],
			"faces": {
				"north": {"uv": [0, 0, 0.5, 1], "texture": "#9"},
				"east": {"uv": [0, 0, 0.5, 1], "texture": "#9"},
				"south": {"uv": [0, 0, 0.5, 1], "texture": "#9"},
				"west": {"uv": [0, 0, 0.5, 1], "texture": "#9"},
				"up": {"uv": [0, 0, 0.5, 0.5], "texture": "#9"},
				"down": {"uv": [0, 0, 0.5, 0.5], "texture": "#9"}
			}
		},
		{
			"from": [14, -1, -9],
			"to": [15, 1, -8],
			"faces": {
				"north": {"uv": [0, 0, 0.5, 1], "texture": "#9"},
				"east": {"uv": [0, 0, 0.5, 1], "texture": "#9"},
				"south": {"uv": [0, 0, 0.5, 1], "texture": "#9"},
				"west": {"uv": [0, 0, 0.5, 1], "texture": "#9"},
				"up": {"uv": [0, 0, 0.5, 0.5], "texture": "#9"},
				"down": {"uv": [0, 0, 0.5, 0.5], "texture": "#9"}
			}
		},
		{
			"from": [14, -5, -10],
			"to": [15, -1, -9],
			"faces": {
				"north": {"uv": [0, 0, 0.5, 2], "texture": "#5"},
				"east": {"uv": [0, 0, 0.5, 2], "texture": "#5"},
				"south": {"uv": [0, 0, 0.5, 2], "texture": "#5"},
				"west": {"uv": [0, 0, 0.5, 2], "texture": "#5"},
				"up": {"uv": [0, 0, 0.5, 0.5], "texture": "#5"},
				"down": {"uv": [0, 0, 0.5, 0.5], "texture": "#5"}
			}
		},
		{
			"from": [12, -5, -10],
			"to": [13, -1, -9],
			"faces": {
				"north": {"uv": [0, 0, 0.5, 2], "texture": "#5"},
				"east": {"uv": [0, 0, 0.5, 2], "texture": "#5"},
				"south": {"uv": [0, 0, 0.5, 2], "texture": "#5"},
				"west": {"uv": [0, 0, 0.5, 2], "texture": "#5"},
				"up": {"uv": [0, 0, 0.5, 0.5], "texture": "#5"},
				"down": {"uv": [0, 0, 0.5, 0.5], "texture": "#5"}
			}
		},
		{
			"from": [3, -5, -10],
			"to": [4, -1, -9],
			"faces": {
				"north": {"uv": [0, 0, 0.5, 2], "texture": "#5"},
				"east": {"uv": [0, 0, 0.5, 2], "texture": "#5"},
				"south": {"uv": [0, 0, 0.5, 2], "texture": "#5"},
				"west": {"uv": [0, 0, 0.5, 2], "texture": "#5"},
				"up": {"uv": [0, 0, 0.5, 0.5], "texture": "#5"},
				"down": {"uv": [0, 0, 0.5, 0.5], "texture": "#5"}
			}
		},
		{
			"from": [1, -5, -10],
			"to": [2, -1, -9],
			"faces": {
				"north": {"uv": [0, 0, 0.5, 2], "texture": "#5"},
				"east": {"uv": [0, 0, 0.5, 2], "texture": "#5"},
				"south": {"uv": [0, 0, 0.5, 2], "texture": "#5"},
				"west": {"uv": [0, 0, 0.5, 2], "texture": "#5"},
				"up": {"uv": [0, 0, 0.5, 0.5], "texture": "#5"},
				"down": {"uv": [0, 0, 0.5, 0.5], "texture": "#5"}
			}
		},
		{
			"from": [16, 1, 3],
			"to": [16.5, 2, 5],
			"faces": {
				"north": {"uv": [0, 0, 0.25, 0.5], "texture": "#16"},
				"east": {"uv": [0, 0, 1, 0.5], "texture": "#16"},
				"south": {"uv": [0, 0, 0.25, 0.5], "texture": "#16"},
				"west": {"uv": [0, 0, 1, 0.5], "texture": "#16"},
				"up": {"uv": [0, 0, 0.25, 1], "texture": "#16"},
				"down": {"uv": [0, 0, 0.25, 1], "texture": "#16"}
			}
		},
		{
			"from": [16, 0, 5],
			"to": [16.5, 16, 6],
			"faces": {
				"north": {"uv": [0, 0, 0.25, 8], "texture": "#16"},
				"east": {"uv": [0, 0, 0.5, 8], "texture": "#16"},
				"south": {"uv": [0, 0, 0.25, 8], "texture": "#16"},
				"west": {"uv": [0, 0, 0.5, 8], "texture": "#16"},
				"up": {"uv": [0, 0, 0.25, 0.5], "texture": "#16"},
				"down": {"uv": [0, 0, 0.25, 0.5], "texture": "#16"}
			}
		},
		{
			"from": [16, 0, 2],
			"to": [16.5, 16, 3],
			"faces": {
				"north": {"uv": [0, 0, 0.25, 8], "texture": "#16"},
				"east": {"uv": [0, 0, 0.5, 8], "texture": "#16"},
				"south": {"uv": [0, 0, 0.25, 8], "texture": "#16"},
				"west": {"uv": [0, 0, 0.5, 8], "texture": "#16"},
				"up": {"uv": [0, 0, 0.25, 0.5], "texture": "#16"},
				"down": {"uv": [0, 0, 0.25, 0.5], "texture": "#16"}
			}
		},
		{
			"from": [15.5, -3, 2],
			"to": [16, -2, 6],
			"faces": {
				"north": {"uv": [0, 0, 0.25, 0.5], "texture": "#16"},
				"east": {"uv": [0, 0, 2, 0.5], "texture": "#16"},
				"south": {"uv": [0, 0, 0.25, 0.5], "texture": "#16"},
				"west": {"uv": [0, 0, 2, 0.5], "texture": "#16"},
				"up": {"uv": [0, 0, 0.25, 2], "texture": "#16"},
				"down": {"uv": [0, 0, 0.25, 2], "texture": "#16"}
			}
		},
		{
			"from": [15.5, -2, 5],
			"to": [16, -1, 6],
			"faces": {
				"north": {"uv": [0, 0, 0.25, 0.5], "texture": "#1"},
				"east": {"uv": [0, 0, 0.5, 0.5], "texture": "#1"},
				"south": {"uv": [0, 0, 0.25, 0.5], "texture": "#1"},
				"west": {"uv": [0, 0, 0.5, 0.5], "texture": "#1"},
				"up": {"uv": [0, 0, 0.25, 0.5], "texture": "#1"},
				"down": {"uv": [0, 0, 0.25, 0.5], "texture": "#1"}
			}
		},
		{
			"from": [15.5, -2, 2],
			"to": [16, -1, 3],
			"faces": {
				"north": {"uv": [0, 0, 0.25, 0.5], "texture": "#1"},
				"east": {"uv": [0, 0, 0.5, 0.5], "texture": "#1"},
				"south": {"uv": [0, 0, 0.25, 0.5], "texture": "#1"},
				"west": {"uv": [0, 0, 0.5, 0.5], "texture": "#1"},
				"up": {"uv": [0, 0, 0.25, 0.5], "texture": "#1"},
				"down": {"uv": [0, 0, 0.25, 0.5], "texture": "#1"}
			}
		},
		{
			"from": [16, 4, 3],
			"to": [16.5, 5, 5],
			"faces": {
				"north": {"uv": [0, 0, 0.25, 0.5], "texture": "#16"},
				"east": {"uv": [0, 0, 1, 0.5], "texture": "#16"},
				"south": {"uv": [0, 0, 0.25, 0.5], "texture": "#16"},
				"west": {"uv": [0, 0, 1, 0.5], "texture": "#16"},
				"up": {"uv": [0, 0, 0.25, 1], "texture": "#16"},
				"down": {"uv": [0, 0, 0.25, 1], "texture": "#16"}
			}
		},
		{
			"from": [16, 10, 3],
			"to": [16.5, 11, 5],
			"faces": {
				"north": {"uv": [0, 0, 0.25, 0.5], "texture": "#16"},
				"east": {"uv": [0, 0, 1, 0.5], "texture": "#16"},
				"south": {"uv": [0, 0, 0.25, 0.5], "texture": "#16"},
				"west": {"uv": [0, 0, 1, 0.5], "texture": "#16"},
				"up": {"uv": [0, 0, 0.25, 1], "texture": "#16"},
				"down": {"uv": [0, 0, 0.25, 1], "texture": "#16"}
			}
		},
		{
			"from": [16, 7, 3],
			"to": [16.5, 8, 5],
			"faces": {
				"north": {"uv": [0, 0, 0.25, 0.5], "texture": "#16"},
				"east": {"uv": [0, 0, 1, 0.5], "texture": "#16"},
				"south": {"uv": [0, 0, 0.25, 0.5], "texture": "#16"},
				"west": {"uv": [0, 0, 1, 0.5], "texture": "#16"},
				"up": {"uv": [0, 0, 0.25, 1], "texture": "#16"},
				"down": {"uv": [0, 0, 0.25, 1], "texture": "#16"}
			}
		},
		{
			"from": [16, 13, 3],
			"to": [16.5, 14, 5],
			"faces": {
				"north": {"uv": [0, 0, 0.25, 0.5], "texture": "#16"},
				"east": {"uv": [0, 0, 1, 0.5], "texture": "#16"},
				"south": {"uv": [0, 0, 0.25, 0.5], "texture": "#16"},
				"west": {"uv": [0, 0, 1, 0.5], "texture": "#16"},
				"up": {"uv": [0, 0, 0.25, 1], "texture": "#16"},
				"down": {"uv": [0, 0, 0.25, 1], "texture": "#16"}
			}
		},
		{
			"from": [0, -1, -8],
			"to": [16, 0, 32],
			"faces": {
				"north": {"uv": [4, 0.25, 6, 0.375], "texture": "#22"},
				"east": {"uv": [4, 0, 9, 0.125], "texture": "#22"},
				"south": {"uv": [4, 0.375, 6, 0.5], "texture": "#22"},
				"west": {"uv": [4, 0.125, 9, 0.25], "texture": "#22"},
				"up": {"uv": [2, 5, 0, 0], "texture": "#22"},
				"down": {"uv": [4, 0, 2, 5], "texture": "#22"}
			}
		},
		{
			"from": [1, -3, -8],
			"to": [15, -1, 32],
			"faces": {
				"north": {"uv": [0, 0, 7, 1], "texture": "#5"},
				"east": {"uv": [0, 0, 16, 1], "texture": "#5"},
				"south": {"uv": [0, 0, 7, 1], "texture": "#5"},
				"west": {"uv": [0, 0, 16, 1], "texture": "#5"},
				"up": {"uv": [0, 0, 7, 16], "texture": "#5"},
				"down": {"uv": [0, 0, 7, 16], "texture": "#5"}
			}
		}
	],
	"display": {
		"head": {
			"scale": [1.9, 1.9, 1.9]
		}
	},
	"groups": [
		{
			"name": "Hopper Doors",
			"origin": [-3, 13, 4],
			"color": 0,
			"children": [0, 1, 2, 3, 4, 5, 6, 7, 8, 9, 10, 11, 12, 13, 14, 15, 16, 17, 18, 19, 20, 21, 22, 23, 24, 25]
		},
		{
			"name": "body",
			"origin": [8, 8, 8],
			"color": 0,
			"children": [
				{
					"name": "ribs",
					"origin": [8, 8, 8],
					"color": 0,
					"children": [
						{
							"name": "all lribs",
							"origin": [8, 8, 8],
							"color": 0,
							"children": [
								{
									"name": "lrib",
									"origin": [8, 8, 8],
									"color": 0,
									"children": [26, 27, 28]
								},
								{
									"name": "lrib end",
									"origin": [8, 8, 8],
									"color": 0,
									"children": [29, 30, 31]
								},
								{
									"name": "lrib",
									"origin": [8, 8, 8],
									"color": 0,
									"children": [32, 33]
								},
								{
									"name": "lrib",
									"origin": [8, 8, 8],
									"color": 0,
									"children": [34, 35, 36]
								},
								{
									"name": "lrib",
									"origin": [8, 8, 8],
									"color": 0,
									"children": [37, 38, 39]
								},
								{
									"name": "lrib",
									"origin": [8, 8, 8],
									"color": 0,
									"children": [40, 41, 42]
								},
								{
									"name": "lrib middle",
									"origin": [8, 8, 8],
									"color": 0,
									"children": [43, 44, 45]
								}
							]
						},
						{
							"name": "all rribs",
							"origin": [8, 8, 8],
							"color": 0,
							"children": [
								{
									"name": "rrib",
									"origin": [8, 8, 8],
									"color": 0,
									"children": [46, 47, 48]
								},
								{
									"name": "rrib",
									"origin": [8, 8, 8],
									"color": 0,
									"children": [49, 50, 51]
								},
								{
									"name": "rrib",
									"origin": [8, 8, 8],
									"color": 0,
									"children": [52, 53, 54]
								},
								{
									"name": "rrib",
									"origin": [8, 8, 8],
									"color": 0,
									"children": [55, 56, 57]
								},
								{
									"name": "rrib end",
									"origin": [8, 8, 8],
									"color": 0,
									"children": [58, 59, 60]
								},
								{
									"name": "rrib middle",
									"origin": [8, 8, 8],
									"color": 0,
									"children": [61, 62, 63]
								}
							]
						},
						64,
						65,
						66
					]
				},
				67,
				68,
				69,
				70,
				71,
				72,
				73,
				74,
				75,
				76,
				77,
				78,
				79,
				80,
				81,
				82,
				83,
				84,
				85,
				86,
				87,
				88,
				89,
				90,
				91,
				92,
				93,
				94,
				95,
				96,
				97,
				98,
				99,
				{
					"name": "end",
					"origin": [0, 0, 0],
					"color": 0,
					"children": [
						100,
						101,
						102,
						103,
						104,
						105,
						106,
						107,
						{
							"name": "AirBrakes",
							"origin": [0, 0, 0],
							"color": 0,
							"children": [108, 109, 110, 111, 112, 113, 114, 115, 116, 117, 118, 119, 120, 121, 122, 123, 124, 125, 126, 127, 128, 129, 130, 131, 132, 133, 134, 135]
						}
					]
				},
				{
					"name": "ladder",
					"origin": [8, 8, 8],
					"color": 0,
					"children": [136, 137, 138, 139, 140, 141, 142, 143, 144, 145]
				}
			]
		},
		{
			"name": "frame",
			"origin": [8, 8, 8],
			"color": 0,
			"children": [146, 147]
		}
	]
}