{
	"format_version": "1.21.6",
	"credit": "Made with Blockbench",
	"textures": {
		"1": "block/bus_autonomous/white_concrete",
		"6": "block/bus_autonomous/quartz_block_bottom",
		"8": "block/bus_autonomous/a",
		"9": "block/bus_autonomous/b",
		"particle": "block/bus_autonomous/cyan_terracotta"
	},
	"elements": [
		{
			"from": [15.5, 9.8, 7.6],
			"to": [15.75, 11.9, 8.35],
			"rotation": {"angle": 0, "axis": "y", "origin": [15, -8.7, 3.95]},
			"faces": {
				"north": {"uv": [0, 0, 1, 6.25], "texture": "#1"},
				"east": {"uv": [0, 5.024, 16, 7.786], "texture": "#1"},
				"south": {"uv": [0, 0, 1, 6.25], "texture": "#6"},
				"west": {"uv": [0, 0, 16, 16], "texture": "#9"},
				"up": {"uv": [0, 0, 1, 16], "texture": "#1"},
				"down": {"uv": [0, 0, 1, 16], "texture": "#1"}
			}
		},
		{
			"from": [0.25, 9.8, 7.6],
			"to": [0.5, 11.9, 8.35],
			"rotation": {"angle": 0, "axis": "y", "origin": [1, -8.7, 3.95]},
			"faces": {
				"north": {"uv": [1, 0, 0, 6.25], "texture": "#1"},
				"east": {"uv": [0, 0, 16, 16], "texture": "#8"},
				"south": {"uv": [1, 0, 0, 6.25], "texture": "#6"},
				"west": {"uv": [16, 5.024, 0, 7.786], "texture": "#1"},
				"up": {"uv": [1, 0, 0, 16], "texture": "#1"},
				"down": {"uv": [1, 0, 0, 16], "texture": "#1"}
			}
		}
	],
	"display": {
		"thirdperson_righthand": {
			"scale": [4, 4, 4]
		},
		"head": {
			"scale": [4, 4, 4]
		}
	}
}