{
	"format_version": "1.21.6",
	"credit": "Made with Blockbench",
	"textures": {
		"1": "block/bus_autonomous/white_concrete",
		"3": "block/bus_autonomous/bn41_ad/wasabi_c",
		"4": "block/bus_autonomous/bn41_ad/bind_today",
		"5": "block/bus_autonomous/bn41_ad/truthfromthailand",
		"particle": "block/bus_autonomous/cyan_terracotta"
	},
	"elements": [
		{
			"from": [16.95, 11.35, 5.55],
			"to": [17.2, 16.85, 9.8],
			"rotation": {"angle": 0, "axis": "y", "origin": [16.7, -5.45, 5.6]},
			"faces": {
				"north": {"uv": [1, 0, 0, 6.25], "texture": "#1"},
				"east": {"uv": [0, 0, 16, 16], "texture": "#4"},
				"south": {"uv": [1, 0, 0, 6.25], "texture": "#1"},
				"west": {"uv": [16, 5.024, 0, 7.786], "texture": "#1"},
				"up": {"uv": [1, 0, 0, 16], "texture": "#1"},
				"down": {"uv": [1, 0, 0, 16], "texture": "#1"}
			}
		},
		{
			"from": [16.95, 11.35, -9.45],
			"to": [17.2, 16.85, -5.2],
			"rotation": {"angle": 0, "axis": "y", "origin": [16.7, -5.45, -9.4]},
			"faces": {
				"north": {"uv": [1, 0, 0, 6.25], "texture": "#1"},
				"east": {"uv": [0, 0, 16, 16], "texture": "#5"},
				"south": {"uv": [1, 0, 0, 6.25], "texture": "#1"},
				"west": {"uv": [16, 5.024, 0, 7.786], "texture": "#1"},
				"up": {"uv": [1, 0, 0, 16], "texture": "#1"},
				"down": {"uv": [1, 0, 0, 16], "texture": "#1"}
			}
		},
		{
			"from": [-1.2, 11.35, -9.45],
			"to": [-0.95, 16.85, -5.2],
			"rotation": {"angle": 0, "axis": "y", "origin": [-0.7, -5.45, -9.4]},
			"faces": {
				"north": {"uv": [0, 0, 1, 6.25], "texture": "#1"},
				"east": {"uv": [0, 5.024, 16, 7.786], "texture": "#1"},
				"south": {"uv": [0, 0, 1, 6.25], "texture": "#1"},
				"west": {"uv": [0, 0, 16, 16], "texture": "#3"},
				"up": {"uv": [0, 0, 1, 16], "texture": "#1"},
				"down": {"uv": [0, 0, 1, 16], "texture": "#1"}
			}
		}
	],
	"display": {
		"thirdperson_righthand": {
			"scale": [4, 4, 4]
		},
		"head": {
			"scale": [4, 4, 4]
		}
	}
}