{
	"format_version": "1.21.6",
	"credit": "Made with Blockbench",
	"textures": {
		"0": "block/bus_autonomous/cyan_terracotta",
		"1": "block/bus_autonomous/white_concrete",
		"2": "block/bus_autonomous/iron_block",
		"3": "block/bus_autonomous/black_concrete",
		"4": "block/bus_autonomous/light_gray_concrete",
		"5": "block/bus_autonomous/brown_concrete",
		"6": "block/bus_autonomous/quartz_block_bottom",
		"7": "block/bus_autonomous/yellow_wool",
		"8": "block/bus_autonomous/yellow_concrete",
		"9": "block/bus_autonomous/black_wool",
		"10": "block/bus_autonomous/gray_wool",
		"11": "block/bus_autonomous/tjt_quartz",
		"12": "block/bus_autonomous/khi_concrete",
		"13": "block/bus_autonomous/glass",
		"14": "block/bus_autonomous/tjt_entetsu",
		"15": "block/bus_autonomous/bogie_mark",
		"16": "block/bus_autonomous/ex_st1",
		"17": "block/bus_autonomous/ex_st2",
		"18": "block/bus_autonomous/light_gray_concrete_powder",
		"particle": "block/bus_autonomous/cyan_terracotta"
	},
	"elements": [
		{
			"from": [-1.1, 2.65, -16],
			"to": [0.4, 4.4, 13.25],
			"rotation": {"angle": 0, "axis": "y", "origin": [-0.6, -1.95, -14.7]},
			"faces": {
				"north": {"uv": [0, 0, 1, 6.25], "texture": "#1"},
				"east": {"uv": [0, 5.024, 16, 7.786], "texture": "#1"},
				"south": {"uv": [0, 0, 1, 6.25], "texture": "#1"},
				"west": {"uv": [16, 14, 0, 16], "texture": "#15"},
				"up": {"uv": [0, 0, 1, 16], "texture": "#2"},
				"down": {"uv": [0, 0, 1, 16], "texture": "#3"}
			}
		},
		{
			"from": [0.4, 2.65, -16],
			"to": [15.6, 4.4, 11.75],
			"rotation": {"angle": 0, "axis": "y", "origin": [0, -1.95, -14.7]},
			"faces": {
				"north": {"uv": [0, 0, 1, 6.25], "texture": "#1"},
				"east": {"uv": [0, 5.024, 16, 7.786], "texture": "#1"},
				"south": {"uv": [0, 0, 1, 6.25], "texture": "#1"},
				"west": {"uv": [0, 6.112, 16, 9.834], "texture": "#1"},
				"up": {"uv": [0, 0, 1, 16], "texture": "#0"},
				"down": {"uv": [0, 0, 1, 16], "texture": "#3"}
			}
		},
		{
			"from": [0.4, 2.65, 11.75],
			"to": [15.6, 4.4, 13.25],
			"rotation": {"angle": 0, "axis": "y", "origin": [0, -1.95, -15.7]},
			"faces": {
				"north": {"uv": [0, 0, 1, 6.25], "texture": "#1"},
				"east": {"uv": [0, 5.024, 16, 7.786], "texture": "#1"},
				"south": {"uv": [0, 0, 1, 6.25], "texture": "#1"},
				"west": {"uv": [0, 6.112, 16, 9.834], "texture": "#1"},
				"up": {"uv": [0, 0, 1, 16], "texture": "#1"},
				"down": {"uv": [0, 0, 1, 16], "texture": "#3"}
			}
		},
		{
			"from": [5.3, 4.9, 13],
			"to": [10.7, 5, 17],
			"rotation": {"angle": 0, "axis": "y", "origin": [0, -1.95, -15.7]},
			"faces": {
				"north": {"uv": [0, 0, 1, 6.25], "texture": "#2"},
				"east": {"uv": [0, 5.024, 16, 7.786], "texture": "#2"},
				"south": {"uv": [0, 0, 1, 6.25], "texture": "#2"},
				"west": {"uv": [0, 6.112, 16, 9.834], "texture": "#2"},
				"up": {"uv": [0, 0, 0.5, 16], "texture": "#2"},
				"down": {"uv": [0, 0, 1, 16], "texture": "#2"}
			}
		},
		{
			"from": [5.3, 4.4, 12.75],
			"to": [10.7, 5, 13],
			"rotation": {"angle": 0, "axis": "y", "origin": [0, -1.95, -15.7]},
			"faces": {
				"north": {"uv": [0, 0, 1, 6.25], "texture": "#2"},
				"east": {"uv": [0, 5.024, 16, 7.786], "texture": "#2"},
				"south": {"uv": [0, 0, 1, 6.25], "texture": "#2"},
				"west": {"uv": [0, 6.112, 16, 9.834], "texture": "#2"},
				"up": {"uv": [0, 0, 0.5, 16], "texture": "#2"},
				"down": {"uv": [0, 0, 1, 16], "texture": "#2"}
			}
		},
		{
			"from": [4.05, 4.6, 12.95],
			"to": [11.95, 4.85, 17],
			"rotation": {"angle": 0, "axis": "y", "origin": [0, -1.75, -15.7]},
			"faces": {
				"north": {"uv": [0, 0, 1, 6.25], "texture": "#9"},
				"east": {"uv": [0, 5.024, 16, 7.786], "texture": "#9"},
				"south": {"uv": [0, 0, 1, 6.25], "texture": "#9"},
				"west": {"uv": [0, 6.112, 16, 9.834], "texture": "#9"},
				"up": {"uv": [0, 0, 0.5, 16], "texture": "#10"},
				"down": {"uv": [0, 0, 1, 16], "texture": "#9"}
			}
		},
		{
			"from": [5.2, 18.25, 12.95],
			"to": [10.8, 18.75, 17],
			"rotation": {"angle": 0, "axis": "y", "origin": [0, 11.9, -15.7]},
			"faces": {
				"north": {"uv": [0, 0, 1, 6.25], "texture": "#9"},
				"east": {"uv": [0, 5.024, 16, 7.786], "texture": "#9"},
				"south": {"uv": [0, 0, 1, 6.25], "texture": "#9"},
				"west": {"uv": [0, 6.112, 16, 9.834], "texture": "#9"},
				"up": {"uv": [0, 0, 0.5, 16], "texture": "#9"},
				"down": {"uv": [0, 0, 1, 16], "texture": "#10"}
			}
		},
		{
			"from": [10.37279, 15.53543, 12.95],
			"to": [12.02279, 16.03543, 17],
			"rotation": {"angle": 45, "axis": "z", "origin": [5.32279, 9.18543, -15.7]},
			"faces": {
				"north": {"uv": [0, 0, 1, 6.25], "texture": "#9"},
				"east": {"uv": [0, 5.024, 16, 7.786], "texture": "#9"},
				"south": {"uv": [0, 0, 1, 6.25], "texture": "#9"},
				"west": {"uv": [0, 6.112, 16, 9.834], "texture": "#9"},
				"up": {"uv": [0, 0, 0.5, 16], "texture": "#9"},
				"down": {"uv": [0, 0, 1, 16], "texture": "#10"}
			}
		},
		{
			"from": [3.97721, 15.53543, 12.95],
			"to": [5.62721, 16.03543, 17],
			"rotation": {"angle": -45, "axis": "z", "origin": [10.67721, 9.18543, -15.7]},
			"faces": {
				"north": {"uv": [1, 0, 0, 6.25], "texture": "#9"},
				"east": {"uv": [16, 6.112, 0, 9.834], "texture": "#9"},
				"south": {"uv": [1, 0, 0, 6.25], "texture": "#9"},
				"west": {"uv": [16, 5.024, 0, 7.786], "texture": "#9"},
				"up": {"uv": [0.5, 0, 0, 16], "texture": "#9"},
				"down": {"uv": [1, 0, 0, 16], "texture": "#10"}
			}
		},
		{
			"from": [11.3, 4.35, 12.95],
			"to": [11.95, 17.6, 17],
			"rotation": {"angle": 0, "axis": "y", "origin": [7.25, -2.25, -15.7]},
			"faces": {
				"north": {"uv": [0, 0, 1, 6.25], "texture": "#9"},
				"east": {"uv": [0, 5.024, 16, 7.786], "texture": "#9"},
				"south": {"uv": [0, 0, 1, 6.25], "texture": "#9"},
				"west": {"uv": [0, 6.112, 16, 9.834], "texture": "#10"},
				"up": {"uv": [0, 0, 0.5, 16], "texture": "#9"},
				"down": {"uv": [0, 0, 1, 16], "texture": "#9"}
			}
		},
		{
			"from": [4.05, 4.35, 12.95],
			"to": [4.7, 17.6, 17],
			"rotation": {"angle": 0, "axis": "y", "origin": [0, -2.25, -15.7]},
			"faces": {
				"north": {"uv": [0, 0, 1, 6.25], "texture": "#9"},
				"east": {"uv": [0, 5.024, 16, 7.786], "texture": "#10"},
				"south": {"uv": [0, 0, 1, 6.25], "texture": "#9"},
				"west": {"uv": [0, 6.112, 16, 9.834], "texture": "#9"},
				"up": {"uv": [0, 0, 0.5, 16], "texture": "#9"},
				"down": {"uv": [0, 0, 1, 16], "texture": "#9"}
			}
		},
		{
			"from": [15.6, 2.65, -16],
			"to": [17.1, 4.4, 13.25],
			"rotation": {"angle": 0, "axis": "y", "origin": [16.6, -1.95, -14.7]},
			"faces": {
				"north": {"uv": [1, 0, 0, 6.25], "texture": "#1"},
				"east": {"uv": [0, 14, 16, 16], "texture": "#15"},
				"south": {"uv": [1, 0, 0, 6.25], "texture": "#1"},
				"west": {"uv": [16, 5.024, 0, 7.786], "texture": "#1"},
				"up": {"uv": [1, 0, 0, 16], "texture": "#2"},
				"down": {"uv": [1, 0, 0, 16], "texture": "#3"}
			}
		},
		{
			"from": [0.35, 13.5, 13.2],
			"to": [3.15, 14.85, 13.3],
			"rotation": {"angle": 0, "axis": "y", "origin": [-0.4, -7.7, 19.85]},
			"faces": {
				"north": {"uv": [1, 0, 0, 6.25], "texture": "#1"},
				"east": {"uv": [16, 5.024, 0, 7.786], "texture": "#1"},
				"south": {"uv": [0, 0, 16, 16], "texture": "#16"},
				"west": {"uv": [16, 6.112, 0, 9.834], "texture": "#1"},
				"up": {"uv": [0, 16, 1, 0], "texture": "#1"},
				"down": {"uv": [0, 16, 1, 0], "texture": "#1"}
			}
		},
		{
			"from": [0.35, 11.65, 13.2],
			"to": [3.15, 13, 13.3],
			"rotation": {"angle": 0, "axis": "y", "origin": [-0.4, -9.55, 19.85]},
			"faces": {
				"north": {"uv": [1, 0, 0, 6.25], "texture": "#1"},
				"east": {"uv": [16, 5.024, 0, 7.786], "texture": "#1"},
				"south": {"uv": [0, 0, 16, 16], "texture": "#17"},
				"west": {"uv": [16, 6.112, 0, 9.834], "texture": "#1"},
				"up": {"uv": [0, 16, 1, 0], "texture": "#1"},
				"down": {"uv": [0, 16, 1, 0], "texture": "#1"}
			}
		},
		{
			"from": [-1.1, 4.4, -16],
			"to": [-0.6, 9.85, -4.7],
			"rotation": {"angle": 0, "axis": "y", "origin": [-0.6, -7.2, -9.4]},
			"faces": {
				"north": {"uv": [0, 0, 1, 6.25], "texture": "#1"},
				"east": {"uv": [0, 5.024, 16, 7.786], "texture": "#1"},
				"south": {"uv": [0, 0, 1, 6.25], "texture": "#1"},
				"west": {"uv": [0, 6.112, 16, 9.834], "texture": "#1"},
				"up": {"uv": [0, 0, 1, 16], "texture": "#1"},
				"down": {"uv": [0, 0, 1, 16], "texture": "#1"}
			}
		},
		{
			"from": [-0.6, 9.85, -16],
			"to": [-0.1, 10.85, -9.7],
			"rotation": {"angle": 0, "axis": "y", "origin": [-0.1, -6.45, -9.4]},
			"faces": {
				"north": {"uv": [0, 0, 1, 6.25], "texture": "#5"},
				"east": {"uv": [0, 5.024, 16, 7.786], "texture": "#1"},
				"south": {"uv": [0, 0, 1, 6.25], "texture": "#1"},
				"west": {"uv": [0, 6.112, 16, 9.834], "texture": "#5"},
				"up": {"uv": [0, 0, 1, 16], "texture": "#1"},
				"down": {"uv": [0, 0, 1, 16], "texture": "#1"}
			}
		},
		{
			"from": [-0.6, 4.4, -16],
			"to": [-0.1, 9.85, -9.7],
			"rotation": {"angle": 0, "axis": "y", "origin": [-0.1, -7.2, -9.4]},
			"faces": {
				"north": {"uv": [0, 0, 1, 6.25], "texture": "#1"},
				"east": {"uv": [0, 5.024, 16, 7.786], "texture": "#1"},
				"south": {"uv": [0, 0, 1, 6.25], "texture": "#1"},
				"west": {"uv": [0, 6.112, 16, 9.834], "texture": "#1"},
				"up": {"uv": [0, 0, 1, 16], "texture": "#1"},
				"down": {"uv": [0, 0, 1, 16], "texture": "#1"}
			}
		},
		{
			"from": [-0.1, 9.85, -16],
			"to": [0.4, 10.85, -4.7],
			"rotation": {"angle": 0, "axis": "y", "origin": [0.4, -6.45, -9.4]},
			"faces": {
				"north": {"uv": [0, 0, 1, 6.25], "texture": "#5"},
				"east": {"uv": [0, 5.024, 16, 7.786], "texture": "#6"},
				"south": {"uv": [0, 0, 1, 6.25], "texture": "#6"},
				"west": {"uv": [0, 6.112, 16, 9.834], "texture": "#1"},
				"up": {"uv": [0, 0, 1, 16], "texture": "#1"},
				"down": {"uv": [0, 0, 1, 16], "texture": "#1"}
			}
		},
		{
			"from": [8.5, 6.9, -16],
			"to": [11.25, 8.4, -5.95],
			"rotation": {"angle": 0, "axis": "y", "origin": [11.25, -8.9, -9.4]},
			"faces": {
				"north": {"uv": [0, 0, 1, 6.25], "texture": "#7"},
				"east": {"uv": [0, 5.024, 16, 7.786], "texture": "#7"},
				"south": {"uv": [0, 0, 1, 6.25], "texture": "#6"},
				"west": {"uv": [0, 6.112, 16, 9.834], "texture": "#6"},
				"up": {"uv": [0, 0, 1, 16], "texture": "#7"},
				"down": {"uv": [0, 0, 1, 16], "texture": "#6"}
			}
		},
		{
			"from": [4.5, 6.4, -5.95],
			"to": [11.5, 9.9, -5.45],
			"rotation": {"angle": 0, "axis": "y", "origin": [7.25, -8.9, -10.15]},
			"faces": {
				"north": {"uv": [0, 0, 1, 6.25], "texture": "#6"},
				"east": {"uv": [0, 5.024, 16, 7.786], "texture": "#4"},
				"south": {"uv": [0, 4, 16, 12], "texture": "#11"},
				"west": {"uv": [0, 6.112, 16, 9.834], "texture": "#4"},
				"up": {"uv": [0, 0, 1, 16], "texture": "#4"},
				"down": {"uv": [0, 0, 1, 16], "texture": "#4"}
			}
		},
		{
			"from": [14.85, 9.9, 5.7],
			"to": [15.6, 12.65, 6.2],
			"rotation": {"angle": 0, "axis": "y", "origin": [19.35, -8.9, 1.5]},
			"faces": {
				"north": {"uv": [0, 0, 1, 6.25], "texture": "#6"},
				"east": {"uv": [0, 5.024, 16, 7.786], "texture": "#4"},
				"south": {"uv": [0, 0, 1, 6.25], "texture": "#6"},
				"west": {"uv": [0, 6.112, 16, 9.834], "texture": "#4"},
				"up": {"uv": [0, 0, 1, 16], "texture": "#4"},
				"down": {"uv": [0, 0, 1, 16], "texture": "#6"}
			}
		},
		{
			"from": [0.4, 9.9, 5.7],
			"to": [1.15, 12.65, 6.2],
			"rotation": {"angle": 0, "axis": "y", "origin": [4.9, -8.9, 1.5]},
			"faces": {
				"north": {"uv": [0, 0, 1, 6.25], "texture": "#6"},
				"east": {"uv": [0, 5.024, 16, 7.786], "texture": "#4"},
				"south": {"uv": [0, 0, 1, 6.25], "texture": "#6"},
				"west": {"uv": [0, 6.112, 16, 9.834], "texture": "#4"},
				"up": {"uv": [0, 0, 1, 16], "texture": "#4"},
				"down": {"uv": [0, 0, 1, 16], "texture": "#6"}
			}
		},
		{
			"from": [12.1, 6.4, 5.7],
			"to": [15.6, 9.9, 6.2],
			"rotation": {"angle": 0, "axis": "y", "origin": [14.85, -8.9, 1.5]},
			"faces": {
				"north": {"uv": [2, 2, 14, 14], "texture": "#11"},
				"east": {"uv": [0, 5.024, 16, 7.786], "texture": "#6"},
				"south": {"uv": [0, 0, 1, 6.25], "texture": "#6"},
				"west": {"uv": [0, 6.112, 16, 9.834], "texture": "#4"},
				"up": {"uv": [0, 0, 1, 16], "texture": "#4"},
				"down": {"uv": [0, 0, 1, 16], "texture": "#4"}
			}
		},
		{
			"from": [0.3, 6.4, 5.7],
			"to": [3.8, 9.9, 6.2],
			"rotation": {"angle": 0, "axis": "y", "origin": [3.05, -8.9, 1.5]},
			"faces": {
				"north": {"uv": [2, 2, 14, 14], "texture": "#11"},
				"east": {"uv": [0, 5.024, 16, 7.786], "texture": "#4"},
				"south": {"uv": [0, 0, 1, 6.25], "texture": "#6"},
				"west": {"uv": [0, 6.112, 16, 9.834], "texture": "#6"},
				"up": {"uv": [0, 0, 1, 16], "texture": "#4"},
				"down": {"uv": [0, 0, 1, 16], "texture": "#4"}
			}
		},
		{
			"from": [9.75, 5.85, 12.25],
			"to": [10.75, 15.9, 12.75],
			"rotation": {"angle": 0, "axis": "y", "origin": [14, 2.85, 5.7]},
			"faces": {
				"north": {"uv": [0, 0, 1, 6.25], "texture": "#6"},
				"east": {"uv": [0, 5.024, 16, 7.786], "texture": "#6"},
				"south": {"uv": [0, 0, 1, 6.25], "texture": "#6"},
				"west": {"uv": [0, 6.112, 16, 9.834], "texture": "#6"},
				"up": {"uv": [0, 0, 1, 16], "texture": "#6"},
				"down": {"uv": [0, 0, 1, 16], "texture": "#6"}
			}
		},
		{
			"from": [5.25, 15.9, 12.25],
			"to": [10.75, 17.35, 12.75],
			"rotation": {"angle": 0, "axis": "y", "origin": [14, 4.3, 5.7]},
			"faces": {
				"north": {"uv": [0, 0, 1, 6.25], "texture": "#6"},
				"east": {"uv": [0, 5.024, 16, 7.786], "texture": "#6"},
				"south": {"uv": [0, 0, 1, 6.25], "texture": "#6"},
				"west": {"uv": [0, 6.112, 16, 9.834], "texture": "#6"},
				"up": {"uv": [0, 0, 1, 16], "texture": "#6"},
				"down": {"uv": [0, 0, 1, 16], "texture": "#6"}
			}
		},
		{
			"from": [6.25, 5.85, 12.25],
			"to": [9.75, 15.9, 12.75],
			"rotation": {"angle": 0, "axis": "y", "origin": [10.5, 2.85, 5.7]},
			"faces": {
				"north": {"uv": [0, 0, 16, 16], "texture": "#13"},
				"east": {"uv": [0, 5.024, 16, 7.786], "texture": "#13"},
				"south": {"uv": [0, 0, 16, 16], "texture": "#13"},
				"west": {"uv": [0, 6.112, 16, 9.834], "texture": "#13"},
				"up": {"uv": [0, 0, 1, 16], "texture": "#13"},
				"down": {"uv": [0, 0, 1, 16], "texture": "#13"}
			}
		},
		{
			"from": [5.85, 5.85, 12.25],
			"to": [6.25, 15.9, 12.75],
			"rotation": {"angle": 0, "axis": "y", "origin": [9.5, 2.85, 5.7]},
			"faces": {
				"north": {"uv": [0, 0, 1, 6.25], "texture": "#6"},
				"east": {"uv": [0, 5.024, 16, 7.786], "texture": "#6"},
				"south": {"uv": [0, 0, 1, 6.25], "texture": "#6"},
				"west": {"uv": [0, 6.112, 16, 9.834], "texture": "#6"},
				"up": {"uv": [0, 0, 1, 16], "texture": "#6"},
				"down": {"uv": [0, 0, 1, 16], "texture": "#6"}
			}
		},
		{
			"from": [5.65, 5.85, 12.25],
			"to": [5.85, 10.6, 12.75],
			"rotation": {"angle": 0, "axis": "y", "origin": [9.5, 2.85, 5.7]},
			"faces": {
				"north": {"uv": [0, 0, 1, 6.25], "texture": "#6"},
				"east": {"uv": [0, 5.024, 16, 7.786], "texture": "#6"},
				"south": {"uv": [0, 0, 1, 6.25], "texture": "#6"},
				"west": {"uv": [0, 6.112, 16, 9.834], "texture": "#6"},
				"up": {"uv": [0, 0, 1, 16], "texture": "#6"},
				"down": {"uv": [0, 0, 1, 16], "texture": "#6"}
			}
		},
		{
			"from": [5.65, 11.9, 12.25],
			"to": [5.85, 15.9, 12.75],
			"rotation": {"angle": 0, "axis": "y", "origin": [9.5, 2.85, 5.7]},
			"faces": {
				"north": {"uv": [0, 0, 1, 6.25], "texture": "#6"},
				"east": {"uv": [0, 5.024, 16, 7.786], "texture": "#6"},
				"south": {"uv": [0, 0, 1, 6.25], "texture": "#6"},
				"west": {"uv": [0, 6.112, 16, 9.834], "texture": "#6"},
				"up": {"uv": [0, 0, 1, 16], "texture": "#6"},
				"down": {"uv": [0, 0, 1, 16], "texture": "#6"}
			}
		},
		{
			"from": [5.65, 10.6, 12.35],
			"to": [5.85, 11.9, 12.65],
			"rotation": {"angle": 0, "axis": "y", "origin": [9.5, 2.85, 5.7]},
			"faces": {
				"north": {"uv": [0, 0, 1, 6.25], "texture": "#6"},
				"east": {"uv": [0, 5.024, 16, 7.786], "texture": "#6"},
				"south": {"uv": [0, 0, 1, 6.25], "texture": "#6"},
				"west": {"uv": [0, 6.112, 16, 9.834], "texture": "#6"},
				"up": {"uv": [0, 0, 1, 16], "texture": "#6"},
				"down": {"uv": [0, 0, 1, 16], "texture": "#6"}
			}
		},
		{
			"from": [5.25, 5.85, 12.25],
			"to": [5.65, 15.9, 12.75],
			"rotation": {"angle": 0, "axis": "y", "origin": [9.5, 2.85, 5.7]},
			"faces": {
				"north": {"uv": [0, 0, 1, 6.25], "texture": "#6"},
				"east": {"uv": [0, 5.024, 16, 7.786], "texture": "#6"},
				"south": {"uv": [0, 0, 1, 6.25], "texture": "#6"},
				"west": {"uv": [0, 6.112, 16, 9.834], "texture": "#6"},
				"up": {"uv": [0, 0, 1, 16], "texture": "#6"},
				"down": {"uv": [0, 0, 1, 16], "texture": "#6"}
			}
		},
		{
			"from": [5.25, 4.4, 12.25],
			"to": [10.75, 5.85, 12.75],
			"rotation": {"angle": 0, "axis": "y", "origin": [14, -7.2, 5.7]},
			"faces": {
				"north": {"uv": [0, 0, 1, 6.25], "texture": "#6"},
				"east": {"uv": [0, 5.024, 16, 7.786], "texture": "#6"},
				"south": {"uv": [0, 0, 1, 6.25], "texture": "#6"},
				"west": {"uv": [0, 6.112, 16, 9.834], "texture": "#6"},
				"up": {"uv": [0, 0, 1, 16], "texture": "#6"},
				"down": {"uv": [0, 0, 1, 16], "texture": "#6"}
			}
		},
		{
			"from": [15.85, 10.85, -16],
			"to": [16.85, 17.35, -9.95],
			"rotation": {"angle": 0, "axis": "y", "origin": [15.1, -5.45, -9.4]},
			"faces": {
				"north": {"uv": [13.5, 5, 14.5, 11.25], "texture": "#13"},
				"east": {"uv": [0, 0, 8, 16], "texture": "#13"},
				"south": {"uv": [0, 0, 1, 6.25], "texture": "#13"},
				"west": {"uv": [8, 0, 16, 16], "texture": "#13"},
				"up": {"uv": [0, 0, 1, 16], "texture": "#13"},
				"down": {"uv": [0, 0, 1, 16], "texture": "#13"}
			}
		},
		{
			"from": [-0.85, 10.85, -16],
			"to": [0.15, 17.35, -9.95],
			"rotation": {"angle": 0, "axis": "y", "origin": [-1.6, -5.45, -9.4]},
			"faces": {
				"north": {"uv": [13.5, 5, 14.5, 11.25], "texture": "#13"},
				"east": {"uv": [0, 0, 8, 16], "texture": "#13"},
				"south": {"uv": [0, 0, 1, 6.25], "texture": "#13"},
				"west": {"uv": [8, 0, 16, 16], "texture": "#13"},
				"up": {"uv": [0, 0, 1, 16], "texture": "#13"},
				"down": {"uv": [0, 0, 1, 16], "texture": "#13"}
			}
		},
		{
			"from": [12.2, 9.9, 5.8],
			"to": [12.5, 16.4, 6.1],
			"rotation": {"angle": 0, "axis": "y", "origin": [11.85, -8.9, 1.5]},
			"faces": {
				"north": {"uv": [0, 0, 1, 6.25], "texture": "#4"},
				"east": {"uv": [0, 5.024, 16, 7.786], "texture": "#4"},
				"south": {"uv": [0, 0, 1, 6.25], "texture": "#4"},
				"west": {"uv": [0, 6.112, 16, 9.834], "texture": "#4"},
				"up": {"uv": [0, 0, 1, 16], "texture": "#4"},
				"down": {"uv": [0, 0, 1, 16], "texture": "#4"}
			}
		},
		{
			"from": [0.73266, 17.07324, 6.1],
			"to": [1.03266, 17.37324, 11.05],
			"rotation": {"angle": 0, "axis": "y", "origin": [1.38266, -7.92676, 1.5]},
			"faces": {
				"north": {"uv": [1, 0, 0, 6.25], "texture": "#4"},
				"east": {"uv": [16, 6.112, 0, 9.834], "texture": "#4"},
				"south": {"uv": [1, 0, 0, 6.25], "texture": "#4"},
				"west": {"uv": [16, 5.024, 0, 7.786], "texture": "#4"},
				"up": {"uv": [1, 0, 0, 16], "texture": "#4"},
				"down": {"uv": [1, 0, 0, 16], "texture": "#4"}
			}
		},
		{
			"from": [1.33266, 17.07324, 6.1],
			"to": [1.63266, 17.37324, 11.05],
			"rotation": {"angle": 0, "axis": "y", "origin": [1.98266, -7.92676, 1.5]},
			"faces": {
				"north": {"uv": [1, 0, 0, 6.25], "texture": "#4"},
				"east": {"uv": [16, 6.112, 0, 9.834], "texture": "#4"},
				"south": {"uv": [1, 0, 0, 6.25], "texture": "#4"},
				"west": {"uv": [16, 5.024, 0, 7.786], "texture": "#4"},
				"up": {"uv": [1, 0, 0, 16], "texture": "#4"},
				"down": {"uv": [1, 0, 0, 16], "texture": "#4"}
			}
		},
		{
			"from": [1.93266, 17.07324, 6.1],
			"to": [2.23266, 17.37324, 11.05],
			"rotation": {"angle": 0, "axis": "y", "origin": [2.58266, -7.92676, 1.5]},
			"faces": {
				"north": {"uv": [1, 0, 0, 6.25], "texture": "#4"},
				"east": {"uv": [16, 6.112, 0, 9.834], "texture": "#4"},
				"south": {"uv": [1, 0, 0, 6.25], "texture": "#4"},
				"west": {"uv": [16, 5.024, 0, 7.786], "texture": "#4"},
				"up": {"uv": [1, 0, 0, 16], "texture": "#4"},
				"down": {"uv": [1, 0, 0, 16], "texture": "#4"}
			}
		},
		{
			"from": [2.68266, 17.42324, 6.1],
			"to": [2.98266, 17.72324, 11.05],
			"rotation": {"angle": 0, "axis": "y", "origin": [3.33266, -7.57676, 1.5]},
			"faces": {
				"north": {"uv": [1, 0, 0, 6.25], "texture": "#4"},
				"east": {"uv": [16, 6.112, 0, 9.834], "texture": "#4"},
				"south": {"uv": [1, 0, 0, 6.25], "texture": "#4"},
				"west": {"uv": [16, 5.024, 0, 7.786], "texture": "#4"},
				"up": {"uv": [1, 0, 0, 16], "texture": "#4"},
				"down": {"uv": [1, 0, 0, 16], "texture": "#4"}
			}
		},
		{
			"from": [3.21299, 16.79291, 6.1],
			"to": [3.51299, 17.09291, 11.05],
			"rotation": {"angle": 0, "axis": "y", "origin": [3.86299, -8.20709, 1.5]},
			"faces": {
				"north": {"uv": [1, 0, 0, 6.25], "texture": "#4"},
				"east": {"uv": [16, 6.112, 0, 9.834], "texture": "#4"},
				"south": {"uv": [1, 0, 0, 6.25], "texture": "#4"},
				"west": {"uv": [16, 5.024, 0, 7.786], "texture": "#4"},
				"up": {"uv": [1, 0, 0, 16], "texture": "#4"},
				"down": {"uv": [1, 0, 0, 16], "texture": "#4"}
			}
		},
		{
			"from": [2.86299, 17.94291, -5.95],
			"to": [3.36299, 21.04291, -5.45],
			"rotation": {"angle": 0, "axis": "y", "origin": [3.61299, -6.95709, -10.2]},
			"faces": {
				"north": {"uv": [1, 0, 0, 6.25], "texture": "#4"},
				"east": {"uv": [16, 6.112, 0, 9.834], "texture": "#4"},
				"south": {"uv": [0, 6.112, 16, 9.834], "texture": "#4"},
				"west": {"uv": [16, 5.024, 0, 7.786], "texture": "#4"},
				"up": {"uv": [1, 0, 0, 16], "texture": "#4"},
				"down": {"uv": [1, 0, 0, 16], "texture": "#4"}
			}
		},
		{
			"from": [2.96299, 18.04291, -16],
			"to": [3.26299, 18.34291, -5.65],
			"rotation": {"angle": 0, "axis": "y", "origin": [3.61299, -6.95709, -15.45]},
			"faces": {
				"north": {"uv": [1, 0, 0, 6.25], "texture": "#4"},
				"east": {"uv": [16, 6.112, 0, 9.834], "texture": "#4"},
				"south": {"uv": [1, 0, 0, 6.25], "texture": "#4"},
				"west": {"uv": [0, 5.024, 16, 7.786], "texture": "#4"},
				"up": {"uv": [1, 0, 0, 16], "texture": "#4"},
				"down": {"uv": [1, 0, 0, 16], "texture": "#4"}
			}
		},
		{
			"from": [10.63701, 17.94291, 5.75],
			"to": [11.13701, 21.04291, 6.25],
			"rotation": {"angle": 0, "axis": "y", "origin": [10.38701, -6.95709, 1.5]},
			"faces": {
				"north": {"uv": [16, 6.112, 0, 9.834], "texture": "#4"},
				"east": {"uv": [0, 5.024, 16, 7.786], "texture": "#4"},
				"south": {"uv": [0, 0, 1, 6.25], "texture": "#4"},
				"west": {"uv": [0, 6.112, 16, 9.834], "texture": "#4"},
				"up": {"uv": [0, 0, 1, 16], "texture": "#4"},
				"down": {"uv": [0, 0, 1, 16], "texture": "#4"}
			}
		},
		{
			"from": [10.73701, 18.04291, 5.85],
			"to": [11.03701, 18.34291, 11.3],
			"rotation": {"angle": 0, "axis": "y", "origin": [10.38701, -6.95709, 1.5]},
			"faces": {
				"north": {"uv": [0, 0, 1, 6.25], "texture": "#4"},
				"east": {"uv": [16, 5.024, 0, 7.786], "texture": "#4"},
				"south": {"uv": [0, 0, 1, 6.25], "texture": "#4"},
				"west": {"uv": [0, 6.112, 16, 9.834], "texture": "#4"},
				"up": {"uv": [0, 0, 1, 16], "texture": "#4"},
				"down": {"uv": [0, 0, 1, 16], "texture": "#4"}
			}
		},
		{
			"from": [10.63701, 17.94291, 11],
			"to": [11.13701, 21.04291, 11.5],
			"rotation": {"angle": 0, "axis": "y", "origin": [10.38701, -6.95709, 6.75]},
			"faces": {
				"north": {"uv": [16, 6.112, 0, 9.834], "texture": "#4"},
				"east": {"uv": [0, 5.024, 16, 7.786], "texture": "#4"},
				"south": {"uv": [0, 0, 1, 6.25], "texture": "#4"},
				"west": {"uv": [0, 6.112, 16, 9.834], "texture": "#4"},
				"up": {"uv": [0, 0, 1, 16], "texture": "#4"},
				"down": {"uv": [0, 0, 1, 16], "texture": "#4"}
			}
		},
		{
			"from": [12.63701, 17.94291, -5.95],
			"to": [13.13701, 21.04291, -5.45],
			"rotation": {"angle": 0, "axis": "y", "origin": [12.38701, -6.95709, -10.2]},
			"faces": {
				"north": {"uv": [0, 0, 1, 6.25], "texture": "#4"},
				"east": {"uv": [0, 5.024, 16, 7.786], "texture": "#4"},
				"south": {"uv": [16, 6.112, 0, 9.834], "texture": "#4"},
				"west": {"uv": [0, 6.112, 16, 9.834], "texture": "#4"},
				"up": {"uv": [0, 0, 1, 16], "texture": "#4"},
				"down": {"uv": [0, 0, 1, 16], "texture": "#4"}
			}
		},
		{
			"from": [12.73701, 18.04291, -16],
			"to": [13.03701, 18.34291, -5.65],
			"rotation": {"angle": 0, "axis": "y", "origin": [12.38701, -6.95709, -15.45]},
			"faces": {
				"north": {"uv": [0, 0, 1, 6.25], "texture": "#4"},
				"east": {"uv": [16, 5.024, 0, 7.786], "texture": "#4"},
				"south": {"uv": [0, 0, 1, 6.25], "texture": "#4"},
				"west": {"uv": [0, 6.112, 16, 9.834], "texture": "#4"},
				"up": {"uv": [0, 0, 1, 16], "texture": "#4"},
				"down": {"uv": [0, 0, 1, 16], "texture": "#4"}
			}
		},
		{
			"from": [4.86299, 17.94291, 11],
			"to": [5.36299, 21.04291, 11.5],
			"rotation": {"angle": 0, "axis": "y", "origin": [5.61299, -6.95709, 6.75]},
			"faces": {
				"north": {"uv": [0, 6.112, 16, 9.834], "texture": "#4"},
				"east": {"uv": [16, 6.112, 0, 9.834], "texture": "#4"},
				"south": {"uv": [1, 0, 0, 6.25], "texture": "#4"},
				"west": {"uv": [16, 5.024, 0, 7.786], "texture": "#4"},
				"up": {"uv": [1, 0, 0, 16], "texture": "#4"},
				"down": {"uv": [1, 0, 0, 16], "texture": "#4"}
			}
		},
		{
			"from": [4.96299, 18.04291, 5.85],
			"to": [5.26299, 18.34291, 11.3],
			"rotation": {"angle": 0, "axis": "y", "origin": [5.61299, -6.95709, 1.5]},
			"faces": {
				"north": {"uv": [1, 0, 0, 6.25], "texture": "#4"},
				"east": {"uv": [16, 6.112, 0, 9.834], "texture": "#4"},
				"south": {"uv": [1, 0, 0, 6.25], "texture": "#4"},
				"west": {"uv": [0, 5.024, 16, 7.786], "texture": "#4"},
				"up": {"uv": [1, 0, 0, 16], "texture": "#4"},
				"down": {"uv": [1, 0, 0, 16], "texture": "#4"}
			}
		},
		{
			"from": [4.86299, 17.94291, 5.75],
			"to": [5.36299, 21.04291, 6.25],
			"rotation": {"angle": 0, "axis": "y", "origin": [5.61299, -6.95709, 1.5]},
			"faces": {
				"north": {"uv": [0, 6.112, 16, 9.834], "texture": "#4"},
				"east": {"uv": [16, 6.112, 0, 9.834], "texture": "#4"},
				"south": {"uv": [1, 0, 0, 6.25], "texture": "#4"},
				"west": {"uv": [16, 5.024, 0, 7.786], "texture": "#4"},
				"up": {"uv": [1, 0, 0, 16], "texture": "#4"},
				"down": {"uv": [1, 0, 0, 16], "texture": "#4"}
			}
		},
		{
			"from": [0.38266, 17.07324, 5.7],
			"to": [2.23266, 17.67324, 6.2],
			"rotation": {"angle": 0, "axis": "y", "origin": [1.38266, -7.92676, 1.5]},
			"faces": {
				"north": {"uv": [1, 0, 0, 6.25], "texture": "#6"},
				"east": {"uv": [16, 6.112, 0, 9.834], "texture": "#6"},
				"south": {"uv": [1, 0, 0, 6.25], "texture": "#6"},
				"west": {"uv": [16, 5.024, 0, 7.786], "texture": "#6"},
				"up": {"uv": [1, 0, 0, 16], "texture": "#6"},
				"down": {"uv": [1, 0, 0, 16], "texture": "#6"}
			}
		},
		{
			"from": [-4.54972, -1.1994, 5.8],
			"to": [-3.64972, -0.8994, 6.1],
			"rotation": {"angle": -45, "axis": "z", "origin": [21.65028, -0.5494, 1.5]},
			"faces": {
				"north": {"uv": [0, 6.25, 1, 0], "rotation": 270, "texture": "#4"},
				"east": {"uv": [0, 16, 1, 0], "rotation": 90, "texture": "#4"},
				"south": {"uv": [0, 6.25, 1, 0], "rotation": 90, "texture": "#4"},
				"west": {"uv": [0, 16, 1, 0], "rotation": 90, "texture": "#4"},
				"up": {"uv": [0, 9.834, 16, 6.112], "rotation": 90, "texture": "#4"},
				"down": {"uv": [0, 7.786, 16, 5.024], "rotation": 90, "texture": "#4"}
			}
		},
		{
			"from": [3.43991, 4.04713, 5.7],
			"to": [4.53991, 4.59713, 6.2],
			"rotation": {"angle": 22.5, "axis": "z", "origin": [-29.90706, 7.52556, 1.5]},
			"faces": {
				"north": {"uv": [0, 6.25, 1, 0], "rotation": 270, "texture": "#6"},
				"east": {"uv": [0, 16, 1, 0], "rotation": 90, "texture": "#6"},
				"south": {"uv": [0, 6.25, 1, 0], "rotation": 90, "texture": "#6"},
				"west": {"uv": [0, 16, 1, 0], "rotation": 90, "texture": "#6"},
				"up": {"uv": [0, 9.834, 16, 6.112], "rotation": 90, "texture": "#6"},
				"down": {"uv": [0, 7.786, 16, 5.024], "rotation": 90, "texture": "#6"}
			}
		},
		{
			"from": [13.15525, 18.45979, 5.8],
			"to": [13.45525, 19.20979, 6.1],
			"rotation": {"angle": 22.5, "axis": "z", "origin": [13.80525, -6.84021, 1.5]},
			"faces": {
				"north": {"uv": [1, 0, 0, 6.25], "texture": "#4"},
				"east": {"uv": [16, 6.112, 0, 9.834], "texture": "#4"},
				"south": {"uv": [1, 0, 0, 6.25], "texture": "#4"},
				"west": {"uv": [16, 5.024, 0, 7.786], "texture": "#4"},
				"up": {"uv": [1, 0, 0, 16], "texture": "#4"},
				"down": {"uv": [1, 0, 0, 16], "texture": "#4"}
			}
		},
		{
			"from": [3.5, 9.9, 5.8],
			"to": [3.8, 16.4, 6.1],
			"rotation": {"angle": 0, "axis": "y", "origin": [4.15, -8.9, 1.5]},
			"faces": {
				"north": {"uv": [1, 0, 0, 6.25], "texture": "#4"},
				"east": {"uv": [16, 6.112, 0, 9.834], "texture": "#4"},
				"south": {"uv": [1, 0, 0, 6.25], "texture": "#4"},
				"west": {"uv": [16, 5.024, 0, 7.786], "texture": "#4"},
				"up": {"uv": [1, 0, 0, 16], "texture": "#4"},
				"down": {"uv": [1, 0, 0, 16], "texture": "#4"}
			}
		},
		{
			"from": [13.01734, 17.42324, 6.1],
			"to": [13.31734, 17.72324, 11.05],
			"rotation": {"angle": 0, "axis": "y", "origin": [12.66734, -7.57676, 1.5]},
			"faces": {
				"north": {"uv": [0, 0, 1, 6.25], "texture": "#4"},
				"east": {"uv": [0, 5.024, 16, 7.786], "texture": "#4"},
				"south": {"uv": [0, 0, 1, 6.25], "texture": "#4"},
				"west": {"uv": [0, 6.112, 16, 9.834], "texture": "#4"},
				"up": {"uv": [0, 0, 1, 16], "texture": "#4"},
				"down": {"uv": [0, 0, 1, 16], "texture": "#4"}
			}
		},
		{
			"from": [12.48701, 16.79291, 6.1],
			"to": [12.78701, 17.09291, 11.05],
			"rotation": {"angle": 0, "axis": "y", "origin": [12.13701, -8.20709, 1.5]},
			"faces": {
				"north": {"uv": [0, 0, 1, 6.25], "texture": "#4"},
				"east": {"uv": [0, 5.024, 16, 7.786], "texture": "#4"},
				"south": {"uv": [0, 0, 1, 6.25], "texture": "#4"},
				"west": {"uv": [0, 6.112, 16, 9.834], "texture": "#4"},
				"up": {"uv": [0, 0, 1, 16], "texture": "#4"},
				"down": {"uv": [0, 0, 1, 16], "texture": "#4"}
			}
		},
		{
			"from": [13.76734, 17.07324, 6.1],
			"to": [14.06734, 17.37324, 11.05],
			"rotation": {"angle": 0, "axis": "y", "origin": [13.41734, -7.92676, 1.5]},
			"faces": {
				"north": {"uv": [0, 0, 1, 6.25], "texture": "#4"},
				"east": {"uv": [0, 5.024, 16, 7.786], "texture": "#4"},
				"south": {"uv": [0, 0, 1, 6.25], "texture": "#4"},
				"west": {"uv": [0, 6.112, 16, 9.834], "texture": "#4"},
				"up": {"uv": [0, 0, 1, 16], "texture": "#4"},
				"down": {"uv": [0, 0, 1, 16], "texture": "#4"}
			}
		},
		{
			"from": [14.36734, 17.07324, 6.1],
			"to": [14.66734, 17.37324, 11.05],
			"rotation": {"angle": 0, "axis": "y", "origin": [14.01734, -7.92676, 1.5]},
			"faces": {
				"north": {"uv": [0, 0, 1, 6.25], "texture": "#4"},
				"east": {"uv": [0, 5.024, 16, 7.786], "texture": "#4"},
				"south": {"uv": [0, 0, 1, 6.25], "texture": "#4"},
				"west": {"uv": [0, 6.112, 16, 9.834], "texture": "#4"},
				"up": {"uv": [0, 0, 1, 16], "texture": "#4"},
				"down": {"uv": [0, 0, 1, 16], "texture": "#4"}
			}
		},
		{
			"from": [14.96734, 17.07324, 6.1],
			"to": [15.26734, 17.37324, 11.05],
			"rotation": {"angle": 0, "axis": "y", "origin": [14.61734, -7.92676, 1.5]},
			"faces": {
				"north": {"uv": [0, 0, 1, 6.25], "texture": "#4"},
				"east": {"uv": [0, 5.024, 16, 7.786], "texture": "#4"},
				"south": {"uv": [0, 0, 1, 6.25], "texture": "#4"},
				"west": {"uv": [0, 6.112, 16, 9.834], "texture": "#4"},
				"up": {"uv": [0, 0, 1, 16], "texture": "#4"},
				"down": {"uv": [0, 0, 1, 16], "texture": "#4"}
			}
		},
		{
			"from": [13.76734, 17.07324, 5.7],
			"to": [15.61734, 17.67324, 6.2],
			"rotation": {"angle": 0, "axis": "y", "origin": [14.61734, -7.92676, 1.5]},
			"faces": {
				"north": {"uv": [0, 0, 1, 6.25], "texture": "#6"},
				"east": {"uv": [0, 5.024, 16, 7.786], "texture": "#6"},
				"south": {"uv": [0, 0, 1, 6.25], "texture": "#6"},
				"west": {"uv": [0, 6.112, 16, 9.834], "texture": "#6"},
				"up": {"uv": [0, 0, 1, 16], "texture": "#6"},
				"down": {"uv": [0, 0, 1, 16], "texture": "#6"}
			}
		},
		{
			"from": [14.66734, 17.67324, 11.05],
			"to": [15.61734, 21.02324, 11.55],
			"rotation": {"angle": 0, "axis": "y", "origin": [14.61734, -7.32676, 6.85]},
			"faces": {
				"north": {"uv": [0, 0, 1, 6.25], "texture": "#6"},
				"east": {"uv": [0, 5.024, 16, 7.786], "texture": "#6"},
				"south": {"uv": [0, 0, 1, 6.25], "texture": "#6"},
				"west": {"uv": [0, 6.112, 16, 9.834], "texture": "#6"},
				"up": {"uv": [0, 0, 1, 16], "texture": "#6"},
				"down": {"uv": [0, 0, 1, 16], "texture": "#6"}
			}
		},
		{
			"from": [14.66734, 17.67324, 5.7],
			"to": [15.61734, 21.02324, 6.2],
			"rotation": {"angle": 0, "axis": "y", "origin": [14.61734, -7.32676, 1.5]},
			"faces": {
				"north": {"uv": [0, 0, 1, 6.25], "texture": "#6"},
				"east": {"uv": [0, 5.024, 16, 7.786], "texture": "#6"},
				"south": {"uv": [0, 0, 1, 6.25], "texture": "#6"},
				"west": {"uv": [0, 6.112, 16, 9.834], "texture": "#6"},
				"up": {"uv": [0, 0, 1, 16], "texture": "#6"},
				"down": {"uv": [0, 0, 1, 16], "texture": "#6"}
			}
		},
		{
			"from": [0.38266, 17.67324, 11.05],
			"to": [1.33266, 21.02324, 11.55],
			"rotation": {"angle": 0, "axis": "y", "origin": [1.38266, -7.32676, 6.85]},
			"faces": {
				"north": {"uv": [1, 0, 0, 6.25], "texture": "#6"},
				"east": {"uv": [16, 6.112, 0, 9.834], "texture": "#6"},
				"south": {"uv": [1, 0, 0, 6.25], "texture": "#6"},
				"west": {"uv": [16, 5.024, 0, 7.786], "texture": "#6"},
				"up": {"uv": [1, 0, 0, 16], "texture": "#6"},
				"down": {"uv": [1, 0, 0, 16], "texture": "#6"}
			}
		},
		{
			"from": [0.38266, 17.67324, 5.7],
			"to": [1.33266, 21.02324, 6.2],
			"rotation": {"angle": 0, "axis": "y", "origin": [1.38266, -7.32676, 1.5]},
			"faces": {
				"north": {"uv": [1, 0, 0, 6.25], "texture": "#6"},
				"east": {"uv": [16, 6.112, 0, 9.834], "texture": "#6"},
				"south": {"uv": [1, 0, 0, 6.25], "texture": "#6"},
				"west": {"uv": [16, 5.024, 0, 7.786], "texture": "#6"},
				"up": {"uv": [1, 0, 0, 16], "texture": "#6"},
				"down": {"uv": [1, 0, 0, 16], "texture": "#6"}
			}
		},
		{
			"from": [2.54475, 18.45979, 5.8],
			"to": [2.84475, 19.20979, 6.1],
			"rotation": {"angle": -22.5, "axis": "z", "origin": [2.19475, -6.84021, 1.5]},
			"faces": {
				"north": {"uv": [0, 0, 1, 6.25], "texture": "#4"},
				"east": {"uv": [0, 5.024, 16, 7.786], "texture": "#4"},
				"south": {"uv": [0, 0, 1, 6.25], "texture": "#4"},
				"west": {"uv": [0, 6.112, 16, 9.834], "texture": "#4"},
				"up": {"uv": [0, 0, 1, 16], "texture": "#4"},
				"down": {"uv": [0, 0, 1, 16], "texture": "#4"}
			}
		},
		{
			"from": [11.54972, -8.1994, -5.85],
			"to": [15.44972, -7.8994, -5.55],
			"rotation": {"angle": 45, "axis": "z", "origin": [-13.25028, -7.5494, -10.15]},
			"faces": {
				"north": {"uv": [0, 0, 1, 6.25], "rotation": 270, "texture": "#4"},
				"east": {"uv": [0, 0, 1, 16], "rotation": 90, "texture": "#4"},
				"south": {"uv": [0, 0, 1, 6.25], "rotation": 90, "texture": "#4"},
				"west": {"uv": [0, 0, 1, 16], "rotation": 90, "texture": "#4"},
				"up": {"uv": [0, 6.112, 16, 9.834], "rotation": 90, "texture": "#4"},
				"down": {"uv": [0, 5.024, 16, 7.786], "rotation": 90, "texture": "#4"}
			}
		},
		{
			"from": [0.55028, -8.1994, -5.85],
			"to": [4.45028, -7.8994, -5.55],
			"rotation": {"angle": -45, "axis": "z", "origin": [29.25028, -7.5494, -10.15]},
			"faces": {
				"north": {"uv": [0, 6.25, 1, 0], "rotation": 270, "texture": "#4"},
				"east": {"uv": [0, 16, 1, 0], "rotation": 90, "texture": "#4"},
				"south": {"uv": [0, 6.25, 1, 0], "rotation": 90, "texture": "#4"},
				"west": {"uv": [0, 16, 1, 0], "rotation": 90, "texture": "#4"},
				"up": {"uv": [0, 9.834, 16, 6.112], "rotation": 90, "texture": "#4"},
				"down": {"uv": [0, 7.786, 16, 5.024], "rotation": 90, "texture": "#4"}
			}
		},
		{
			"from": [19.64972, -1.1994, 5.8],
			"to": [20.54972, -0.8994, 6.1],
			"rotation": {"angle": 45, "axis": "z", "origin": [-5.65028, -0.5494, 1.5]},
			"faces": {
				"north": {"uv": [0, 0, 1, 6.25], "rotation": 270, "texture": "#4"},
				"east": {"uv": [0, 0, 1, 16], "rotation": 90, "texture": "#4"},
				"south": {"uv": [0, 0, 1, 6.25], "rotation": 90, "texture": "#4"},
				"west": {"uv": [0, 0, 1, 16], "rotation": 90, "texture": "#4"},
				"up": {"uv": [0, 6.112, 16, 9.834], "rotation": 90, "texture": "#4"},
				"down": {"uv": [0, 5.024, 16, 7.786], "rotation": 90, "texture": "#4"}
			}
		},
		{
			"from": [19.39972, -1.3494, 11.05],
			"to": [20.54972, -0.7994, 11.55],
			"rotation": {"angle": 45, "axis": "z", "origin": [-5.65028, -0.5494, 6.85]},
			"faces": {
				"north": {"uv": [0, 0, 1, 6.25], "rotation": 270, "texture": "#6"},
				"east": {"uv": [0, 0, 1, 16], "rotation": 90, "texture": "#6"},
				"south": {"uv": [0, 0, 1, 6.25], "rotation": 90, "texture": "#6"},
				"west": {"uv": [0, 0, 1, 16], "rotation": 90, "texture": "#6"},
				"up": {"uv": [0, 6.112, 16, 9.834], "rotation": 90, "texture": "#6"},
				"down": {"uv": [0, 5.024, 16, 7.786], "rotation": 90, "texture": "#6"}
			}
		},
		{
			"from": [-4.54972, -1.3494, 11.05],
			"to": [-3.39972, -0.7994, 11.55],
			"rotation": {"angle": -45, "axis": "z", "origin": [21.65028, -0.5494, 6.85]},
			"faces": {
				"north": {"uv": [0, 6.25, 1, 0], "rotation": 270, "texture": "#6"},
				"east": {"uv": [0, 16, 1, 0], "rotation": 90, "texture": "#6"},
				"south": {"uv": [0, 6.25, 1, 0], "rotation": 90, "texture": "#6"},
				"west": {"uv": [0, 16, 1, 0], "rotation": 90, "texture": "#6"},
				"up": {"uv": [0, 9.834, 16, 6.112], "rotation": 90, "texture": "#6"},
				"down": {"uv": [0, 7.786, 16, 5.024], "rotation": 90, "texture": "#6"}
			}
		},
		{
			"from": [11.46009, 4.04713, 5.7],
			"to": [12.56009, 4.59713, 6.2],
			"rotation": {"angle": -22.5, "axis": "z", "origin": [45.90706, 7.52556, 1.5]},
			"faces": {
				"north": {"uv": [0, 0, 1, 6.25], "rotation": 270, "texture": "#6"},
				"east": {"uv": [0, 0, 1, 16], "rotation": 90, "texture": "#6"},
				"south": {"uv": [0, 0, 1, 6.25], "rotation": 90, "texture": "#6"},
				"west": {"uv": [0, 0, 1, 16], "rotation": 90, "texture": "#6"},
				"up": {"uv": [0, 6.112, 16, 9.834], "rotation": 90, "texture": "#6"},
				"down": {"uv": [0, 5.024, 16, 7.786], "rotation": 90, "texture": "#6"}
			}
		},
		{
			"from": [13.76734, 17.07324, 11.05],
			"to": [15.61734, 17.67324, 11.55],
			"rotation": {"angle": 0, "axis": "y", "origin": [14.61734, -7.92676, 6.85]},
			"faces": {
				"north": {"uv": [0, 0, 1, 6.25], "texture": "#6"},
				"east": {"uv": [0, 5.024, 16, 7.786], "texture": "#6"},
				"south": {"uv": [0, 0, 1, 6.25], "texture": "#6"},
				"west": {"uv": [0, 6.112, 16, 9.834], "texture": "#6"},
				"up": {"uv": [0, 0, 1, 16], "texture": "#6"},
				"down": {"uv": [0, 0, 1, 16], "texture": "#6"}
			}
		},
		{
			"from": [11.46009, 4.04713, 11.05],
			"to": [12.56009, 4.59713, 11.55],
			"rotation": {"angle": -22.5, "axis": "z", "origin": [45.90706, 7.52556, 6.85]},
			"faces": {
				"north": {"uv": [0, 0, 1, 6.25], "rotation": 270, "texture": "#6"},
				"east": {"uv": [0, 0, 1, 16], "rotation": 90, "texture": "#6"},
				"south": {"uv": [0, 0, 1, 6.25], "rotation": 90, "texture": "#6"},
				"west": {"uv": [0, 0, 1, 16], "rotation": 90, "texture": "#6"},
				"up": {"uv": [0, 6.112, 16, 9.834], "rotation": 90, "texture": "#6"},
				"down": {"uv": [0, 5.024, 16, 7.786], "rotation": 90, "texture": "#6"}
			}
		},
		{
			"from": [0.38266, 17.07324, 11.05],
			"to": [2.23266, 17.67324, 11.55],
			"rotation": {"angle": 0, "axis": "y", "origin": [1.38266, -7.92676, 6.85]},
			"faces": {
				"north": {"uv": [1, 0, 0, 6.25], "texture": "#6"},
				"east": {"uv": [16, 6.112, 0, 9.834], "texture": "#6"},
				"south": {"uv": [1, 0, 0, 6.25], "texture": "#6"},
				"west": {"uv": [16, 5.024, 0, 7.786], "texture": "#6"},
				"up": {"uv": [0, 0, 1, 16], "texture": "#6"},
				"down": {"uv": [1, 0, 0, 16], "texture": "#6"}
			}
		},
		{
			"from": [3.43991, 4.04713, 11.05],
			"to": [4.53991, 4.59713, 11.55],
			"rotation": {"angle": 22.5, "axis": "z", "origin": [-29.90706, 7.52556, 6.85]},
			"faces": {
				"north": {"uv": [0, 6.25, 1, 0], "rotation": 270, "texture": "#6"},
				"east": {"uv": [1, 16, 0, 0], "rotation": 90, "texture": "#6"},
				"south": {"uv": [0, 6.25, 1, 0], "rotation": 90, "texture": "#6"},
				"west": {"uv": [0, 16, 1, 0], "rotation": 90, "texture": "#6"},
				"up": {"uv": [0, 9.834, 16, 6.112], "rotation": 90, "texture": "#6"},
				"down": {"uv": [0, 7.786, 16, 5.024], "rotation": 90, "texture": "#6"}
			}
		},
		{
			"from": [7.85, 12.65, -5.85],
			"to": [8.15, 21.4, -5.55],
			"rotation": {"angle": 0, "axis": "y", "origin": [7.5, -8.9, -10.15]},
			"faces": {
				"north": {"uv": [0, 0, 1, 6.25], "texture": "#4"},
				"east": {"uv": [0, 5.024, 16, 7.786], "texture": "#4"},
				"south": {"uv": [0, 0, 1, 6.25], "texture": "#4"},
				"west": {"uv": [0, 6.112, 16, 9.834], "texture": "#4"},
				"up": {"uv": [0, 0, 1, 16], "texture": "#4"},
				"down": {"uv": [0, 0, 1, 16], "texture": "#4"}
			}
		},
		{
			"from": [7.25, 9.9, -5.95],
			"to": [8.75, 12.65, -5.45],
			"rotation": {"angle": 0, "axis": "y", "origin": [11.75, -8.9, -10.15]},
			"faces": {
				"north": {"uv": [0, 0, 1, 6.25], "texture": "#6"},
				"east": {"uv": [0, 5.024, 16, 7.786], "texture": "#4"},
				"south": {"uv": [0, 0, 1, 6.25], "texture": "#6"},
				"west": {"uv": [0, 6.112, 16, 9.834], "texture": "#4"},
				"up": {"uv": [0, 0, 1, 16], "texture": "#4"},
				"down": {"uv": [0, 0, 1, 16], "texture": "#6"}
			}
		},
		{
			"from": [7.5, 6.9, -16],
			"to": [8.5, 12.4, -5.95],
			"rotation": {"angle": 0, "axis": "y", "origin": [11.75, -8.9, -9.4]},
			"faces": {
				"north": {"uv": [0, 0, 1, 6.25], "texture": "#7"},
				"east": {"uv": [0, 5.024, 16, 7.786], "texture": "#7"},
				"south": {"uv": [0, 0, 1, 6.25], "texture": "#6"},
				"west": {"uv": [0, 6.112, 16, 9.834], "texture": "#7"},
				"up": {"uv": [0, 0, 1, 16], "texture": "#7"},
				"down": {"uv": [0, 0, 1, 16], "texture": "#6"}
			}
		},
		{
			"from": [12.35, 6.9, 6.2],
			"to": [15.1, 8.4, 11.75],
			"rotation": {"angle": 0, "axis": "y", "origin": [14.85, -8.9, 7.55]},
			"faces": {
				"north": {"uv": [0, 0, 1, 6.25], "texture": "#6"},
				"east": {"uv": [0, 5.024, 16, 7.786], "texture": "#6"},
				"south": {"uv": [0, 0, 1, 6.25], "texture": "#6"},
				"west": {"uv": [0, 6.112, 16, 9.834], "texture": "#7"},
				"up": {"uv": [0, 0, 1, 16], "texture": "#7"},
				"down": {"uv": [0, 0, 1, 16], "texture": "#6"}
			}
		},
		{
			"from": [0.85, 6.9, 6.2],
			"to": [3.6, 8.4, 11.75],
			"rotation": {"angle": 0, "axis": "y", "origin": [3.35, -8.9, 7.55]},
			"faces": {
				"north": {"uv": [0, 0, 1, 6.25], "texture": "#6"},
				"east": {"uv": [0, 5.024, 16, 7.786], "texture": "#7"},
				"south": {"uv": [0, 0, 1, 6.25], "texture": "#6"},
				"west": {"uv": [0, 6.112, 16, 9.834], "texture": "#6"},
				"up": {"uv": [0, 0, 1, 16], "texture": "#7"},
				"down": {"uv": [0, 0, 1, 16], "texture": "#6"}
			}
		},
		{
			"from": [15.1, 6.9, 6.2],
			"to": [15.6, 12.4, 11.75],
			"rotation": {"angle": 0, "axis": "y", "origin": [19.35, -8.9, 7.55]},
			"faces": {
				"north": {"uv": [0, 0, 1, 6.25], "texture": "#6"},
				"east": {"uv": [0, 5.024, 16, 7.786], "texture": "#6"},
				"south": {"uv": [0, 0, 1, 6.25], "texture": "#6"},
				"west": {"uv": [0, 6.112, 16, 9.834], "texture": "#7"},
				"up": {"uv": [0, 0, 1, 16], "texture": "#7"},
				"down": {"uv": [0, 0, 1, 16], "texture": "#6"}
			}
		},
		{
			"from": [0.4, 6.9, 6.2],
			"to": [0.9, 12.4, 11.75],
			"rotation": {"angle": 0, "axis": "y", "origin": [4.65, -8.9, 7.55]},
			"faces": {
				"north": {"uv": [0, 0, 1, 6.25], "texture": "#6"},
				"east": {"uv": [0, 5.024, 16, 7.786], "texture": "#7"},
				"south": {"uv": [0, 0, 1, 6.25], "texture": "#6"},
				"west": {"uv": [0, 6.112, 16, 9.834], "texture": "#6"},
				"up": {"uv": [0, 0, 1, 16], "texture": "#7"},
				"down": {"uv": [0, 0, 1, 16], "texture": "#6"}
			}
		},
		{
			"from": [4.75, 6.9, -16],
			"to": [7.5, 8.4, -5.95],
			"rotation": {"angle": 0, "axis": "y", "origin": [7.25, -8.9, -9.4]},
			"faces": {
				"north": {"uv": [0, 0, 1, 6.25], "texture": "#7"},
				"east": {"uv": [0, 5.024, 16, 7.786], "texture": "#6"},
				"south": {"uv": [0, 0, 1, 6.25], "texture": "#6"},
				"west": {"uv": [0, 6.112, 16, 9.834], "texture": "#7"},
				"up": {"uv": [0, 0, 1, 16], "texture": "#7"},
				"down": {"uv": [0, 0, 1, 16], "texture": "#6"}
			}
		},
		{
			"from": [7.5, 4.4, -10.2],
			"to": [8.5, 6.9, -6.7],
			"rotation": {"angle": 0, "axis": "y", "origin": [10.75, -8.9, -9.4]},
			"faces": {
				"north": {"uv": [0, 0, 1, 6.25], "texture": "#6"},
				"east": {"uv": [0, 5.024, 16, 7.786], "texture": "#6"},
				"south": {"uv": [0, 0, 1, 6.25], "texture": "#6"},
				"west": {"uv": [0, 6.112, 16, 9.834], "texture": "#6"},
				"up": {"uv": [0, 0, 1, 16], "texture": "#6"},
				"down": {"uv": [0, 0, 1, 16], "texture": "#6"}
			}
		},
		{
			"from": [15.1, 4.4, 6.8],
			"to": [15.6, 6.9, 10.3],
			"rotation": {"angle": 0, "axis": "y", "origin": [18.35, -8.9, 7.6]},
			"faces": {
				"north": {"uv": [0, 0, 1, 6.25], "texture": "#6"},
				"east": {"uv": [0, 5.024, 16, 7.786], "texture": "#6"},
				"south": {"uv": [0, 0, 1, 6.25], "texture": "#6"},
				"west": {"uv": [0, 6.112, 16, 9.834], "texture": "#6"},
				"up": {"uv": [0, 0, 1, 16], "texture": "#6"},
				"down": {"uv": [0, 0, 1, 16], "texture": "#6"}
			}
		},
		{
			"from": [0.4, 4.4, 6.8],
			"to": [0.9, 6.9, 10.3],
			"rotation": {"angle": 0, "axis": "y", "origin": [3.65, -8.9, 7.6]},
			"faces": {
				"north": {"uv": [0, 0, 1, 6.25], "texture": "#6"},
				"east": {"uv": [0, 5.024, 16, 7.786], "texture": "#6"},
				"south": {"uv": [0, 0, 1, 6.25], "texture": "#6"},
				"west": {"uv": [0, 6.112, 16, 9.834], "texture": "#6"},
				"up": {"uv": [0, 0, 1, 16], "texture": "#6"},
				"down": {"uv": [0, 0, 1, 16], "texture": "#6"}
			}
		},
		{
			"from": [-0.1, 10.85, -9.95],
			"to": [0.4, 17.35, -4.7],
			"rotation": {"angle": 0, "axis": "y", "origin": [0.4, -5.45, -9.4]},
			"faces": {
				"north": {"uv": [0, 0, 1, 6.25], "texture": "#1"},
				"east": {"uv": [0, 5.024, 16, 7.786], "texture": "#6"},
				"south": {"uv": [0, 0, 1, 6.25], "texture": "#6"},
				"west": {"uv": [0, 6.112, 16, 9.834], "texture": "#1"},
				"up": {"uv": [0, 0, 1, 16], "texture": "#1"},
				"down": {"uv": [0, 0, 1, 16], "texture": "#1"}
			}
		},
		{
			"from": [-0.1, 4.4, -16],
			"to": [0.4, 9.85, -4.7],
			"rotation": {"angle": 0, "axis": "y", "origin": [0.4, -7.2, -9.4]},
			"faces": {
				"north": {"uv": [0, 0, 1, 6.25], "texture": "#1"},
				"east": {"uv": [0, 5.024, 16, 7.786], "texture": "#6"},
				"south": {"uv": [0, 0, 1, 6.25], "texture": "#6"},
				"west": {"uv": [0, 6.112, 16, 9.834], "texture": "#1"},
				"up": {"uv": [0, 0, 1, 16], "texture": "#1"},
				"down": {"uv": [0, 0, 1, 16], "texture": "#1"}
			}
		},
		{
			"from": [-0.1, 4.4, 4.95],
			"to": [0.4, 9.85, 13.25],
			"rotation": {"angle": 0, "axis": "y", "origin": [-0.6, -7.2, 5.2]},
			"faces": {
				"north": {"uv": [0, 0, 1, 6.25], "texture": "#6"},
				"east": {"uv": [0, 5.024, 16, 7.786], "texture": "#6"},
				"south": {"uv": [0, 0, 1, 6.25], "texture": "#1"},
				"west": {"uv": [0, 6.112, 16, 9.834], "texture": "#1"},
				"up": {"uv": [0, 0, 1, 16], "texture": "#1"},
				"down": {"uv": [0, 0, 1, 16], "texture": "#1"}
			}
		},
		{
			"from": [-1.1, 10.85, 11.25],
			"to": [-0.6, 17.35, 13.25],
			"rotation": {"angle": 0, "axis": "y", "origin": [-1.6, -5.45, 11.5]},
			"faces": {
				"north": {"uv": [0, 0, 1, 6.25], "texture": "#1"},
				"east": {"uv": [0, 5.024, 16, 7.786], "texture": "#1"},
				"south": {"uv": [0, 0, 1, 6.25], "texture": "#1"},
				"west": {"uv": [0, 6.112, 16, 9.834], "texture": "#1"},
				"up": {"uv": [0, 0, 1, 16], "texture": "#1"},
				"down": {"uv": [0, 0, 1, 16], "texture": "#1"}
			}
		},
		{
			"from": [-1.1, 10.85, 13.25],
			"to": [-0.6, 15.6, 14.5],
			"rotation": {"angle": 0, "axis": "y", "origin": [-1.6, -5.45, 13.5]},
			"faces": {
				"north": {"uv": [0, 0, 1, 6.25], "texture": "#1"},
				"east": {"uv": [0, 5.024, 16, 7.786], "texture": "#1"},
				"south": {"uv": [0, 0, 1, 6.25], "texture": "#1"},
				"west": {"uv": [0, 6.112, 16, 9.834], "texture": "#1"},
				"up": {"uv": [0, 0, 1, 16], "texture": "#1"},
				"down": {"uv": [0, 0, 1, 16], "texture": "#1"}
			}
		},
		{
			"from": [-1.1, 9.85, 13.25],
			"to": [-0.6, 10.85, 14.5],
			"rotation": {"angle": 0, "axis": "y", "origin": [-1.6, -5.45, 13.5]},
			"faces": {
				"north": {"uv": [0, 0, 1, 6.25], "texture": "#1"},
				"east": {"uv": [0, 5.024, 16, 7.786], "texture": "#1"},
				"south": {"uv": [0, 0, 1, 6.25], "texture": "#5"},
				"west": {"uv": [0, 6.112, 16, 9.834], "texture": "#5"},
				"up": {"uv": [0, 0, 1, 16], "texture": "#1"},
				"down": {"uv": [0, 0, 1, 16], "texture": "#1"}
			}
		},
		{
			"from": [-1.1, 7.35, 13.25],
			"to": [-0.6, 9.85, 14.5],
			"rotation": {"angle": 0, "axis": "y", "origin": [-1.6, -5.45, 13.5]},
			"faces": {
				"north": {"uv": [0, 0, 1, 6.25], "texture": "#1"},
				"east": {"uv": [0, 5.024, 16, 7.786], "texture": "#1"},
				"south": {"uv": [0, 0, 1, 6.25], "texture": "#1"},
				"west": {"uv": [0, 6.112, 16, 9.834], "texture": "#1"},
				"up": {"uv": [0, 0, 1, 16], "texture": "#1"},
				"down": {"uv": [0, 0, 1, 16], "texture": "#1"}
			}
		},
		{
			"from": [16.6, 10.85, 13.25],
			"to": [17.1, 15.6, 14.5],
			"rotation": {"angle": 0, "axis": "y", "origin": [16.1, -5.45, 13.5]},
			"faces": {
				"north": {"uv": [0, 0, 1, 6.25], "texture": "#1"},
				"east": {"uv": [0, 5.024, 16, 7.786], "texture": "#1"},
				"south": {"uv": [0, 0, 1, 6.25], "texture": "#1"},
				"west": {"uv": [0, 6.112, 16, 9.834], "texture": "#1"},
				"up": {"uv": [0, 0, 1, 16], "texture": "#1"},
				"down": {"uv": [0, 0, 1, 16], "texture": "#1"}
			}
		},
		{
			"from": [16.6, 9.85, 13.25],
			"to": [17.1, 10.85, 14.5],
			"rotation": {"angle": 0, "axis": "y", "origin": [16.1, -5.45, 13.5]},
			"faces": {
				"north": {"uv": [0, 0, 1, 6.25], "texture": "#1"},
				"east": {"uv": [0, 5.024, 16, 7.786], "texture": "#5"},
				"south": {"uv": [0, 0, 1, 6.25], "texture": "#5"},
				"west": {"uv": [0, 6.112, 16, 9.834], "texture": "#1"},
				"up": {"uv": [0, 0, 1, 16], "texture": "#1"},
				"down": {"uv": [0, 0, 1, 16], "texture": "#1"}
			}
		},
		{
			"from": [16.6, 7.35, 13.25],
			"to": [17.1, 9.85, 14.5],
			"rotation": {"angle": 0, "axis": "y", "origin": [16.1, -5.45, 13.5]},
			"faces": {
				"north": {"uv": [0, 0, 1, 6.25], "texture": "#1"},
				"east": {"uv": [0, 5.024, 16, 7.786], "texture": "#1"},
				"south": {"uv": [0, 0, 1, 6.25], "texture": "#1"},
				"west": {"uv": [0, 6.112, 16, 9.834], "texture": "#1"},
				"up": {"uv": [0, 0, 1, 16], "texture": "#1"},
				"down": {"uv": [0, 0, 1, 16], "texture": "#1"}
			}
		},
		{
			"from": [-1.1, 10.85, 4.95],
			"to": [-0.6, 17.35, 11.25],
			"rotation": {"angle": 0, "axis": "y", "origin": [-1.6, -5.45, 5.2]},
			"faces": {
				"north": {"uv": [0, 0, 1, 6.25], "texture": "#1"},
				"east": {"uv": [0, 5.024, 16, 7.786], "texture": "#1"},
				"south": {"uv": [0, 0, 1, 6.25], "texture": "#1"},
				"west": {"uv": [0, 6.112, 16, 9.834], "texture": "#1"},
				"up": {"uv": [0, 0, 1, 16], "texture": "#1"},
				"down": {"uv": [0, 0, 1, 16], "texture": "#1"}
			}
		},
		{
			"from": [-1.1, 9.85, 4.95],
			"to": [-0.6, 10.85, 13.25],
			"rotation": {"angle": 0, "axis": "y", "origin": [-1.6, -6.45, 5.2]},
			"faces": {
				"north": {"uv": [0, 0, 1, 6.25], "texture": "#5"},
				"east": {"uv": [0, 5.024, 16, 7.786], "texture": "#1"},
				"south": {"uv": [0, 0, 1, 6.25], "texture": "#1"},
				"west": {"uv": [0, 6.112, 16, 9.834], "texture": "#5"},
				"up": {"uv": [0, 0, 1, 16], "texture": "#1"},
				"down": {"uv": [0, 0, 1, 16], "texture": "#1"}
			}
		},
		{
			"from": [-1.1, 4.4, 4.95],
			"to": [-0.6, 9.85, 13.25],
			"rotation": {"angle": 0, "axis": "y", "origin": [-1.6, -7.2, 5.2]},
			"faces": {
				"north": {"uv": [0, 0, 1, 6.25], "texture": "#1"},
				"east": {"uv": [0, 5.024, 16, 7.786], "texture": "#1"},
				"south": {"uv": [0, 0, 1, 6.25], "texture": "#1"},
				"west": {"uv": [2, 4, 14, 12], "texture": "#12"},
				"up": {"uv": [0, 0, 1, 16], "texture": "#1"},
				"down": {"uv": [0, 0, 1, 16], "texture": "#1"}
			}
		},
		{
			"from": [-0.6, 9.85, 9.95],
			"to": [-0.1, 10.85, 13.25],
			"rotation": {"angle": 0, "axis": "y", "origin": [-1.1, -6.45, 5.2]},
			"faces": {
				"north": {"uv": [0, 0, 1, 6.25], "texture": "#1"},
				"east": {"uv": [0, 5.024, 16, 7.786], "texture": "#1"},
				"south": {"uv": [0, 0, 1, 6.25], "texture": "#1"},
				"west": {"uv": [0, 6.112, 16, 9.834], "texture": "#5"},
				"up": {"uv": [0, 0, 1, 16], "texture": "#1"},
				"down": {"uv": [0, 0, 1, 16], "texture": "#1"}
			}
		},
		{
			"from": [-0.6, 10.85, 9.95],
			"to": [-0.1, 17.35, 13.25],
			"rotation": {"angle": 0, "axis": "y", "origin": [-1.1, -5.45, 5.2]},
			"faces": {
				"north": {"uv": [0, 0, 1, 6.25], "texture": "#1"},
				"east": {"uv": [0, 5.024, 16, 7.786], "texture": "#1"},
				"south": {"uv": [0, 0, 1, 6.25], "texture": "#1"},
				"west": {"uv": [0, 6.112, 16, 9.834], "texture": "#5"},
				"up": {"uv": [0, 0, 1, 16], "texture": "#1"},
				"down": {"uv": [0, 0, 1, 16], "texture": "#1"}
			}
		},
		{
			"from": [-1.1, 17.35, -16],
			"to": [0.4, 19.1, 13.25],
			"rotation": {"angle": 0, "axis": "y", "origin": [-1.1, -5.45, 5.2]},
			"faces": {
				"north": {"uv": [0, 0, 1, 6.25], "texture": "#1"},
				"east": {"uv": [0, 5.024, 16, 7.786], "texture": "#6"},
				"south": {"uv": [0, 0, 1, 6.25], "texture": "#1"},
				"west": {"uv": [0, 6.112, 16, 9.834], "texture": "#1"},
				"up": {"uv": [0, 0, 1, 16], "texture": "#1"},
				"down": {"uv": [0, 0, 1, 16], "texture": "#1"}
			}
		},
		{
			"from": [-8.461, 20.65957, -16],
			"to": [-8.211, 23.90957, 11.75],
			"rotation": {"angle": -22.5, "axis": "z", "origin": [-9.711, -2.14043, 5.2]},
			"faces": {
				"north": {"uv": [0, 0, 1, 6.25], "texture": "#1"},
				"east": {"uv": [0, 5.024, 16, 7.786], "texture": "#6"},
				"south": {"uv": [0, 0, 1, 6.25], "texture": "#1"},
				"west": {"uv": [0, 6.112, 16, 9.834], "texture": "#1"},
				"up": {"uv": [0, 0, 1, 16], "texture": "#1"},
				"down": {"uv": [0, 0, 1, 16], "texture": "#1"}
			}
		},
		{
			"from": [24.42033, 19.60719, -16],
			"to": [24.67033, 22.85719, 11.75],
			"rotation": {"angle": 22.5, "axis": "z", "origin": [23.17033, -3.19281, 5.2]},
			"faces": {
				"north": {"uv": [0, 0, 1, 6.25], "texture": "#1"},
				"east": {"uv": [0, 5.024, 16, 7.786], "texture": "#1"},
				"south": {"uv": [0, 0, 1, 6.25], "texture": "#1"},
				"west": {"uv": [0, 6.112, 16, 9.834], "texture": "#6"},
				"up": {"uv": [0, 0, 1, 16], "texture": "#1"},
				"down": {"uv": [0, 0, 1, 16], "texture": "#1"}
			}
		},
		{
			"from": [0.4, 17.35, 11.75],
			"to": [15.6, 19.1, 13.25],
			"rotation": {"angle": 0, "axis": "y", "origin": [-1.1, -5.45, 5.2]},
			"faces": {
				"north": {"uv": [0, 0, 1, 6.25], "texture": "#6"},
				"east": {"uv": [0, 5.024, 16, 7.786], "texture": "#1"},
				"south": {"uv": [0, 0, 1, 6.25], "texture": "#1"},
				"west": {"uv": [0, 6.112, 16, 9.834], "texture": "#1"},
				"up": {"uv": [0, 0, 1, 16], "texture": "#1"},
				"down": {"uv": [0, 0, 1, 16], "texture": "#1"}
			}
		},
		{
			"from": [15.6, 17.35, -16],
			"to": [17.1, 19.1, 13.25],
			"rotation": {"angle": 0, "axis": "y", "origin": [15.6, -5.45, 5.2]},
			"faces": {
				"north": {"uv": [0, 0, 1, 6.25], "texture": "#1"},
				"east": {"uv": [0, 5.024, 16, 7.786], "texture": "#1"},
				"south": {"uv": [0, 0, 1, 6.25], "texture": "#1"},
				"west": {"uv": [0, 6.112, 16, 9.834], "texture": "#6"},
				"up": {"uv": [0, 0, 1, 16], "texture": "#1"},
				"down": {"uv": [0, 0, 1, 16], "texture": "#1"}
			}
		},
		{
			"from": [-1.1, 19.1, -16],
			"to": [0.4, 19.35, 13.25],
			"rotation": {"angle": 0, "axis": "y", "origin": [-1.1, -5.45, 5.2]},
			"faces": {
				"north": {"uv": [0, 0, 1, 6.25], "texture": "#1"},
				"east": {"uv": [0, 5.024, 16, 7.786], "texture": "#6"},
				"south": {"uv": [0, 0, 1, 6.25], "texture": "#8"},
				"west": {"uv": [0, 6.112, 16, 9.834], "texture": "#8"},
				"up": {"uv": [0, 0, 1, 16], "texture": "#1"},
				"down": {"uv": [0, 0, 1, 16], "texture": "#1"}
			}
		},
		{
			"from": [0.4, 19.1, 11.75],
			"to": [15.6, 19.35, 13.25],
			"rotation": {"angle": 0, "axis": "y", "origin": [-1.1, -5.45, 5.2]},
			"faces": {
				"north": {"uv": [0, 0, 1, 6.25], "texture": "#6"},
				"east": {"uv": [0, 5.024, 16, 7.786], "texture": "#1"},
				"south": {"uv": [0, 0, 1, 6.25], "texture": "#8"},
				"west": {"uv": [0, 6.112, 16, 9.834], "texture": "#1"},
				"up": {"uv": [0, 0, 1, 16], "texture": "#1"},
				"down": {"uv": [0, 0, 1, 16], "texture": "#1"}
			}
		},
		{
			"from": [15.6, 19.1, -16],
			"to": [17.1, 19.35, 13.25],
			"rotation": {"angle": 0, "axis": "y", "origin": [15.6, -5.45, 5.2]},
			"faces": {
				"north": {"uv": [0, 0, 1, 6.25], "texture": "#1"},
				"east": {"uv": [0, 5.024, 16, 7.786], "texture": "#8"},
				"south": {"uv": [0, 0, 1, 6.25], "texture": "#8"},
				"west": {"uv": [0, 6.112, 16, 9.834], "texture": "#6"},
				"up": {"uv": [0, 0, 1, 16], "texture": "#1"},
				"down": {"uv": [0, 0, 1, 16], "texture": "#1"}
			}
		},
		{
			"from": [0.4, 19.35, 11.75],
			"to": [15.6, 21.35, 13.25],
			"rotation": {"angle": 0, "axis": "y", "origin": [-1.1, -3.45, 5.2]},
			"faces": {
				"north": {"uv": [0, 0, 1, 6.25], "texture": "#6"},
				"east": {"uv": [0, 5.024, 16, 7.786], "texture": "#1"},
				"south": {"uv": [0, 0, 1, 6.25], "texture": "#5"},
				"west": {"uv": [0, 6.112, 16, 9.834], "texture": "#1"},
				"up": {"uv": [0, 0, 1, 16], "texture": "#1"},
				"down": {"uv": [0, 0, 1, 16], "texture": "#1"}
			}
		},
		{
			"from": [0.05, 21.35, -16],
			"to": [15.95, 22.05, -1],
			"rotation": {"angle": 0, "axis": "y", "origin": [-1.1, -1.95, 5.2]},
			"faces": {
				"north": {"uv": [0, 0, 1, 6.25], "texture": "#1"},
				"east": {"uv": [0, 5.024, 16, 7.786], "texture": "#1"},
				"south": {"uv": [0, 0, 1, 6.25], "texture": "#4"},
				"west": {"uv": [0, 6.112, 16, 9.834], "texture": "#1"},
				"up": {"uv": [0, 0, 1, 16], "texture": "#4"},
				"down": {"uv": [0, 0, 1, 16], "texture": "#6"}
			}
		},
		{
			"from": [0.05, 21.1, -1],
			"to": [15.95, 22.05, 13.25],
			"rotation": {"angle": 0, "axis": "y", "origin": [-1.1, -2.2, 20.2]},
			"faces": {
				"north": {"uv": [0, 0, 1, 6.25], "texture": "#1"},
				"east": {"uv": [0, 5.024, 16, 7.786], "texture": "#1"},
				"south": {"uv": [0, 0, 1, 6.25], "texture": "#5"},
				"west": {"uv": [0, 6.112, 16, 9.834], "texture": "#1"},
				"up": {"uv": [0, 0, 1, 16], "texture": "#4"},
				"down": {"uv": [0, 0, 1, 16], "texture": "#6"}
			}
		},
		{
			"from": [5.3, 20.95, -16],
			"to": [10.7, 21.15, 13.25],
			"rotation": {"angle": 0, "axis": "y", "origin": [-1.1, -2.35, 5.2]},
			"faces": {
				"north": {"uv": [0, 0, 1, 6.25], "texture": "#1"},
				"east": {"uv": [0, 5.024, 16, 7.786], "texture": "#1"},
				"south": {"uv": [0, 0, 1, 6.25], "texture": "#5"},
				"west": {"uv": [0, 6.112, 16, 9.834], "texture": "#1"},
				"up": {"uv": [0, 0, 1, 16], "texture": "#1"},
				"down": {"uv": [0, 0, 1, 16], "texture": "#6"}
			}
		},
		{
			"from": [0.55, 20.95, -16],
			"to": [4.95, 21.15, 13.25],
			"rotation": {"angle": 0, "axis": "y", "origin": [-6.85, -2.35, 5.2]},
			"faces": {
				"north": {"uv": [0, 0, 1, 6.25], "texture": "#1"},
				"east": {"uv": [0, 5.024, 16, 7.786], "texture": "#1"},
				"south": {"uv": [0, 0, 1, 6.25], "texture": "#5"},
				"west": {"uv": [0, 6.112, 16, 9.834], "texture": "#1"},
				"up": {"uv": [0, 0, 1, 16], "texture": "#1"},
				"down": {"uv": [0, 0, 1, 16], "texture": "#6"}
			}
		},
		{
			"from": [11.05, 20.95, -16],
			"to": [15.45, 21.15, 13.25],
			"rotation": {"angle": 0, "axis": "y", "origin": [3.65, -2.35, 5.2]},
			"faces": {
				"north": {"uv": [0, 0, 1, 6.25], "texture": "#1"},
				"east": {"uv": [0, 5.024, 16, 7.786], "texture": "#1"},
				"south": {"uv": [0, 0, 1, 6.25], "texture": "#5"},
				"west": {"uv": [0, 6.112, 16, 9.834], "texture": "#1"},
				"up": {"uv": [0, 0, 1, 16], "texture": "#1"},
				"down": {"uv": [0, 0, 1, 16], "texture": "#6"}
			}
		},
		{
			"from": [10.8, 20.95, -16],
			"to": [10.95, 21.4, 12.75],
			"rotation": {"angle": 0, "axis": "y", "origin": [4.4, -2.35, 5.2]},
			"faces": {
				"north": {"uv": [0, 0, 1, 6.25], "texture": "#2"},
				"east": {"uv": [0, 5.024, 16, 7.786], "texture": "#2"},
				"south": {"uv": [0, 0, 1, 6.25], "texture": "#2"},
				"west": {"uv": [0, 6.112, 16, 9.834], "texture": "#2"},
				"up": {"uv": [0, 0, 1, 16], "texture": "#2"},
				"down": {"uv": [0, 0, 1, 16], "texture": "#2"}
			}
		},
		{
			"from": [11.3, 21.05, -16],
			"to": [11.45, 21.4, 12.75],
			"rotation": {"angle": 0, "axis": "y", "origin": [4.9, -2.35, 5.2]},
			"faces": {
				"north": {"uv": [0, 0, 1, 6.25], "texture": "#4"},
				"east": {"uv": [0, 5.024, 16, 7.786], "texture": "#4"},
				"south": {"uv": [0, 0, 1, 6.25], "texture": "#4"},
				"west": {"uv": [0, 6.112, 16, 9.834], "texture": "#4"},
				"up": {"uv": [0, 0, 1, 16], "texture": "#4"},
				"down": {"uv": [0, 0, 1, 16], "texture": "#4"}
			}
		},
		{
			"from": [10.3, 21.05, -16],
			"to": [10.45, 21.4, 12.75],
			"rotation": {"angle": 0, "axis": "y", "origin": [3.9, -2.35, 5.2]},
			"faces": {
				"north": {"uv": [0, 0, 1, 6.25], "texture": "#4"},
				"east": {"uv": [0, 5.024, 16, 7.786], "texture": "#4"},
				"south": {"uv": [0, 0, 1, 6.25], "texture": "#4"},
				"west": {"uv": [0, 6.112, 16, 9.834], "texture": "#4"},
				"up": {"uv": [0, 0, 1, 16], "texture": "#4"},
				"down": {"uv": [0, 0, 1, 16], "texture": "#4"}
			}
		},
		{
			"from": [5.05, 20.95, -16],
			"to": [5.2, 21.4, 12.75],
			"rotation": {"angle": 0, "axis": "y", "origin": [-1.35, -2.35, 5.2]},
			"faces": {
				"north": {"uv": [0, 0, 1, 6.25], "texture": "#2"},
				"east": {"uv": [0, 5.024, 16, 7.786], "texture": "#2"},
				"south": {"uv": [0, 0, 1, 6.25], "texture": "#2"},
				"west": {"uv": [0, 6.112, 16, 9.834], "texture": "#2"},
				"up": {"uv": [0, 0, 1, 16], "texture": "#2"},
				"down": {"uv": [0, 0, 1, 16], "texture": "#2"}
			}
		},
		{
			"from": [5.55, 21.05, -16],
			"to": [5.7, 21.4, 12.75],
			"rotation": {"angle": 0, "axis": "y", "origin": [-0.85, -2.35, 5.2]},
			"faces": {
				"north": {"uv": [0, 0, 1, 6.25], "texture": "#4"},
				"east": {"uv": [0, 5.024, 16, 7.786], "texture": "#4"},
				"south": {"uv": [0, 0, 1, 6.25], "texture": "#4"},
				"west": {"uv": [0, 6.112, 16, 9.834], "texture": "#4"},
				"up": {"uv": [0, 0, 1, 16], "texture": "#4"},
				"down": {"uv": [0, 0, 1, 16], "texture": "#4"}
			}
		},
		{
			"from": [4.55, 21.05, -16],
			"to": [4.7, 21.4, 12.75],
			"rotation": {"angle": 0, "axis": "y", "origin": [-1.85, -2.35, 5.2]},
			"faces": {
				"north": {"uv": [0, 0, 1, 6.25], "texture": "#4"},
				"east": {"uv": [0, 5.024, 16, 7.786], "texture": "#4"},
				"south": {"uv": [0, 0, 1, 6.25], "texture": "#4"},
				"west": {"uv": [0, 6.112, 16, 9.834], "texture": "#4"},
				"up": {"uv": [0, 0, 1, 16], "texture": "#4"},
				"down": {"uv": [0, 0, 1, 16], "texture": "#4"}
			}
		},
		{
			"from": [-1.1, 19.35, -16],
			"to": [0.4, 20.35, 13.25],
			"rotation": {"angle": 0, "axis": "y", "origin": [-1.1, -3.45, 5.2]},
			"faces": {
				"north": {"uv": [0, 0, 1, 6.25], "texture": "#1"},
				"east": {"uv": [0, 5.024, 16, 7.786], "texture": "#6"},
				"south": {"uv": [0, 0, 1, 6.25], "texture": "#5"},
				"west": {"uv": [0, 6.112, 16, 9.834], "texture": "#5"},
				"up": {"uv": [0, 0, 1, 16], "texture": "#1"},
				"down": {"uv": [0, 0, 1, 16], "texture": "#1"}
			}
		},
		{
			"from": [15.6, 19.35, -16],
			"to": [17.1, 20.35, 13.25],
			"rotation": {"angle": 0, "axis": "y", "origin": [15.6, -3.45, 5.2]},
			"faces": {
				"north": {"uv": [0, 0, 1, 6.25], "texture": "#1"},
				"east": {"uv": [0, 5.024, 16, 7.786], "texture": "#5"},
				"south": {"uv": [0, 0, 1, 6.25], "texture": "#5"},
				"west": {"uv": [0, 6.112, 16, 9.834], "texture": "#6"},
				"up": {"uv": [0, 0, 1, 16], "texture": "#1"},
				"down": {"uv": [0, 0, 1, 16], "texture": "#1"}
			}
		},
		{
			"from": [24.43936, 21.51152, -16],
			"to": [25.93936, 22.51152, 13.25],
			"rotation": {"angle": 22.5, "axis": "z", "origin": [24.43936, -1.28848, 5.2]},
			"faces": {
				"north": {"uv": [0, 0, 1, 6.25], "texture": "#1"},
				"east": {"uv": [0, 5.024, 16, 7.786], "texture": "#5"},
				"south": {"uv": [0, 0, 1, 6.25], "texture": "#5"},
				"west": {"uv": [0, 6.112, 16, 9.834], "texture": "#6"},
				"up": {"uv": [0, 0, 1, 16], "texture": "#1"},
				"down": {"uv": [0, 0, 1, 16], "texture": "#1"}
			}
		},
		{
			"from": [13.52549, 18.6324, -16],
			"to": [15.02549, 19.7324, 13.25],
			"rotation": {"angle": 45, "axis": "z", "origin": [12.68286, 21.99535, 5.2]},
			"faces": {
				"north": {"uv": [0, 0, 1, 6.25], "texture": "#1"},
				"east": {"uv": [0, 5.024, 16, 7.786], "texture": "#5"},
				"south": {"uv": [0, 0, 1, 6.25], "texture": "#5"},
				"west": {"uv": [0, 6.112, 16, 9.834], "texture": "#6"},
				"up": {"uv": [0, 0, 1, 16], "texture": "#4"},
				"down": {"uv": [0, 0, 1, 16], "texture": "#1"}
			}
		},
		{
			"from": [-14.79382, 27.06459, -16],
			"to": [-13.29382, 28.06459, 13.25],
			"rotation": {"angle": -22.5, "axis": "z", "origin": [-24.82518, -10.71445, 5.2]},
			"faces": {
				"north": {"uv": [0, 0, 1, 6.25], "texture": "#1"},
				"east": {"uv": [0, 5.024, 16, 7.786], "texture": "#1"},
				"south": {"uv": [0, 0, 1, 6.25], "texture": "#5"},
				"west": {"uv": [0, 6.112, 16, 9.834], "texture": "#5"},
				"up": {"uv": [0, 0, 1, 16], "texture": "#1"},
				"down": {"uv": [0, 0, 1, 16], "texture": "#1"}
			}
		},
		{
			"from": [-6.26358, -7.36591, -16],
			"to": [-4.76358, -6.26591, 13.25],
			"rotation": {"angle": -45, "axis": "z", "origin": [31.08083, 0.25905, 5.2]},
			"faces": {
				"north": {"uv": [0, 0, 1, 6.25], "texture": "#1"},
				"east": {"uv": [0, 5.024, 16, 7.786], "texture": "#1"},
				"south": {"uv": [0, 0, 1, 6.25], "texture": "#5"},
				"west": {"uv": [0, 6.112, 16, 9.834], "texture": "#5"},
				"up": {"uv": [0, 0, 1, 16], "texture": "#4"},
				"down": {"uv": [0, 0, 1, 16], "texture": "#1"}
			}
		},
		{
			"from": [-0.6, 4.4, 9.95],
			"to": [-0.1, 9.85, 13.25],
			"rotation": {"angle": 0, "axis": "y", "origin": [-1.1, -7.2, 5.2]},
			"faces": {
				"north": {"uv": [0, 0, 1, 6.25], "texture": "#1"},
				"east": {"uv": [0, 5.024, 16, 7.786], "texture": "#1"},
				"south": {"uv": [0, 0, 1, 6.25], "texture": "#1"},
				"west": {"uv": [0, 6.112, 16, 9.834], "texture": "#1"},
				"up": {"uv": [0, 0, 1, 16], "texture": "#1"},
				"down": {"uv": [0, 0, 1, 16], "texture": "#1"}
			}
		},
		{
			"from": [10.75, 4.4, 11.75],
			"to": [15.6, 9.85, 12.25],
			"rotation": {"angle": 0, "axis": "y", "origin": [14, -7.2, 5.2]},
			"faces": {
				"north": {"uv": [0, 0, 1, 6.25], "texture": "#6"},
				"east": {"uv": [0, 5.024, 16, 7.786], "texture": "#1"},
				"south": {"uv": [0, 0, 1, 6.25], "texture": "#1"},
				"west": {"uv": [0, 6.112, 16, 9.834], "texture": "#6"},
				"up": {"uv": [0, 0, 1, 16], "texture": "#1"},
				"down": {"uv": [0, 0, 1, 16], "texture": "#1"}
			}
		},
		{
			"from": [0.4, 3.9, 11.75],
			"to": [5.25, 9.85, 13.25],
			"rotation": {"angle": 0, "axis": "y", "origin": [1.5, -7.2, 5.2]},
			"faces": {
				"north": {"uv": [0, 0, 1, 6.25], "texture": "#6"},
				"east": {"uv": [0, 5.024, 16, 7.786], "texture": "#6"},
				"south": {"uv": [0, 0, 1, 6.25], "texture": "#1"},
				"west": {"uv": [0, 6.112, 16, 9.834], "texture": "#1"},
				"up": {"uv": [0, 0, 1, 16], "texture": "#1"},
				"down": {"uv": [0, 0, 1, 16], "texture": "#1"}
			}
		},
		{
			"from": [7.65, 20.85, -4.5],
			"to": [8.35, 21.1, -3.75],
			"rotation": {"angle": 0, "axis": "y", "origin": [4.75, 3.85, 0]},
			"faces": {
				"north": {"uv": [0, 0, 9.5, 0.75], "texture": "#18"},
				"east": {"uv": [0, 0, 16, 0.75], "texture": "#18"},
				"south": {"uv": [0, 0, 16, 16], "texture": "#18"},
				"west": {"uv": [0, 0, 16, 0.75], "texture": "#18"},
				"up": {"uv": [0, 0, 9.5, 16], "texture": "#18"},
				"down": {"uv": [0, 0, 9.5, 16], "texture": "#18"}
			}
		},
		{
			"from": [7.65, 20.85, 5.5],
			"to": [8.35, 21.1, 6.25],
			"rotation": {"angle": 0, "axis": "y", "origin": [4.75, 3.85, 10]},
			"faces": {
				"north": {"uv": [0, 0, 9.5, 0.75], "texture": "#18"},
				"east": {"uv": [0, 0, 16, 0.75], "texture": "#18"},
				"south": {"uv": [0, 0, 16, 16], "texture": "#18"},
				"west": {"uv": [0, 0, 16, 0.75], "texture": "#18"},
				"up": {"uv": [0, 0, 9.5, 16], "texture": "#18"},
				"down": {"uv": [0, 0, 9.5, 16], "texture": "#18"}
			}
		},
		{
			"from": [12.85, 20.9, 7.1],
			"to": [13.15, 21.15, 7.65],
			"rotation": {"angle": 0, "axis": "y", "origin": [9.75, 3.9, 11.5]},
			"faces": {
				"north": {"uv": [0, 0, 9.5, 0.75], "texture": "#2"},
				"east": {"uv": [0, 0, 16, 0.75], "texture": "#2"},
				"south": {"uv": [0, 0, 16, 16], "texture": "#2"},
				"west": {"uv": [0, 0, 16, 0.75], "texture": "#2"},
				"up": {"uv": [0, 0, 9.5, 16], "texture": "#2"},
				"down": {"uv": [0, 0, 9.5, 16], "texture": "#2"}
			}
		},
		{
			"from": [12.9, 20.85, 7.25],
			"to": [13.1, 21.05, 7.5],
			"rotation": {"angle": 0, "axis": "y", "origin": [9.75, 3.8, 11.5]},
			"faces": {
				"north": {"uv": [0, 0, 9.5, 0.75], "texture": "#3"},
				"east": {"uv": [0, 0, 16, 0.75], "texture": "#3"},
				"south": {"uv": [0, 0, 16, 16], "texture": "#3"},
				"west": {"uv": [0, 0, 16, 0.75], "texture": "#3"},
				"up": {"uv": [0, 0, 9.5, 16], "texture": "#3"},
				"down": {"uv": [0, 0, 9.5, 16], "texture": "#3"}
			}
		},
		{
			"from": [16.6, 4.4, -16],
			"to": [17.1, 9.85, -4.7],
			"rotation": {"angle": 0, "axis": "y", "origin": [16.1, -7.2, -9.4]},
			"faces": {
				"north": {"uv": [0, 0, 1, 6.25], "texture": "#1"},
				"east": {"uv": [0, 5.024, 16, 7.786], "texture": "#1"},
				"south": {"uv": [0, 0, 1, 6.25], "texture": "#1"},
				"west": {"uv": [0, 6.112, 16, 9.834], "texture": "#1"},
				"up": {"uv": [0, 0, 1, 16], "texture": "#1"},
				"down": {"uv": [0, 0, 1, 16], "texture": "#1"}
			}
		},
		{
			"from": [16.1, 9.85, -16],
			"to": [16.6, 10.85, -9.7],
			"rotation": {"angle": 0, "axis": "y", "origin": [15.6, -6.45, -9.4]},
			"faces": {
				"north": {"uv": [0, 0, 1, 6.25], "texture": "#5"},
				"east": {"uv": [0, 5.024, 16, 7.786], "texture": "#5"},
				"south": {"uv": [0, 0, 1, 6.25], "texture": "#1"},
				"west": {"uv": [0, 6.112, 16, 9.834], "texture": "#1"},
				"up": {"uv": [0, 0, 1, 16], "texture": "#1"},
				"down": {"uv": [0, 0, 1, 16], "texture": "#1"}
			}
		},
		{
			"from": [16.1, 4.4, -16],
			"to": [16.6, 9.85, -9.7],
			"rotation": {"angle": 0, "axis": "y", "origin": [15.6, -7.2, -9.4]},
			"faces": {
				"north": {"uv": [0, 0, 1, 6.25], "texture": "#1"},
				"east": {"uv": [0, 5.024, 16, 7.786], "texture": "#1"},
				"south": {"uv": [0, 0, 1, 6.25], "texture": "#1"},
				"west": {"uv": [0, 6.112, 16, 9.834], "texture": "#1"},
				"up": {"uv": [0, 0, 1, 16], "texture": "#1"},
				"down": {"uv": [0, 0, 1, 16], "texture": "#1"}
			}
		},
		{
			"from": [15.6, 10.85, -9.95],
			"to": [16.1, 17.35, -4.7],
			"rotation": {"angle": 0, "axis": "y", "origin": [15.1, -5.45, -9.4]},
			"faces": {
				"north": {"uv": [0, 0, 1, 6.25], "texture": "#1"},
				"east": {"uv": [0, 5.024, 16, 7.786], "texture": "#1"},
				"south": {"uv": [0, 0, 1, 6.25], "texture": "#6"},
				"west": {"uv": [0, 6.112, 16, 9.834], "texture": "#6"},
				"up": {"uv": [0, 0, 1, 16], "texture": "#1"},
				"down": {"uv": [0, 0, 1, 16], "texture": "#1"}
			}
		},
		{
			"from": [16.1, 10.85, -9.95],
			"to": [16.6, 17.35, -9.7],
			"rotation": {"angle": 0, "axis": "y", "origin": [15.1, -5.45, -9.4]},
			"faces": {
				"north": {"uv": [0, 0, 1, 6.25], "texture": "#1"},
				"east": {"uv": [0, 5.024, 16, 7.786], "texture": "#1"},
				"south": {"uv": [0, 0, 1, 6.25], "texture": "#1"},
				"west": {"uv": [0, 6.112, 16, 9.834], "texture": "#6"},
				"up": {"uv": [0, 0, 1, 16], "texture": "#1"},
				"down": {"uv": [0, 0, 1, 16], "texture": "#1"}
			}
		},
		{
			"from": [-0.6, 10.85, -9.95],
			"to": [-0.1, 17.35, -9.7],
			"rotation": {"angle": 0, "axis": "y", "origin": [-1.6, -5.45, -9.4]},
			"faces": {
				"north": {"uv": [0, 0, 1, 6.25], "texture": "#1"},
				"east": {"uv": [0, 5.024, 16, 7.786], "texture": "#1"},
				"south": {"uv": [0, 0, 1, 6.25], "texture": "#1"},
				"west": {"uv": [0, 6.112, 16, 9.834], "texture": "#6"},
				"up": {"uv": [0, 0, 1, 16], "texture": "#1"},
				"down": {"uv": [0, 0, 1, 16], "texture": "#1"}
			}
		},
		{
			"from": [15.6, 9.85, -16],
			"to": [16.1, 10.85, -4.7],
			"rotation": {"angle": 0, "axis": "y", "origin": [15.1, -6.45, -9.4]},
			"faces": {
				"north": {"uv": [0, 0, 1, 6.25], "texture": "#5"},
				"east": {"uv": [0, 5.024, 16, 7.786], "texture": "#1"},
				"south": {"uv": [0, 0, 1, 6.25], "texture": "#6"},
				"west": {"uv": [0, 6.112, 16, 9.834], "texture": "#6"},
				"up": {"uv": [0, 0, 1, 16], "texture": "#1"},
				"down": {"uv": [0, 0, 1, 16], "texture": "#1"}
			}
		},
		{
			"from": [15.6, 4.4, -16],
			"to": [16.1, 9.85, -4.7],
			"rotation": {"angle": 0, "axis": "y", "origin": [15.1, -7.2, -9.4]},
			"faces": {
				"north": {"uv": [0, 0, 1, 6.25], "texture": "#1"},
				"east": {"uv": [0, 5.024, 16, 7.786], "texture": "#1"},
				"south": {"uv": [0, 0, 1, 6.25], "texture": "#6"},
				"west": {"uv": [0, 6.112, 16, 9.834], "texture": "#6"},
				"up": {"uv": [0, 0, 1, 16], "texture": "#1"},
				"down": {"uv": [0, 0, 1, 16], "texture": "#1"}
			}
		},
		{
			"from": [16.6, 9.85, 4.95],
			"to": [17.1, 10.85, 12.25],
			"rotation": {"angle": 0, "axis": "y", "origin": [16.1, -6.45, 5.2]},
			"faces": {
				"north": {"uv": [0, 0, 1, 6.25], "texture": "#5"},
				"east": {"uv": [0, 5.024, 16, 7.786], "texture": "#5"},
				"south": {"uv": [0, 0, 1, 6.25], "texture": "#1"},
				"west": {"uv": [0, 6.112, 16, 9.834], "texture": "#1"},
				"up": {"uv": [0, 0, 1, 16], "texture": "#1"},
				"down": {"uv": [0, 0, 1, 16], "texture": "#1"}
			}
		},
		{
			"from": [15.6, 10.85, 11.25],
			"to": [16.1, 17.35, 12.25],
			"rotation": {"angle": 0, "axis": "y", "origin": [15.1, -5.45, 11.5]},
			"faces": {
				"north": {"uv": [0, 0, 1, 6.25], "texture": "#1"},
				"east": {"uv": [0, 5.024, 16, 7.786], "texture": "#1"},
				"south": {"uv": [0, 0, 1, 6.25], "texture": "#1"},
				"west": {"uv": [0, 6.112, 16, 9.834], "texture": "#6"},
				"up": {"uv": [0, 0, 1, 16], "texture": "#1"},
				"down": {"uv": [0, 0, 1, 16], "texture": "#1"}
			}
		},
		{
			"from": [15.6, 10.85, 4.95],
			"to": [16.1, 17.35, 11.25],
			"rotation": {"angle": 0, "axis": "y", "origin": [15.1, -5.45, 5.2]},
			"faces": {
				"north": {"uv": [0, 0, 1, 6.25], "texture": "#6"},
				"east": {"uv": [0, 5.024, 16, 7.786], "texture": "#1"},
				"south": {"uv": [0, 0, 1, 6.25], "texture": "#1"},
				"west": {"uv": [0, 6.112, 16, 9.834], "texture": "#6"},
				"up": {"uv": [0, 0, 1, 16], "texture": "#1"},
				"down": {"uv": [0, 0, 1, 16], "texture": "#1"}
			}
		},
		{
			"from": [15.6, 4.4, 4.95],
			"to": [16.1, 9.85, 12.25],
			"rotation": {"angle": 0, "axis": "y", "origin": [15.1, -7.2, 5.2]},
			"faces": {
				"north": {"uv": [0, 0, 1, 6.25], "texture": "#6"},
				"east": {"uv": [0, 5.024, 16, 7.786], "texture": "#1"},
				"south": {"uv": [0, 0, 1, 6.25], "texture": "#1"},
				"west": {"uv": [0, 6.112, 16, 9.834], "texture": "#6"},
				"up": {"uv": [0, 0, 1, 16], "texture": "#1"},
				"down": {"uv": [0, 0, 1, 16], "texture": "#1"}
			}
		},
		{
			"from": [15.6, 9.85, 4.95],
			"to": [16.1, 10.85, 12.25],
			"rotation": {"angle": 0, "axis": "y", "origin": [15.1, -6.45, 5.2]},
			"faces": {
				"north": {"uv": [0, 0, 1, 6.25], "texture": "#6"},
				"east": {"uv": [0, 5.024, 16, 7.786], "texture": "#1"},
				"south": {"uv": [0, 0, 1, 6.25], "texture": "#1"},
				"west": {"uv": [0, 6.112, 16, 9.834], "texture": "#6"},
				"up": {"uv": [0, 0, 1, 16], "texture": "#1"},
				"down": {"uv": [0, 0, 1, 16], "texture": "#1"}
			}
		},
		{
			"from": [10.75, 9.85, 11.75],
			"to": [15.6, 10.85, 12.25],
			"rotation": {"angle": 0, "axis": "y", "origin": [14, -6.45, 5.2]},
			"faces": {
				"north": {"uv": [0, 0, 1, 6.25], "texture": "#6"},
				"east": {"uv": [0, 5.024, 16, 7.786], "texture": "#1"},
				"south": {"uv": [0, 0, 1, 6.25], "texture": "#1"},
				"west": {"uv": [0, 6.112, 16, 9.834], "texture": "#6"},
				"up": {"uv": [0, 0, 1, 16], "texture": "#1"},
				"down": {"uv": [0, 0, 1, 16], "texture": "#1"}
			}
		},
		{
			"from": [0.4, 9.85, 11.75],
			"to": [5.25, 10.85, 13.25],
			"rotation": {"angle": 0, "axis": "y", "origin": [1.5, -6.45, 5.2]},
			"faces": {
				"north": {"uv": [0, 0, 1, 6.25], "texture": "#6"},
				"east": {"uv": [0, 5.024, 16, 7.786], "texture": "#6"},
				"south": {"uv": [0, 0, 1, 6.25], "texture": "#1"},
				"west": {"uv": [0, 6.112, 16, 9.834], "texture": "#1"},
				"up": {"uv": [0, 0, 1, 16], "texture": "#1"},
				"down": {"uv": [0, 0, 1, 16], "texture": "#1"}
			}
		},
		{
			"from": [-0.1, 9.85, 4.95],
			"to": [0.4, 10.85, 13.25],
			"rotation": {"angle": 0, "axis": "y", "origin": [-0.6, -6.45, 5.2]},
			"faces": {
				"north": {"uv": [0, 0, 1, 6.25], "texture": "#6"},
				"east": {"uv": [0, 5.024, 16, 7.786], "texture": "#6"},
				"south": {"uv": [0, 0, 1, 6.25], "texture": "#1"},
				"west": {"uv": [0, 6.112, 16, 9.834], "texture": "#1"},
				"up": {"uv": [0, 0, 1, 16], "texture": "#1"},
				"down": {"uv": [0, 0, 1, 16], "texture": "#1"}
			}
		},
		{
			"from": [-1.1, 9.85, -16],
			"to": [-0.6, 10.85, -4.7],
			"rotation": {"angle": 0, "axis": "y", "origin": [-0.6, -6.45, -9.4]},
			"faces": {
				"north": {"uv": [0, 0, 1, 6.25], "texture": "#5"},
				"east": {"uv": [0, 5.024, 16, 7.786], "texture": "#1"},
				"south": {"uv": [0, 0, 1, 6.25], "texture": "#5"},
				"west": {"uv": [0, 6.112, 16, 9.834], "texture": "#5"},
				"up": {"uv": [0, 0, 1, 16], "texture": "#1"},
				"down": {"uv": [0, 0, 1, 16], "texture": "#1"}
			}
		},
		{
			"from": [10.75, 10.85, 11.75],
			"to": [15.6, 17.35, 12.25],
			"rotation": {"angle": 0, "axis": "y", "origin": [14, -5.45, 5.2]},
			"faces": {
				"north": {"uv": [0, 0, 1, 6.25], "texture": "#6"},
				"east": {"uv": [0, 5.024, 16, 7.786], "texture": "#1"},
				"south": {"uv": [0, 0, 1, 6.25], "texture": "#1"},
				"west": {"uv": [0, 6.112, 16, 9.834], "texture": "#6"},
				"up": {"uv": [0, 0, 1, 16], "texture": "#1"},
				"down": {"uv": [0, 0, 1, 16], "texture": "#1"}
			}
		},
		{
			"from": [10.75, 9.85, 12.75],
			"to": [15.6, 10.85, 13.25],
			"rotation": {"angle": 0, "axis": "y", "origin": [14, -6.45, 6.2]},
			"faces": {
				"north": {"uv": [0, 0, 1, 6.25], "texture": "#1"},
				"east": {"uv": [0, 5.024, 16, 7.786], "texture": "#1"},
				"south": {"uv": [0, 0, 1, 6.25], "texture": "#1"},
				"west": {"uv": [0, 6.112, 16, 9.834], "texture": "#6"},
				"up": {"uv": [0, 0, 1, 16], "texture": "#1"},
				"down": {"uv": [0, 0, 1, 16], "texture": "#1"}
			}
		},
		{
			"from": [10.75, 4.4, 12.75],
			"to": [15.6, 9.85, 13.25],
			"rotation": {"angle": 0, "axis": "y", "origin": [14, -7.2, 6.2]},
			"faces": {
				"north": {"uv": [0, 0, 1, 6.25], "texture": "#1"},
				"east": {"uv": [0, 5.024, 16, 7.786], "texture": "#1"},
				"south": {"uv": [0, 0, 1, 6.25], "texture": "#1"},
				"west": {"uv": [0, 6.112, 16, 9.834], "texture": "#6"},
				"up": {"uv": [0, 0, 1, 16], "texture": "#1"},
				"down": {"uv": [0, 0, 1, 16], "texture": "#1"}
			}
		},
		{
			"from": [10.75, 10.85, 12.75],
			"to": [15.6, 17.35, 13.25],
			"rotation": {"angle": 0, "axis": "y", "origin": [14, -5.45, 6.2]},
			"faces": {
				"north": {"uv": [0, 0, 1, 6.25], "texture": "#1"},
				"east": {"uv": [0, 5.024, 16, 7.786], "texture": "#1"},
				"south": {"uv": [0, 0, 1, 6.25], "texture": "#1"},
				"west": {"uv": [0, 6.112, 16, 9.834], "texture": "#6"},
				"up": {"uv": [0, 0, 1, 16], "texture": "#1"},
				"down": {"uv": [0, 0, 1, 16], "texture": "#1"}
			}
		},
		{
			"from": [0.4, 10.85, 11.75],
			"to": [5.25, 17.35, 13.25],
			"rotation": {"angle": 0, "axis": "y", "origin": [1.5, -5.45, 5.2]},
			"faces": {
				"north": {"uv": [0, 0, 1, 6.25], "texture": "#6"},
				"east": {"uv": [0, 5.024, 16, 7.786], "texture": "#6"},
				"south": {"uv": [0, 0, 1, 6.25], "texture": "#1"},
				"west": {"uv": [0, 6.112, 16, 9.834], "texture": "#1"},
				"up": {"uv": [0, 0, 1, 16], "texture": "#1"},
				"down": {"uv": [0, 0, 1, 16], "texture": "#1"}
			}
		},
		{
			"from": [-0.1, 10.85, 4.95],
			"to": [0.4, 17.35, 11.25],
			"rotation": {"angle": 0, "axis": "y", "origin": [-0.6, -5.45, 5.2]},
			"faces": {
				"north": {"uv": [0, 0, 1, 6.25], "texture": "#6"},
				"east": {"uv": [0, 5.024, 16, 7.786], "texture": "#6"},
				"south": {"uv": [0, 0, 1, 6.25], "texture": "#1"},
				"west": {"uv": [0, 6.112, 16, 9.834], "texture": "#1"},
				"up": {"uv": [0, 0, 1, 16], "texture": "#1"},
				"down": {"uv": [0, 0, 1, 16], "texture": "#1"}
			}
		},
		{
			"from": [16.6, 10.85, 11.25],
			"to": [17.1, 17.35, 12.25],
			"rotation": {"angle": 0, "axis": "y", "origin": [16.1, -5.45, 11.5]},
			"faces": {
				"north": {"uv": [0, 0, 1, 6.25], "texture": "#1"},
				"east": {"uv": [0, 5.024, 16, 7.786], "texture": "#1"},
				"south": {"uv": [0, 0, 1, 6.25], "texture": "#1"},
				"west": {"uv": [0, 6.112, 16, 9.834], "texture": "#1"},
				"up": {"uv": [0, 0, 1, 16], "texture": "#1"},
				"down": {"uv": [0, 0, 1, 16], "texture": "#1"}
			}
		},
		{
			"from": [15.6, 4.4, 12.75],
			"to": [17.1, 9.85, 13.25],
			"rotation": {"angle": 0, "axis": "y", "origin": [16.1, -7.2, 6.2]},
			"faces": {
				"north": {"uv": [0, 0, 1, 6.25], "texture": "#1"},
				"east": {"uv": [0, 5.024, 16, 7.786], "texture": "#1"},
				"south": {"uv": [0, 0, 1, 6.25], "texture": "#1"},
				"west": {"uv": [0, 6.112, 16, 9.834], "texture": "#6"},
				"up": {"uv": [0, 0, 1, 16], "texture": "#1"},
				"down": {"uv": [0, 0, 1, 16], "texture": "#1"}
			}
		},
		{
			"from": [16.45, 10.85, 12.25],
			"to": [17.1, 17.35, 12.75],
			"rotation": {"angle": 0, "axis": "y", "origin": [16.1, -5.45, 12.5]},
			"faces": {
				"north": {"uv": [0, 0, 1, 6.25], "texture": "#1"},
				"east": {"uv": [0, 5.024, 16, 7.786], "texture": "#1"},
				"south": {"uv": [0, 0, 1, 6.25], "texture": "#1"},
				"west": {"uv": [0, 6.112, 16, 9.834], "texture": "#1"},
				"up": {"uv": [0, 0, 1, 16], "texture": "#1"},
				"down": {"uv": [0, 0, 1, 16], "texture": "#1"}
			}
		},
		{
			"from": [16.45, 9.85, 12.25],
			"to": [17.1, 10.85, 12.75],
			"rotation": {"angle": 0, "axis": "y", "origin": [16.1, -6.45, 6.2]},
			"faces": {
				"north": {"uv": [0, 0, 1, 6.25], "texture": "#1"},
				"east": {"uv": [0, 5.024, 16, 7.786], "texture": "#5"},
				"south": {"uv": [0, 0, 1, 6.25], "texture": "#1"},
				"west": {"uv": [0, 6.112, 16, 9.834], "texture": "#1"},
				"up": {"uv": [0, 0, 1, 16], "texture": "#1"},
				"down": {"uv": [0, 0, 1, 16], "texture": "#1"}
			}
		},
		{
			"from": [16.45, 4.4, 12.25],
			"to": [17.1, 9.85, 12.75],
			"rotation": {"angle": 0, "axis": "y", "origin": [16.1, -7.2, 6.2]},
			"faces": {
				"north": {"uv": [0, 0, 1, 6.25], "texture": "#1"},
				"east": {"uv": [0, 5.024, 16, 7.786], "texture": "#1"},
				"south": {"uv": [0, 0, 1, 6.25], "texture": "#1"},
				"west": {"uv": [0, 6.112, 16, 9.834], "texture": "#1"},
				"up": {"uv": [0, 0, 1, 16], "texture": "#1"},
				"down": {"uv": [0, 0, 1, 16], "texture": "#1"}
			}
		},
		{
			"from": [15.6, 9.85, 12.75],
			"to": [17.1, 10.85, 13.25],
			"rotation": {"angle": 0, "axis": "y", "origin": [16.1, -6.45, 6.2]},
			"faces": {
				"north": {"uv": [0, 0, 1, 6.25], "texture": "#1"},
				"east": {"uv": [0, 5.024, 16, 7.786], "texture": "#5"},
				"south": {"uv": [0, 0, 1, 6.25], "texture": "#1"},
				"west": {"uv": [0, 6.112, 16, 9.834], "texture": "#6"},
				"up": {"uv": [0, 0, 1, 16], "texture": "#1"},
				"down": {"uv": [0, 0, 1, 16], "texture": "#1"}
			}
		},
		{
			"from": [15.6, 10.85, 12.75],
			"to": [17.1, 17.35, 13.25],
			"rotation": {"angle": 0, "axis": "y", "origin": [16.1, -5.45, 12.5]},
			"faces": {
				"north": {"uv": [0, 0, 1, 6.25], "texture": "#1"},
				"east": {"uv": [0, 5.024, 16, 7.786], "texture": "#1"},
				"south": {"uv": [0, 0, 1, 6.25], "texture": "#1"},
				"west": {"uv": [0, 6.112, 16, 9.834], "texture": "#6"},
				"up": {"uv": [0, 0, 1, 16], "texture": "#1"},
				"down": {"uv": [0, 0, 1, 16], "texture": "#1"}
			}
		},
		{
			"from": [-0.1, 10.85, 11.25],
			"to": [0.4, 17.35, 13.25],
			"rotation": {"angle": 0, "axis": "y", "origin": [-0.6, -5.45, 11.5]},
			"faces": {
				"north": {"uv": [0, 0, 1, 6.25], "texture": "#1"},
				"east": {"uv": [0, 5.024, 16, 7.786], "texture": "#6"},
				"south": {"uv": [0, 0, 1, 6.25], "texture": "#1"},
				"west": {"uv": [0, 6.112, 16, 9.834], "texture": "#1"},
				"up": {"uv": [0, 0, 1, 16], "texture": "#1"},
				"down": {"uv": [0, 0, 1, 16], "texture": "#1"}
			}
		},
		{
			"from": [16.6, 10.85, 4.95],
			"to": [17.1, 17.35, 11.25],
			"rotation": {"angle": 0, "axis": "y", "origin": [16.1, -5.45, 5.2]},
			"faces": {
				"north": {"uv": [0, 0, 1, 6.25], "texture": "#1"},
				"east": {"uv": [0, 5.024, 16, 7.786], "texture": "#1"},
				"south": {"uv": [0, 0, 1, 6.25], "texture": "#1"},
				"west": {"uv": [0, 6.112, 16, 9.834], "texture": "#1"},
				"up": {"uv": [0, 0, 1, 16], "texture": "#1"},
				"down": {"uv": [0, 0, 1, 16], "texture": "#1"}
			}
		},
		{
			"from": [16.6, 10.85, -9.95],
			"to": [17.1, 17.35, -4.7],
			"rotation": {"angle": 0, "axis": "y", "origin": [16.1, -5.45, -9.4]},
			"faces": {
				"north": {"uv": [0, 0, 1, 6.25], "texture": "#1"},
				"east": {"uv": [0, 5.024, 16, 7.786], "texture": "#1"},
				"south": {"uv": [0, 0, 1, 6.25], "texture": "#1"},
				"west": {"uv": [0, 6.112, 16, 9.834], "texture": "#1"},
				"up": {"uv": [0, 0, 1, 16], "texture": "#1"},
				"down": {"uv": [0, 0, 1, 16], "texture": "#1"}
			}
		},
		{
			"from": [-1.1, 10.85, -9.95],
			"to": [-0.6, 17.35, -4.7],
			"rotation": {"angle": 0, "axis": "y", "origin": [-0.6, -5.45, -9.4]},
			"faces": {
				"north": {"uv": [0, 0, 1, 6.25], "texture": "#1"},
				"east": {"uv": [0, 5.024, 16, 7.786], "texture": "#1"},
				"south": {"uv": [0, 0, 1, 6.25], "texture": "#1"},
				"west": {"uv": [0, 6.112, 16, 9.834], "texture": "#1"},
				"up": {"uv": [0, 0, 1, 16], "texture": "#1"},
				"down": {"uv": [0, 0, 1, 16], "texture": "#1"}
			}
		},
		{
			"from": [16.6, 9.85, -16],
			"to": [17.1, 10.85, -4.7],
			"rotation": {"angle": 0, "axis": "y", "origin": [16.1, -6.45, -9.4]},
			"faces": {
				"north": {"uv": [0, 0, 1, 6.25], "texture": "#5"},
				"east": {"uv": [0, 5.024, 16, 7.786], "texture": "#5"},
				"south": {"uv": [0, 0, 1, 6.25], "texture": "#5"},
				"west": {"uv": [0, 6.112, 16, 9.834], "texture": "#1"},
				"up": {"uv": [0, 0, 1, 16], "texture": "#1"},
				"down": {"uv": [0, 0, 1, 16], "texture": "#1"}
			}
		},
		{
			"from": [16.6, 4.4, 4.95],
			"to": [17.1, 9.85, 12.25],
			"rotation": {"angle": 0, "axis": "y", "origin": [16.1, -7.2, 5.2]},
			"faces": {
				"north": {"uv": [0, 0, 1, 6.25], "texture": "#1"},
				"east": {"uv": [2, 4, 14, 12], "texture": "#14"},
				"south": {"uv": [0, 0, 1, 6.25], "texture": "#1"},
				"west": {"uv": [0, 6.112, 16, 9.834], "texture": "#1"},
				"up": {"uv": [0, 0, 1, 16], "texture": "#1"},
				"down": {"uv": [0, 0, 1, 16], "texture": "#1"}
			}
		},
		{
			"from": [16.1, 9.85, 9.95],
			"to": [16.6, 10.85, 12.25],
			"rotation": {"angle": 0, "axis": "y", "origin": [15.6, -6.45, 5.2]},
			"faces": {
				"north": {"uv": [0, 0, 1, 6.25], "texture": "#1"},
				"east": {"uv": [0, 5.024, 16, 7.786], "texture": "#5"},
				"south": {"uv": [0, 0, 1, 6.25], "texture": "#1"},
				"west": {"uv": [0, 6.112, 16, 9.834], "texture": "#1"},
				"up": {"uv": [0, 0, 1, 16], "texture": "#1"},
				"down": {"uv": [0, 0, 1, 16], "texture": "#1"}
			}
		},
		{
			"from": [16.1, 10.85, 9.95],
			"to": [16.6, 17.35, 12.25],
			"rotation": {"angle": 0, "axis": "y", "origin": [15.6, -5.45, 5.2]},
			"faces": {
				"north": {"uv": [0, 0, 1, 6.25], "texture": "#1"},
				"east": {"uv": [0, 5.024, 16, 7.786], "texture": "#5"},
				"south": {"uv": [0, 0, 1, 6.25], "texture": "#1"},
				"west": {"uv": [0, 6.112, 16, 9.834], "texture": "#1"},
				"up": {"uv": [0, 0, 1, 16], "texture": "#1"},
				"down": {"uv": [0, 0, 1, 16], "texture": "#1"}
			}
		},
		{
			"from": [16.1, 4.4, 9.95],
			"to": [16.6, 9.85, 12.25],
			"rotation": {"angle": 0, "axis": "y", "origin": [15.6, -7.2, 5.2]},
			"faces": {
				"north": {"uv": [0, 0, 1, 6.25], "texture": "#1"},
				"east": {"uv": [0, 5.024, 16, 7.786], "texture": "#1"},
				"south": {"uv": [0, 0, 1, 6.25], "texture": "#1"},
				"west": {"uv": [0, 6.112, 16, 9.834], "texture": "#1"},
				"up": {"uv": [0, 0, 1, 16], "texture": "#1"},
				"down": {"uv": [0, 0, 1, 16], "texture": "#1"}
			}
		},
		{
			"from": [7.75, 4.4, -0.075],
			"to": [8.25, 21, 0.325],
			"rotation": {"angle": 0, "axis": "y", "origin": [7.5, -14.4, -4.35]},
			"faces": {
				"north": {"uv": [0, 0, 1, 6.25], "texture": "#4"},
				"east": {"uv": [0, 5.024, 16, 7.786], "texture": "#4"},
				"south": {"uv": [0, 0, 1, 6.25], "texture": "#4"},
				"west": {"uv": [0, 6.112, 16, 9.834], "texture": "#4"},
				"up": {"uv": [0, 0, 1, 16], "texture": "#4"},
				"down": {"uv": [0, 0, 1, 16], "texture": "#4"}
			}
		}
	],
	"display": {
		"thirdperson_righthand": {
			"scale": [4, 4, 4]
		},
		"head": {
			"scale": [4, 4, 4]
		}
	}
}