{
	"format_version": "1.21.6",
	"credit": "Made with Blockbench",
	"textures": {
		"0": "block/bus_autonomous/cyan_terracotta",
		"1": "block/bus_autonomous/white_concrete",
		"2": "block/bus_autonomous/iron_block",
		"3": "block/bus_autonomous/black_concrete",
		"4": "block/bus_autonomous/light_gray_concrete",
		"5": "block/bus_autonomous/brown_concrete",
		"6": "block/bus_autonomous/quartz_block_bottom",
		"8": "block/bus_autonomous/yellow_concrete",
		"10": "block/bus_autonomous/gray_wool",
		"12": "block/bus_autonomous/bogie_mark",
		"13": "block/bus_autonomous/glass",
		"14": "block/bus_autonomous/light_gray_concrete_powder",
		"15": "block/bus_autonomous/black_wool",
		"16": "block/bus_autonomous/bn",
		"20": "block/bus_autonomous/red_concrete",
		"particle": "block/bus_autonomous/cyan_terracotta"
	},
	"elements": [
		{
			"from": [-1.1, 2.65, -16],
			"to": [0.4, 4.4, 12.5],
			"rotation": {"angle": 0, "axis": "y", "origin": [-0.6, -1.95, -14.7]},
			"faces": {
				"north": {"uv": [0, 0, 1, 6.25], "texture": "#1"},
				"east": {"uv": [0, 5.024, 16, 7.786], "texture": "#1"},
				"south": {"uv": [0, 0, 1, 6.25], "texture": "#5"},
				"west": {"uv": [16, 14, 0, 16], "texture": "#12"},
				"up": {"uv": [0, 0, 1, 16], "texture": "#2"},
				"down": {"uv": [0, 0, 1, 16], "texture": "#3"}
			}
		},
		{
			"from": [0.4, 2.65, -16],
			"to": [15.6, 4.4, 12.6],
			"rotation": {"angle": 0, "axis": "y", "origin": [0, -1.95, -14.7]},
			"faces": {
				"north": {"uv": [0, 0, 1, 6.25], "texture": "#1"},
				"east": {"uv": [0, 5.024, 16, 7.786], "texture": "#1"},
				"south": {"uv": [0, 0, 1, 6.25], "texture": "#0"},
				"west": {"uv": [0, 6.112, 16, 9.834], "texture": "#1"},
				"up": {"uv": [0, 0, 1, 16], "texture": "#0"},
				"down": {"uv": [0, 0, 1, 16], "texture": "#3"}
			}
		},
		{
			"from": [0.4, 2.65, 12.5],
			"to": [15.6, 3.15, 13.25],
			"rotation": {"angle": 0, "axis": "y", "origin": [0, -1.95, -15.7]},
			"faces": {
				"north": {"uv": [0, 0, 1, 6.25], "texture": "#1"},
				"east": {"uv": [0, 5.024, 16, 7.786], "texture": "#1"},
				"south": {"uv": [0, 0, 1, 6.25], "texture": "#5"},
				"west": {"uv": [0, 6.112, 16, 9.834], "texture": "#1"},
				"up": {"uv": [0, 0, 1, 16], "texture": "#0"},
				"down": {"uv": [0, 0, 1, 16], "texture": "#3"}
			}
		},
		{
			"from": [10.15, 3.15, 12.5],
			"to": [15.6, 4.4, 13.25],
			"rotation": {"angle": 0, "axis": "y", "origin": [0, -1.95, -15.7]},
			"faces": {
				"north": {"uv": [0, 0, 1, 6.25], "texture": "#1"},
				"east": {"uv": [0, 5.024, 16, 7.786], "texture": "#1"},
				"south": {"uv": [0, 0, 1, 6.25], "texture": "#5"},
				"west": {"uv": [0, 6.112, 16, 9.834], "texture": "#0"},
				"up": {"uv": [0, 0, 1, 16], "texture": "#1"},
				"down": {"uv": [0, 0, 1, 16], "texture": "#3"}
			}
		},
		{
			"from": [0.4, 3.15, 12.5],
			"to": [5.85, 4.4, 13.25],
			"rotation": {"angle": 0, "axis": "y", "origin": [16, -1.95, -15.7]},
			"faces": {
				"north": {"uv": [1, 0, 0, 6.25], "texture": "#1"},
				"east": {"uv": [16, 6.112, 0, 9.834], "texture": "#0"},
				"south": {"uv": [1, 0, 0, 6.25], "texture": "#5"},
				"west": {"uv": [16, 5.024, 0, 7.786], "texture": "#1"},
				"up": {"uv": [1, 0, 0, 16], "texture": "#1"},
				"down": {"uv": [1, 0, 0, 16], "texture": "#3"}
			}
		},
		{
			"from": [0.4, 4.4, 12.6],
			"to": [15.6, 10.85, 13.15],
			"rotation": {"angle": 0, "axis": "y", "origin": [0, -1.95, -15.7]},
			"faces": {
				"north": {"uv": [0, 0, 1, 6.25], "texture": "#6"},
				"east": {"uv": [0, 5.024, 16, 7.786], "texture": "#3"},
				"south": {"uv": [0, 9, 16, 16], "texture": "#16"},
				"west": {"uv": [0, 6.112, 16, 9.834], "texture": "#3"},
				"up": {"uv": [0, 0, 1, 16], "texture": "#1"},
				"down": {"uv": [0, 0, 1, 16], "texture": "#3"}
			}
		},
		{
			"from": [11.125, 17.35, 12.5],
			"to": [12.625, 18.7, 13.35],
			"rotation": {"angle": 0, "axis": "y", "origin": [-0.05, 11, -15.7]},
			"faces": {
				"north": {"uv": [0, 0, 1, 6.25], "texture": "#3"},
				"east": {"uv": [0, 5.024, 16, 7.786], "texture": "#3"},
				"south": {"uv": [0, 0, 1, 6.25], "texture": "#3"},
				"west": {"uv": [0, 6.112, 16, 9.834], "texture": "#3"},
				"up": {"uv": [0, 0, 1, 16], "texture": "#3"},
				"down": {"uv": [0, 0, 1, 16], "texture": "#3"}
			}
		},
		{
			"from": [3.375, 17.35, 12.5],
			"to": [4.875, 18.7, 13.35],
			"rotation": {"angle": 0, "axis": "y", "origin": [-7.8, 11, -15.7]},
			"faces": {
				"north": {"uv": [0, 0, 1, 6.25], "texture": "#3"},
				"east": {"uv": [0, 5.024, 16, 7.786], "texture": "#3"},
				"south": {"uv": [0, 0, 1, 6.25], "texture": "#3"},
				"west": {"uv": [0, 6.112, 16, 9.834], "texture": "#3"},
				"up": {"uv": [0, 0, 1, 16], "texture": "#3"},
				"down": {"uv": [0, 0, 1, 16], "texture": "#3"}
			}
		},
		{
			"from": [0.4, 10.85, 12.6],
			"to": [15.6, 17.3, 13.15],
			"rotation": {"angle": 0, "axis": "y", "origin": [0, 4.5, -15.7]},
			"faces": {
				"north": {"uv": [0, 0, 16, 16], "texture": "#13"},
				"east": {"uv": [0, 5.024, 16, 7.786], "texture": "#3"},
				"south": {"uv": [0, 0, 16, 16], "texture": "#13"},
				"west": {"uv": [0, 6.112, 16, 9.834], "texture": "#3"},
				"up": {"uv": [0, 0, 1, 16], "texture": "#3"},
				"down": {"uv": [0, 0, 1, 16], "texture": "#3"}
			}
		},
		{
			"from": [15.6, 2.65, -16],
			"to": [17.1, 4.4, 12.5],
			"rotation": {"angle": 0, "axis": "y", "origin": [16.6, -1.95, -14.7]},
			"faces": {
				"north": {"uv": [1, 0, 0, 6.25], "texture": "#1"},
				"east": {"uv": [0, 14, 16, 16], "texture": "#12"},
				"south": {"uv": [1, 0, 0, 6.25], "texture": "#5"},
				"west": {"uv": [16, 5.024, 0, 7.786], "texture": "#1"},
				"up": {"uv": [1, 0, 0, 16], "texture": "#2"},
				"down": {"uv": [1, 0, 0, 16], "texture": "#3"}
			}
		},
		{
			"from": [-1.1, 4.4, -16],
			"to": [-0.6, 9.85, -4.7],
			"rotation": {"angle": 0, "axis": "y", "origin": [-0.6, -7.2, -9.4]},
			"faces": {
				"north": {"uv": [0, 0, 1, 6.25], "texture": "#1"},
				"east": {"uv": [0, 5.024, 16, 7.786], "texture": "#1"},
				"south": {"uv": [0, 0, 1, 6.25], "texture": "#1"},
				"west": {"uv": [0, 6.112, 16, 9.834], "texture": "#1"},
				"up": {"uv": [0, 0, 1, 16], "texture": "#1"},
				"down": {"uv": [0, 0, 1, 16], "texture": "#1"}
			}
		},
		{
			"from": [-0.6, 9.85, -16],
			"to": [-0.1, 10.85, -9.7],
			"rotation": {"angle": 0, "axis": "y", "origin": [-0.1, -6.45, -9.4]},
			"faces": {
				"north": {"uv": [0, 0, 1, 6.25], "texture": "#5"},
				"east": {"uv": [0, 5.024, 16, 7.786], "texture": "#1"},
				"south": {"uv": [0, 0, 1, 6.25], "texture": "#1"},
				"west": {"uv": [0, 6.112, 16, 9.834], "texture": "#5"},
				"up": {"uv": [0, 0, 1, 16], "texture": "#1"},
				"down": {"uv": [0, 0, 1, 16], "texture": "#1"}
			}
		},
		{
			"from": [-0.6, 4.4, -16],
			"to": [-0.1, 9.85, -9.7],
			"rotation": {"angle": 0, "axis": "y", "origin": [-0.1, -7.2, -9.4]},
			"faces": {
				"north": {"uv": [0, 0, 1, 6.25], "texture": "#1"},
				"east": {"uv": [0, 5.024, 16, 7.786], "texture": "#1"},
				"south": {"uv": [0, 0, 1, 6.25], "texture": "#1"},
				"west": {"uv": [0, 6.112, 16, 9.834], "texture": "#1"},
				"up": {"uv": [0, 0, 1, 16], "texture": "#1"},
				"down": {"uv": [0, 0, 1, 16], "texture": "#1"}
			}
		},
		{
			"from": [-0.1, 9.85, -16],
			"to": [0.4, 10.85, -4.7],
			"rotation": {"angle": 0, "axis": "y", "origin": [0.4, -6.45, -9.4]},
			"faces": {
				"north": {"uv": [0, 0, 1, 6.25], "texture": "#5"},
				"east": {"uv": [0, 5.024, 16, 7.786], "texture": "#6"},
				"south": {"uv": [0, 0, 1, 6.25], "texture": "#6"},
				"west": {"uv": [0, 6.112, 16, 9.834], "texture": "#1"},
				"up": {"uv": [0, 0, 1, 16], "texture": "#1"},
				"down": {"uv": [0, 0, 1, 16], "texture": "#1"}
			}
		},
		{
			"from": [15.85, 10.85, -16],
			"to": [16.85, 17.35, -9.95],
			"rotation": {"angle": 0, "axis": "y", "origin": [15.1, -5.45, -9.4]},
			"faces": {
				"north": {"uv": [13.5, 5, 14.5, 11.25], "texture": "#13"},
				"east": {"uv": [0, 0, 8, 16], "texture": "#13"},
				"south": {"uv": [0, 0, 1, 6.25], "texture": "#13"},
				"west": {"uv": [8, 0, 16, 16], "texture": "#13"},
				"up": {"uv": [0, 0, 1, 16], "texture": "#13"},
				"down": {"uv": [0, 0, 1, 16], "texture": "#13"}
			}
		},
		{
			"from": [-0.85, 10.85, -16],
			"to": [0.15, 17.35, -9.95],
			"rotation": {"angle": 0, "axis": "y", "origin": [-1.6, -5.45, -9.4]},
			"faces": {
				"north": {"uv": [13.5, 5, 14.5, 11.25], "texture": "#13"},
				"east": {"uv": [0, 0, 8, 16], "texture": "#13"},
				"south": {"uv": [0, 0, 1, 6.25], "texture": "#13"},
				"west": {"uv": [8, 0, 16, 16], "texture": "#13"},
				"up": {"uv": [0, 0, 1, 16], "texture": "#13"},
				"down": {"uv": [0, 0, 1, 16], "texture": "#13"}
			}
		},
		{
			"from": [0.4, 9.1, -10.25],
			"to": [0.65, 9.4, -7.25],
			"rotation": {"angle": 0, "axis": "y", "origin": [2.9, -7.9, -3.65]},
			"faces": {
				"north": {"uv": [0, 0, 16, 16], "texture": "#4"},
				"east": {"uv": [0, 5.024, 16, 7.786], "texture": "#4"},
				"south": {"uv": [0, 0, 1, 6.25], "texture": "#4"},
				"west": {"uv": [0, 6.112, 16, 9.834], "texture": "#4"},
				"up": {"uv": [0, 0, 16, 16], "texture": "#4"},
				"down": {"uv": [0, 0, 1, 16], "texture": "#4"}
			}
		},
		{
			"from": [0.65, 0.78333, -7.03028],
			"to": [3.4, 5.78333, -6.23028],
			"rotation": {"angle": 22.5, "axis": "x", "origin": [3.15, 7.38333, 10.26972]},
			"faces": {
				"north": {"uv": [0, 0, 16, 16], "rotation": 180, "texture": "#10"},
				"east": {"uv": [0, 5.024, 16, 7.786], "rotation": 90, "texture": "#10"},
				"south": {"uv": [0, 0, 1, 16], "texture": "#10"},
				"west": {"uv": [0, 6.112, 16, 9.834], "rotation": 270, "texture": "#10"},
				"up": {"uv": [0, 0, 1, 6.25], "texture": "#10"},
				"down": {"uv": [0, 0, 16, 16], "rotation": 180, "texture": "#10"}
			}
		},
		{
			"from": [0.65, 7.6, -10.25],
			"to": [3.4, 8.4, -7.5],
			"rotation": {"angle": 0, "axis": "y", "origin": [3.15, -8.9, -3.65]},
			"faces": {
				"north": {"uv": [0, 0, 16, 16], "texture": "#10"},
				"east": {"uv": [0, 5.024, 16, 7.786], "texture": "#10"},
				"south": {"uv": [0, 0, 1, 6.25], "texture": "#10"},
				"west": {"uv": [0, 6.112, 16, 9.834], "texture": "#10"},
				"up": {"uv": [0, 0, 16, 16], "texture": "#10"},
				"down": {"uv": [0, 0, 1, 16], "texture": "#10"}
			}
		},
		{
			"from": [3.4, 9.1, -10.25],
			"to": [3.65, 9.4, -7.25],
			"rotation": {"angle": 0, "axis": "y", "origin": [5.9, -7.9, -3.65]},
			"faces": {
				"north": {"uv": [0, 0, 16, 16], "texture": "#4"},
				"east": {"uv": [0, 5.024, 16, 7.786], "texture": "#4"},
				"south": {"uv": [0, 0, 1, 6.25], "texture": "#4"},
				"west": {"uv": [0, 6.112, 16, 9.834], "texture": "#4"},
				"up": {"uv": [0, 0, 16, 16], "texture": "#4"},
				"down": {"uv": [0, 0, 1, 16], "texture": "#4"}
			}
		},
		{
			"from": [3.65, 0.78333, -7.03028],
			"to": [6.4, 5.78333, -6.23028],
			"rotation": {"angle": 22.5, "axis": "x", "origin": [6.15, 7.38333, 10.26972]},
			"faces": {
				"north": {"uv": [0, 0, 16, 16], "rotation": 180, "texture": "#10"},
				"east": {"uv": [0, 5.024, 16, 7.786], "rotation": 90, "texture": "#10"},
				"south": {"uv": [0, 0, 1, 16], "texture": "#10"},
				"west": {"uv": [0, 6.112, 16, 9.834], "rotation": 270, "texture": "#10"},
				"up": {"uv": [0, 0, 1, 6.25], "texture": "#10"},
				"down": {"uv": [0, 0, 16, 16], "rotation": 180, "texture": "#10"}
			}
		},
		{
			"from": [3.65, 7.6, -10.25],
			"to": [6.4, 8.4, -7.5],
			"rotation": {"angle": 0, "axis": "y", "origin": [6.15, -8.9, -3.65]},
			"faces": {
				"north": {"uv": [0, 0, 16, 16], "texture": "#10"},
				"east": {"uv": [0, 5.024, 16, 7.786], "texture": "#10"},
				"south": {"uv": [0, 0, 1, 6.25], "texture": "#10"},
				"west": {"uv": [0, 6.112, 16, 9.834], "texture": "#10"},
				"up": {"uv": [0, 0, 16, 16], "texture": "#10"},
				"down": {"uv": [0, 0, 1, 16], "texture": "#10"}
			}
		},
		{
			"from": [6.4, 9.1, -10.25],
			"to": [6.65, 9.4, -7.25],
			"rotation": {"angle": 0, "axis": "y", "origin": [8.9, -7.9, -3.65]},
			"faces": {
				"north": {"uv": [0, 0, 16, 16], "texture": "#4"},
				"east": {"uv": [0, 5.024, 16, 7.786], "texture": "#4"},
				"south": {"uv": [0, 0, 1, 6.25], "texture": "#4"},
				"west": {"uv": [0, 6.112, 16, 9.834], "texture": "#4"},
				"up": {"uv": [0, 0, 16, 16], "texture": "#4"},
				"down": {"uv": [0, 0, 1, 16], "texture": "#4"}
			}
		},
		{
			"from": [9.35, 9.1, -10.25],
			"to": [9.6, 9.4, -7.25],
			"rotation": {"angle": 0, "axis": "y", "origin": [11.85, -7.9, -3.65]},
			"faces": {
				"north": {"uv": [0, 0, 16, 16], "texture": "#4"},
				"east": {"uv": [0, 5.024, 16, 7.786], "texture": "#4"},
				"south": {"uv": [0, 0, 1, 6.25], "texture": "#4"},
				"west": {"uv": [0, 6.112, 16, 9.834], "texture": "#4"},
				"up": {"uv": [0, 0, 16, 16], "texture": "#4"},
				"down": {"uv": [0, 0, 1, 16], "texture": "#4"}
			}
		},
		{
			"from": [9.6, 0.78333, -7.03028],
			"to": [12.35, 5.78333, -6.23028],
			"rotation": {"angle": 22.5, "axis": "x", "origin": [12.1, 7.38333, 10.26972]},
			"faces": {
				"north": {"uv": [0, 0, 16, 16], "rotation": 180, "texture": "#10"},
				"east": {"uv": [0, 5.024, 16, 7.786], "rotation": 90, "texture": "#10"},
				"south": {"uv": [0, 0, 1, 16], "texture": "#10"},
				"west": {"uv": [0, 6.112, 16, 9.834], "rotation": 270, "texture": "#10"},
				"up": {"uv": [0, 0, 1, 6.25], "texture": "#10"},
				"down": {"uv": [0, 0, 16, 16], "rotation": 180, "texture": "#10"}
			}
		},
		{
			"from": [9.6, 7.6, -10.25],
			"to": [12.35, 8.4, -7.5],
			"rotation": {"angle": 0, "axis": "y", "origin": [12.1, -8.9, -3.65]},
			"faces": {
				"north": {"uv": [0, 0, 16, 16], "texture": "#10"},
				"east": {"uv": [0, 5.024, 16, 7.786], "texture": "#10"},
				"south": {"uv": [0, 0, 1, 6.25], "texture": "#10"},
				"west": {"uv": [0, 6.112, 16, 9.834], "texture": "#10"},
				"up": {"uv": [0, 0, 16, 16], "texture": "#10"},
				"down": {"uv": [0, 0, 1, 16], "texture": "#10"}
			}
		},
		{
			"from": [12.35, 9.1, -10.25],
			"to": [12.6, 9.4, -7.25],
			"rotation": {"angle": 0, "axis": "y", "origin": [14.85, -7.9, -3.65]},
			"faces": {
				"north": {"uv": [0, 0, 16, 16], "texture": "#4"},
				"east": {"uv": [0, 5.024, 16, 7.786], "texture": "#4"},
				"south": {"uv": [0, 0, 1, 6.25], "texture": "#4"},
				"west": {"uv": [0, 6.112, 16, 9.834], "texture": "#4"},
				"up": {"uv": [0, 0, 16, 16], "texture": "#4"},
				"down": {"uv": [0, 0, 1, 16], "texture": "#4"}
			}
		},
		{
			"from": [12.6, 0.78333, -7.03028],
			"to": [15.35, 5.78333, -6.23028],
			"rotation": {"angle": 22.5, "axis": "x", "origin": [15.1, 7.38333, 10.26972]},
			"faces": {
				"north": {"uv": [0, 0, 16, 16], "rotation": 180, "texture": "#10"},
				"east": {"uv": [0, 5.024, 16, 7.786], "rotation": 90, "texture": "#10"},
				"south": {"uv": [0, 0, 1, 16], "texture": "#10"},
				"west": {"uv": [0, 6.112, 16, 9.834], "rotation": 270, "texture": "#10"},
				"up": {"uv": [0, 0, 1, 6.25], "texture": "#10"},
				"down": {"uv": [0, 0, 16, 16], "rotation": 180, "texture": "#10"}
			}
		},
		{
			"from": [12.6, 7.6, -10.25],
			"to": [15.35, 8.4, -7.5],
			"rotation": {"angle": 0, "axis": "y", "origin": [15.1, -8.9, -3.65]},
			"faces": {
				"north": {"uv": [0, 0, 16, 16], "texture": "#10"},
				"east": {"uv": [0, 5.024, 16, 7.786], "texture": "#10"},
				"south": {"uv": [0, 0, 1, 6.25], "texture": "#10"},
				"west": {"uv": [0, 6.112, 16, 9.834], "texture": "#10"},
				"up": {"uv": [0, 0, 16, 16], "texture": "#10"},
				"down": {"uv": [0, 0, 1, 16], "texture": "#10"}
			}
		},
		{
			"from": [11.1, 7.6, 5.75],
			"to": [13.85, 12.4, 6.25],
			"rotation": {"angle": 0, "axis": "y", "origin": [13.6, -8.9, 12.85]},
			"faces": {
				"north": {"uv": [0, 0, 16, 16], "texture": "#10"},
				"east": {"uv": [0, 5.024, 16, 7.786], "texture": "#10"},
				"south": {"uv": [0, 0, 16, 16], "texture": "#10"},
				"west": {"uv": [0, 6.112, 16, 9.834], "texture": "#10"},
				"up": {"uv": [0, 0, 16, 16], "texture": "#10"},
				"down": {"uv": [0, 0, 1, 16], "texture": "#6"}
			}
		},
		{
			"from": [11.1, 7.6, 6.25],
			"to": [13.85, 8.4, 9],
			"rotation": {"angle": 0, "axis": "y", "origin": [13.6, -8.9, 12.85]},
			"faces": {
				"north": {"uv": [0, 0, 16, 16], "texture": "#10"},
				"east": {"uv": [0, 5.024, 16, 7.786], "texture": "#10"},
				"south": {"uv": [0, 0, 1, 6.25], "texture": "#10"},
				"west": {"uv": [0, 6.112, 16, 9.834], "texture": "#10"},
				"up": {"uv": [0, 0, 16, 16], "texture": "#10"},
				"down": {"uv": [0, 0, 1, 16], "texture": "#6"}
			}
		},
		{
			"from": [5.1, 7.6, 5.75],
			"to": [7.85, 12.4, 6.25],
			"rotation": {"angle": 0, "axis": "y", "origin": [7.6, -8.9, 12.85]},
			"faces": {
				"north": {"uv": [0, 0, 16, 16], "texture": "#10"},
				"east": {"uv": [0, 5.024, 16, 7.786], "texture": "#10"},
				"south": {"uv": [0, 0, 16, 16], "texture": "#10"},
				"west": {"uv": [0, 6.112, 16, 9.834], "texture": "#10"},
				"up": {"uv": [0, 0, 16, 16], "texture": "#10"},
				"down": {"uv": [0, 0, 1, 16], "texture": "#6"}
			}
		},
		{
			"from": [5.1, 7.6, 6.25],
			"to": [7.85, 10.35, 7.05],
			"rotation": {"angle": 0, "axis": "y", "origin": [7.6, 14.2, 23.55]},
			"faces": {
				"north": {"uv": [0, 0, 16, 16], "rotation": 180, "texture": "#10"},
				"east": {"uv": [0, 5.024, 16, 7.786], "rotation": 90, "texture": "#10"},
				"south": {"uv": [0, 0, 1, 16], "texture": "#6"},
				"west": {"uv": [0, 6.112, 16, 9.834], "rotation": 270, "texture": "#10"},
				"up": {"uv": [0, 0, 1, 6.25], "texture": "#10"},
				"down": {"uv": [0, 0, 16, 16], "rotation": 180, "texture": "#10"}
			}
		},
		{
			"from": [15.35, 9.1, -10.25],
			"to": [15.6, 9.4, -7.25],
			"rotation": {"angle": 0, "axis": "y", "origin": [17.85, -7.9, -3.65]},
			"faces": {
				"north": {"uv": [0, 0, 16, 16], "texture": "#4"},
				"east": {"uv": [0, 5.024, 16, 7.786], "texture": "#4"},
				"south": {"uv": [0, 0, 1, 6.25], "texture": "#4"},
				"west": {"uv": [0, 6.112, 16, 9.834], "texture": "#4"},
				"up": {"uv": [0, 0, 16, 16], "texture": "#4"},
				"down": {"uv": [0, 0, 1, 16], "texture": "#4"}
			}
		},
		{
			"from": [14.6, 4.35, -10],
			"to": [15.1, 7.6, -7.75],
			"rotation": {"angle": 0, "axis": "y", "origin": [15.1, -8.9, -3.65]},
			"faces": {
				"north": {"uv": [0, 0, 16, 16], "texture": "#6"},
				"east": {"uv": [0, 5.024, 16, 7.786], "texture": "#6"},
				"south": {"uv": [0, 0, 1, 6.25], "texture": "#6"},
				"west": {"uv": [0, 6.112, 16, 9.834], "texture": "#6"},
				"up": {"uv": [0, 0, 16, 16], "texture": "#6"},
				"down": {"uv": [0, 0, 1, 16], "texture": "#6"}
			}
		},
		{
			"from": [10.35, 6.6, -10],
			"to": [14.6, 7.6, -7.75],
			"rotation": {"angle": 0, "axis": "y", "origin": [12.1, -8.9, -3.65]},
			"faces": {
				"north": {"uv": [0, 0, 16, 16], "texture": "#6"},
				"east": {"uv": [0, 5.024, 16, 7.786], "texture": "#6"},
				"south": {"uv": [0, 0, 1, 6.25], "texture": "#6"},
				"west": {"uv": [0, 6.112, 16, 9.834], "texture": "#6"},
				"up": {"uv": [0, 0, 16, 16], "texture": "#6"},
				"down": {"uv": [0, 0, 1, 16], "texture": "#6"}
			}
		},
		{
			"from": [9.85, 4.35, -10],
			"to": [10.35, 7.6, -7.75],
			"rotation": {"angle": 0, "axis": "y", "origin": [12.1, -8.9, -3.65]},
			"faces": {
				"north": {"uv": [0, 0, 16, 16], "texture": "#6"},
				"east": {"uv": [0, 5.024, 16, 7.786], "texture": "#6"},
				"south": {"uv": [0, 0, 1, 6.25], "texture": "#6"},
				"west": {"uv": [0, 6.112, 16, 9.834], "texture": "#6"},
				"up": {"uv": [0, 0, 16, 16], "texture": "#6"},
				"down": {"uv": [0, 0, 1, 16], "texture": "#6"}
			}
		},
		{
			"from": [5.65, 4.35, -10],
			"to": [6.15, 7.6, -7.75],
			"rotation": {"angle": 0, "axis": "y", "origin": [6.15, -8.9, -3.65]},
			"faces": {
				"north": {"uv": [0, 0, 16, 16], "texture": "#6"},
				"east": {"uv": [0, 5.024, 16, 7.786], "texture": "#6"},
				"south": {"uv": [0, 0, 1, 6.25], "texture": "#6"},
				"west": {"uv": [0, 6.112, 16, 9.834], "texture": "#6"},
				"up": {"uv": [0, 0, 16, 16], "texture": "#6"},
				"down": {"uv": [0, 0, 1, 16], "texture": "#6"}
			}
		},
		{
			"from": [1.4, 6.6, -10],
			"to": [5.65, 7.6, -7.75],
			"rotation": {"angle": 0, "axis": "y", "origin": [6.15, -8.9, -3.65]},
			"faces": {
				"north": {"uv": [0, 0, 16, 16], "texture": "#6"},
				"east": {"uv": [0, 5.024, 16, 7.786], "texture": "#6"},
				"south": {"uv": [0, 0, 1, 6.25], "texture": "#6"},
				"west": {"uv": [0, 6.112, 16, 9.834], "texture": "#6"},
				"up": {"uv": [0, 0, 16, 16], "texture": "#6"},
				"down": {"uv": [0, 0, 1, 16], "texture": "#6"}
			}
		},
		{
			"from": [0.9, 4.35, -10],
			"to": [1.4, 7.6, -7.75],
			"rotation": {"angle": 0, "axis": "y", "origin": [3.15, -8.9, -3.65]},
			"faces": {
				"north": {"uv": [0, 0, 16, 16], "texture": "#6"},
				"east": {"uv": [0, 5.024, 16, 7.786], "texture": "#6"},
				"south": {"uv": [0, 0, 1, 6.25], "texture": "#6"},
				"west": {"uv": [0, 6.112, 16, 9.834], "texture": "#6"},
				"up": {"uv": [0, 0, 16, 16], "texture": "#6"},
				"down": {"uv": [0, 0, 1, 16], "texture": "#6"}
			}
		},
		{
			"from": [-0.1, 10.85, -9.95],
			"to": [0.4, 17.35, -4.7],
			"rotation": {"angle": 0, "axis": "y", "origin": [0.4, -5.45, -9.4]},
			"faces": {
				"north": {"uv": [0, 0, 1, 6.25], "texture": "#1"},
				"east": {"uv": [0, 5.024, 16, 7.786], "texture": "#6"},
				"south": {"uv": [0, 0, 1, 6.25], "texture": "#6"},
				"west": {"uv": [0, 6.112, 16, 9.834], "texture": "#1"},
				"up": {"uv": [0, 0, 1, 16], "texture": "#1"},
				"down": {"uv": [0, 0, 1, 16], "texture": "#1"}
			}
		},
		{
			"from": [-0.1, 4.4, -16],
			"to": [0.4, 9.85, -4.7],
			"rotation": {"angle": 0, "axis": "y", "origin": [0.4, -7.2, -9.4]},
			"faces": {
				"north": {"uv": [0, 0, 1, 6.25], "texture": "#1"},
				"east": {"uv": [0, 5.024, 16, 7.786], "texture": "#6"},
				"south": {"uv": [0, 0, 1, 6.25], "texture": "#6"},
				"west": {"uv": [0, 6.112, 16, 9.834], "texture": "#1"},
				"up": {"uv": [0, 0, 1, 16], "texture": "#1"},
				"down": {"uv": [0, 0, 1, 16], "texture": "#1"}
			}
		},
		{
			"from": [-0.1, 4.4, 4.95],
			"to": [0.4, 9.85, 10],
			"rotation": {"angle": 0, "axis": "y", "origin": [-0.6, -7.2, 5.2]},
			"faces": {
				"north": {"uv": [0, 0, 1, 6.25], "texture": "#6"},
				"east": {"uv": [0, 5.024, 16, 7.786], "texture": "#6"},
				"south": {"uv": [0, 0, 1, 6.25], "texture": "#1"},
				"west": {"uv": [0, 6.112, 16, 9.834], "texture": "#1"},
				"up": {"uv": [0, 0, 1, 16], "texture": "#1"},
				"down": {"uv": [0, 0, 1, 16], "texture": "#1"}
			}
		},
		{
			"from": [15.6, 4.4, 4.95],
			"to": [16.1, 9.85, 10],
			"rotation": {"angle": 0, "axis": "y", "origin": [16.6, -7.2, 5.2]},
			"faces": {
				"north": {"uv": [1, 0, 0, 6.25], "texture": "#6"},
				"east": {"uv": [16, 6.112, 0, 9.834], "texture": "#1"},
				"south": {"uv": [1, 0, 0, 6.25], "texture": "#1"},
				"west": {"uv": [16, 5.024, 0, 7.786], "texture": "#6"},
				"up": {"uv": [1, 0, 0, 16], "texture": "#1"},
				"down": {"uv": [1, 0, 0, 16], "texture": "#1"}
			}
		},
		{
			"from": [4.35, 4.4, 5.2],
			"to": [15.6, 10.6, 5.75],
			"rotation": {"angle": 0, "axis": "y", "origin": [15.6, -7.2, 5.2]},
			"faces": {
				"north": {"uv": [1, 0, 0, 6.25], "texture": "#6"},
				"east": {"uv": [16, 6.112, 0, 9.834], "texture": "#1"},
				"south": {"uv": [1, 0, 0, 6.25], "texture": "#6"},
				"west": {"uv": [16, 5.024, 0, 7.786], "texture": "#6"},
				"up": {"uv": [1, 0, 0, 16], "texture": "#6"},
				"down": {"uv": [1, 0, 0, 16], "texture": "#1"}
			}
		},
		{
			"from": [0.35, 4.4, 5.3],
			"to": [4.35, 10.6, 5.65],
			"rotation": {"angle": 0, "axis": "y", "origin": [15.6, -7.2, 5.2]},
			"faces": {
				"north": {"uv": [1, 0, 0, 6.25], "texture": "#6"},
				"east": {"uv": [16, 6.112, 0, 9.834], "texture": "#1"},
				"south": {"uv": [1, 0, 0, 6.25], "texture": "#6"},
				"west": {"uv": [16, 5.024, 0, 7.786], "texture": "#6"},
				"up": {"uv": [1, 0, 0, 16], "texture": "#6"},
				"down": {"uv": [1, 0, 0, 16], "texture": "#1"}
			}
		},
		{
			"from": [0.85, 9.4, 5.2],
			"to": [1.85, 9.6, 5.75],
			"rotation": {"angle": 0, "axis": "y", "origin": [15.6, -5.2, 5.2]},
			"faces": {
				"north": {"uv": [1, 0, 0, 6.25], "texture": "#4"},
				"east": {"uv": [16, 6.112, 0, 9.834], "texture": "#4"},
				"south": {"uv": [1, 0, 0, 6.25], "texture": "#4"},
				"west": {"uv": [16, 5.024, 0, 7.786], "texture": "#4"},
				"up": {"uv": [1, 0, 0, 16], "texture": "#4"},
				"down": {"uv": [1, 0, 0, 16], "texture": "#4"}
			}
		},
		{
			"from": [0.85, 9.2, 5.2],
			"to": [1.15, 9.4, 5.75],
			"rotation": {"angle": 0, "axis": "y", "origin": [15.6, -5.4, 5.2]},
			"faces": {
				"north": {"uv": [1, 0, 0, 6.25], "texture": "#4"},
				"east": {"uv": [16, 6.112, 0, 9.834], "texture": "#4"},
				"south": {"uv": [1, 0, 0, 6.25], "texture": "#4"},
				"west": {"uv": [16, 5.024, 0, 7.786], "texture": "#4"},
				"up": {"uv": [1, 0, 0, 16], "texture": "#4"},
				"down": {"uv": [1, 0, 0, 16], "texture": "#4"}
			}
		},
		{
			"from": [0.35, 17.15, 5.3],
			"to": [4.35, 17.35, 5.65],
			"rotation": {"angle": 0, "axis": "y", "origin": [15.6, 2.55, 5.2]},
			"faces": {
				"north": {"uv": [1, 0, 0, 6.25], "texture": "#6"},
				"east": {"uv": [16, 6.112, 0, 9.834], "texture": "#1"},
				"south": {"uv": [1, 0, 0, 6.25], "texture": "#1"},
				"west": {"uv": [16, 5.024, 0, 7.786], "texture": "#6"},
				"up": {"uv": [1, 0, 0, 16], "texture": "#6"},
				"down": {"uv": [1, 0, 0, 16], "texture": "#1"}
			}
		},
		{
			"from": [0.6, 10.6, 5.3],
			"to": [4.1, 17.15, 5.65],
			"rotation": {"angle": 0, "axis": "y", "origin": [15.6, -1, 5.2]},
			"faces": {
				"north": {"uv": [16, 0, 0, 16], "texture": "#13"},
				"east": {"uv": [16, 6.112, 0, 9.834], "texture": "#13"},
				"south": {"uv": [16, 0, 0, 16], "texture": "#13"},
				"west": {"uv": [16, 5.024, 0, 7.786], "texture": "#13"},
				"up": {"uv": [1, 0, 0, 16], "texture": "#13"},
				"down": {"uv": [1, 0, 0, 16], "texture": "#13"}
			}
		},
		{
			"from": [4.1, 10.6, 5.3],
			"to": [4.35, 17.15, 5.65],
			"rotation": {"angle": 0, "axis": "y", "origin": [15.6, -1, 5.2]},
			"faces": {
				"north": {"uv": [16, 0, 0, 16], "texture": "#6"},
				"east": {"uv": [16, 6.112, 0, 9.834], "texture": "#6"},
				"south": {"uv": [16, 0, 0, 16], "texture": "#6"},
				"west": {"uv": [16, 5.024, 0, 7.786], "texture": "#6"},
				"up": {"uv": [1, 0, 0, 16], "texture": "#6"},
				"down": {"uv": [1, 0, 0, 16], "texture": "#6"}
			}
		},
		{
			"from": [0.35, 10.6, 5.3],
			"to": [0.6, 17.15, 5.65],
			"rotation": {"angle": 0, "axis": "y", "origin": [11.85, -1, 5.2]},
			"faces": {
				"north": {"uv": [16, 0, 0, 16], "texture": "#6"},
				"east": {"uv": [16, 6.112, 0, 9.834], "texture": "#6"},
				"south": {"uv": [16, 0, 0, 16], "texture": "#6"},
				"west": {"uv": [16, 5.024, 0, 7.786], "texture": "#6"},
				"up": {"uv": [1, 0, 0, 16], "texture": "#6"},
				"down": {"uv": [1, 0, 0, 16], "texture": "#6"}
			}
		},
		{
			"from": [4.6, 10.6, 5.2],
			"to": [15.35, 17.35, 5.75],
			"rotation": {"angle": 0, "axis": "y", "origin": [16.6, 0, 5.2]},
			"faces": {
				"north": {"uv": [16, 0, 0, 16], "texture": "#13"},
				"east": {"uv": [16, 6.112, 0, 9.834], "texture": "#13"},
				"south": {"uv": [16, 0, 0, 16], "texture": "#13"},
				"west": {"uv": [16, 5.024, 0, 7.786], "texture": "#13"},
				"up": {"uv": [1, 0, 0, 16], "texture": "#13"},
				"down": {"uv": [1, 0, 0, 16], "texture": "#13"}
			}
		},
		{
			"from": [0.35, 17.35, 5.2],
			"to": [15.6, 21.3, 5.75],
			"rotation": {"angle": 0, "axis": "y", "origin": [15.6, 0, 5.2]},
			"faces": {
				"north": {"uv": [1, 0, 0, 6.25], "texture": "#6"},
				"east": {"uv": [16, 6.112, 0, 9.834], "texture": "#1"},
				"south": {"uv": [1, 0, 0, 6.25], "texture": "#6"},
				"west": {"uv": [16, 5.024, 0, 7.786], "texture": "#6"},
				"up": {"uv": [1, 0, 0, 16], "texture": "#1"},
				"down": {"uv": [1, 0, 0, 16], "texture": "#6"}
			}
		},
		{
			"from": [0.35, 17.85, 5.75],
			"to": [15.6, 18.05, 12.75],
			"rotation": {"angle": 0, "axis": "y", "origin": [15.6, 0, 5.2]},
			"faces": {
				"north": {"uv": [1, 0, 0, 6.25], "texture": "#6"},
				"east": {"uv": [16, 6.112, 0, 9.834], "texture": "#1"},
				"south": {"uv": [1, 0, 0, 6.25], "texture": "#6"},
				"west": {"uv": [16, 5.024, 0, 7.786], "texture": "#6"},
				"up": {"uv": [1, 0, 0, 16], "texture": "#1"},
				"down": {"uv": [1, 0, 0, 16], "texture": "#6"}
			}
		},
		{
			"from": [15.35, 10.6, 5.2],
			"to": [15.6, 17.35, 5.75],
			"rotation": {"angle": 0, "axis": "y", "origin": [16.6, -7.2, 5.2]},
			"faces": {
				"north": {"uv": [1, 0, 0, 6.25], "texture": "#6"},
				"east": {"uv": [16, 6.112, 0, 9.834], "texture": "#1"},
				"south": {"uv": [1, 0, 0, 6.25], "texture": "#6"},
				"west": {"uv": [16, 5.024, 0, 7.786], "texture": "#6"},
				"up": {"uv": [1, 0, 0, 16], "texture": "#1"},
				"down": {"uv": [1, 0, 0, 16], "texture": "#1"}
			}
		},
		{
			"from": [4.35, 10.6, 5.2],
			"to": [4.6, 17.35, 5.75],
			"rotation": {"angle": 0, "axis": "y", "origin": [5.6, -7.2, 5.2]},
			"faces": {
				"north": {"uv": [1, 0, 0, 6.25], "texture": "#6"},
				"east": {"uv": [16, 6.112, 0, 9.834], "texture": "#1"},
				"south": {"uv": [1, 0, 0, 6.25], "texture": "#6"},
				"west": {"uv": [16, 5.024, 0, 7.786], "texture": "#6"},
				"up": {"uv": [1, 0, 0, 16], "texture": "#1"},
				"down": {"uv": [1, 0, 0, 16], "texture": "#1"}
			}
		},
		{
			"from": [-1.1, 2.65, 12.5],
			"to": [0.4, 17.35, 13.25],
			"rotation": {"angle": 0, "axis": "y", "origin": [-1.6, -5.45, 11.5]},
			"faces": {
				"north": {"uv": [0, 0, 1, 6.25], "texture": "#1"},
				"east": {"uv": [0, 5.024, 16, 7.786], "texture": "#1"},
				"south": {"uv": [0, 0, 1, 6.25], "texture": "#5"},
				"west": {"uv": [0, 6.112, 16, 9.834], "texture": "#5"},
				"up": {"uv": [0, 0, 1, 16], "texture": "#5"},
				"down": {"uv": [0, 0, 1, 16], "texture": "#3"}
			}
		},
		{
			"from": [-1.1, 17.43009, 16.40264],
			"to": [0.4, 19.73009, 17.15264],
			"rotation": {"angle": -22.5, "axis": "x", "origin": [-1.6, 7.58009, 15.40264]},
			"faces": {
				"north": {"uv": [0, 0, 1, 6.25], "texture": "#1"},
				"east": {"uv": [0, 5.024, 16, 7.786], "texture": "#1"},
				"south": {"uv": [0, 0, 1, 6.25], "texture": "#5"},
				"west": {"uv": [0, 6.112, 16, 9.834], "texture": "#5"},
				"up": {"uv": [0, 0, 1, 16], "texture": "#5"},
				"down": {"uv": [0, 0, 1, 16], "texture": "#1"}
			}
		},
		{
			"from": [0.4, 21.12248, 19.09739],
			"to": [15.6, 23.52248, 19.84739],
			"rotation": {"angle": -45, "axis": "x", "origin": [-1.6, 11.27248, 18.09739]},
			"faces": {
				"north": {"uv": [0, 0, 1, 6.25], "texture": "#6"},
				"east": {"uv": [0, 5.024, 16, 7.786], "texture": "#1"},
				"south": {"uv": [0, 0, 1, 6.25], "texture": "#5"},
				"west": {"uv": [0, 6.112, 16, 9.834], "texture": "#5"},
				"up": {"uv": [0, 0, 1, 16], "texture": "#5"},
				"down": {"uv": [0, 0, 1, 16], "texture": "#1"}
			}
		},
		{
			"from": [0.4, 16.78576, 6.95329],
			"to": [15.6, 17.53576, 9.25329],
			"rotation": {"angle": 22.5, "axis": "x", "origin": [-1.6, 15.78576, 19.10329]},
			"faces": {
				"north": {"uv": [0, 0, 1, 16], "rotation": 180, "texture": "#5"},
				"east": {"uv": [0, 5.024, 16, 7.786], "rotation": 90, "texture": "#1"},
				"south": {"uv": [0, 0, 1, 16], "texture": "#1"},
				"west": {"uv": [0, 6.112, 16, 9.834], "rotation": 270, "texture": "#5"},
				"up": {"uv": [0, 0, 1, 6.25], "texture": "#5"},
				"down": {"uv": [0, 0, 1, 6.25], "rotation": 180, "texture": "#6"}
			}
		},
		{
			"from": [0.4, 17.43009, 16.40264],
			"to": [15.6, 19.73009, 17.15264],
			"rotation": {"angle": -22.5, "axis": "x", "origin": [-1.6, 7.58009, 15.40264]},
			"faces": {
				"north": {"uv": [0, 0, 1, 6.25], "texture": "#6"},
				"east": {"uv": [0, 5.024, 16, 7.786], "texture": "#1"},
				"south": {"uv": [0, 0, 1, 6.25], "texture": "#5"},
				"west": {"uv": [0, 6.112, 16, 9.834], "texture": "#5"},
				"up": {"uv": [0, 0, 1, 16], "texture": "#5"},
				"down": {"uv": [0, 0, 1, 16], "texture": "#1"}
			}
		},
		{
			"from": [-1.1, 21.12248, 19.09739],
			"to": [0.4, 23.52248, 19.84739],
			"rotation": {"angle": -45, "axis": "x", "origin": [-1.6, 11.27248, 18.09739]},
			"faces": {
				"north": {"uv": [0, 0, 1, 6.25], "texture": "#1"},
				"east": {"uv": [0, 5.024, 16, 7.786], "texture": "#1"},
				"south": {"uv": [0, 0, 1, 6.25], "texture": "#5"},
				"west": {"uv": [0, 6.112, 16, 9.834], "texture": "#5"},
				"up": {"uv": [0, 0, 1, 16], "texture": "#5"},
				"down": {"uv": [0, 0, 1, 16], "texture": "#1"}
			}
		},
		{
			"from": [-1.1, 15.78576, 6.95329],
			"to": [0.4, 17.53576, 9.25329],
			"rotation": {"angle": 22.5, "axis": "x", "origin": [-1.6, 15.78576, 19.10329]},
			"faces": {
				"north": {"uv": [0, 0, 1, 16], "rotation": 180, "texture": "#5"},
				"east": {"uv": [0, 5.024, 16, 7.786], "rotation": 90, "texture": "#1"},
				"south": {"uv": [0, 0, 1, 16], "texture": "#1"},
				"west": {"uv": [0, 6.112, 16, 9.834], "rotation": 270, "texture": "#5"},
				"up": {"uv": [0, 0, 1, 6.25], "texture": "#5"},
				"down": {"uv": [0, 0, 1, 6.25], "rotation": 180, "texture": "#1"}
			}
		},
		{
			"from": [-1.1, 19.55215, 6.24785],
			"to": [0.4, 22.05215, 8.54785],
			"rotation": {"angle": 0, "axis": "x", "origin": [-1.6, 20.30215, 18.39785]},
			"faces": {
				"north": {"uv": [0, 0, 1, 16], "rotation": 180, "texture": "#5"},
				"east": {"uv": [0, 5.024, 16, 7.786], "rotation": 90, "texture": "#1"},
				"south": {"uv": [0, 0, 1, 16], "texture": "#1"},
				"west": {"uv": [0, 6.112, 16, 9.834], "rotation": 270, "texture": "#5"},
				"up": {"uv": [0, 0, 1, 6.25], "texture": "#5"},
				"down": {"uv": [0, 0, 1, 6.25], "rotation": 180, "texture": "#1"}
			}
		},
		{
			"from": [-1.1, 19.55215, 4.74785],
			"to": [0.4, 21.30215, 6.24785],
			"rotation": {"angle": 0, "axis": "y", "origin": [-1.6, 20.30215, 18.39785]},
			"faces": {
				"north": {"uv": [0, 0, 1, 16], "rotation": 180, "texture": "#5"},
				"east": {"uv": [0, 5.024, 16, 7.786], "rotation": 90, "texture": "#1"},
				"south": {"uv": [0, 0, 1, 16], "texture": "#1"},
				"west": {"uv": [0, 6.112, 16, 9.834], "rotation": 270, "texture": "#5"},
				"up": {"uv": [0, 0, 1, 6.25], "texture": "#5"},
				"down": {"uv": [0, 0, 1, 6.25], "rotation": 180, "texture": "#1"}
			}
		},
		{
			"from": [-1.1, 19.55215, 2.74785],
			"to": [0.4, 20.55215, 4.74785],
			"rotation": {"angle": 0, "axis": "y", "origin": [-1.6, 20.30215, 18.39785]},
			"faces": {
				"north": {"uv": [0, 0, 1, 16], "rotation": 180, "texture": "#5"},
				"east": {"uv": [0, 5.024, 16, 7.786], "rotation": 90, "texture": "#1"},
				"south": {"uv": [0, 0, 1, 16], "texture": "#1"},
				"west": {"uv": [0, 6.112, 16, 9.834], "rotation": 270, "texture": "#5"},
				"up": {"uv": [0, 0, 1, 6.25], "texture": "#5"},
				"down": {"uv": [0, 0, 1, 6.25], "rotation": 180, "texture": "#1"}
			}
		},
		{
			"from": [15.6, 17.43009, 16.40264],
			"to": [17.1, 19.73009, 17.15264],
			"rotation": {"angle": -22.5, "axis": "x", "origin": [17.6, 7.58009, 15.40264]},
			"faces": {
				"north": {"uv": [1, 0, 0, 6.25], "texture": "#1"},
				"east": {"uv": [16, 6.112, 0, 9.834], "texture": "#5"},
				"south": {"uv": [1, 0, 0, 6.25], "texture": "#5"},
				"west": {"uv": [16, 5.024, 0, 7.786], "texture": "#1"},
				"up": {"uv": [1, 0, 0, 16], "texture": "#5"},
				"down": {"uv": [1, 0, 0, 16], "texture": "#1"}
			}
		},
		{
			"from": [15.6, 21.12248, 19.09739],
			"to": [17.1, 23.52248, 19.84739],
			"rotation": {"angle": -45, "axis": "x", "origin": [17.6, 11.27248, 18.09739]},
			"faces": {
				"north": {"uv": [1, 0, 0, 6.25], "texture": "#1"},
				"east": {"uv": [16, 6.112, 0, 9.834], "texture": "#5"},
				"south": {"uv": [1, 0, 0, 6.25], "texture": "#5"},
				"west": {"uv": [16, 5.024, 0, 7.786], "texture": "#1"},
				"up": {"uv": [1, 0, 0, 16], "texture": "#5"},
				"down": {"uv": [1, 0, 0, 16], "texture": "#1"}
			}
		},
		{
			"from": [15.6, 19.35, 9.3],
			"to": [17.1, 20.45, 11.1],
			"rotation": {"angle": 0, "axis": "y", "origin": [17.1, -3.45, 5.2]},
			"faces": {
				"north": {"uv": [1, 0, 0, 6.25], "texture": "#1"},
				"east": {"uv": [16, 6.112, 0, 9.834], "texture": "#5"},
				"south": {"uv": [1, 0, 0, 6.25], "texture": "#5"},
				"west": {"uv": [16, 5.024, 0, 7.786], "texture": "#6"},
				"up": {"uv": [1, 0, 0, 16], "texture": "#1"},
				"down": {"uv": [1, 0, 0, 16], "texture": "#1"}
			}
		},
		{
			"from": [15.6, 15.78576, 6.95329],
			"to": [17.1, 17.53576, 9.25329],
			"rotation": {"angle": 22.5, "axis": "x", "origin": [17.6, 15.78576, 19.10329]},
			"faces": {
				"north": {"uv": [1, 0, 0, 16], "rotation": 180, "texture": "#5"},
				"east": {"uv": [0, 9.834, 16, 6.112], "rotation": 270, "texture": "#5"},
				"south": {"uv": [1, 0, 0, 16], "texture": "#1"},
				"west": {"uv": [0, 7.786, 16, 5.024], "rotation": 90, "texture": "#1"},
				"up": {"uv": [1, 0, 0, 6.25], "texture": "#5"},
				"down": {"uv": [1, 0, 0, 6.25], "rotation": 180, "texture": "#1"}
			}
		},
		{
			"from": [15.6, 19.55215, 6.24785],
			"to": [17.1, 22.05215, 8.54785],
			"rotation": {"angle": 0, "axis": "y", "origin": [17.6, 20.30215, 18.39785]},
			"faces": {
				"north": {"uv": [1, 0, 0, 16], "rotation": 180, "texture": "#5"},
				"east": {"uv": [0, 9.834, 16, 6.112], "rotation": 270, "texture": "#5"},
				"south": {"uv": [1, 0, 0, 16], "texture": "#1"},
				"west": {"uv": [0, 7.786, 16, 5.024], "rotation": 90, "texture": "#1"},
				"up": {"uv": [1, 0, 0, 6.25], "texture": "#5"},
				"down": {"uv": [1, 0, 0, 6.25], "rotation": 180, "texture": "#1"}
			}
		},
		{
			"from": [15.6, 24.95479, 1.61776],
			"to": [17.1, 25.95479, 6.16776],
			"rotation": {"angle": -22.5, "axis": "x", "origin": [17.6, 24.20479, 16.01776]},
			"faces": {
				"north": {"uv": [1, 0, 0, 16], "rotation": 180, "texture": "#5"},
				"east": {"uv": [0, 9.834, 16, 6.112], "rotation": 270, "texture": "#5"},
				"south": {"uv": [1, 0, 0, 16], "texture": "#1"},
				"west": {"uv": [0, 7.786, 16, 5.024], "rotation": 90, "texture": "#1"},
				"up": {"uv": [1, 0, 0, 6.25], "texture": "#5"},
				"down": {"uv": [1, 0, 0, 6.25], "rotation": 180, "texture": "#1"}
			}
		},
		{
			"from": [15.6, 19.55215, 4.74785],
			"to": [17.1, 21.30215, 6.24785],
			"rotation": {"angle": 0, "axis": "y", "origin": [17.6, 20.30215, 18.39785]},
			"faces": {
				"north": {"uv": [1, 0, 0, 16], "rotation": 180, "texture": "#5"},
				"east": {"uv": [0, 9.834, 16, 6.112], "rotation": 270, "texture": "#5"},
				"south": {"uv": [1, 0, 0, 16], "texture": "#1"},
				"west": {"uv": [0, 7.786, 16, 5.024], "rotation": 90, "texture": "#1"},
				"up": {"uv": [1, 0, 0, 6.25], "texture": "#5"},
				"down": {"uv": [1, 0, 0, 6.25], "rotation": 180, "texture": "#1"}
			}
		},
		{
			"from": [15.6, 19.55215, 2.74785],
			"to": [17.1, 20.55215, 4.74785],
			"rotation": {"angle": 0, "axis": "y", "origin": [17.6, 20.30215, 18.39785]},
			"faces": {
				"north": {"uv": [1, 0, 0, 16], "rotation": 180, "texture": "#5"},
				"east": {"uv": [0, 9.834, 16, 6.112], "rotation": 270, "texture": "#5"},
				"south": {"uv": [1, 0, 0, 16], "texture": "#1"},
				"west": {"uv": [0, 7.786, 16, 5.024], "rotation": 90, "texture": "#1"},
				"up": {"uv": [1, 0, 0, 6.25], "texture": "#5"},
				"down": {"uv": [1, 0, 0, 6.25], "rotation": 180, "texture": "#1"}
			}
		},
		{
			"from": [-1.1, 24.95479, 1.61776],
			"to": [0.4, 25.95479, 6.16776],
			"rotation": {"angle": -22.5, "axis": "x", "origin": [-1.6, 24.20479, 16.01776]},
			"faces": {
				"north": {"uv": [0, 0, 1, 16], "rotation": 180, "texture": "#5"},
				"east": {"uv": [0, 5.024, 16, 7.786], "rotation": 90, "texture": "#1"},
				"south": {"uv": [0, 0, 1, 16], "texture": "#1"},
				"west": {"uv": [0, 6.112, 16, 9.834], "rotation": 270, "texture": "#5"},
				"up": {"uv": [0, 0, 1, 6.25], "texture": "#5"},
				"down": {"uv": [0, 0, 1, 6.25], "rotation": 180, "texture": "#1"}
			}
		},
		{
			"from": [-1, 4.4, 10],
			"to": [0.3, 10.85, 12.5],
			"rotation": {"angle": 0, "axis": "y", "origin": [-1.6, -5.45, 10.75]},
			"faces": {
				"north": {"uv": [0, 0, 1, 6.25], "texture": "#1"},
				"east": {"uv": [0, 5.024, 16, 7.786], "texture": "#6"},
				"south": {"uv": [0, 0, 1, 6.25], "texture": "#1"},
				"west": {"uv": [0, 6.112, 16, 9.834], "texture": "#1"},
				"up": {"uv": [0, 0, 1, 16], "texture": "#1"},
				"down": {"uv": [0, 0, 1, 16], "texture": "#1"}
			}
		},
		{
			"from": [-1, 17.3, 10],
			"to": [0.3, 19.15, 12.5],
			"rotation": {"angle": 0, "axis": "y", "origin": [-1.6, 7.45, 10.75]},
			"faces": {
				"north": {"uv": [0, 0, 1, 6.25], "texture": "#1"},
				"east": {"uv": [0, 5.024, 16, 7.786], "texture": "#6"},
				"south": {"uv": [0, 0, 1, 6.25], "texture": "#1"},
				"west": {"uv": [0, 6.112, 16, 9.834], "texture": "#1"},
				"up": {"uv": [0, 0, 1, 16], "texture": "#1"},
				"down": {"uv": [0, 0, 1, 16], "texture": "#1"}
			}
		},
		{
			"from": [15.7, 17.3, 10],
			"to": [17, 19.15, 12.5],
			"rotation": {"angle": 0, "axis": "y", "origin": [17.6, 7.45, 10.75]},
			"faces": {
				"north": {"uv": [1, 0, 0, 6.25], "texture": "#1"},
				"east": {"uv": [16, 6.112, 0, 9.834], "texture": "#1"},
				"south": {"uv": [1, 0, 0, 6.25], "texture": "#1"},
				"west": {"uv": [16, 5.024, 0, 7.786], "texture": "#6"},
				"up": {"uv": [1, 0, 0, 16], "texture": "#1"},
				"down": {"uv": [1, 0, 0, 16], "texture": "#1"}
			}
		},
		{
			"from": [15.7, 4.4, 10],
			"to": [17, 10.85, 12.5],
			"rotation": {"angle": 0, "axis": "y", "origin": [17.6, -5.45, 10.75]},
			"faces": {
				"north": {"uv": [1, 0, 0, 6.25], "texture": "#1"},
				"east": {"uv": [16, 6.112, 0, 9.834], "texture": "#1"},
				"south": {"uv": [1, 0, 0, 6.25], "texture": "#1"},
				"west": {"uv": [16, 5.024, 0, 7.786], "texture": "#6"},
				"up": {"uv": [1, 0, 0, 16], "texture": "#1"},
				"down": {"uv": [1, 0, 0, 16], "texture": "#1"}
			}
		},
		{
			"from": [6.35, 4.4, 10],
			"to": [15.6, 10.6, 12.5],
			"rotation": {"angle": 0, "axis": "y", "origin": [17.5, -5.45, 10.75]},
			"faces": {
				"north": {"uv": [1, 0, 0, 6.25], "texture": "#4"},
				"east": {"uv": [16, 6.112, 0, 9.834], "texture": "#4"},
				"south": {"uv": [1, 0, 0, 6.25], "texture": "#4"},
				"west": {"uv": [16, 5.024, 0, 7.786], "texture": "#4"},
				"up": {"uv": [1, 0, 0, 16], "texture": "#4"},
				"down": {"uv": [1, 0, 0, 16], "texture": "#4"}
			}
		},
		{
			"from": [13.25, 10.5, 10.35],
			"to": [14.85, 10.8, 11.35],
			"rotation": {"angle": 0, "axis": "y", "origin": [-0.15, -0.55, -5.65]},
			"faces": {
				"north": {"uv": [0, 0, 16, 4], "texture": "#3"},
				"east": {"uv": [0, 0, 1.8, 4], "texture": "#3"},
				"south": {"uv": [0, 0, 16, 4], "texture": "#3"},
				"west": {"uv": [0, 0, 1.8, 4], "texture": "#3"},
				"up": {"uv": [0, 0, 16, 1.8], "texture": "#3"},
				"down": {"uv": [0, 0, 16, 1.8], "texture": "#3"}
			}
		},
		{
			"from": [13.1, 10.5, 10.2],
			"to": [15, 10.75, 11.5],
			"rotation": {"angle": 0, "axis": "y", "origin": [-0.15, -0.55, -5.65]},
			"faces": {
				"north": {"uv": [0, 0, 16, 4], "texture": "#0"},
				"east": {"uv": [0, 0, 1.8, 4], "texture": "#0"},
				"south": {"uv": [0, 0, 16, 4], "texture": "#0"},
				"west": {"uv": [0, 0, 1.8, 4], "texture": "#0"},
				"up": {"uv": [0, 0, 16, 1.8], "texture": "#0"},
				"down": {"uv": [0, 0, 16, 1.8], "texture": "#0"}
			}
		},
		{
			"from": [12.35, 5.55, 10.2],
			"to": [12.85, 10.65, 10.7],
			"rotation": {"angle": 0, "axis": "y", "origin": [5.6, 0.3, -0.25]},
			"faces": {
				"north": {"uv": [16, 0, 0, 1.5], "texture": "#0"},
				"east": {"uv": [16, 0, 0, 1.5], "texture": "#0"},
				"south": {"uv": [16, 0, 0, 1.5], "texture": "#0"},
				"west": {"uv": [16, 0, 0, 1.5], "texture": "#0"},
				"up": {"uv": [0, 16, 6, 0], "texture": "#0"},
				"down": {"uv": [0, 16, 16, 0], "texture": "#0"}
			}
		},
		{
			"from": [12.35, 5.55, 10.95],
			"to": [12.85, 10.65, 11.45],
			"rotation": {"angle": 0, "axis": "y", "origin": [5.6, 0.3, -0.25]},
			"faces": {
				"north": {"uv": [16, 0, 0, 1.5], "texture": "#0"},
				"east": {"uv": [16, 0, 0, 1.5], "texture": "#0"},
				"south": {"uv": [16, 0, 0, 1.5], "texture": "#0"},
				"west": {"uv": [16, 0, 0, 1.5], "texture": "#0"},
				"up": {"uv": [0, 16, 6, 0], "texture": "#0"},
				"down": {"uv": [0, 16, 16, 0], "texture": "#0"}
			}
		},
		{
			"from": [11.6, 5.55, 10.95],
			"to": [12.1, 10.65, 11.45],
			"rotation": {"angle": 0, "axis": "y", "origin": [5.6, 0.3, -0.25]},
			"faces": {
				"north": {"uv": [16, 0, 0, 1.5], "texture": "#20"},
				"east": {"uv": [16, 0, 0, 1.5], "texture": "#20"},
				"south": {"uv": [16, 0, 0, 1.5], "texture": "#20"},
				"west": {"uv": [16, 0, 0, 1.5], "texture": "#20"},
				"up": {"uv": [0, 16, 6, 0], "texture": "#20"},
				"down": {"uv": [0, 16, 16, 0], "texture": "#20"}
			}
		},
		{
			"from": [11.6, 5.55, 10.2],
			"to": [12.1, 10.65, 10.7],
			"rotation": {"angle": 0, "axis": "y", "origin": [5.6, 0.3, -0.25]},
			"faces": {
				"north": {"uv": [16, 0, 0, 1.5], "texture": "#8"},
				"east": {"uv": [16, 0, 0, 1.5], "texture": "#8"},
				"south": {"uv": [16, 0, 0, 1.5], "texture": "#8"},
				"west": {"uv": [16, 0, 0, 1.5], "texture": "#8"},
				"up": {"uv": [0, 16, 6, 0], "texture": "#8"},
				"down": {"uv": [0, 16, 16, 0], "texture": "#8"}
			}
		},
		{
			"from": [10.85, 5.55, 11.6],
			"to": [11.35, 10.65, 11.7],
			"rotation": {"angle": 0, "axis": "y", "origin": [5.6, 0.3, -0.25]},
			"faces": {
				"north": {"uv": [16, 0, 0, 1.5], "texture": "#20"},
				"east": {"uv": [16, 0, 0, 1.5], "texture": "#20"},
				"south": {"uv": [16, 0, 0, 1.5], "texture": "#20"},
				"west": {"uv": [16, 0, 0, 1.5], "texture": "#20"},
				"up": {"uv": [0, 16, 6, 0], "texture": "#20"},
				"down": {"uv": [0, 16, 16, 0], "texture": "#20"}
			}
		},
		{
			"from": [10.85, 5.55, 11.35],
			"to": [11.35, 10.65, 11.45],
			"rotation": {"angle": 0, "axis": "y", "origin": [5.6, 0.3, -0.25]},
			"faces": {
				"north": {"uv": [16, 0, 0, 1.5], "texture": "#0"},
				"east": {"uv": [16, 0, 0, 1.5], "texture": "#0"},
				"south": {"uv": [16, 0, 0, 1.5], "texture": "#0"},
				"west": {"uv": [16, 0, 0, 1.5], "texture": "#0"},
				"up": {"uv": [0, 16, 6, 0], "texture": "#0"},
				"down": {"uv": [0, 16, 16, 0], "texture": "#0"}
			}
		},
		{
			"from": [10.85, 5.55, 11.1],
			"to": [11.35, 10.65, 11.2],
			"rotation": {"angle": 0, "axis": "y", "origin": [5.6, 0.3, -0.25]},
			"faces": {
				"north": {"uv": [16, 0, 0, 1.5], "texture": "#0"},
				"east": {"uv": [16, 0, 0, 1.5], "texture": "#0"},
				"south": {"uv": [16, 0, 0, 1.5], "texture": "#0"},
				"west": {"uv": [16, 0, 0, 1.5], "texture": "#0"},
				"up": {"uv": [0, 16, 6, 0], "texture": "#0"},
				"down": {"uv": [0, 16, 16, 0], "texture": "#0"}
			}
		},
		{
			"from": [10.85, 5.55, 10.85],
			"to": [11.35, 10.65, 10.95],
			"rotation": {"angle": 0, "axis": "y", "origin": [5.6, 0.3, -0.25]},
			"faces": {
				"north": {"uv": [16, 0, 0, 1.5], "texture": "#8"},
				"east": {"uv": [16, 0, 0, 1.5], "texture": "#8"},
				"south": {"uv": [16, 0, 0, 1.5], "texture": "#8"},
				"west": {"uv": [16, 0, 0, 1.5], "texture": "#8"},
				"up": {"uv": [0, 16, 6, 0], "texture": "#8"},
				"down": {"uv": [0, 16, 16, 0], "texture": "#8"}
			}
		},
		{
			"from": [10.85, 5.55, 10.6],
			"to": [11.35, 10.65, 10.7],
			"rotation": {"angle": 0, "axis": "y", "origin": [5.6, 0.3, -0.25]},
			"faces": {
				"north": {"uv": [16, 0, 0, 1.5], "texture": "#0"},
				"east": {"uv": [16, 0, 0, 1.5], "texture": "#0"},
				"south": {"uv": [16, 0, 0, 1.5], "texture": "#0"},
				"west": {"uv": [16, 0, 0, 1.5], "texture": "#0"},
				"up": {"uv": [0, 16, 6, 0], "texture": "#0"},
				"down": {"uv": [0, 16, 16, 0], "texture": "#0"}
			}
		},
		{
			"from": [10.85, 5.55, 10.35],
			"to": [11.35, 10.65, 10.45],
			"rotation": {"angle": 0, "axis": "y", "origin": [5.6, 0.3, -0.25]},
			"faces": {
				"north": {"uv": [16, 0, 0, 1.5], "texture": "#0"},
				"east": {"uv": [16, 0, 0, 1.5], "texture": "#0"},
				"south": {"uv": [16, 0, 0, 1.5], "texture": "#0"},
				"west": {"uv": [16, 0, 0, 1.5], "texture": "#0"},
				"up": {"uv": [0, 16, 6, 0], "texture": "#0"},
				"down": {"uv": [0, 16, 16, 0], "texture": "#0"}
			}
		},
		{
			"from": [9.5, 6.4, 13.65],
			"to": [11.2, 6.6, 13.85],
			"rotation": {"angle": -22.5, "axis": "x", "origin": [5.6, 0.3, -0.25]},
			"faces": {
				"north": {"uv": [16, 0, 0, 1.5], "texture": "#3"},
				"east": {"uv": [16, 0, 0, 1.5], "texture": "#3"},
				"south": {"uv": [16, 0, 0, 1.5], "texture": "#3"},
				"west": {"uv": [16, 0, 0, 1.5], "texture": "#3"},
				"up": {"uv": [0, 16, 6, 0], "texture": "#3"},
				"down": {"uv": [0, 16, 16, 0], "texture": "#3"}
			}
		},
		{
			"from": [10.25, 4.8, 13.65],
			"to": [10.45, 6.4, 13.85],
			"rotation": {"angle": -22.5, "axis": "x", "origin": [5.6, 0.3, -0.25]},
			"faces": {
				"north": {"uv": [16, 0, 0, 1.5], "texture": "#4"},
				"east": {"uv": [16, 0, 0, 1.5], "texture": "#4"},
				"south": {"uv": [16, 0, 0, 1.5], "texture": "#4"},
				"west": {"uv": [16, 0, 0, 1.5], "texture": "#4"},
				"up": {"uv": [0, 16, 6, 0], "texture": "#4"},
				"down": {"uv": [0, 16, 16, 0], "texture": "#4"}
			}
		},
		{
			"from": [10.1, 5.55, 10.25],
			"to": [10.6, 10.65, 11.75],
			"rotation": {"angle": 0, "axis": "y", "origin": [5.6, 0.3, -0.25]},
			"faces": {
				"north": {"uv": [16, 0, 0, 1.5], "texture": "#0"},
				"east": {"uv": [16, 0, 0, 1.5], "texture": "#0"},
				"south": {"uv": [16, 0, 0, 1.5], "texture": "#0"},
				"west": {"uv": [16, 0, 0, 1.5], "texture": "#0"},
				"up": {"uv": [0, 16, 6, 0], "texture": "#0"},
				"down": {"uv": [0, 16, 16, 0], "texture": "#0"}
			}
		},
		{
			"from": [-0.9, 10.85, 10],
			"to": [0.2, 17.3, 12.5],
			"rotation": {"angle": 0, "axis": "y", "origin": [-1.6, 1, 10.75]},
			"faces": {
				"north": {"uv": [0, 0, 1, 6.25], "texture": "#13"},
				"east": {"uv": [0, 0, 15.5, 15.5], "texture": "#13"},
				"south": {"uv": [0, 0, 1, 6.25], "texture": "#13"},
				"west": {"uv": [0, 0, 16, 16], "texture": "#13"},
				"up": {"uv": [0, 0, 1, 16], "texture": "#13"},
				"down": {"uv": [0, 0, 1, 16], "texture": "#13"}
			}
		},
		{
			"from": [15.8, 10.85, 10],
			"to": [16.9, 17.3, 12.5],
			"rotation": {"angle": 0, "axis": "y", "origin": [17.6, 1, 10.75]},
			"faces": {
				"north": {"uv": [1, 0, 0, 6.25], "texture": "#13"},
				"east": {"uv": [15.5, 0, 0, 15.5], "texture": "#13"},
				"south": {"uv": [1, 0, 0, 6.25], "texture": "#13"},
				"west": {"uv": [16, 0, 0, 16], "texture": "#13"},
				"up": {"uv": [1, 0, 0, 16], "texture": "#13"},
				"down": {"uv": [1, 0, 0, 16], "texture": "#13"}
			}
		},
		{
			"from": [15.6, 2.65, 12.5],
			"to": [17.1, 17.35, 13.25],
			"rotation": {"angle": 0, "axis": "y", "origin": [17.6, -5.45, 11.5]},
			"faces": {
				"north": {"uv": [1, 0, 0, 6.25], "texture": "#1"},
				"east": {"uv": [16, 6.112, 0, 9.834], "texture": "#5"},
				"south": {"uv": [1, 0, 0, 6.25], "texture": "#5"},
				"west": {"uv": [16, 5.024, 0, 7.786], "texture": "#1"},
				"up": {"uv": [1, 0, 0, 16], "texture": "#1"},
				"down": {"uv": [1, 0, 0, 16], "texture": "#3"}
			}
		},
		{
			"from": [-1.1, 9.85, 4.95],
			"to": [-0.6, 10.85, 10],
			"rotation": {"angle": 0, "axis": "y", "origin": [-1.6, -6.45, 5.2]},
			"faces": {
				"north": {"uv": [0, 0, 1, 6.25], "texture": "#5"},
				"east": {"uv": [0, 5.024, 16, 7.786], "texture": "#1"},
				"south": {"uv": [0, 0, 1, 6.25], "texture": "#1"},
				"west": {"uv": [0, 6.112, 16, 9.834], "texture": "#1"},
				"up": {"uv": [0, 0, 1, 16], "texture": "#1"},
				"down": {"uv": [0, 0, 1, 16], "texture": "#1"}
			}
		},
		{
			"from": [-1.1, 4.4, 4.95],
			"to": [-0.6, 9.85, 10],
			"rotation": {"angle": 0, "axis": "y", "origin": [-1.6, -7.2, 5.2]},
			"faces": {
				"north": {"uv": [0, 0, 1, 6.25], "texture": "#1"},
				"east": {"uv": [0, 5.024, 16, 7.786], "texture": "#1"},
				"south": {"uv": [0, 0, 1, 6.25], "texture": "#1"},
				"west": {"uv": [2, 4, 14, 12], "texture": "#1"},
				"up": {"uv": [0, 0, 1, 16], "texture": "#1"},
				"down": {"uv": [0, 0, 1, 16], "texture": "#1"}
			}
		},
		{
			"from": [-0.6, 9.85, 9.95],
			"to": [-0.1, 10.85, 10],
			"rotation": {"angle": 0, "axis": "y", "origin": [-1.1, -6.45, 5.2]},
			"faces": {
				"north": {"uv": [0, 0, 1, 6.25], "texture": "#1"},
				"east": {"uv": [0, 5.024, 16, 7.786], "texture": "#1"},
				"south": {"uv": [0, 0, 1, 6.25], "texture": "#1"},
				"west": {"uv": [0, 6.112, 16, 9.834], "texture": "#5"},
				"up": {"uv": [0, 0, 1, 16], "texture": "#1"},
				"down": {"uv": [0, 0, 1, 16], "texture": "#1"}
			}
		},
		{
			"from": [-0.6, 10.85, 9.95],
			"to": [-0.1, 17.35, 10],
			"rotation": {"angle": 0, "axis": "y", "origin": [-1.1, -5.45, 5.2]},
			"faces": {
				"north": {"uv": [0, 0, 1, 6.25], "texture": "#1"},
				"east": {"uv": [0, 5.024, 16, 7.786], "texture": "#1"},
				"south": {"uv": [0, 0, 1, 6.25], "texture": "#1"},
				"west": {"uv": [0, 6.112, 16, 9.834], "texture": "#5"},
				"up": {"uv": [0, 0, 1, 16], "texture": "#1"},
				"down": {"uv": [0, 0, 1, 16], "texture": "#1"}
			}
		},
		{
			"from": [-1.1, 17.35, -16],
			"to": [0.4, 19.1, 10],
			"rotation": {"angle": 0, "axis": "y", "origin": [-1.1, -5.45, 5.2]},
			"faces": {
				"north": {"uv": [0, 0, 1, 6.25], "texture": "#1"},
				"east": {"uv": [0, 5.024, 16, 7.786], "texture": "#6"},
				"south": {"uv": [0, 0, 1, 6.25], "texture": "#1"},
				"west": {"uv": [0, 6.112, 16, 9.834], "texture": "#1"},
				"up": {"uv": [0, 0, 1, 16], "texture": "#1"},
				"down": {"uv": [0, 0, 1, 16], "texture": "#1"}
			}
		},
		{
			"from": [-8.461, 20.65957, -16],
			"to": [-8.211, 23.90957, 7],
			"rotation": {"angle": -22.5, "axis": "z", "origin": [-9.711, -2.14043, 5.2]},
			"faces": {
				"north": {"uv": [0, 0, 1, 6.25], "texture": "#1"},
				"east": {"uv": [0, 5.024, 16, 7.786], "texture": "#6"},
				"south": {"uv": [0, 0, 1, 6.25], "texture": "#1"},
				"west": {"uv": [0, 6.112, 16, 9.834], "texture": "#1"},
				"up": {"uv": [0, 0, 1, 16], "texture": "#1"},
				"down": {"uv": [0, 0, 1, 16], "texture": "#1"}
			}
		},
		{
			"from": [24.42033, 19.60719, -16],
			"to": [24.67033, 22.85719, 7],
			"rotation": {"angle": 22.5, "axis": "z", "origin": [23.17033, -3.19281, 5.2]},
			"faces": {
				"north": {"uv": [0, 0, 1, 6.25], "texture": "#1"},
				"east": {"uv": [0, 5.024, 16, 7.786], "texture": "#1"},
				"south": {"uv": [0, 0, 1, 6.25], "texture": "#1"},
				"west": {"uv": [0, 6.112, 16, 9.834], "texture": "#6"},
				"up": {"uv": [0, 0, 1, 16], "texture": "#1"},
				"down": {"uv": [0, 0, 1, 16], "texture": "#1"}
			}
		},
		{
			"from": [15.6, 17.35, -16],
			"to": [17.1, 19.1, 10],
			"rotation": {"angle": 0, "axis": "y", "origin": [15.6, -5.45, 5.2]},
			"faces": {
				"north": {"uv": [0, 0, 1, 6.25], "texture": "#1"},
				"east": {"uv": [0, 5.024, 16, 7.786], "texture": "#1"},
				"south": {"uv": [0, 0, 1, 6.25], "texture": "#1"},
				"west": {"uv": [0, 6.112, 16, 9.834], "texture": "#6"},
				"up": {"uv": [0, 0, 1, 16], "texture": "#1"},
				"down": {"uv": [0, 0, 1, 16], "texture": "#1"}
			}
		},
		{
			"from": [-1.1, 19.1, -16],
			"to": [0.4, 19.35, 11.7],
			"rotation": {"angle": 0, "axis": "y", "origin": [-1.1, -5.45, 5.2]},
			"faces": {
				"north": {"uv": [0, 0, 1, 6.25], "texture": "#1"},
				"east": {"uv": [0, 5.024, 16, 7.786], "texture": "#6"},
				"south": {"uv": [0, 0, 1, 6.25], "texture": "#8"},
				"west": {"uv": [0, 6.112, 16, 9.834], "texture": "#8"},
				"up": {"uv": [0, 0, 1, 16], "texture": "#1"},
				"down": {"uv": [0, 0, 1, 16], "texture": "#1"}
			}
		},
		{
			"from": [15.6, 19.1, -16],
			"to": [17.1, 19.35, 11.7],
			"rotation": {"angle": 0, "axis": "y", "origin": [17.1, -5.45, 5.2]},
			"faces": {
				"north": {"uv": [1, 0, 0, 6.25], "texture": "#1"},
				"east": {"uv": [16, 6.112, 0, 9.834], "texture": "#8"},
				"south": {"uv": [1, 0, 0, 6.25], "texture": "#8"},
				"west": {"uv": [16, 5.024, 0, 7.786], "texture": "#6"},
				"up": {"uv": [1, 0, 0, 16], "texture": "#1"},
				"down": {"uv": [1, 0, 0, 16], "texture": "#1"}
			}
		},
		{
			"from": [0.05, 21.35, -16],
			"to": [15.95, 22.05, -1],
			"rotation": {"angle": 0, "axis": "y", "origin": [-1.1, -1.95, 5.2]},
			"faces": {
				"north": {"uv": [0, 0, 1, 6.25], "texture": "#1"},
				"east": {"uv": [0, 5.024, 16, 7.786], "texture": "#1"},
				"south": {"uv": [0, 0, 1, 6.25], "texture": "#4"},
				"west": {"uv": [0, 6.112, 16, 9.834], "texture": "#1"},
				"up": {"uv": [0, 0, 1, 16], "texture": "#4"},
				"down": {"uv": [0, 0, 1, 16], "texture": "#6"}
			}
		},
		{
			"from": [0.05, 21.1, -1],
			"to": [15.95, 22.05, 8.5],
			"rotation": {"angle": 0, "axis": "y", "origin": [-1.1, -2.2, 20.2]},
			"faces": {
				"north": {"uv": [0, 0, 1, 6.25], "texture": "#1"},
				"east": {"uv": [0, 5.024, 16, 7.786], "texture": "#1"},
				"south": {"uv": [0, 0, 1, 6.25], "texture": "#5"},
				"west": {"uv": [0, 6.112, 16, 9.834], "texture": "#1"},
				"up": {"uv": [0, 0, 1, 16], "texture": "#4"},
				"down": {"uv": [0, 0, 1, 16], "texture": "#6"}
			}
		},
		{
			"from": [5.3, 20.95, -16],
			"to": [10.7, 21.15, 8.5],
			"rotation": {"angle": 0, "axis": "y", "origin": [-1.1, -2.35, 5.2]},
			"faces": {
				"north": {"uv": [0, 0, 1, 6.25], "texture": "#1"},
				"east": {"uv": [0, 5.024, 16, 7.786], "texture": "#1"},
				"south": {"uv": [0, 0, 1, 6.25], "texture": "#5"},
				"west": {"uv": [0, 6.112, 16, 9.834], "texture": "#1"},
				"up": {"uv": [0, 0, 1, 16], "texture": "#1"},
				"down": {"uv": [0, 0, 1, 16], "texture": "#6"}
			}
		},
		{
			"from": [0.55, 20.95, -16],
			"to": [4.95, 21.15, 8.5],
			"rotation": {"angle": 0, "axis": "y", "origin": [-6.85, -2.35, 5.2]},
			"faces": {
				"north": {"uv": [0, 0, 1, 6.25], "texture": "#1"},
				"east": {"uv": [0, 5.024, 16, 7.786], "texture": "#1"},
				"south": {"uv": [0, 0, 1, 6.25], "texture": "#5"},
				"west": {"uv": [0, 6.112, 16, 9.834], "texture": "#1"},
				"up": {"uv": [0, 0, 1, 16], "texture": "#1"},
				"down": {"uv": [0, 0, 1, 16], "texture": "#6"}
			}
		},
		{
			"from": [11.05, 20.95, -16],
			"to": [15.45, 21.15, 8.5],
			"rotation": {"angle": 0, "axis": "y", "origin": [3.65, -2.35, 5.2]},
			"faces": {
				"north": {"uv": [0, 0, 1, 6.25], "texture": "#1"},
				"east": {"uv": [0, 5.024, 16, 7.786], "texture": "#1"},
				"south": {"uv": [0, 0, 1, 6.25], "texture": "#5"},
				"west": {"uv": [0, 6.112, 16, 9.834], "texture": "#1"},
				"up": {"uv": [0, 0, 1, 16], "texture": "#1"},
				"down": {"uv": [0, 0, 1, 16], "texture": "#6"}
			}
		},
		{
			"from": [10.8, 20.95, -16],
			"to": [10.95, 21.4, 8],
			"rotation": {"angle": 0, "axis": "y", "origin": [4.4, -2.35, 5.2]},
			"faces": {
				"north": {"uv": [0, 0, 1, 6.25], "texture": "#2"},
				"east": {"uv": [0, 5.024, 16, 7.786], "texture": "#2"},
				"south": {"uv": [0, 0, 1, 6.25], "texture": "#2"},
				"west": {"uv": [0, 6.112, 16, 9.834], "texture": "#2"},
				"up": {"uv": [0, 0, 1, 16], "texture": "#2"},
				"down": {"uv": [0, 0, 1, 16], "texture": "#2"}
			}
		},
		{
			"from": [11.3, 21.05, -16],
			"to": [11.45, 21.4, 9.75],
			"rotation": {"angle": 0, "axis": "y", "origin": [4.9, -2.35, 5.2]},
			"faces": {
				"north": {"uv": [0, 0, 1, 6.25], "texture": "#4"},
				"east": {"uv": [0, 5.024, 16, 7.786], "texture": "#4"},
				"south": {"uv": [0, 0, 1, 6.25], "texture": "#4"},
				"west": {"uv": [0, 6.112, 16, 9.834], "texture": "#4"},
				"up": {"uv": [0, 0, 1, 16], "texture": "#4"},
				"down": {"uv": [0, 0, 1, 16], "texture": "#4"}
			}
		},
		{
			"from": [10.3, 21.05, -16],
			"to": [10.45, 21.4, 9.75],
			"rotation": {"angle": 0, "axis": "y", "origin": [3.9, -2.35, 5.2]},
			"faces": {
				"north": {"uv": [0, 0, 1, 6.25], "texture": "#4"},
				"east": {"uv": [0, 5.024, 16, 7.786], "texture": "#4"},
				"south": {"uv": [0, 0, 1, 6.25], "texture": "#4"},
				"west": {"uv": [0, 6.112, 16, 9.834], "texture": "#4"},
				"up": {"uv": [0, 0, 1, 16], "texture": "#4"},
				"down": {"uv": [0, 0, 1, 16], "texture": "#4"}
			}
		},
		{
			"from": [5.05, 20.95, -16],
			"to": [5.2, 21.4, 8],
			"rotation": {"angle": 0, "axis": "y", "origin": [-1.35, -2.35, 5.2]},
			"faces": {
				"north": {"uv": [0, 0, 1, 6.25], "texture": "#2"},
				"east": {"uv": [0, 5.024, 16, 7.786], "texture": "#2"},
				"south": {"uv": [0, 0, 1, 6.25], "texture": "#2"},
				"west": {"uv": [0, 6.112, 16, 9.834], "texture": "#2"},
				"up": {"uv": [0, 0, 1, 16], "texture": "#2"},
				"down": {"uv": [0, 0, 1, 16], "texture": "#2"}
			}
		},
		{
			"from": [5.55, 21.05, -16],
			"to": [5.7, 21.4, 9.75],
			"rotation": {"angle": 0, "axis": "y", "origin": [-0.85, -2.35, 5.2]},
			"faces": {
				"north": {"uv": [0, 0, 1, 6.25], "texture": "#4"},
				"east": {"uv": [0, 5.024, 16, 7.786], "texture": "#4"},
				"south": {"uv": [0, 0, 1, 6.25], "texture": "#4"},
				"west": {"uv": [0, 6.112, 16, 9.834], "texture": "#4"},
				"up": {"uv": [0, 0, 1, 16], "texture": "#4"},
				"down": {"uv": [0, 0, 1, 16], "texture": "#4"}
			}
		},
		{
			"from": [4.55, 21.05, -16],
			"to": [4.7, 21.4, 9.75],
			"rotation": {"angle": 0, "axis": "y", "origin": [-1.85, -2.35, 5.2]},
			"faces": {
				"north": {"uv": [0, 0, 1, 6.25], "texture": "#4"},
				"east": {"uv": [0, 5.024, 16, 7.786], "texture": "#4"},
				"south": {"uv": [0, 0, 1, 6.25], "texture": "#4"},
				"west": {"uv": [0, 6.112, 16, 9.834], "texture": "#4"},
				"up": {"uv": [0, 0, 1, 16], "texture": "#4"},
				"down": {"uv": [0, 0, 1, 16], "texture": "#4"}
			}
		},
		{
			"from": [-1.1, 19.35, -16],
			"to": [0.4, 20.35, 11.4],
			"rotation": {"angle": 0, "axis": "y", "origin": [-1.1, -3.45, 5.2]},
			"faces": {
				"north": {"uv": [0, 0, 1, 6.25], "texture": "#1"},
				"east": {"uv": [0, 5.024, 16, 7.786], "texture": "#6"},
				"south": {"uv": [0, 0, 1, 6.25], "texture": "#5"},
				"west": {"uv": [0, 6.112, 16, 9.834], "texture": "#5"},
				"up": {"uv": [0, 0, 1, 16], "texture": "#1"},
				"down": {"uv": [0, 0, 1, 16], "texture": "#1"}
			}
		},
		{
			"from": [-1.1, 19.35, -16],
			"to": [0.4, 20.35, 11.4],
			"rotation": {"angle": 0, "axis": "y", "origin": [-1.1, -3.45, 5.2]},
			"faces": {
				"north": {"uv": [0, 0, 1, 6.25], "texture": "#1"},
				"east": {"uv": [0, 5.024, 16, 7.786], "texture": "#6"},
				"south": {"uv": [0, 0, 1, 6.25], "texture": "#5"},
				"west": {"uv": [0, 6.112, 16, 9.834], "texture": "#5"},
				"up": {"uv": [0, 0, 1, 16], "texture": "#1"},
				"down": {"uv": [0, 0, 1, 16], "texture": "#1"}
			}
		},
		{
			"from": [-1.1, 19.35, 9.3],
			"to": [0.4, 20.45, 11.1],
			"rotation": {"angle": 0, "axis": "y", "origin": [-1.1, -3.45, 5.2]},
			"faces": {
				"north": {"uv": [0, 0, 1, 6.25], "texture": "#1"},
				"east": {"uv": [0, 5.024, 16, 7.786], "texture": "#6"},
				"south": {"uv": [0, 0, 1, 6.25], "texture": "#5"},
				"west": {"uv": [0, 6.112, 16, 9.834], "texture": "#5"},
				"up": {"uv": [0, 0, 1, 16], "texture": "#1"},
				"down": {"uv": [0, 0, 1, 16], "texture": "#1"}
			}
		},
		{
			"from": [-1.1, 19.35, 9.3],
			"to": [0.4, 20.05, 11.5],
			"rotation": {"angle": 0, "axis": "y", "origin": [-1.1, -3.45, 5.2]},
			"faces": {
				"north": {"uv": [0, 0, 1, 6.25], "texture": "#1"},
				"east": {"uv": [0, 5.024, 16, 7.786], "texture": "#6"},
				"south": {"uv": [0, 0, 1, 6.25], "texture": "#5"},
				"west": {"uv": [0, 6.112, 16, 9.834], "texture": "#5"},
				"up": {"uv": [0, 0, 1, 16], "texture": "#1"},
				"down": {"uv": [0, 0, 1, 16], "texture": "#1"}
			}
		},
		{
			"from": [15.6, 19.35, 9.3],
			"to": [17.1, 20.05, 11.5],
			"rotation": {"angle": 0, "axis": "y", "origin": [17.1, -3.45, 5.2]},
			"faces": {
				"north": {"uv": [1, 0, 0, 6.25], "texture": "#1"},
				"east": {"uv": [16, 6.112, 0, 9.834], "texture": "#5"},
				"south": {"uv": [1, 0, 0, 6.25], "texture": "#5"},
				"west": {"uv": [16, 5.024, 0, 7.786], "texture": "#6"},
				"up": {"uv": [1, 0, 0, 16], "texture": "#1"},
				"down": {"uv": [1, 0, 0, 16], "texture": "#1"}
			}
		},
		{
			"from": [24.43936, 21.51152, -16],
			"to": [25.93936, 22.51152, 8.5],
			"rotation": {"angle": 22.5, "axis": "z", "origin": [24.43936, -1.28848, 5.2]},
			"faces": {
				"north": {"uv": [0, 0, 1, 6.25], "texture": "#1"},
				"east": {"uv": [0, 5.024, 16, 7.786], "texture": "#5"},
				"south": {"uv": [0, 0, 1, 6.25], "texture": "#5"},
				"west": {"uv": [0, 6.112, 16, 9.834], "texture": "#6"},
				"up": {"uv": [0, 0, 1, 16], "texture": "#1"},
				"down": {"uv": [0, 0, 1, 16], "texture": "#1"}
			}
		},
		{
			"from": [13.52549, 18.6324, -16],
			"to": [15.02549, 19.7324, 8.5],
			"rotation": {"angle": 45, "axis": "z", "origin": [12.68286, 21.99535, 5.2]},
			"faces": {
				"north": {"uv": [0, 0, 1, 6.25], "texture": "#1"},
				"east": {"uv": [0, 5.024, 16, 7.786], "texture": "#5"},
				"south": {"uv": [0, 0, 1, 6.25], "texture": "#5"},
				"west": {"uv": [0, 6.112, 16, 9.834], "texture": "#6"},
				"up": {"uv": [0, 0, 1, 16], "texture": "#4"},
				"down": {"uv": [0, 0, 1, 16], "texture": "#1"}
			}
		},
		{
			"from": [-14.79382, 27.06459, -16],
			"to": [-13.29382, 28.06459, 8.5],
			"rotation": {"angle": -22.5, "axis": "z", "origin": [-24.82518, -10.71445, 5.2]},
			"faces": {
				"north": {"uv": [0, 0, 1, 6.25], "texture": "#1"},
				"east": {"uv": [0, 5.024, 16, 7.786], "texture": "#1"},
				"south": {"uv": [0, 0, 1, 6.25], "texture": "#5"},
				"west": {"uv": [0, 6.112, 16, 9.834], "texture": "#5"},
				"up": {"uv": [0, 0, 1, 16], "texture": "#1"},
				"down": {"uv": [0, 0, 1, 16], "texture": "#1"}
			}
		},
		{
			"from": [-6.26358, -7.36591, -16],
			"to": [-4.76358, -6.26591, 8.5],
			"rotation": {"angle": -45, "axis": "z", "origin": [31.08083, 0.25905, 5.2]},
			"faces": {
				"north": {"uv": [0, 0, 1, 6.25], "texture": "#1"},
				"east": {"uv": [0, 5.024, 16, 7.786], "texture": "#1"},
				"south": {"uv": [0, 0, 1, 6.25], "texture": "#5"},
				"west": {"uv": [0, 6.112, 16, 9.834], "texture": "#5"},
				"up": {"uv": [0, 0, 1, 16], "texture": "#4"},
				"down": {"uv": [0, 0, 1, 16], "texture": "#1"}
			}
		},
		{
			"from": [-0.6, 4.4, 9.95],
			"to": [-0.1, 9.85, 10],
			"rotation": {"angle": 0, "axis": "y", "origin": [-1.1, -7.2, 5.2]},
			"faces": {
				"north": {"uv": [0, 0, 1, 6.25], "texture": "#1"},
				"east": {"uv": [0, 5.024, 16, 7.786], "texture": "#1"},
				"south": {"uv": [0, 0, 1, 6.25], "texture": "#1"},
				"west": {"uv": [0, 6.112, 16, 9.834], "texture": "#1"},
				"up": {"uv": [0, 0, 1, 16], "texture": "#1"},
				"down": {"uv": [0, 0, 1, 16], "texture": "#1"}
			}
		},
		{
			"from": [7.75, 4.4, -0.075],
			"to": [8.25, 21, 0.325],
			"rotation": {"angle": 0, "axis": "y", "origin": [7.5, -14.4, -4.35]},
			"faces": {
				"north": {"uv": [0, 0, 1, 6.25], "texture": "#4"},
				"east": {"uv": [0, 5.024, 16, 7.786], "texture": "#4"},
				"south": {"uv": [0, 0, 1, 6.25], "texture": "#4"},
				"west": {"uv": [0, 6.112, 16, 9.834], "texture": "#4"},
				"up": {"uv": [0, 0, 1, 16], "texture": "#4"},
				"down": {"uv": [0, 0, 1, 16], "texture": "#4"}
			}
		},
		{
			"from": [16.6, 4.4, -16],
			"to": [17.1, 9.85, -4.7],
			"rotation": {"angle": 0, "axis": "y", "origin": [16.1, -7.2, -9.4]},
			"faces": {
				"north": {"uv": [0, 0, 1, 6.25], "texture": "#1"},
				"east": {"uv": [0, 5.024, 16, 7.786], "texture": "#1"},
				"south": {"uv": [0, 0, 1, 6.25], "texture": "#1"},
				"west": {"uv": [0, 6.112, 16, 9.834], "texture": "#1"},
				"up": {"uv": [0, 0, 1, 16], "texture": "#1"},
				"down": {"uv": [0, 0, 1, 16], "texture": "#1"}
			}
		},
		{
			"from": [16.1, 9.85, -16],
			"to": [16.6, 10.85, -9.7],
			"rotation": {"angle": 0, "axis": "y", "origin": [15.6, -6.45, -9.4]},
			"faces": {
				"north": {"uv": [0, 0, 1, 6.25], "texture": "#5"},
				"east": {"uv": [0, 5.024, 16, 7.786], "texture": "#5"},
				"south": {"uv": [0, 0, 1, 6.25], "texture": "#1"},
				"west": {"uv": [0, 6.112, 16, 9.834], "texture": "#1"},
				"up": {"uv": [0, 0, 1, 16], "texture": "#1"},
				"down": {"uv": [0, 0, 1, 16], "texture": "#1"}
			}
		},
		{
			"from": [16.1, 4.4, -16],
			"to": [16.6, 9.85, -9.7],
			"rotation": {"angle": 0, "axis": "y", "origin": [15.6, -7.2, -9.4]},
			"faces": {
				"north": {"uv": [0, 0, 1, 6.25], "texture": "#1"},
				"east": {"uv": [0, 5.024, 16, 7.786], "texture": "#1"},
				"south": {"uv": [0, 0, 1, 6.25], "texture": "#1"},
				"west": {"uv": [0, 6.112, 16, 9.834], "texture": "#1"},
				"up": {"uv": [0, 0, 1, 16], "texture": "#1"},
				"down": {"uv": [0, 0, 1, 16], "texture": "#1"}
			}
		},
		{
			"from": [15.6, 10.85, -9.95],
			"to": [16.1, 17.35, -4.7],
			"rotation": {"angle": 0, "axis": "y", "origin": [15.1, -5.45, -9.4]},
			"faces": {
				"north": {"uv": [0, 0, 1, 6.25], "texture": "#1"},
				"east": {"uv": [0, 5.024, 16, 7.786], "texture": "#1"},
				"south": {"uv": [0, 0, 1, 6.25], "texture": "#6"},
				"west": {"uv": [0, 6.112, 16, 9.834], "texture": "#6"},
				"up": {"uv": [0, 0, 1, 16], "texture": "#1"},
				"down": {"uv": [0, 0, 1, 16], "texture": "#1"}
			}
		},
		{
			"from": [16.1, 10.85, -9.95],
			"to": [16.6, 17.35, -9.7],
			"rotation": {"angle": 0, "axis": "y", "origin": [15.1, -5.45, -9.4]},
			"faces": {
				"north": {"uv": [0, 0, 1, 6.25], "texture": "#1"},
				"east": {"uv": [0, 5.024, 16, 7.786], "texture": "#1"},
				"south": {"uv": [0, 0, 1, 6.25], "texture": "#1"},
				"west": {"uv": [0, 6.112, 16, 9.834], "texture": "#6"},
				"up": {"uv": [0, 0, 1, 16], "texture": "#1"},
				"down": {"uv": [0, 0, 1, 16], "texture": "#1"}
			}
		},
		{
			"from": [-0.6, 10.85, -9.95],
			"to": [-0.1, 17.35, -9.7],
			"rotation": {"angle": 0, "axis": "y", "origin": [-1.6, -5.45, -9.4]},
			"faces": {
				"north": {"uv": [0, 0, 1, 6.25], "texture": "#1"},
				"east": {"uv": [0, 5.024, 16, 7.786], "texture": "#1"},
				"south": {"uv": [0, 0, 1, 6.25], "texture": "#1"},
				"west": {"uv": [0, 6.112, 16, 9.834], "texture": "#6"},
				"up": {"uv": [0, 0, 1, 16], "texture": "#1"},
				"down": {"uv": [0, 0, 1, 16], "texture": "#1"}
			}
		},
		{
			"from": [15.6, 9.85, -16],
			"to": [16.1, 10.85, -4.7],
			"rotation": {"angle": 0, "axis": "y", "origin": [15.1, -6.45, -9.4]},
			"faces": {
				"north": {"uv": [0, 0, 1, 6.25], "texture": "#5"},
				"east": {"uv": [0, 5.024, 16, 7.786], "texture": "#1"},
				"south": {"uv": [0, 0, 1, 6.25], "texture": "#6"},
				"west": {"uv": [0, 6.112, 16, 9.834], "texture": "#6"},
				"up": {"uv": [0, 0, 1, 16], "texture": "#1"},
				"down": {"uv": [0, 0, 1, 16], "texture": "#1"}
			}
		},
		{
			"from": [15.6, 4.4, -16],
			"to": [16.1, 9.85, -4.7],
			"rotation": {"angle": 0, "axis": "y", "origin": [15.1, -7.2, -9.4]},
			"faces": {
				"north": {"uv": [0, 0, 1, 6.25], "texture": "#1"},
				"east": {"uv": [0, 5.024, 16, 7.786], "texture": "#1"},
				"south": {"uv": [0, 0, 1, 6.25], "texture": "#6"},
				"west": {"uv": [0, 6.112, 16, 9.834], "texture": "#6"},
				"up": {"uv": [0, 0, 1, 16], "texture": "#1"},
				"down": {"uv": [0, 0, 1, 16], "texture": "#1"}
			}
		},
		{
			"from": [16.6, 9.85, 4.95],
			"to": [17.1, 10.85, 10],
			"rotation": {"angle": 0, "axis": "y", "origin": [16.1, -6.45, 5.2]},
			"faces": {
				"north": {"uv": [0, 0, 1, 6.25], "texture": "#5"},
				"east": {"uv": [0, 5.024, 16, 7.786], "texture": "#1"},
				"south": {"uv": [0, 0, 1, 6.25], "texture": "#1"},
				"west": {"uv": [0, 6.112, 16, 9.834], "texture": "#1"},
				"up": {"uv": [0, 0, 1, 16], "texture": "#1"},
				"down": {"uv": [0, 0, 1, 16], "texture": "#1"}
			}
		},
		{
			"from": [15.6, 10.85, 4.95],
			"to": [16.1, 17.35, 6],
			"rotation": {"angle": 0, "axis": "y", "origin": [15.1, -5.45, 5.2]},
			"faces": {
				"north": {"uv": [0, 0, 1, 6.25], "texture": "#6"},
				"east": {"uv": [0, 5.024, 16, 7.786], "texture": "#1"},
				"south": {"uv": [0, 0, 1, 6.25], "texture": "#1"},
				"west": {"uv": [0, 6.112, 16, 9.834], "texture": "#6"},
				"up": {"uv": [0, 0, 1, 16], "texture": "#1"},
				"down": {"uv": [0, 0, 1, 16], "texture": "#1"}
			}
		},
		{
			"from": [16.6, 10.85, 8.7],
			"to": [17.1, 17.35, 10],
			"rotation": {"angle": 0, "axis": "y", "origin": [16.1, -5.45, 9.45]},
			"faces": {
				"north": {"uv": [0, 0, 1, 6.25], "texture": "#1"},
				"east": {"uv": [0, 5.024, 16, 7.786], "texture": "#1"},
				"south": {"uv": [0, 0, 1, 6.25], "texture": "#1"},
				"west": {"uv": [0, 6.112, 16, 9.834], "texture": "#1"},
				"up": {"uv": [0, 0, 1, 16], "texture": "#1"},
				"down": {"uv": [0, 0, 1, 16], "texture": "#1"}
			}
		},
		{
			"from": [15.6, 10.85, 8.7],
			"to": [16.1, 17.35, 10],
			"rotation": {"angle": 0, "axis": "y", "origin": [15.1, -5.45, 9.45]},
			"faces": {
				"north": {"uv": [0, 0, 1, 6.25], "texture": "#6"},
				"east": {"uv": [0, 5.024, 16, 7.786], "texture": "#1"},
				"south": {"uv": [0, 0, 1, 6.25], "texture": "#1"},
				"west": {"uv": [0, 6.112, 16, 9.834], "texture": "#6"},
				"up": {"uv": [0, 0, 1, 16], "texture": "#1"},
				"down": {"uv": [0, 0, 1, 16], "texture": "#1"}
			}
		},
		{
			"from": [-1.1, 16.35, 6],
			"to": [-0.6, 17.35, 8.7],
			"rotation": {"angle": 0, "axis": "y", "origin": [-0.1, -5.45, 9.45]},
			"faces": {
				"north": {"uv": [1, 0, 0, 6.25], "texture": "#1"},
				"east": {"uv": [16, 6.112, 0, 9.834], "texture": "#1"},
				"south": {"uv": [1, 0, 0, 6.25], "texture": "#1"},
				"west": {"uv": [16, 5.024, 0, 7.786], "texture": "#1"},
				"up": {"uv": [1, 0, 0, 16], "texture": "#1"},
				"down": {"uv": [1, 0, 0, 16], "texture": "#1"}
			}
		},
		{
			"from": [-0.1, 16.35, 6],
			"to": [0.4, 17.35, 8.7],
			"rotation": {"angle": 0, "axis": "y", "origin": [0.9, -5.45, 9.45]},
			"faces": {
				"north": {"uv": [1, 0, 0, 6.25], "texture": "#6"},
				"east": {"uv": [16, 6.112, 0, 9.834], "texture": "#6"},
				"south": {"uv": [1, 0, 0, 6.25], "texture": "#1"},
				"west": {"uv": [16, 5.024, 0, 7.786], "texture": "#1"},
				"up": {"uv": [1, 0, 0, 16], "texture": "#1"},
				"down": {"uv": [1, 0, 0, 16], "texture": "#1"}
			}
		},
		{
			"from": [16.6, 16.35, 6],
			"to": [17.1, 17.35, 8.7],
			"rotation": {"angle": 0, "axis": "y", "origin": [16.1, -5.45, 9.45]},
			"faces": {
				"north": {"uv": [0, 0, 1, 6.25], "texture": "#1"},
				"east": {"uv": [0, 5.024, 16, 7.786], "texture": "#1"},
				"south": {"uv": [0, 0, 1, 6.25], "texture": "#1"},
				"west": {"uv": [0, 6.112, 16, 9.834], "texture": "#1"},
				"up": {"uv": [0, 0, 1, 16], "texture": "#1"},
				"down": {"uv": [0, 0, 1, 16], "texture": "#1"}
			}
		},
		{
			"from": [15.6, 16.35, 6],
			"to": [16.1, 17.35, 8.7],
			"rotation": {"angle": 0, "axis": "y", "origin": [15.1, -5.45, 9.45]},
			"faces": {
				"north": {"uv": [0, 0, 1, 6.25], "texture": "#6"},
				"east": {"uv": [0, 5.024, 16, 7.786], "texture": "#1"},
				"south": {"uv": [0, 0, 1, 6.25], "texture": "#1"},
				"west": {"uv": [0, 6.112, 16, 9.834], "texture": "#6"},
				"up": {"uv": [0, 0, 1, 16], "texture": "#1"},
				"down": {"uv": [0, 0, 1, 16], "texture": "#1"}
			}
		},
		{
			"from": [-0.1, 9.85, 4.95],
			"to": [0.4, 10.85, 10],
			"rotation": {"angle": 0, "axis": "y", "origin": [-0.6, -6.45, 5.2]},
			"faces": {
				"north": {"uv": [0, 0, 1, 6.25], "texture": "#6"},
				"east": {"uv": [0, 5.024, 16, 7.786], "texture": "#6"},
				"south": {"uv": [0, 0, 1, 6.25], "texture": "#1"},
				"west": {"uv": [0, 6.112, 16, 9.834], "texture": "#1"},
				"up": {"uv": [0, 0, 1, 16], "texture": "#1"},
				"down": {"uv": [0, 0, 1, 16], "texture": "#1"}
			}
		},
		{
			"from": [15.6, 9.85, 4.95],
			"to": [16.1, 10.85, 10],
			"rotation": {"angle": 0, "axis": "y", "origin": [16.6, -6.45, 5.2]},
			"faces": {
				"north": {"uv": [1, 0, 0, 6.25], "texture": "#6"},
				"east": {"uv": [16, 6.112, 0, 9.834], "texture": "#1"},
				"south": {"uv": [1, 0, 0, 6.25], "texture": "#1"},
				"west": {"uv": [16, 5.024, 0, 7.786], "texture": "#6"},
				"up": {"uv": [1, 0, 0, 16], "texture": "#1"},
				"down": {"uv": [1, 0, 0, 16], "texture": "#1"}
			}
		},
		{
			"from": [-1.1, 9.85, -16],
			"to": [-0.6, 10.85, -4.7],
			"rotation": {"angle": 0, "axis": "y", "origin": [-0.6, -6.45, -9.4]},
			"faces": {
				"north": {"uv": [0, 0, 1, 6.25], "texture": "#5"},
				"east": {"uv": [0, 5.024, 16, 7.786], "texture": "#1"},
				"south": {"uv": [0, 0, 1, 6.25], "texture": "#5"},
				"west": {"uv": [0, 6.112, 16, 9.834], "texture": "#5"},
				"up": {"uv": [0, 0, 1, 16], "texture": "#1"},
				"down": {"uv": [0, 0, 1, 16], "texture": "#1"}
			}
		},
		{
			"from": [16.6, 10.85, 4.95],
			"to": [17.1, 17.35, 6],
			"rotation": {"angle": 0, "axis": "y", "origin": [16.1, -5.45, 5.2]},
			"faces": {
				"north": {"uv": [0, 0, 1, 6.25], "texture": "#1"},
				"east": {"uv": [0, 5.024, 16, 7.786], "texture": "#1"},
				"south": {"uv": [0, 0, 1, 6.25], "texture": "#1"},
				"west": {"uv": [0, 6.112, 16, 9.834], "texture": "#1"},
				"up": {"uv": [0, 0, 1, 16], "texture": "#1"},
				"down": {"uv": [0, 0, 1, 16], "texture": "#1"}
			}
		},
		{
			"from": [-1.1, 10.85, 8.7],
			"to": [-0.6, 17.35, 10],
			"rotation": {"angle": 0, "axis": "y", "origin": [-0.1, -5.45, 9.45]},
			"faces": {
				"north": {"uv": [1, 0, 0, 6.25], "texture": "#1"},
				"east": {"uv": [16, 6.112, 0, 9.834], "texture": "#1"},
				"south": {"uv": [1, 0, 0, 6.25], "texture": "#1"},
				"west": {"uv": [16, 5.024, 0, 7.786], "texture": "#1"},
				"up": {"uv": [1, 0, 0, 16], "texture": "#1"},
				"down": {"uv": [1, 0, 0, 16], "texture": "#1"}
			}
		},
		{
			"from": [-0.1, 10.85, 8.7],
			"to": [0.4, 17.35, 10],
			"rotation": {"angle": 0, "axis": "y", "origin": [0.9, -5.45, 9.45]},
			"faces": {
				"north": {"uv": [1, 0, 0, 6.25], "texture": "#6"},
				"east": {"uv": [16, 6.112, 0, 9.834], "texture": "#6"},
				"south": {"uv": [1, 0, 0, 6.25], "texture": "#1"},
				"west": {"uv": [16, 5.024, 0, 7.786], "texture": "#1"},
				"up": {"uv": [1, 0, 0, 16], "texture": "#1"},
				"down": {"uv": [1, 0, 0, 16], "texture": "#1"}
			}
		},
		{
			"from": [-1.1, 10.85, 6],
			"to": [-0.6, 16.35, 8.7],
			"rotation": {"angle": 0, "axis": "y", "origin": [-0.1, -5.45, 9.45]},
			"faces": {
				"north": {"uv": [1, 0, 0, 6.25], "texture": "#13"},
				"east": {"uv": [16, 6.112, 0, 9.834], "texture": "#13"},
				"south": {"uv": [1, 0, 0, 6.25], "texture": "#13"},
				"west": {"uv": [16, 0, 0, 16], "texture": "#13"},
				"up": {"uv": [1, 0, 0, 16], "texture": "#13"},
				"down": {"uv": [1, 0, 0, 16], "texture": "#13"}
			}
		},
		{
			"from": [15.6, 10.85, 6],
			"to": [16.1, 16.35, 8.7],
			"rotation": {"angle": 0, "axis": "y", "origin": [15.1, -5.45, 9.45]},
			"faces": {
				"north": {"uv": [0, 0, 1, 6.25], "texture": "#13"},
				"east": {"uv": [0, 5.024, 16, 7.786], "texture": "#13"},
				"south": {"uv": [0, 0, 1, 6.25], "texture": "#13"},
				"west": {"uv": [0, 0, 16, 16], "texture": "#13"},
				"up": {"uv": [0, 0, 1, 16], "texture": "#13"},
				"down": {"uv": [0, 0, 1, 16], "texture": "#13"}
			}
		},
		{
			"from": [-0.1, 10.85, 6],
			"to": [0.4, 16.35, 8.7],
			"rotation": {"angle": 0, "axis": "y", "origin": [0.9, -5.45, 9.45]},
			"faces": {
				"north": {"uv": [1, 0, 0, 6.25], "texture": "#13"},
				"east": {"uv": [16, 0, 0, 16], "texture": "#13"},
				"south": {"uv": [1, 0, 0, 6.25], "texture": "#13"},
				"west": {"uv": [16, 5.024, 0, 7.786], "texture": "#13"},
				"up": {"uv": [1, 0, 0, 16], "texture": "#13"},
				"down": {"uv": [1, 0, 0, 16], "texture": "#13"}
			}
		},
		{
			"from": [16.6, 10.85, 6],
			"to": [17.1, 16.35, 8.7],
			"rotation": {"angle": 0, "axis": "y", "origin": [16.1, -5.45, 9.45]},
			"faces": {
				"north": {"uv": [0, 0, 1, 6.25], "texture": "#13"},
				"east": {"uv": [0, 0, 16, 16], "texture": "#13"},
				"south": {"uv": [0, 0, 1, 6.25], "texture": "#13"},
				"west": {"uv": [0, 6.112, 16, 9.834], "texture": "#13"},
				"up": {"uv": [0, 0, 1, 16], "texture": "#13"},
				"down": {"uv": [0, 0, 1, 16], "texture": "#13"}
			}
		},
		{
			"from": [-0.1, 10.85, 4.95],
			"to": [0.4, 17.35, 6],
			"rotation": {"angle": 0, "axis": "y", "origin": [0.9, -5.45, 5.2]},
			"faces": {
				"north": {"uv": [1, 0, 0, 6.25], "texture": "#6"},
				"east": {"uv": [16, 6.112, 0, 9.834], "texture": "#6"},
				"south": {"uv": [1, 0, 0, 6.25], "texture": "#1"},
				"west": {"uv": [16, 5.024, 0, 7.786], "texture": "#1"},
				"up": {"uv": [1, 0, 0, 16], "texture": "#1"},
				"down": {"uv": [1, 0, 0, 16], "texture": "#1"}
			}
		},
		{
			"from": [-1.1, 10.85, 4.95],
			"to": [-0.6, 17.35, 6],
			"rotation": {"angle": 0, "axis": "y", "origin": [-0.1, -5.45, 5.2]},
			"faces": {
				"north": {"uv": [1, 0, 0, 6.25], "texture": "#1"},
				"east": {"uv": [16, 6.112, 0, 9.834], "texture": "#1"},
				"south": {"uv": [1, 0, 0, 6.25], "texture": "#1"},
				"west": {"uv": [16, 5.024, 0, 7.786], "texture": "#1"},
				"up": {"uv": [1, 0, 0, 16], "texture": "#1"},
				"down": {"uv": [1, 0, 0, 16], "texture": "#1"}
			}
		},
		{
			"from": [16.6, 10.85, -9.95],
			"to": [17.1, 17.35, -4.7],
			"rotation": {"angle": 0, "axis": "y", "origin": [16.1, -5.45, -9.4]},
			"faces": {
				"north": {"uv": [0, 0, 1, 6.25], "texture": "#1"},
				"east": {"uv": [0, 5.024, 16, 7.786], "texture": "#1"},
				"south": {"uv": [0, 0, 1, 6.25], "texture": "#1"},
				"west": {"uv": [0, 6.112, 16, 9.834], "texture": "#1"},
				"up": {"uv": [0, 0, 1, 16], "texture": "#1"},
				"down": {"uv": [0, 0, 1, 16], "texture": "#1"}
			}
		},
		{
			"from": [-1.1, 10.85, -9.95],
			"to": [-0.6, 17.35, -4.7],
			"rotation": {"angle": 0, "axis": "y", "origin": [-0.6, -5.45, -9.4]},
			"faces": {
				"north": {"uv": [0, 0, 1, 6.25], "texture": "#1"},
				"east": {"uv": [0, 5.024, 16, 7.786], "texture": "#1"},
				"south": {"uv": [0, 0, 1, 6.25], "texture": "#1"},
				"west": {"uv": [0, 6.112, 16, 9.834], "texture": "#1"},
				"up": {"uv": [0, 0, 1, 16], "texture": "#1"},
				"down": {"uv": [0, 0, 1, 16], "texture": "#1"}
			}
		},
		{
			"from": [16.6, 9.85, -16],
			"to": [17.1, 10.85, -4.7],
			"rotation": {"angle": 0, "axis": "y", "origin": [16.1, -6.45, -9.4]},
			"faces": {
				"north": {"uv": [0, 0, 1, 6.25], "texture": "#5"},
				"east": {"uv": [0, 5.024, 16, 7.786], "texture": "#5"},
				"south": {"uv": [0, 0, 1, 6.25], "texture": "#5"},
				"west": {"uv": [0, 6.112, 16, 9.834], "texture": "#1"},
				"up": {"uv": [0, 0, 1, 16], "texture": "#1"},
				"down": {"uv": [0, 0, 1, 16], "texture": "#1"}
			}
		},
		{
			"from": [16.6, 4.4, 4.95],
			"to": [17.1, 9.85, 10],
			"rotation": {"angle": 0, "axis": "y", "origin": [16.1, -7.2, 5.2]},
			"faces": {
				"north": {"uv": [0, 0, 1, 6.25], "texture": "#1"},
				"east": {"uv": [2, 4, 14, 12], "texture": "#1"},
				"south": {"uv": [0, 0, 1, 6.25], "texture": "#1"},
				"west": {"uv": [0, 6.112, 16, 9.834], "texture": "#1"},
				"up": {"uv": [0, 0, 1, 16], "texture": "#1"},
				"down": {"uv": [0, 0, 1, 16], "texture": "#1"}
			}
		},
		{
			"from": [16.1, 9.85, 9.95],
			"to": [16.6, 10.85, 10],
			"rotation": {"angle": 0, "axis": "y", "origin": [15.6, -6.45, 5.2]},
			"faces": {
				"north": {"uv": [0, 0, 1, 6.25], "texture": "#1"},
				"east": {"uv": [0, 5.024, 16, 7.786], "texture": "#5"},
				"south": {"uv": [0, 0, 1, 6.25], "texture": "#1"},
				"west": {"uv": [0, 6.112, 16, 9.834], "texture": "#1"},
				"up": {"uv": [0, 0, 1, 16], "texture": "#1"},
				"down": {"uv": [0, 0, 1, 16], "texture": "#1"}
			}
		},
		{
			"from": [16.1, 10.85, 9.95],
			"to": [16.6, 17.35, 10],
			"rotation": {"angle": 0, "axis": "y", "origin": [15.6, -5.45, 5.2]},
			"faces": {
				"north": {"uv": [0, 0, 1, 6.25], "texture": "#1"},
				"east": {"uv": [0, 5.024, 16, 7.786], "texture": "#5"},
				"south": {"uv": [0, 0, 1, 6.25], "texture": "#1"},
				"west": {"uv": [0, 6.112, 16, 9.834], "texture": "#1"},
				"up": {"uv": [0, 0, 1, 16], "texture": "#1"},
				"down": {"uv": [0, 0, 1, 16], "texture": "#1"}
			}
		},
		{
			"from": [16.1, 4.4, 9.95],
			"to": [16.6, 9.85, 10],
			"rotation": {"angle": 0, "axis": "y", "origin": [15.6, -7.2, 5.2]},
			"faces": {
				"north": {"uv": [0, 0, 1, 6.25], "texture": "#1"},
				"east": {"uv": [0, 5.024, 16, 7.786], "texture": "#1"},
				"south": {"uv": [0, 0, 1, 6.25], "texture": "#1"},
				"west": {"uv": [0, 6.112, 16, 9.834], "texture": "#1"},
				"up": {"uv": [0, 0, 1, 16], "texture": "#1"},
				"down": {"uv": [0, 0, 1, 16], "texture": "#1"}
			}
		},
		{
			"from": [15.6, 19.35, -16],
			"to": [17.1, 20.35, 11.4],
			"rotation": {"angle": 0, "axis": "y", "origin": [17.1, -3.45, 5.2]},
			"faces": {
				"north": {"uv": [1, 0, 0, 6.25], "texture": "#1"},
				"east": {"uv": [16, 6.112, 0, 9.834], "texture": "#5"},
				"south": {"uv": [1, 0, 0, 6.25], "texture": "#5"},
				"west": {"uv": [16, 5.024, 0, 7.786], "texture": "#6"},
				"up": {"uv": [1, 0, 0, 16], "texture": "#1"},
				"down": {"uv": [1, 0, 0, 16], "texture": "#1"}
			}
		},
		{
			"from": [11.225, 17.45, 12.45],
			"to": [12.525, 18.6, 13.4],
			"rotation": {"angle": 0, "axis": "y", "origin": [-0.05, 11, -15.75]},
			"faces": {
				"north": {"uv": [0, 0, 1, 6.25], "texture": "#3"},
				"east": {"uv": [0, 5.024, 16, 7.786], "texture": "#3"},
				"south": {"uv": [0, 0, 16, 16], "texture": "#15"},
				"west": {"uv": [0, 6.112, 16, 9.834], "texture": "#3"},
				"up": {"uv": [0, 0, 1, 16], "texture": "#3"},
				"down": {"uv": [0, 0, 1, 16], "texture": "#3"}
			}
		},
		{
			"from": [0.7, 8.55, 13.1],
			"to": [0.9, 10.45, 13.2],
			"rotation": {"angle": 0, "axis": "y", "origin": [-2.45, 2.8, -15.75]},
			"faces": {
				"north": {"uv": [0, 0, 1, 6.25], "texture": "#3"},
				"east": {"uv": [0, 5.024, 16, 7.786], "texture": "#3"},
				"south": {"uv": [0, 0, 0.5, 6.25], "texture": "#15"},
				"west": {"uv": [0, 6.112, 16, 9.834], "texture": "#3"},
				"up": {"uv": [0, 0, 1, 16], "texture": "#3"},
				"down": {"uv": [0, 0, 1, 16], "texture": "#3"}
			}
		},
		{
			"from": [3.475, 17.45, 12.45],
			"to": [4.775, 18.6, 13.4],
			"rotation": {"angle": 0, "axis": "y", "origin": [-7.8, 11, -15.75]},
			"faces": {
				"north": {"uv": [0, 0, 1, 6.25], "texture": "#3"},
				"east": {"uv": [0, 5.024, 16, 7.786], "texture": "#3"},
				"south": {"uv": [0, 0, 16, 16], "texture": "#15"},
				"west": {"uv": [0, 6.112, 16, 9.834], "texture": "#3"},
				"up": {"uv": [0, 0, 1, 16], "texture": "#3"},
				"down": {"uv": [0, 0, 1, 16], "texture": "#3"}
			}
		},
		{
			"from": [1.1, 9.35, 13.1],
			"to": [1.8, 10.15, 13.2],
			"rotation": {"angle": 0, "axis": "y", "origin": [-2.05, 2.5, -15.75]},
			"faces": {
				"north": {"uv": [0, 0, 1, 6.25], "texture": "#3"},
				"east": {"uv": [0, 5.024, 16, 7.786], "texture": "#3"},
				"south": {"uv": [0, 0, 16, 16], "texture": "#15"},
				"west": {"uv": [0, 6.112, 16, 9.834], "texture": "#3"},
				"up": {"uv": [0, 0, 1, 16], "texture": "#3"},
				"down": {"uv": [0, 0, 1, 16], "texture": "#3"}
			}
		},
		{
			"from": [15.1, 8.55, 13.1],
			"to": [15.3, 10.45, 13.2],
			"rotation": {"angle": 0, "axis": "y", "origin": [18.45, 2.8, -15.75]},
			"faces": {
				"north": {"uv": [1, 0, 0, 6.25], "texture": "#3"},
				"east": {"uv": [16, 6.112, 0, 9.834], "texture": "#3"},
				"south": {"uv": [0.5, 0, 0, 6.25], "texture": "#15"},
				"west": {"uv": [16, 5.024, 0, 7.786], "texture": "#3"},
				"up": {"uv": [1, 0, 0, 16], "texture": "#3"},
				"down": {"uv": [1, 0, 0, 16], "texture": "#3"}
			}
		},
		{
			"from": [14.2, 9.35, 13.1],
			"to": [14.9, 10.15, 13.2],
			"rotation": {"angle": 0, "axis": "y", "origin": [18.05, 2.5, -15.75]},
			"faces": {
				"north": {"uv": [1, 0, 0, 6.25], "texture": "#3"},
				"east": {"uv": [16, 6.112, 0, 9.834], "texture": "#3"},
				"south": {"uv": [16, 0, 0, 16], "texture": "#15"},
				"west": {"uv": [16, 5.024, 0, 7.786], "texture": "#3"},
				"up": {"uv": [1, 0, 0, 16], "texture": "#3"},
				"down": {"uv": [1, 0, 0, 16], "texture": "#3"}
			}
		},
		{
			"from": [3.4, 5.15, 13.1],
			"to": [12.6, 5.45, 13.2],
			"rotation": {"angle": 0, "axis": "y", "origin": [0, -1.95, -15.75]},
			"faces": {
				"north": {"uv": [0, 0, 1, 6.25], "texture": "#3"},
				"east": {"uv": [0, 5.024, 16, 7.786], "texture": "#3"},
				"south": {"uv": [7.5, 6, 11, 10.5], "texture": "#15"},
				"west": {"uv": [0, 6.112, 16, 9.834], "texture": "#3"},
				"up": {"uv": [0, 0, 1, 16], "texture": "#3"},
				"down": {"uv": [0, 0, 1, 16], "texture": "#3"}
			}
		},
		{
			"from": [4.25, 13.75, 13.15],
			"to": [4.5, 18.1, 13.4],
			"rotation": {"angle": -45, "axis": "z", "origin": [4.5, 3, -2.1]},
			"faces": {
				"north": {"uv": [14, 0, 0, 1], "texture": "#3"},
				"east": {"uv": [16, 0, 0, 1], "texture": "#3"},
				"south": {"uv": [14, 0, 0, 1], "texture": "#3"},
				"west": {"uv": [16, 0, 0, 1], "texture": "#3"},
				"up": {"uv": [16, 0, 0, 16], "texture": "#3"},
				"down": {"uv": [14, 0, 0, 16], "texture": "#3"}
			}
		},
		{
			"from": [15, 10.75, 13.15],
			"to": [15.25, 17, 13.4],
			"rotation": {"angle": 0, "axis": "y", "origin": [15.25, 3, -2.1]},
			"faces": {
				"north": {"uv": [14, 0, 0, 1], "texture": "#3"},
				"east": {"uv": [16, 0, 0, 1], "texture": "#3"},
				"south": {"uv": [14, 0, 0, 1], "texture": "#3"},
				"west": {"uv": [16, 0, 0, 1], "texture": "#3"},
				"up": {"uv": [16, 0, 0, 16], "texture": "#3"},
				"down": {"uv": [14, 0, 0, 16], "texture": "#3"}
			}
		},
		{
			"from": [7.65, 20.85, 5.5],
			"to": [8.35, 21.1, 6.25],
			"rotation": {"angle": 0, "axis": "y", "origin": [4.75, 3.85, 10]},
			"faces": {
				"north": {"uv": [0, 0, 9.5, 0.75], "texture": "#14"},
				"east": {"uv": [0, 0, 16, 0.75], "texture": "#14"},
				"south": {"uv": [0, 0, 16, 16], "texture": "#14"},
				"west": {"uv": [0, 0, 16, 0.75], "texture": "#14"},
				"up": {"uv": [0, 0, 9.5, 16], "texture": "#14"},
				"down": {"uv": [0, 0, 9.5, 16], "texture": "#14"}
			}
		},
		{
			"from": [12.9, 20.85, 3.75],
			"to": [13.1, 21.05, 4],
			"rotation": {"angle": 0, "axis": "y", "origin": [9.75, 3.8, 8]},
			"faces": {
				"north": {"uv": [0, 0, 9.5, 0.75], "texture": "#3"},
				"east": {"uv": [0, 0, 16, 0.75], "texture": "#3"},
				"south": {"uv": [0, 0, 16, 16], "texture": "#3"},
				"west": {"uv": [0, 0, 16, 0.75], "texture": "#3"},
				"up": {"uv": [0, 0, 9.5, 16], "texture": "#3"},
				"down": {"uv": [0, 0, 9.5, 16], "texture": "#3"}
			}
		},
		{
			"from": [12.85, 20.9, 3.6],
			"to": [13.15, 21.15, 4.15],
			"rotation": {"angle": 0, "axis": "y", "origin": [9.75, 3.9, 8]},
			"faces": {
				"north": {"uv": [0, 0, 9.5, 0.75], "texture": "#2"},
				"east": {"uv": [0, 0, 16, 0.75], "texture": "#2"},
				"south": {"uv": [0, 0, 16, 16], "texture": "#2"},
				"west": {"uv": [0, 0, 16, 0.75], "texture": "#2"},
				"up": {"uv": [0, 0, 9.5, 16], "texture": "#2"},
				"down": {"uv": [0, 0, 9.5, 16], "texture": "#2"}
			}
		},
		{
			"from": [12.9, 17.75, 7.75],
			"to": [13.1, 17.95, 8],
			"rotation": {"angle": 0, "axis": "y", "origin": [9.75, 0.7, 12]},
			"faces": {
				"north": {"uv": [0, 0, 9.5, 0.75], "texture": "#3"},
				"east": {"uv": [0, 0, 16, 0.75], "texture": "#3"},
				"south": {"uv": [0, 0, 16, 16], "texture": "#3"},
				"west": {"uv": [0, 0, 16, 0.75], "texture": "#3"},
				"up": {"uv": [0, 0, 9.5, 16], "texture": "#3"},
				"down": {"uv": [0, 0, 9.5, 16], "texture": "#3"}
			}
		},
		{
			"from": [12.85, 17.8, 7.6],
			"to": [13.15, 18.05, 8.15],
			"rotation": {"angle": 0, "axis": "y", "origin": [9.75, 0.8, 12]},
			"faces": {
				"north": {"uv": [0, 0, 9.5, 0.75], "texture": "#2"},
				"east": {"uv": [0, 0, 16, 0.75], "texture": "#2"},
				"south": {"uv": [0, 0, 16, 16], "texture": "#2"},
				"west": {"uv": [0, 0, 16, 0.75], "texture": "#2"},
				"up": {"uv": [0, 0, 9.5, 16], "texture": "#2"},
				"down": {"uv": [0, 0, 9.5, 16], "texture": "#2"}
			}
		},
		{
			"from": [16.8, 17.85, 7.75],
			"to": [17, 18, 8],
			"rotation": {"angle": 0, "axis": "y", "origin": [20.15, 0.8, 12]},
			"faces": {
				"north": {"uv": [9.5, 0, 0, 0.75], "texture": "#2"},
				"east": {"uv": [16, 0, 0, 0.75], "texture": "#2"},
				"south": {"uv": [16, 0, 0, 16], "texture": "#2"},
				"west": {"uv": [16, 0, 0, 0.75], "texture": "#2"},
				"up": {"uv": [9.5, 0, 0, 16], "texture": "#2"},
				"down": {"uv": [9.5, 0, 0, 16], "texture": "#2"}
			}
		},
		{
			"from": [16.85, 17.8, 7.6],
			"to": [17.15, 18.05, 8.15],
			"rotation": {"angle": 0, "axis": "y", "origin": [20.25, 0.8, 12]},
			"faces": {
				"north": {"uv": [9.5, 0, 0, 0.75], "texture": "#2"},
				"east": {"uv": [16, 0, 0, 0.75], "texture": "#2"},
				"south": {"uv": [16, 0, 0, 16], "texture": "#2"},
				"west": {"uv": [16, 0, 0, 0.75], "texture": "#2"},
				"up": {"uv": [9.5, 0, 0, 16], "texture": "#2"},
				"down": {"uv": [9.5, 0, 0, 16], "texture": "#2"}
			}
		},
		{
			"from": [-1.2, 17.85, 10.75],
			"to": [-1, 18, 11],
			"rotation": {"angle": 0, "axis": "y", "origin": [-4.35, 0.8, 15]},
			"faces": {
				"north": {"uv": [0, 0, 9.5, 0.75], "texture": "#3"},
				"east": {"uv": [0, 0, 16, 0.75], "texture": "#3"},
				"south": {"uv": [0, 0, 16, 16], "texture": "#3"},
				"west": {"uv": [0, 0, 16, 0.75], "texture": "#3"},
				"up": {"uv": [0, 0, 9.5, 16], "texture": "#3"},
				"down": {"uv": [0, 0, 9.5, 16], "texture": "#3"}
			}
		},
		{
			"from": [-1.15, 17.8, 10.6],
			"to": [-0.85, 18.05, 11.15],
			"rotation": {"angle": 0, "axis": "y", "origin": [-4.25, 0.8, 15]},
			"faces": {
				"north": {"uv": [0, 0, 9.5, 0.75], "texture": "#2"},
				"east": {"uv": [0, 0, 16, 0.75], "texture": "#2"},
				"south": {"uv": [0, 0, 16, 16], "texture": "#2"},
				"west": {"uv": [0, 0, 16, 0.75], "texture": "#2"},
				"up": {"uv": [0, 0, 9.5, 16], "texture": "#2"},
				"down": {"uv": [0, 0, 9.5, 16], "texture": "#2"}
			}
		},
		{
			"from": [14.25, 17.85, 13],
			"to": [14.5, 18, 13.2],
			"rotation": {"angle": 0, "axis": "y", "origin": [10.25, 0.8, 16.35]},
			"faces": {
				"north": {"uv": [16, 0, 0, 0.75], "texture": "#3"},
				"east": {"uv": [9.5, 0, 0, 0.75], "texture": "#3"},
				"south": {"uv": [16, 0, 0, 0.75], "texture": "#3"},
				"west": {"uv": [16, 0, 0, 16], "texture": "#3"},
				"up": {"uv": [9.5, 0, 0, 16], "rotation": 90, "texture": "#3"},
				"down": {"uv": [9.5, 0, 0, 16], "rotation": 270, "texture": "#3"}
			}
		},
		{
			"from": [14.1, 17.8, 12.85],
			"to": [14.65, 18.05, 13.15],
			"rotation": {"angle": 0, "axis": "y", "origin": [10.25, 0.8, 16.25]},
			"faces": {
				"north": {"uv": [16, 0, 0, 0.75], "texture": "#2"},
				"east": {"uv": [9.5, 0, 0, 0.75], "texture": "#2"},
				"south": {"uv": [16, 0, 0, 0.75], "texture": "#2"},
				"west": {"uv": [16, 0, 0, 16], "texture": "#2"},
				"up": {"uv": [9.5, 0, 0, 16], "rotation": 90, "texture": "#2"},
				"down": {"uv": [9.5, 0, 0, 16], "rotation": 270, "texture": "#2"}
			}
		},
		{
			"from": [17, 17.85, 7.75],
			"to": [17.2, 18, 8],
			"rotation": {"angle": 0, "axis": "y", "origin": [20.35, 0.8, 12]},
			"faces": {
				"north": {"uv": [9.5, 0, 0, 0.75], "texture": "#3"},
				"east": {"uv": [16, 0, 0, 0.75], "texture": "#3"},
				"south": {"uv": [16, 0, 0, 16], "texture": "#3"},
				"west": {"uv": [16, 0, 0, 0.75], "texture": "#3"},
				"up": {"uv": [9.5, 0, 0, 16], "texture": "#3"},
				"down": {"uv": [9.5, 0, 0, 16], "texture": "#3"}
			}
		},
		{
			"from": [7.65, 20.85, -4.5],
			"to": [8.35, 21.1, -3.75],
			"rotation": {"angle": 0, "axis": "y", "origin": [4.75, 3.85, 0]},
			"faces": {
				"north": {"uv": [0, 0, 9.5, 0.75], "texture": "#14"},
				"east": {"uv": [0, 0, 16, 0.75], "texture": "#14"},
				"south": {"uv": [0, 0, 16, 16], "texture": "#14"},
				"west": {"uv": [0, 0, 16, 0.75], "texture": "#14"},
				"up": {"uv": [0, 0, 9.5, 16], "texture": "#14"},
				"down": {"uv": [0, 0, 9.5, 16], "texture": "#14"}
			}
		}
	],
	"display": {
		"thirdperson_righthand": {
			"scale": [4, 4, 4]
		},
		"head": {
			"scale": [4, 4, 4]
		}
	},
	"groups": [
		0,
		1,
		2,
		3,
		4,
		5,
		6,
		7,
		8,
		9,
		10,
		11,
		12,
		13,
		{
			"name": "group",
			"origin": [-2.1, 12.48964, -12.675],
			"color": 0,
			"children": []
		},
		14,
		15,
		16,
		17,
		18,
		19,
		20,
		21,
		22,
		23,
		24,
		25,
		26,
		27,
		28,
		29,
		30,
		31,
		32,
		33,
		34,
		35,
		36,
		37,
		38,
		39,
		40,
		41,
		42,
		43,
		44,
		45,
		46,
		47,
		48,
		49,
		50,
		51,
		52,
		53,
		54,
		55,
		56,
		57,
		58,
		59,
		60,
		61,
		62,
		63,
		64,
		65,
		66,
		67,
		68,
		69,
		70,
		71,
		72,
		73,
		74,
		75,
		76,
		77,
		78,
		79,
		80,
		81,
		82,
		83,
		84,
		85,
		86,
		87,
		88,
		89,
		90,
		91,
		92,
		93,
		94,
		95,
		96,
		97,
		98,
		99,
		100,
		101,
		102,
		103,
		104,
		105,
		106,
		107,
		108,
		109,
		110,
		111,
		112,
		113,
		114,
		115,
		116,
		117,
		118,
		119,
		120,
		121,
		122,
		123,
		124,
		125,
		126,
		127,
		128,
		129,
		130,
		131,
		132,
		133,
		134,
		135,
		136,
		137,
		138,
		139,
		140,
		141,
		142,
		143,
		144,
		145,
		146,
		147,
		148,
		149,
		150,
		151,
		152,
		153,
		154,
		155,
		156,
		157,
		158,
		159,
		160,
		161,
		162,
		163,
		164,
		165,
		166,
		167,
		168,
		169,
		170,
		171,
		172,
		173,
		174,
		175,
		176,
		177,
		178,
		179,
		180,
		181,
		182,
		183,
		184,
		185,
		186,
		187,
		188
	]
}