{
	"format_version": "1.21.6",
	"credit": "Made with Blockbench",
	"textures": {
		"1": "block/bus_autonomous/white_concrete",
		"6": "block/bus_autonomous/quartz_block_bottom",
		"8": "block/bus_autonomous/brown_concrete",
		"9": "block/bus_autonomous/black_wool",
		"14": "block/bus_autonomous/glass",
		"particle": "block/bus_autonomous/cyan_terracotta"
	},
	"elements": [
		{
			"from": [-0.6, 4.4, 0.225],
			"to": [-0.1, 9.85, 5.2],
			"rotation": {"angle": 0, "axis": "y", "origin": [-0.1, -7.2, -4.95]},
			"faces": {
				"north": {"uv": [0, 0, 1, 6.25], "texture": "#1"},
				"east": {"uv": [0, 6.112, 16, 9.834], "texture": "#6"},
				"south": {"uv": [0, 0, 1, 6.25], "texture": "#1"},
				"west": {"uv": [2, 4, 14, 12], "texture": "#1"},
				"up": {"uv": [1, 16, 0, 0], "texture": "#6"},
				"down": {"uv": [1, 16, 0, 0], "texture": "#1"}
			}
		},
		{
			"from": [-0.6, 4.4, 0.125],
			"to": [-0.1, 17.35, 0.225],
			"rotation": {"angle": 0, "axis": "y", "origin": [-0.1, -7.2, 5.3]},
			"faces": {
				"north": {"uv": [1, 0, 0, 6.25], "texture": "#9"},
				"east": {"uv": [16, 6.112, 0, 9.834], "texture": "#9"},
				"south": {"uv": [1, 0, 0, 6.25], "texture": "#9"},
				"west": {"uv": [14, 4, 2, 12], "texture": "#9"},
				"up": {"uv": [1, 0, 0, 16], "texture": "#9"},
				"down": {"uv": [1, 0, 0, 16], "texture": "#9"}
			}
		},
		{
			"from": [-0.6, 10.85, 0.225],
			"to": [-0.1, 16.35, 1.2],
			"rotation": {"angle": 0, "axis": "y", "origin": [-0.1, -6.2, -4.95]},
			"faces": {
				"north": {"uv": [0, 0, 1, 6.25], "texture": "#1"},
				"east": {"uv": [0, 6.112, 16, 9.834], "texture": "#6"},
				"south": {"uv": [0, 0, 1, 6.25], "texture": "#1"},
				"west": {"uv": [2, 4, 14, 12], "texture": "#1"},
				"up": {"uv": [1, 16, 0, 0], "texture": "#1"},
				"down": {"uv": [1, 16, 0, 0], "texture": "#6"}
			}
		},
		{
			"from": [-0.5, 10.85, 1.205],
			"to": [-0.2, 16.35, 3.975],
			"rotation": {"angle": 0, "axis": "y", "origin": [-0.1, -6.2, -1.185]},
			"faces": {
				"north": {"uv": [0, 0, 1, 6.25], "texture": "#14"},
				"east": {"uv": [0, 0, 16, 16], "texture": "#14"},
				"south": {"uv": [0, 0, 1, 6.25], "texture": "#14"},
				"west": {"uv": [0, 0, 16, 16], "texture": "#14"},
				"up": {"uv": [1, 16, 0, 0], "texture": "#14"},
				"down": {"uv": [1, 16, 0, 0], "texture": "#14"}
			}
		},
		{
			"from": [-0.6, 10.85, 3.975],
			"to": [-0.1, 16.35, 5.2],
			"rotation": {"angle": 0, "axis": "y", "origin": [-0.1, -6.2, -1.2]},
			"faces": {
				"north": {"uv": [0, 0, 1, 6.25], "texture": "#1"},
				"east": {"uv": [0, 6.112, 16, 9.834], "texture": "#6"},
				"south": {"uv": [0, 0, 1, 6.25], "texture": "#1"},
				"west": {"uv": [2, 4, 14, 12], "texture": "#1"},
				"up": {"uv": [1, 16, 0, 0], "texture": "#1"},
				"down": {"uv": [1, 16, 0, 0], "texture": "#1"}
			}
		},
		{
			"from": [-0.6, 16.35, 0.225],
			"to": [-0.1, 17.35, 5.2],
			"rotation": {"angle": 0, "axis": "y", "origin": [-0.1, -6.2, -4.95]},
			"faces": {
				"north": {"uv": [0, 0, 1, 6.25], "texture": "#1"},
				"east": {"uv": [0, 6.112, 16, 9.834], "texture": "#6"},
				"south": {"uv": [0, 0, 1, 6.25], "texture": "#1"},
				"west": {"uv": [2, 4, 14, 12], "texture": "#1"},
				"up": {"uv": [1, 16, 0, 0], "texture": "#1"},
				"down": {"uv": [1, 16, 0, 0], "texture": "#1"}
			}
		},
		{
			"from": [-0.6, 9.85, 0.225],
			"to": [-0.1, 10.85, 0.6],
			"rotation": {"angle": 0, "axis": "y", "origin": [-0.1, -7.2, -4.95]},
			"faces": {
				"north": {"uv": [0, 0, 1, 6.25], "texture": "#6"},
				"east": {"uv": [0, 6.112, 16, 9.834], "texture": "#6"},
				"south": {"uv": [0, 0, 1, 6.25], "texture": "#6"},
				"west": {"uv": [2, 4, 14, 12], "texture": "#8"},
				"up": {"uv": [1, 16, 0, 0], "texture": "#1"},
				"down": {"uv": [1, 16, 0, 0], "texture": "#6"}
			}
		},
		{
			"from": [-0.6, 9.85, 0.6],
			"to": [-0.2, 10.85, 0.925],
			"rotation": {"angle": 0, "axis": "y", "origin": [-0.1, -7.2, -4.925]},
			"faces": {
				"north": {"uv": [0, 0, 1, 6.25], "texture": "#6"},
				"east": {"uv": [0, 6.112, 16, 9.834], "texture": "#6"},
				"south": {"uv": [0, 0, 1, 6.25], "texture": "#6"},
				"west": {"uv": [2, 4, 14, 12], "texture": "#8"},
				"up": {"uv": [1, 16, 0, 0], "texture": "#1"},
				"down": {"uv": [1, 16, 0, 0], "texture": "#6"}
			}
		},
		{
			"from": [-0.6, 9.85, 0.925],
			"to": [-0.1, 10.85, 5.2],
			"rotation": {"angle": 0, "axis": "y", "origin": [-0.1, -7.2, -4.95]},
			"faces": {
				"north": {"uv": [0, 0, 1, 6.25], "texture": "#6"},
				"east": {"uv": [0, 6.112, 16, 9.834], "texture": "#6"},
				"south": {"uv": [0, 0, 1, 6.25], "texture": "#1"},
				"west": {"uv": [2, 4, 14, 12], "texture": "#8"},
				"up": {"uv": [1, 16, 0, 0], "texture": "#1"},
				"down": {"uv": [1, 16, 0, 0], "texture": "#6"}
			}
		}
	],
	"display": {
		"thirdperson_righthand": {
			"scale": [4, 4, 4]
		},
		"head": {
			"scale": [4, 4, 4]
		}
	}
}