{
	"credit": "Made with Blockbench",
	"textures": {
		"0": "block/bus_autonomous/coal_block",
		"1": "block/bus_autonomous/light_gray_concrete",
		"2": "block/bus_autonomous/cyan_concrete",
		"3": "block/bus_autonomous/white_concrete",
		"4": "block/bus_autonomous/glass",
		"5": "block/bus_autonomous/redstone_lamp_on",
		"6": "block/bus_autonomous/shroomlight",
		"8": "block/bus_autonomous/redstone_block",
		"11": "block/bus_autonomous/ktbkonno",
		"13": "block/bus_autonomous/quartz_block_bottom",
		"17": "block/bus_autonomous/gray_concrete",
		"18": "block/bus_autonomous/yellow_concrete_powder",
		"19": "block/bus_autonomous/light_gray_concrete_powder",
		"23": "block/bus_autonomous/yellow_wool",
		"24": "block/bus_autonomous/black_concrete",
		"25": "block/bus_autonomous/legacy_konno",
		"26": "block/bus_autonomous/b51/start",
		"27": "block/bus_autonomous/b51",
		"particle": "block/bus_autonomous/coal_block"
	},
	"elements": [
		{
			"from": [1.75, 0.6, 7.95],
			"to": [14.25, 1.35, 19.8],
			"rotation": {"angle": 0, "axis": "y", "origin": [0, -0.15, 0.5]},
			"faces": {
				"north": {"uv": [0, 0, 9.5, 0.75], "texture": "#2"},
				"east": {"uv": [0, 0, 16, 0.75], "texture": "#24"},
				"south": {"uv": [0, 0, 9.5, 0.75], "texture": "#2"},
				"west": {"uv": [0, 0, 16, 0.75], "texture": "#24"},
				"up": {"uv": [0, 0, 9.5, 16], "texture": "#19"},
				"down": {"uv": [0, 0, 9.5, 16], "texture": "#17"}
			}
		},
		{
			"from": [14.75, 0.6, 7.95],
			"to": [15.25, 1.35, 11.85],
			"rotation": {"angle": 0, "axis": "y", "origin": [0, -0.15, 0.5]},
			"faces": {
				"north": {"uv": [0, 0, 9.5, 0.75], "texture": "#2"},
				"east": {"uv": [0, 0, 16, 0.75], "texture": "#2"},
				"south": {"uv": [0, 0, 9.5, 0.75], "texture": "#2"},
				"west": {"uv": [0, 0, 16, 0.75], "texture": "#2"},
				"up": {"uv": [0, 0, 9.5, 16], "texture": "#18"},
				"down": {"uv": [0, 0, 9.5, 16], "texture": "#17"}
			}
		},
		{
			"from": [15.25, 0.6, 7.95],
			"to": [15.75, 1.35, 11.85],
			"rotation": {"angle": 0, "axis": "y", "origin": [0.5, -0.15, 0.5]},
			"faces": {
				"north": {"uv": [0, 0, 9.5, 0.75], "texture": "#2"},
				"east": {"uv": [0, 0, 16, 0.75], "texture": "#2"},
				"south": {"uv": [0, 0, 9.5, 0.75], "texture": "#2"},
				"west": {"uv": [0, 0, 16, 0.75], "texture": "#2"},
				"up": {"uv": [0, 0, 9.5, 16], "texture": "#19"},
				"down": {"uv": [0, 0, 9.5, 16], "texture": "#17"}
			}
		},
		{
			"from": [15.25, 0.6, 4.05],
			"to": [15.75, 1.35, 7.95],
			"rotation": {"angle": 0, "axis": "y", "origin": [0.5, -0.15, -3.4]},
			"faces": {
				"north": {"uv": [0, 0, 9.5, 0.75], "texture": "#2"},
				"east": {"uv": [0, 0, 16, 0.75], "texture": "#2"},
				"south": {"uv": [0, 0, 9.5, 0.75], "texture": "#2"},
				"west": {"uv": [0, 0, 16, 0.75], "texture": "#2"},
				"up": {"uv": [0, 0, 9.5, 16], "texture": "#19"},
				"down": {"uv": [0, 0, 9.5, 16], "texture": "#17"}
			}
		},
		{
			"from": [14.25, 0.6, 4.05],
			"to": [14.75, 1.35, 7.95],
			"rotation": {"angle": 0, "axis": "y", "origin": [-0.5, -0.15, -3.4]},
			"faces": {
				"north": {"uv": [0, 0, 9.5, 0.75], "texture": "#2"},
				"east": {"uv": [0, 0, 16, 0.75], "texture": "#2"},
				"south": {"uv": [0, 0, 9.5, 0.75], "texture": "#2"},
				"west": {"uv": [0, 0, 16, 0.75], "texture": "#2"},
				"up": {"uv": [0, 0, 9.5, 16], "texture": "#19"},
				"down": {"uv": [0, 0, 9.5, 16], "texture": "#17"}
			}
		},
		{
			"from": [1.25, 0.6, 4.05],
			"to": [1.75, 1.35, 7.95],
			"rotation": {"angle": 0, "axis": "y", "origin": [-13.5, -0.15, -3.4]},
			"faces": {
				"north": {"uv": [0, 0, 9.5, 0.75], "texture": "#2"},
				"east": {"uv": [0, 0, 16, 0.75], "texture": "#2"},
				"south": {"uv": [0, 0, 9.5, 0.75], "texture": "#2"},
				"west": {"uv": [0, 0, 16, 0.75], "texture": "#2"},
				"up": {"uv": [0, 0, 9.5, 16], "texture": "#19"},
				"down": {"uv": [0, 0, 9.5, 16], "texture": "#17"}
			}
		},
		{
			"from": [1.25, 0.6, 7.95],
			"to": [1.75, 1.35, 11.85],
			"rotation": {"angle": 0, "axis": "y", "origin": [-13.5, -0.15, 0.5]},
			"faces": {
				"north": {"uv": [0, 0, 9.5, 0.75], "texture": "#2"},
				"east": {"uv": [0, 0, 16, 0.75], "texture": "#2"},
				"south": {"uv": [0, 0, 9.5, 0.75], "texture": "#2"},
				"west": {"uv": [0, 0, 16, 0.75], "texture": "#2"},
				"up": {"uv": [0, 0, 9.5, 16], "texture": "#19"},
				"down": {"uv": [0, 0, 9.5, 16], "texture": "#17"}
			}
		},
		{
			"from": [0.25, 0.6, 7.95],
			"to": [0.75, 1.35, 11.85],
			"rotation": {"angle": 0, "axis": "y", "origin": [-14.5, -0.15, 0.5]},
			"faces": {
				"north": {"uv": [0, 0, 9.5, 0.75], "texture": "#2"},
				"east": {"uv": [0, 0, 16, 0.75], "texture": "#2"},
				"south": {"uv": [0, 0, 9.5, 0.75], "texture": "#2"},
				"west": {"uv": [0, 0, 16, 0.75], "texture": "#2"},
				"up": {"uv": [0, 0, 9.5, 16], "texture": "#19"},
				"down": {"uv": [0, 0, 9.5, 16], "texture": "#17"}
			}
		},
		{
			"from": [0.25, 0.6, 4.05],
			"to": [0.75, 1.35, 7.95],
			"rotation": {"angle": 0, "axis": "y", "origin": [-14.5, -0.15, -3.4]},
			"faces": {
				"north": {"uv": [0, 0, 9.5, 0.75], "texture": "#2"},
				"east": {"uv": [0, 0, 16, 0.75], "texture": "#2"},
				"south": {"uv": [0, 0, 9.5, 0.75], "texture": "#2"},
				"west": {"uv": [0, 0, 16, 0.75], "texture": "#2"},
				"up": {"uv": [0, 0, 9.5, 16], "texture": "#19"},
				"down": {"uv": [0, 0, 9.5, 16], "texture": "#17"}
			}
		},
		{
			"from": [14.25, 0.6, 7.95],
			"to": [14.75, 1.35, 11.85],
			"rotation": {"angle": 0, "axis": "y", "origin": [-0.5, -0.15, 0.5]},
			"faces": {
				"north": {"uv": [0, 0, 9.5, 0.75], "texture": "#2"},
				"east": {"uv": [0, 0, 16, 0.75], "texture": "#2"},
				"south": {"uv": [0, 0, 9.5, 0.75], "texture": "#2"},
				"west": {"uv": [0, 0, 16, 0.75], "texture": "#2"},
				"up": {"uv": [0, 0, 9.5, 16], "texture": "#19"},
				"down": {"uv": [0, 0, 9.5, 16], "texture": "#17"}
			}
		},
		{
			"from": [0.75, 0.6, 7.95],
			"to": [1.25, 1.35, 11.85],
			"rotation": {"angle": 0, "axis": "y", "origin": [-14, -0.15, 0.5]},
			"faces": {
				"north": {"uv": [0, 0, 9.5, 0.75], "texture": "#2"},
				"east": {"uv": [0, 0, 16, 0.75], "texture": "#2"},
				"south": {"uv": [0, 0, 9.5, 0.75], "texture": "#2"},
				"west": {"uv": [0, 0, 16, 0.75], "texture": "#2"},
				"up": {"uv": [0, 0, 9.5, 16], "texture": "#18"},
				"down": {"uv": [0, 0, 9.5, 16], "texture": "#17"}
			}
		},
		{
			"from": [1.75, 1.35, 13.45],
			"to": [14.25, 5.1, 19.8],
			"rotation": {"angle": 0, "axis": "y", "origin": [0, 0.6, 0.5]},
			"faces": {
				"north": {"uv": [0, 0, 9.5, 0.75], "texture": "#3"},
				"east": {"uv": [0, 0, 16, 0.75], "texture": "#24"},
				"south": {"uv": [0, 0, 9.5, 0.75], "texture": "#2"},
				"west": {"uv": [0, 0, 16, 0.75], "texture": "#24"},
				"up": {"uv": [0, 0, 9.5, 16], "texture": "#3"},
				"down": {"uv": [0, 0, 9.5, 16], "texture": "#17"}
			}
		},
		{
			"from": [12.75, 5.1, -4.051],
			"to": [14.25, 6.6, -3.201],
			"rotation": {"angle": 0, "axis": "y", "origin": [0, 1.85, 15.25]},
			"faces": {
				"north": {"uv": [16, 0, 0, 16], "texture": "#5"},
				"east": {"uv": [16, 0, 0, 0.75], "texture": "#2"},
				"south": {"uv": [9.5, 0, 0, 0.75], "texture": "#2"},
				"west": {"uv": [16, 0, 0, 0.75], "texture": "#2"},
				"up": {"uv": [0, 16, 9.5, 0], "texture": "#2"},
				"down": {"uv": [0, 16, 9.5, 0], "texture": "#2"}
			}
		},
		{
			"from": [1.75, 5.1, 19.201],
			"to": [3.25, 6.6, 20.051],
			"rotation": {"angle": 0, "axis": "y", "origin": [16, 1.85, 0.75]},
			"faces": {
				"north": {"uv": [9.5, 0, 0, 0.75], "texture": "#2"},
				"east": {"uv": [16, 0, 0, 0.75], "texture": "#2"},
				"south": {"uv": [16, 0, 0, 16], "texture": "#8"},
				"west": {"uv": [16, 0, 0, 0.75], "texture": "#2"},
				"up": {"uv": [9.5, 0, 0, 16], "texture": "#2"},
				"down": {"uv": [9.5, 0, 0, 16], "texture": "#2"}
			}
		},
		{
			"from": [1.75, 3.85, 19.201],
			"to": [2.5, 4.6, 20.051],
			"rotation": {"angle": 0, "axis": "y", "origin": [16, -0.15, 0.75]},
			"faces": {
				"north": {"uv": [9.5, 0, 0, 0.75], "texture": "#2"},
				"east": {"uv": [16, 0, 0, 0.75], "texture": "#2"},
				"south": {"uv": [16, 0, 0, 16], "texture": "#6"},
				"west": {"uv": [16, 0, 0, 0.75], "texture": "#2"},
				"up": {"uv": [9.5, 0, 0, 16], "texture": "#2"},
				"down": {"uv": [9.5, 0, 0, 16], "texture": "#2"}
			}
		},
		{
			"from": [13.5, 3.85, 19.201],
			"to": [14.25, 4.6, 20.051],
			"rotation": {"angle": 0, "axis": "y", "origin": [0, -0.15, 0.75]},
			"faces": {
				"north": {"uv": [0, 0, 9.5, 0.75], "texture": "#2"},
				"east": {"uv": [0, 0, 16, 0.75], "texture": "#2"},
				"south": {"uv": [0, 0, 16, 16], "texture": "#6"},
				"west": {"uv": [0, 0, 16, 0.75], "texture": "#2"},
				"up": {"uv": [0, 0, 9.5, 16], "texture": "#2"},
				"down": {"uv": [0, 0, 9.5, 16], "texture": "#2"}
			}
		},
		{
			"from": [12.75, 5.1, 19.201],
			"to": [14.25, 6.6, 20.051],
			"rotation": {"angle": 0, "axis": "y", "origin": [0, 1.85, 0.75]},
			"faces": {
				"north": {"uv": [0, 0, 9.5, 0.75], "texture": "#2"},
				"east": {"uv": [0, 0, 16, 0.75], "texture": "#2"},
				"south": {"uv": [0, 0, 16, 16], "texture": "#8"},
				"west": {"uv": [0, 0, 16, 0.75], "texture": "#2"},
				"up": {"uv": [0, 0, 9.5, 16], "texture": "#2"},
				"down": {"uv": [0, 0, 9.5, 16], "texture": "#2"}
			}
		},
		{
			"from": [13.5, 3.85, -4.051],
			"to": [14.25, 4.6, -3.201],
			"rotation": {"angle": 0, "axis": "y", "origin": [0, -0.15, 15.25]},
			"faces": {
				"north": {"uv": [16, 0, 0, 16], "texture": "#6"},
				"east": {"uv": [16, 0, 0, 0.75], "texture": "#2"},
				"south": {"uv": [9.5, 0, 0, 0.75], "texture": "#2"},
				"west": {"uv": [16, 0, 0, 0.75], "texture": "#2"},
				"up": {"uv": [0, 16, 9.5, 0], "texture": "#2"},
				"down": {"uv": [0, 16, 9.5, 0], "texture": "#2"}
			}
		},
		{
			"from": [1.75, 3.85, -4.051],
			"to": [2.5, 4.6, -3.201],
			"rotation": {"angle": 0, "axis": "y", "origin": [16, -0.15, 15.25]},
			"faces": {
				"north": {"uv": [0, 0, 16, 16], "texture": "#6"},
				"east": {"uv": [0, 0, 16, 0.75], "texture": "#2"},
				"south": {"uv": [0, 0, 9.5, 0.75], "texture": "#2"},
				"west": {"uv": [0, 0, 16, 0.75], "texture": "#2"},
				"up": {"uv": [9.5, 16, 0, 0], "texture": "#2"},
				"down": {"uv": [9.5, 16, 0, 0], "texture": "#2"}
			}
		},
		{
			"from": [1.75, 5.1, -4.051],
			"to": [3.25, 6.6, -3.201],
			"rotation": {"angle": 0, "axis": "y", "origin": [16, 1.85, 15.25]},
			"faces": {
				"north": {"uv": [0, 0, 16, 16], "texture": "#5"},
				"east": {"uv": [0, 0, 16, 0.75], "texture": "#2"},
				"south": {"uv": [0, 0, 9.5, 0.75], "texture": "#2"},
				"west": {"uv": [0, 0, 16, 0.75], "texture": "#2"},
				"up": {"uv": [9.5, 16, 0, 0], "texture": "#2"},
				"down": {"uv": [9.5, 16, 0, 0], "texture": "#2"}
			}
		},
		{
			"from": [1.75, 5.1, 18.95],
			"to": [14.25, 8.85, 19.8],
			"rotation": {"angle": 0, "axis": "y", "origin": [0, 0.6, 0.5]},
			"faces": {
				"north": {"uv": [0, 0, 9.5, 0.75], "texture": "#3"},
				"east": {"uv": [0, 0, 16, 0.75], "texture": "#2"},
				"south": {"uv": [0, 0, 9.5, 0.75], "texture": "#2"},
				"west": {"uv": [0, 0, 16, 0.75], "texture": "#2"},
				"up": {"uv": [0, 0, 9.5, 16], "texture": "#24"},
				"down": {"uv": [0, 0, 9.5, 16], "texture": "#17"}
			}
		},
		{
			"from": [2.25, 8.85, 18.95],
			"to": [13.75, 14.85, 19.8],
			"rotation": {"angle": 0, "axis": "y", "origin": [0, 0.6, 0.5]},
			"faces": {
				"north": {"uv": [0, 0, 16, 16], "texture": "#4"},
				"east": {"uv": [0, 0, 16, 0.75], "texture": "#24"},
				"south": {"uv": [0, 0, 16, 16], "texture": "#4"},
				"west": {"uv": [0, 0, 16, 0.75], "texture": "#24"},
				"up": {"uv": [0, 0, 9.5, 16], "texture": "#24"},
				"down": {"uv": [0, 0, 9.5, 16], "texture": "#24"}
			}
		},
		{
			"from": [1.75, 8.85, 18.95],
			"to": [2.25, 14.85, 19.8],
			"rotation": {"angle": 0, "axis": "y", "origin": [0, 0.6, 0.5]},
			"faces": {
				"north": {"uv": [0, 0, 16, 16], "texture": "#3"},
				"east": {"uv": [0, 0, 16, 0.75], "texture": "#24"},
				"south": {"uv": [0, 0, 16, 16], "texture": "#2"},
				"west": {"uv": [0, 0, 16, 0.75], "texture": "#2"},
				"up": {"uv": [0, 0, 9.5, 16], "texture": "#24"},
				"down": {"uv": [0, 0, 9.5, 16], "texture": "#24"}
			}
		},
		{
			"from": [0.25, 0.6, 18.45],
			"to": [1.75, 3.1, 18.8],
			"rotation": {"angle": 0, "axis": "y", "origin": [-1.5, -7.65, 0]},
			"faces": {
				"north": {"uv": [0, 0, 16, 16], "texture": "#1"},
				"east": {"uv": [0, 0, 16, 0.75], "texture": "#1"},
				"south": {"uv": [0, 0, 16, 16], "texture": "#1"},
				"west": {"uv": [0, 0, 16, 0.75], "texture": "#1"},
				"up": {"uv": [0, 0, 9.5, 16], "texture": "#1"},
				"down": {"uv": [0, 0, 9.5, 16], "texture": "#1"}
			}
		},
		{
			"from": [0.25, 0.6, 18.8],
			"to": [1.75, 14.85, 19.8],
			"rotation": {"angle": 0, "axis": "y", "origin": [-1.5, -7.65, 0]},
			"faces": {
				"north": {"uv": [0, 0, 16, 16], "texture": "#24"},
				"east": {"uv": [0, 0, 16, 0.75], "texture": "#3"},
				"south": {"uv": [0, 0, 16, 16], "texture": "#2"},
				"west": {"uv": [0, 0, 16, 0.75], "texture": "#2"},
				"up": {"uv": [0, 0, 9.5, 16], "texture": "#2"},
				"down": {"uv": [0, 0, 9.5, 16], "texture": "#17"}
			}
		},
		{
			"from": [0.25, 0.6, 11.85],
			"to": [1.75, 14.85, 13.1],
			"rotation": {"angle": 0, "axis": "y", "origin": [-1.5, -7.65, -4.95]},
			"faces": {
				"north": {"uv": [0, 0, 16, 16], "texture": "#3"},
				"east": {"uv": [0, 0, 16, 0.75], "texture": "#3"},
				"south": {"uv": [0, 0, 16, 16], "texture": "#24"},
				"west": {"uv": [0, 0, 16, 0.75], "texture": "#2"},
				"up": {"uv": [0, 0, 9.5, 16], "texture": "#2"},
				"down": {"uv": [0, 0, 9.5, 16], "texture": "#17"}
			}
		},
		{
			"from": [0.25, 0.6, 13.1],
			"to": [1.75, 7.85, 14.85],
			"rotation": {"angle": 0, "axis": "y", "origin": [-1.5, -7.65, -4.95]},
			"faces": {
				"north": {"uv": [0, 0, 16, 16], "texture": "#2"},
				"east": {"uv": [0, 0, 16, 0.75], "texture": "#3"},
				"south": {"uv": [0, 0, 16, 16], "texture": "#2"},
				"west": {"uv": [0, 0, 16, 0.75], "texture": "#2"},
				"up": {"uv": [0, 0, 9.5, 16], "texture": "#24"},
				"down": {"uv": [0, 0, 9.5, 16], "texture": "#17"}
			}
		},
		{
			"from": [0.25, 3.35, 14.85],
			"to": [1.75, 7.85, 18.8],
			"rotation": {"angle": 0, "axis": "y", "origin": [-1.5, -7.65, -4.95]},
			"faces": {
				"north": {"uv": [0, 0, 16, 16], "texture": "#2"},
				"east": {"uv": [0, 0, 16, 0.75], "texture": "#3"},
				"south": {"uv": [0, 0, 16, 16], "texture": "#2"},
				"west": {"uv": [0, 0, 16, 0.75], "texture": "#2"},
				"up": {"uv": [0, 0, 9.5, 16], "texture": "#24"},
				"down": {"uv": [0, 0, 9.5, 16], "texture": "#17"}
			}
		},
		{
			"from": [0.25, 7.85, 13.1],
			"to": [1.75, 13.6, 18.8],
			"rotation": {"angle": 0, "axis": "y", "origin": [-1.5, -7.65, -4.95]},
			"faces": {
				"north": {"uv": [0, 0, 16, 16], "texture": "#24"},
				"east": {"uv": [0, 0, 16, 16], "texture": "#4"},
				"south": {"uv": [0, 0, 16, 16], "texture": "#24"},
				"west": {"uv": [0, 0, 16, 16], "texture": "#4"},
				"up": {"uv": [0, 0, 9.5, 16], "texture": "#24"},
				"down": {"uv": [0, 0, 9.5, 16], "texture": "#24"}
			}
		},
		{
			"from": [0.25, 13.6, 13.1],
			"to": [1.75, 14.85, 18.8],
			"rotation": {"angle": 0, "axis": "y", "origin": [-1.5, -7.65, -4.95]},
			"faces": {
				"north": {"uv": [0, 0, 16, 16], "texture": "#24"},
				"east": {"uv": [0, 0, 16, 16], "texture": "#3"},
				"south": {"uv": [0, 0, 16, 16], "texture": "#24"},
				"west": {"uv": [0, 0, 16, 16], "texture": "#2"},
				"up": {"uv": [0, 0, 9.5, 16], "texture": "#2"},
				"down": {"uv": [0, 0, 9.5, 16], "texture": "#24"}
			}
		},
		{
			"from": [0.25, 14.85, 11.85],
			"to": [1.75, 15.35, 19.8],
			"rotation": {"angle": 0, "axis": "y", "origin": [-1.5, -7.65, -4.95]},
			"faces": {
				"north": {"uv": [0, 0, 16, 16], "texture": "#3"},
				"east": {"uv": [0, 0, 16, 16], "texture": "#3"},
				"south": {"uv": [0, 0, 16, 16], "texture": "#2"},
				"west": {"uv": [0, 0, 16, 16], "texture": "#2"},
				"up": {"uv": [0, 0, 9.5, 16], "texture": "#2"},
				"down": {"uv": [0, 0, 9.5, 16], "texture": "#24"}
			}
		},
		{
			"from": [14.25, 14.85, 11.85],
			"to": [15.75, 15.35, 19.8],
			"rotation": {"angle": 0, "axis": "y", "origin": [17.5, -7.65, -4.95]},
			"faces": {
				"north": {"uv": [16, 0, 0, 16], "texture": "#3"},
				"east": {"uv": [16, 0, 0, 16], "texture": "#2"},
				"south": {"uv": [16, 0, 0, 16], "texture": "#2"},
				"west": {"uv": [16, 0, 0, 16], "texture": "#3"},
				"up": {"uv": [9.5, 0, 0, 16], "texture": "#2"},
				"down": {"uv": [9.5, 0, 0, 16], "texture": "#24"}
			}
		},
		{
			"from": [0.25, 15.35, 11.85],
			"to": [1.75, 16.85, 19.05],
			"rotation": {"angle": 0, "axis": "y", "origin": [-1.5, -7.65, -4.95]},
			"faces": {
				"north": {"uv": [0, 0, 16, 16], "texture": "#3"},
				"east": {"uv": [0, 0, 16, 16], "texture": "#3"},
				"south": {"uv": [0, 0, 16, 16], "texture": "#2"},
				"west": {"uv": [0, 0, 16, 16], "texture": "#2"},
				"up": {"uv": [0, 0, 9.5, 16], "texture": "#2"},
				"down": {"uv": [0, 0, 9.5, 16], "texture": "#24"}
			}
		},
		{
			"from": [14.25, 15.35, 11.85],
			"to": [15.75, 16.85, 19.05],
			"rotation": {"angle": 0, "axis": "y", "origin": [17.5, -7.65, -4.95]},
			"faces": {
				"north": {"uv": [16, 0, 0, 16], "texture": "#3"},
				"east": {"uv": [16, 0, 0, 16], "texture": "#2"},
				"south": {"uv": [16, 0, 0, 16], "texture": "#2"},
				"west": {"uv": [16, 0, 0, 16], "texture": "#3"},
				"up": {"uv": [9.5, 0, 0, 16], "texture": "#2"},
				"down": {"uv": [9.5, 0, 0, 16], "texture": "#24"}
			}
		},
		{
			"from": [0.25, 16.85, 11.85],
			"to": [1.75, 17.85, 18.15],
			"rotation": {"angle": 0, "axis": "y", "origin": [-1.5, -7.65, -4.95]},
			"faces": {
				"north": {"uv": [0, 0, 16, 16], "texture": "#3"},
				"east": {"uv": [0, 0, 16, 16], "texture": "#3"},
				"south": {"uv": [0, 0, 16, 16], "texture": "#2"},
				"west": {"uv": [0, 0, 16, 16], "texture": "#2"},
				"up": {"uv": [0, 0, 9.5, 16], "texture": "#2"},
				"down": {"uv": [0, 0, 9.5, 16], "texture": "#24"}
			}
		},
		{
			"from": [14.25, 16.85, 11.85],
			"to": [15.75, 17.85, 18.15],
			"rotation": {"angle": 0, "axis": "y", "origin": [17.5, -7.65, -4.95]},
			"faces": {
				"north": {"uv": [16, 0, 0, 16], "texture": "#3"},
				"east": {"uv": [16, 0, 0, 16], "texture": "#2"},
				"south": {"uv": [16, 0, 0, 16], "texture": "#2"},
				"west": {"uv": [16, 0, 0, 16], "texture": "#3"},
				"up": {"uv": [9.5, 0, 0, 16], "texture": "#2"},
				"down": {"uv": [9.5, 0, 0, 16], "texture": "#24"}
			}
		},
		{
			"from": [0.25, 17.85, 11.85],
			"to": [1.75, 18.35, 16.9],
			"rotation": {"angle": 0, "axis": "y", "origin": [-1.5, -7.65, -4.95]},
			"faces": {
				"north": {"uv": [0, 0, 16, 16], "texture": "#3"},
				"east": {"uv": [0, 0, 16, 16], "texture": "#3"},
				"south": {"uv": [0, 0, 16, 16], "texture": "#2"},
				"west": {"uv": [0, 0, 16, 16], "texture": "#2"},
				"up": {"uv": [0, 0, 9.5, 16], "texture": "#2"},
				"down": {"uv": [0, 0, 9.5, 16], "texture": "#24"}
			}
		},
		{
			"from": [14.25, 17.85, 11.85],
			"to": [15.75, 18.35, 16.9],
			"rotation": {"angle": 0, "axis": "y", "origin": [17.5, -7.65, -4.95]},
			"faces": {
				"north": {"uv": [16, 0, 0, 16], "texture": "#3"},
				"east": {"uv": [16, 0, 0, 16], "texture": "#2"},
				"south": {"uv": [16, 0, 0, 16], "texture": "#2"},
				"west": {"uv": [16, 0, 0, 16], "texture": "#3"},
				"up": {"uv": [9.5, 0, 0, 16], "texture": "#2"},
				"down": {"uv": [9.5, 0, 0, 16], "texture": "#24"}
			}
		},
		{
			"from": [1.75, 14.85, 18.95],
			"to": [14.25, 15.35, 19.8],
			"rotation": {"angle": 0, "axis": "y", "origin": [-1.5, -7.65, -4.95]},
			"faces": {
				"north": {"uv": [0, 0, 16, 16], "texture": "#3"},
				"east": {"uv": [0, 0, 16, 16], "texture": "#3"},
				"south": {"uv": [0, 0, 16, 16], "texture": "#2"},
				"west": {"uv": [0, 0, 16, 16], "texture": "#2"},
				"up": {"uv": [0, 0, 9.5, 16], "texture": "#2"},
				"down": {"uv": [0, 0, 9.5, 16], "texture": "#24"}
			}
		},
		{
			"from": [0.25, 9.53237, 20.06862],
			"to": [15.75, 11.28237, 20.91862],
			"rotation": {"angle": -22.5, "axis": "x", "origin": [-3, 9.62936, 5.7357]},
			"faces": {
				"north": {"uv": [0, 0, 16, 16], "texture": "#3"},
				"east": {"uv": [0, 0, 16, 16], "texture": "#2"},
				"south": {"uv": [0, 0, 16, 16], "texture": "#2"},
				"west": {"uv": [0, 0, 16, 16], "texture": "#2"},
				"up": {"uv": [0, 0, 9.5, 16], "texture": "#2"},
				"down": {"uv": [0, 0, 9.5, 16], "texture": "#24"}
			}
		},
		{
			"from": [0.25, 6.33327, 15.96407],
			"to": [15.75, 8.08327, 16.81407],
			"rotation": {"angle": -45, "axis": "x", "origin": [-3, 14.44597, 5.13639]},
			"faces": {
				"north": {"uv": [0, 0, 16, 16], "texture": "#3"},
				"east": {"uv": [0, 0, 16, 16], "texture": "#2"},
				"south": {"uv": [0, 0, 16, 16], "texture": "#2"},
				"west": {"uv": [0, 0, 16, 16], "texture": "#2"},
				"up": {"uv": [0, 0, 9.5, 16], "texture": "#2"},
				"down": {"uv": [0, 0, 9.5, 16], "texture": "#24"}
			}
		},
		{
			"from": [0.25, 21.34773, 12.29156],
			"to": [15.75, 22.19773, 14.04156],
			"rotation": {"angle": 22.5, "axis": "x", "origin": [-3, 10.52005, 5.92886]},
			"faces": {
				"north": {"uv": [0, 0, 9.5, 16], "rotation": 180, "texture": "#2"},
				"east": {"uv": [0, 0, 16, 16], "rotation": 90, "texture": "#2"},
				"south": {"uv": [0, 0, 9.5, 16], "texture": "#24"},
				"west": {"uv": [0, 0, 16, 16], "rotation": 270, "texture": "#2"},
				"up": {"uv": [0, 0, 16, 16], "texture": "#2"},
				"down": {"uv": [0, 0, 16, 16], "rotation": 180, "texture": "#3"}
			}
		},
		{
			"from": [0.25, 18.07392, 7.92608],
			"to": [15.75, 18.87392, 16.27608],
			"rotation": {"angle": 0, "axis": "x", "origin": [-3, 25.23662, 4.5984]},
			"faces": {
				"north": {"uv": [0, 0, 16, 16], "texture": "#3"},
				"east": {"uv": [0, 0, 16, 16], "texture": "#2"},
				"south": {"uv": [0, 0, 16, 16], "texture": "#2"},
				"west": {"uv": [0, 0, 16, 16], "texture": "#2"},
				"up": {"uv": [0, 0, 9.5, 16], "texture": "#2"},
				"down": {"uv": [0, 0, 9.5, 16], "texture": "#3"}
			}
		},
		{
			"from": [0.25, 0.6, 14.85],
			"to": [1.75, 3.1, 15.2],
			"rotation": {"angle": 0, "axis": "y", "origin": [-1.5, -7.65, -3.6]},
			"faces": {
				"north": {"uv": [0, 0, 16, 16], "texture": "#1"},
				"east": {"uv": [0, 0, 16, 0.75], "texture": "#1"},
				"south": {"uv": [0, 0, 16, 16], "texture": "#1"},
				"west": {"uv": [0, 0, 16, 0.75], "texture": "#1"},
				"up": {"uv": [0, 0, 9.5, 16], "texture": "#1"},
				"down": {"uv": [0, 0, 9.5, 16], "texture": "#1"}
			}
		},
		{
			"from": [0.25, 3.1, 14.85],
			"to": [1.75, 3.35, 18.8],
			"rotation": {"angle": 0, "axis": "y", "origin": [-1.5, -7.65, -3.6]},
			"faces": {
				"north": {"uv": [0, 0, 16, 16], "texture": "#1"},
				"east": {"uv": [0, 0, 16, 0.75], "texture": "#1"},
				"south": {"uv": [0, 0, 16, 16], "texture": "#1"},
				"west": {"uv": [0, 0, 16, 0.75], "texture": "#1"},
				"up": {"uv": [0, 0, 9.5, 16], "texture": "#1"},
				"down": {"uv": [0, 0, 9.5, 16], "texture": "#1"}
			}
		},
		{
			"from": [13.75, 8.85, 18.95],
			"to": [14.25, 14.85, 19.8],
			"rotation": {"angle": 0, "axis": "y", "origin": [16, 0.6, 0.5]},
			"faces": {
				"north": {"uv": [16, 0, 0, 16], "texture": "#3"},
				"east": {"uv": [16, 0, 0, 0.75], "texture": "#2"},
				"south": {"uv": [16, 0, 0, 16], "texture": "#2"},
				"west": {"uv": [16, 0, 0, 0.75], "texture": "#24"},
				"up": {"uv": [9.5, 0, 0, 16], "texture": "#24"},
				"down": {"uv": [9.5, 0, 0, 16], "texture": "#24"}
			}
		},
		{
			"from": [14.25, 0.6, 18.45],
			"to": [15.75, 3.1, 18.8],
			"rotation": {"angle": 0, "axis": "y", "origin": [17.5, -7.65, 0]},
			"faces": {
				"north": {"uv": [16, 0, 0, 16], "texture": "#1"},
				"east": {"uv": [16, 0, 0, 0.75], "texture": "#1"},
				"south": {"uv": [16, 0, 0, 16], "texture": "#1"},
				"west": {"uv": [16, 0, 0, 0.75], "texture": "#1"},
				"up": {"uv": [9.5, 0, 0, 16], "texture": "#1"},
				"down": {"uv": [9.5, 0, 0, 16], "texture": "#1"}
			}
		},
		{
			"from": [14.25, 0.6, 18.8],
			"to": [15.75, 14.85, 19.8],
			"rotation": {"angle": 0, "axis": "y", "origin": [17.5, -7.65, 0]},
			"faces": {
				"north": {"uv": [16, 0, 0, 16], "texture": "#24"},
				"east": {"uv": [16, 0, 0, 0.75], "texture": "#2"},
				"south": {"uv": [16, 0, 0, 16], "texture": "#2"},
				"west": {"uv": [16, 0, 0, 0.75], "texture": "#3"},
				"up": {"uv": [9.5, 0, 0, 16], "texture": "#2"},
				"down": {"uv": [9.5, 0, 0, 16], "texture": "#17"}
			}
		},
		{
			"from": [14.25, 0.6, 11.85],
			"to": [15.75, 14.85, 13.1],
			"rotation": {"angle": 0, "axis": "y", "origin": [17.5, -7.65, -4.95]},
			"faces": {
				"north": {"uv": [16, 0, 0, 16], "texture": "#3"},
				"east": {"uv": [16, 0, 0, 0.75], "texture": "#2"},
				"south": {"uv": [16, 0, 0, 16], "texture": "#24"},
				"west": {"uv": [16, 0, 0, 0.75], "texture": "#3"},
				"up": {"uv": [9.5, 0, 0, 16], "texture": "#2"},
				"down": {"uv": [9.5, 0, 0, 16], "texture": "#17"}
			}
		},
		{
			"from": [14.25, 0.6, 13.1],
			"to": [15.75, 7.85, 14.85],
			"rotation": {"angle": 0, "axis": "y", "origin": [17.5, -7.65, -4.95]},
			"faces": {
				"north": {"uv": [16, 0, 0, 16], "texture": "#2"},
				"east": {"uv": [16, 0, 0, 0.75], "texture": "#2"},
				"south": {"uv": [16, 0, 0, 16], "texture": "#2"},
				"west": {"uv": [16, 0, 0, 0.75], "texture": "#3"},
				"up": {"uv": [9.5, 0, 0, 16], "texture": "#24"},
				"down": {"uv": [9.5, 0, 0, 16], "texture": "#17"}
			}
		},
		{
			"from": [14.25, 3.35, 14.85],
			"to": [15.75, 7.85, 18.8],
			"rotation": {"angle": 0, "axis": "y", "origin": [17.5, -7.65, -4.95]},
			"faces": {
				"north": {"uv": [16, 0, 0, 16], "texture": "#2"},
				"east": {"uv": [16, 0, 0, 0.75], "texture": "#2"},
				"south": {"uv": [16, 0, 0, 16], "texture": "#2"},
				"west": {"uv": [16, 0, 0, 0.75], "texture": "#3"},
				"up": {"uv": [9.5, 0, 0, 16], "texture": "#24"},
				"down": {"uv": [9.5, 0, 0, 16], "texture": "#17"}
			}
		},
		{
			"from": [14.25, 7.85, 13.1],
			"to": [15.75, 13.6, 18.8],
			"rotation": {"angle": 0, "axis": "y", "origin": [17.5, -7.65, -4.95]},
			"faces": {
				"north": {"uv": [16, 0, 0, 16], "texture": "#24"},
				"east": {"uv": [16, 0, 0, 16], "texture": "#4"},
				"south": {"uv": [16, 0, 0, 16], "texture": "#24"},
				"west": {"uv": [16, 0, 0, 16], "texture": "#4"},
				"up": {"uv": [9.5, 0, 0, 16], "texture": "#24"},
				"down": {"uv": [9.5, 0, 0, 16], "texture": "#24"}
			}
		},
		{
			"from": [14.25, 13.6, 13.1],
			"to": [15.75, 14.85, 18.8],
			"rotation": {"angle": 0, "axis": "y", "origin": [17.5, -7.65, -4.95]},
			"faces": {
				"north": {"uv": [16, 0, 0, 16], "texture": "#24"},
				"east": {"uv": [16, 0, 0, 16], "texture": "#2"},
				"south": {"uv": [16, 0, 0, 16], "texture": "#24"},
				"west": {"uv": [16, 0, 0, 16], "texture": "#3"},
				"up": {"uv": [9.5, 0, 0, 16], "texture": "#2"},
				"down": {"uv": [9.5, 0, 0, 16], "texture": "#24"}
			}
		},
		{
			"from": [14.25, 0.6, 14.85],
			"to": [15.75, 3.1, 15.2],
			"rotation": {"angle": 0, "axis": "y", "origin": [17.5, -7.65, -3.6]},
			"faces": {
				"north": {"uv": [16, 0, 0, 16], "texture": "#1"},
				"east": {"uv": [16, 0, 0, 0.75], "texture": "#1"},
				"south": {"uv": [16, 0, 0, 16], "texture": "#1"},
				"west": {"uv": [16, 0, 0, 0.75], "texture": "#1"},
				"up": {"uv": [9.5, 0, 0, 16], "texture": "#1"},
				"down": {"uv": [9.5, 0, 0, 16], "texture": "#1"}
			}
		},
		{
			"from": [14.25, 3.1, 14.85],
			"to": [15.75, 3.35, 18.8],
			"rotation": {"angle": 0, "axis": "y", "origin": [17.5, -7.65, -3.6]},
			"faces": {
				"north": {"uv": [16, 0, 0, 16], "texture": "#1"},
				"east": {"uv": [16, 0, 0, 0.75], "texture": "#1"},
				"south": {"uv": [16, 0, 0, 16], "texture": "#1"},
				"west": {"uv": [16, 0, 0, 0.75], "texture": "#1"},
				"up": {"uv": [9.5, 0, 0, 16], "texture": "#1"},
				"down": {"uv": [9.5, 0, 0, 16], "texture": "#1"}
			}
		},
		{
			"from": [13.75, 8.85, 18.95],
			"to": [14.25, 14.85, 19.8],
			"rotation": {"angle": 0, "axis": "y", "origin": [11, 0.6, 0.5]},
			"faces": {
				"north": {"uv": [0, 0, 16, 16], "texture": "#3"},
				"east": {"uv": [0, 0, 16, 0.75], "texture": "#2"},
				"south": {"uv": [0, 0, 16, 16], "texture": "#2"},
				"west": {"uv": [0, 0, 16, 0.75], "texture": "#24"},
				"up": {"uv": [0, 0, 9.5, 16], "texture": "#24"},
				"down": {"uv": [0, 0, 9.5, 16], "texture": "#24"}
			}
		},
		{
			"from": [1.75, 0.6, -3.9],
			"to": [14.25, 1.35, 7.95],
			"rotation": {"angle": 0, "axis": "y", "origin": [0, -0.15, 15.4]},
			"faces": {
				"north": {"uv": [9.5, 0, 0, 0.75], "texture": "#2"},
				"east": {"uv": [16, 0, 0, 0.75], "texture": "#24"},
				"south": {"uv": [9.5, 0, 0, 0.75], "texture": "#2"},
				"west": {"uv": [16, 0, 0, 0.75], "texture": "#24"},
				"up": {"uv": [0, 16, 9.5, 0], "texture": "#19"},
				"down": {"uv": [0, 16, 9.5, 0], "texture": "#17"}
			}
		},
		{
			"from": [14.75, 0.6, 4.05],
			"to": [15.25, 1.35, 7.95],
			"rotation": {"angle": 0, "axis": "y", "origin": [0, -0.15, 15.4]},
			"faces": {
				"north": {"uv": [9.5, 0, 0, 0.75], "texture": "#2"},
				"east": {"uv": [16, 0, 0, 0.75], "texture": "#2"},
				"south": {"uv": [9.5, 0, 0, 0.75], "texture": "#2"},
				"west": {"uv": [16, 0, 0, 0.75], "texture": "#2"},
				"up": {"uv": [0, 16, 9.5, 0], "texture": "#18"},
				"down": {"uv": [0, 16, 9.5, 0], "texture": "#17"}
			}
		},
		{
			"from": [0.75, 0.6, 4.05],
			"to": [1.25, 1.35, 7.95],
			"rotation": {"angle": 0, "axis": "y", "origin": [-14, -0.15, 15.4]},
			"faces": {
				"north": {"uv": [9.5, 0, 0, 0.75], "texture": "#2"},
				"east": {"uv": [16, 0, 0, 0.75], "texture": "#2"},
				"south": {"uv": [9.5, 0, 0, 0.75], "texture": "#2"},
				"west": {"uv": [16, 0, 0, 0.75], "texture": "#2"},
				"up": {"uv": [0, 16, 9.5, 0], "texture": "#18"},
				"down": {"uv": [0, 16, 9.5, 0], "texture": "#17"}
			}
		},
		{
			"from": [1.75, 1.35, -3.9],
			"to": [14.25, 5.1, 2.45],
			"rotation": {"angle": 0, "axis": "y", "origin": [0, 0.6, 15.4]},
			"faces": {
				"north": {"uv": [9.5, 0, 0, 0.75], "texture": "#2"},
				"east": {"uv": [16, 0, 0, 0.75], "texture": "#24"},
				"south": {"uv": [9.5, 0, 0, 0.75], "texture": "#3"},
				"west": {"uv": [16, 0, 0, 0.75], "texture": "#24"},
				"up": {"uv": [0, 16, 9.5, 0], "texture": "#3"},
				"down": {"uv": [0, 16, 9.5, 0], "texture": "#17"}
			}
		},
		{
			"from": [8.35, 4.35, -4],
			"to": [9.85, 5.85, -3.15],
			"rotation": {"angle": 0, "axis": "y", "origin": [1.1, 1.35, 15.3]},
			"faces": {
				"north": {"uv": [0, 0, 16, 16], "texture": "#11"},
				"east": {"uv": [16, 0, 0, 0.75], "texture": "#2"},
				"south": {"uv": [9.5, 0, 0, 0.75], "texture": "#2"},
				"west": {"uv": [16, 0, 0, 0.75], "texture": "#2"},
				"up": {"uv": [0, 16, 9.5, 0], "texture": "#2"},
				"down": {"uv": [0, 16, 9.5, 0], "texture": "#2"}
			}
		},
		{
			"from": [5.5, 1.8, 13.65],
			"to": [10.5, 3.1, 20],
			"rotation": {"angle": 0, "axis": "y", "origin": [0, -1.4, 0.7]},
			"faces": {
				"north": {"uv": [0, 0, 9.5, 0.75], "texture": "#2"},
				"east": {"uv": [0, 0, 16, 0.75], "texture": "#2"},
				"south": {"uv": [0, 0, 16, 16], "texture": "#27"},
				"west": {"uv": [0, 0, 16, 0.75], "texture": "#2"},
				"up": {"uv": [0, 0, 9.5, 16], "texture": "#2"},
				"down": {"uv": [0, 0, 9.5, 16], "texture": "#2"}
			}
		},
		{
			"from": [6.15, 4.35, 19.15],
			"to": [7.65, 5.85, 20],
			"rotation": {"angle": 0, "axis": "y", "origin": [-1.1, 1.35, 0.7]},
			"faces": {
				"north": {"uv": [0, 0, 9.5, 0.75], "texture": "#2"},
				"east": {"uv": [0, 0, 16, 0.75], "texture": "#2"},
				"south": {"uv": [0, 0, 16, 16], "texture": "#25"},
				"west": {"uv": [0, 0, 16, 0.75], "texture": "#2"},
				"up": {"uv": [0, 0, 9.5, 16], "texture": "#2"},
				"down": {"uv": [0, 0, 9.5, 16], "texture": "#2"}
			}
		},
		{
			"from": [8.35, 4.35, 19.15],
			"to": [9.85, 5.85, 20],
			"rotation": {"angle": 0, "axis": "y", "origin": [1.1, 1.35, 0.7]},
			"faces": {
				"north": {"uv": [0, 0, 9.5, 0.75], "texture": "#2"},
				"east": {"uv": [0, 0, 16, 0.75], "texture": "#2"},
				"south": {"uv": [0, 0, 16, 16], "texture": "#11"},
				"west": {"uv": [0, 0, 16, 0.75], "texture": "#2"},
				"up": {"uv": [0, 0, 9.5, 16], "texture": "#2"},
				"down": {"uv": [0, 0, 9.5, 16], "texture": "#2"}
			}
		},
		{
			"from": [6.15, 4.35, -4],
			"to": [7.65, 5.85, -3.15],
			"rotation": {"angle": 0, "axis": "y", "origin": [-1.1, 1.35, 15.3]},
			"faces": {
				"north": {"uv": [0, 0, 16, 16], "texture": "#25"},
				"east": {"uv": [16, 0, 0, 0.75], "texture": "#2"},
				"south": {"uv": [9.5, 0, 0, 0.75], "texture": "#2"},
				"west": {"uv": [16, 0, 0, 0.75], "texture": "#2"},
				"up": {"uv": [0, 16, 9.5, 0], "texture": "#2"},
				"down": {"uv": [0, 16, 9.5, 0], "texture": "#2"}
			}
		},
		{
			"from": [5.5, 1.8, -4],
			"to": [10.5, 3.1, 2.35],
			"rotation": {"angle": 0, "axis": "y", "origin": [0, -1.4, 15.3]},
			"faces": {
				"north": {"uv": [0, 0, 16, 16], "texture": "#27"},
				"east": {"uv": [16, 0, 0, 0.75], "texture": "#2"},
				"south": {"uv": [9.5, 0, 0, 0.75], "texture": "#2"},
				"west": {"uv": [16, 0, 0, 0.75], "texture": "#2"},
				"up": {"uv": [0, 16, 9.5, 0], "texture": "#2"},
				"down": {"uv": [0, 16, 9.5, 0], "texture": "#2"}
			}
		},
		{
			"from": [1.75, 5.1, -3.9],
			"to": [14.25, 8.85, -3.05],
			"rotation": {"angle": 0, "axis": "y", "origin": [0, 0.6, 15.4]},
			"faces": {
				"north": {"uv": [9.5, 0, 0, 0.75], "texture": "#2"},
				"east": {"uv": [16, 0, 0, 0.75], "texture": "#2"},
				"south": {"uv": [9.5, 0, 0, 0.75], "texture": "#3"},
				"west": {"uv": [16, 0, 0, 0.75], "texture": "#2"},
				"up": {"uv": [0, 16, 9.5, 0], "texture": "#24"},
				"down": {"uv": [0, 16, 9.5, 0], "texture": "#17"}
			}
		},
		{
			"from": [2.25, 8.85, -3.9],
			"to": [13.75, 14.85, -3.05],
			"rotation": {"angle": 0, "axis": "y", "origin": [0, 0.6, 15.4]},
			"faces": {
				"north": {"uv": [16, 0, 0, 16], "texture": "#4"},
				"east": {"uv": [16, 0, 0, 0.75], "texture": "#24"},
				"south": {"uv": [16, 0, 0, 16], "texture": "#4"},
				"west": {"uv": [16, 0, 0, 0.75], "texture": "#24"},
				"up": {"uv": [0, 16, 9.5, 0], "texture": "#24"},
				"down": {"uv": [0, 16, 9.5, 0], "texture": "#24"}
			}
		},
		{
			"from": [1.75, 8.85, -3.9],
			"to": [2.25, 14.85, -3.05],
			"rotation": {"angle": 0, "axis": "y", "origin": [0, 0.6, 15.4]},
			"faces": {
				"north": {"uv": [16, 0, 0, 16], "texture": "#2"},
				"east": {"uv": [16, 0, 0, 0.75], "texture": "#24"},
				"south": {"uv": [16, 0, 0, 16], "texture": "#3"},
				"west": {"uv": [16, 0, 0, 0.75], "texture": "#2"},
				"up": {"uv": [0, 16, 9.5, 0], "texture": "#24"},
				"down": {"uv": [0, 16, 9.5, 0], "texture": "#24"}
			}
		},
		{
			"from": [0.25, 0.6, -2.9],
			"to": [1.75, 3.1, -2.55],
			"rotation": {"angle": 0, "axis": "y", "origin": [-1.5, -7.65, 15.9]},
			"faces": {
				"north": {"uv": [16, 0, 0, 16], "texture": "#1"},
				"east": {"uv": [16, 0, 0, 0.75], "texture": "#1"},
				"south": {"uv": [16, 0, 0, 16], "texture": "#1"},
				"west": {"uv": [16, 0, 0, 0.75], "texture": "#1"},
				"up": {"uv": [0, 16, 9.5, 0], "texture": "#1"},
				"down": {"uv": [0, 16, 9.5, 0], "texture": "#1"}
			}
		},
		{
			"from": [0.25, 0.6, -3.9],
			"to": [1.75, 14.85, -2.9],
			"rotation": {"angle": 0, "axis": "y", "origin": [-1.5, -7.65, 15.9]},
			"faces": {
				"north": {"uv": [16, 0, 0, 16], "texture": "#2"},
				"east": {"uv": [16, 0, 0, 0.75], "texture": "#3"},
				"south": {"uv": [16, 0, 0, 16], "texture": "#24"},
				"west": {"uv": [16, 0, 0, 0.75], "texture": "#2"},
				"up": {"uv": [0, 16, 9.5, 0], "texture": "#2"},
				"down": {"uv": [0, 16, 9.5, 0], "texture": "#17"}
			}
		},
		{
			"from": [0.25, 0.6, 2.8],
			"to": [1.75, 14.85, 4.05],
			"rotation": {"angle": 0, "axis": "y", "origin": [-1.5, -7.65, 20.85]},
			"faces": {
				"north": {"uv": [16, 0, 0, 16], "texture": "#24"},
				"east": {"uv": [16, 0, 0, 0.75], "texture": "#3"},
				"south": {"uv": [16, 0, 0, 16], "texture": "#3"},
				"west": {"uv": [16, 0, 0, 0.75], "texture": "#2"},
				"up": {"uv": [0, 16, 9.5, 0], "texture": "#2"},
				"down": {"uv": [0, 16, 9.5, 0], "texture": "#17"}
			}
		},
		{
			"from": [15.5, 10.1, 0.35],
			"to": [15.75, 12.6, 1.85],
			"rotation": {"angle": 45, "axis": "y", "origin": [12.5, -4.9, 18.4]},
			"faces": {
				"north": {"uv": [16, 0, 0, 16], "texture": "#17"},
				"east": {"uv": [0, 0, 16, 16], "texture": "#26"},
				"south": {"uv": [16, 0, 0, 16], "texture": "#17"},
				"west": {"uv": [16, 0, 0, 0.75], "texture": "#17"},
				"up": {"uv": [0, 16, 9.5, 0], "texture": "#17"},
				"down": {"uv": [0, 16, 9.5, 0], "texture": "#17"}
			}
		},
		{
			"from": [13.75, 11.2, 12],
			"to": [14.5, 11.5, 12.3],
			"rotation": {"angle": 0, "axis": "y", "origin": [17, -4.9, -5.15]},
			"faces": {
				"north": {"uv": [16, 0, 0, 16], "texture": "#1"},
				"east": {"uv": [16, 0, 0, 0.75], "texture": "#1"},
				"south": {"uv": [16, 0, 0, 16], "texture": "#1"},
				"west": {"uv": [16, 0, 0, 0.75], "texture": "#1"},
				"up": {"uv": [9.5, 0, 0, 16], "texture": "#1"},
				"down": {"uv": [9.5, 0, 0, 16], "texture": "#1"}
			}
		},
		{
			"from": [0.25, 10.1, 14.15],
			"to": [0.5, 12.6, 15.65],
			"rotation": {"angle": 45, "axis": "y", "origin": [3.5, -4.9, -2.4]},
			"faces": {
				"north": {"uv": [16, 0, 0, 16], "texture": "#17"},
				"east": {"uv": [16, 0, 0, 0.75], "texture": "#17"},
				"south": {"uv": [16, 0, 0, 16], "texture": "#17"},
				"west": {"uv": [0, 0, 16, 16], "texture": "#26"},
				"up": {"uv": [9.5, 0, 0, 16], "texture": "#17"},
				"down": {"uv": [9.5, 0, 0, 16], "texture": "#17"}
			}
		},
		{
			"from": [1.5, 11.2, 3.7],
			"to": [2.25, 11.5, 4],
			"rotation": {"angle": 0, "axis": "y", "origin": [-1, -4.9, 21.15]},
			"faces": {
				"north": {"uv": [16, 0, 0, 16], "texture": "#1"},
				"east": {"uv": [16, 0, 0, 0.75], "texture": "#1"},
				"south": {"uv": [16, 0, 0, 16], "texture": "#1"},
				"west": {"uv": [16, 0, 0, 0.75], "texture": "#1"},
				"up": {"uv": [0, 16, 9.5, 0], "texture": "#1"},
				"down": {"uv": [0, 16, 9.5, 0], "texture": "#1"}
			}
		},
		{
			"from": [0.25, 0.6, 1.05],
			"to": [1.75, 7.85, 2.8],
			"rotation": {"angle": 0, "axis": "y", "origin": [-1.5, -7.65, 20.85]},
			"faces": {
				"north": {"uv": [16, 0, 0, 16], "texture": "#2"},
				"east": {"uv": [16, 0, 0, 0.75], "texture": "#3"},
				"south": {"uv": [16, 0, 0, 16], "texture": "#2"},
				"west": {"uv": [16, 0, 0, 0.75], "texture": "#2"},
				"up": {"uv": [0, 16, 9.5, 0], "texture": "#24"},
				"down": {"uv": [0, 16, 9.5, 0], "texture": "#17"}
			}
		},
		{
			"from": [0.25, 3.35, -2.9],
			"to": [1.75, 7.85, 1.05],
			"rotation": {"angle": 0, "axis": "y", "origin": [-1.5, -7.65, 20.85]},
			"faces": {
				"north": {"uv": [16, 0, 0, 16], "texture": "#2"},
				"east": {"uv": [16, 0, 0, 0.75], "texture": "#3"},
				"south": {"uv": [16, 0, 0, 16], "texture": "#2"},
				"west": {"uv": [16, 0, 0, 0.75], "texture": "#2"},
				"up": {"uv": [0, 16, 9.5, 0], "texture": "#24"},
				"down": {"uv": [0, 16, 9.5, 0], "texture": "#17"}
			}
		},
		{
			"from": [0.25, 7.85, -2.9],
			"to": [1.75, 13.6, 2.8],
			"rotation": {"angle": 0, "axis": "y", "origin": [-1.5, -7.65, 20.85]},
			"faces": {
				"north": {"uv": [16, 0, 0, 16], "texture": "#24"},
				"east": {"uv": [16, 0, 0, 16], "texture": "#4"},
				"south": {"uv": [16, 0, 0, 16], "texture": "#24"},
				"west": {"uv": [16, 0, 0, 16], "texture": "#4"},
				"up": {"uv": [0, 16, 9.5, 0], "texture": "#24"},
				"down": {"uv": [0, 16, 9.5, 0], "texture": "#24"}
			}
		},
		{
			"from": [0.25, 13.6, -2.9],
			"to": [1.75, 14.85, 2.8],
			"rotation": {"angle": 0, "axis": "y", "origin": [-1.5, -7.65, 20.85]},
			"faces": {
				"north": {"uv": [16, 0, 0, 16], "texture": "#24"},
				"east": {"uv": [16, 0, 0, 16], "texture": "#3"},
				"south": {"uv": [16, 0, 0, 16], "texture": "#24"},
				"west": {"uv": [16, 0, 0, 16], "texture": "#2"},
				"up": {"uv": [0, 16, 9.5, 0], "texture": "#2"},
				"down": {"uv": [0, 16, 9.5, 0], "texture": "#24"}
			}
		},
		{
			"from": [0.25, 14.85, -3.9],
			"to": [1.75, 15.35, 4.05],
			"rotation": {"angle": 0, "axis": "y", "origin": [-1.5, -7.65, 20.85]},
			"faces": {
				"north": {"uv": [16, 0, 0, 16], "texture": "#2"},
				"east": {"uv": [16, 0, 0, 16], "texture": "#3"},
				"south": {"uv": [16, 0, 0, 16], "texture": "#3"},
				"west": {"uv": [16, 0, 0, 16], "texture": "#2"},
				"up": {"uv": [0, 16, 9.5, 0], "texture": "#2"},
				"down": {"uv": [0, 16, 9.5, 0], "texture": "#24"}
			}
		},
		{
			"from": [14.25, 14.85, -3.9],
			"to": [15.75, 15.35, 4.05],
			"rotation": {"angle": 0, "axis": "y", "origin": [17.5, -7.65, 20.85]},
			"faces": {
				"north": {"uv": [0, 0, 16, 16], "texture": "#2"},
				"east": {"uv": [0, 0, 16, 16], "texture": "#2"},
				"south": {"uv": [0, 0, 16, 16], "texture": "#3"},
				"west": {"uv": [0, 0, 16, 16], "texture": "#3"},
				"up": {"uv": [9.5, 16, 0, 0], "texture": "#2"},
				"down": {"uv": [9.5, 16, 0, 0], "texture": "#24"}
			}
		},
		{
			"from": [0.25, 15.35, -3.15],
			"to": [1.75, 16.85, 4.05],
			"rotation": {"angle": 0, "axis": "y", "origin": [-1.5, -7.65, 20.85]},
			"faces": {
				"north": {"uv": [16, 0, 0, 16], "texture": "#2"},
				"east": {"uv": [16, 0, 0, 16], "texture": "#3"},
				"south": {"uv": [16, 0, 0, 16], "texture": "#3"},
				"west": {"uv": [16, 0, 0, 16], "texture": "#2"},
				"up": {"uv": [0, 16, 9.5, 0], "texture": "#2"},
				"down": {"uv": [0, 16, 9.5, 0], "texture": "#24"}
			}
		},
		{
			"from": [14.25, 15.35, -3.15],
			"to": [15.75, 16.85, 4.05],
			"rotation": {"angle": 0, "axis": "y", "origin": [17.5, -7.65, 20.85]},
			"faces": {
				"north": {"uv": [0, 0, 16, 16], "texture": "#2"},
				"east": {"uv": [0, 0, 16, 16], "texture": "#2"},
				"south": {"uv": [0, 0, 16, 16], "texture": "#3"},
				"west": {"uv": [0, 0, 16, 16], "texture": "#3"},
				"up": {"uv": [9.5, 16, 0, 0], "texture": "#2"},
				"down": {"uv": [9.5, 16, 0, 0], "texture": "#24"}
			}
		},
		{
			"from": [0.25, 16.85, -2.25],
			"to": [1.75, 17.85, 4.05],
			"rotation": {"angle": 0, "axis": "y", "origin": [-1.5, -7.65, 20.85]},
			"faces": {
				"north": {"uv": [16, 0, 0, 16], "texture": "#2"},
				"east": {"uv": [16, 0, 0, 16], "texture": "#3"},
				"south": {"uv": [16, 0, 0, 16], "texture": "#3"},
				"west": {"uv": [16, 0, 0, 16], "texture": "#2"},
				"up": {"uv": [0, 16, 9.5, 0], "texture": "#2"},
				"down": {"uv": [0, 16, 9.5, 0], "texture": "#24"}
			}
		},
		{
			"from": [14.25, 16.85, -2.25],
			"to": [15.75, 17.85, 4.05],
			"rotation": {"angle": 0, "axis": "y", "origin": [17.5, -7.65, 20.85]},
			"faces": {
				"north": {"uv": [0, 0, 16, 16], "texture": "#2"},
				"east": {"uv": [0, 0, 16, 16], "texture": "#2"},
				"south": {"uv": [0, 0, 16, 16], "texture": "#3"},
				"west": {"uv": [0, 0, 16, 16], "texture": "#3"},
				"up": {"uv": [9.5, 16, 0, 0], "texture": "#2"},
				"down": {"uv": [9.5, 16, 0, 0], "texture": "#24"}
			}
		},
		{
			"from": [0.25, 17.85, -1],
			"to": [1.75, 18.35, 4.05],
			"rotation": {"angle": 0, "axis": "y", "origin": [-1.5, -7.65, 20.85]},
			"faces": {
				"north": {"uv": [16, 0, 0, 16], "texture": "#2"},
				"east": {"uv": [16, 0, 0, 16], "texture": "#3"},
				"south": {"uv": [16, 0, 0, 16], "texture": "#3"},
				"west": {"uv": [16, 0, 0, 16], "texture": "#2"},
				"up": {"uv": [0, 16, 9.5, 0], "texture": "#2"},
				"down": {"uv": [0, 16, 9.5, 0], "texture": "#24"}
			}
		},
		{
			"from": [14.25, 17.85, -1],
			"to": [15.75, 18.35, 4.05],
			"rotation": {"angle": 0, "axis": "y", "origin": [17.5, -7.65, 20.85]},
			"faces": {
				"north": {"uv": [0, 0, 16, 16], "texture": "#2"},
				"east": {"uv": [0, 0, 16, 16], "texture": "#2"},
				"south": {"uv": [0, 0, 16, 16], "texture": "#3"},
				"west": {"uv": [0, 0, 16, 16], "texture": "#3"},
				"up": {"uv": [9.5, 16, 0, 0], "texture": "#2"},
				"down": {"uv": [9.5, 16, 0, 0], "texture": "#24"}
			}
		},
		{
			"from": [1.75, 14.85, -3.9],
			"to": [14.25, 15.35, -3.05],
			"rotation": {"angle": 0, "axis": "y", "origin": [-1.5, -7.65, 20.85]},
			"faces": {
				"north": {"uv": [16, 0, 0, 16], "texture": "#2"},
				"east": {"uv": [16, 0, 0, 16], "texture": "#3"},
				"south": {"uv": [16, 0, 0, 16], "texture": "#3"},
				"west": {"uv": [16, 0, 0, 16], "texture": "#2"},
				"up": {"uv": [0, 16, 9.5, 0], "texture": "#2"},
				"down": {"uv": [0, 16, 9.5, 0], "texture": "#24"}
			}
		},
		{
			"from": [0.25, 9.53237, -5.01862],
			"to": [15.75, 11.28237, -4.16862],
			"rotation": {"angle": 22.5, "axis": "x", "origin": [-3, 9.62936, 10.1643]},
			"faces": {
				"north": {"uv": [16, 0, 0, 16], "texture": "#2"},
				"east": {"uv": [16, 0, 0, 16], "texture": "#2"},
				"south": {"uv": [16, 0, 0, 16], "texture": "#3"},
				"west": {"uv": [16, 0, 0, 16], "texture": "#2"},
				"up": {"uv": [0, 16, 9.5, 0], "texture": "#2"},
				"down": {"uv": [0, 16, 9.5, 0], "texture": "#24"}
			}
		},
		{
			"from": [0.25, 6.33327, -0.91407],
			"to": [15.75, 8.08327, -0.06407],
			"rotation": {"angle": 45, "axis": "x", "origin": [-3, 14.44597, 10.76361]},
			"faces": {
				"north": {"uv": [16, 0, 0, 16], "texture": "#2"},
				"east": {"uv": [16, 0, 0, 16], "texture": "#2"},
				"south": {"uv": [16, 0, 0, 16], "texture": "#3"},
				"west": {"uv": [16, 0, 0, 16], "texture": "#2"},
				"up": {"uv": [0, 16, 9.5, 0], "texture": "#2"},
				"down": {"uv": [0, 16, 9.5, 0], "texture": "#24"}
			}
		},
		{
			"from": [0.25, 21.34773, 1.85844],
			"to": [15.75, 22.19773, 3.60844],
			"rotation": {"angle": -22.5, "axis": "x", "origin": [-3, 10.52005, 9.97114]},
			"faces": {
				"north": {"uv": [9.5, 0, 0, 16], "texture": "#24"},
				"east": {"uv": [0, 16, 16, 0], "rotation": 90, "texture": "#2"},
				"south": {"uv": [9.5, 0, 0, 16], "rotation": 180, "texture": "#2"},
				"west": {"uv": [0, 16, 16, 0], "rotation": 270, "texture": "#2"},
				"up": {"uv": [0, 16, 16, 0], "texture": "#2"},
				"down": {"uv": [0, 16, 16, 0], "rotation": 180, "texture": "#3"}
			}
		},
		{
			"from": [0.25, 18.07392, -0.37608],
			"to": [15.75, 18.87392, 7.97392],
			"rotation": {"angle": 0, "axis": "y", "origin": [-3, 25.23662, 11.3016]},
			"faces": {
				"north": {"uv": [16, 0, 0, 16], "texture": "#2"},
				"east": {"uv": [16, 0, 0, 16], "texture": "#2"},
				"south": {"uv": [16, 0, 0, 16], "texture": "#3"},
				"west": {"uv": [16, 0, 0, 16], "texture": "#2"},
				"up": {"uv": [0, 16, 9.5, 0], "texture": "#2"},
				"down": {"uv": [0, 16, 9.5, 0], "texture": "#3"}
			}
		},
		{
			"from": [15.75, 18.07392, -0.27608],
			"to": [16.45, 18.87392, 16.22392],
			"rotation": {"angle": 0, "axis": "y", "origin": [-3, 25.23662, 11.3016]},
			"faces": {
				"north": {"uv": [16, 0, 0, 16], "texture": "#2"},
				"east": {"uv": [16, 0, 0, 16], "texture": "#2"},
				"south": {"uv": [16, 0, 0, 16], "texture": "#2"},
				"west": {"uv": [16, 0, 0, 16], "texture": "#2"},
				"up": {"uv": [0, 16, 9.5, 0], "texture": "#2"},
				"down": {"uv": [0, 16, 9.5, 0], "texture": "#1"}
			}
		},
		{
			"from": [-0.45, 18.07392, -0.27608],
			"to": [0.25, 18.87392, 16.22392],
			"rotation": {"angle": 0, "axis": "y", "origin": [-19, 25.23662, 11.3016]},
			"faces": {
				"north": {"uv": [16, 0, 0, 16], "texture": "#2"},
				"east": {"uv": [16, 0, 0, 16], "texture": "#2"},
				"south": {"uv": [16, 0, 0, 16], "texture": "#2"},
				"west": {"uv": [16, 0, 0, 16], "texture": "#2"},
				"up": {"uv": [0, 16, 9.5, 0], "texture": "#2"},
				"down": {"uv": [0, 16, 9.5, 0], "texture": "#1"}
			}
		},
		{
			"from": [0.25, 0.6, 0.7],
			"to": [1.75, 3.1, 1.05],
			"rotation": {"angle": 0, "axis": "y", "origin": [-1.5, -7.65, 19.5]},
			"faces": {
				"north": {"uv": [16, 0, 0, 16], "texture": "#1"},
				"east": {"uv": [16, 0, 0, 0.75], "texture": "#1"},
				"south": {"uv": [16, 0, 0, 16], "texture": "#1"},
				"west": {"uv": [16, 0, 0, 0.75], "texture": "#1"},
				"up": {"uv": [0, 16, 9.5, 0], "texture": "#1"},
				"down": {"uv": [0, 16, 9.5, 0], "texture": "#1"}
			}
		},
		{
			"from": [0.25, 3.1, -2.9],
			"to": [1.75, 3.35, 1.05],
			"rotation": {"angle": 0, "axis": "y", "origin": [-1.5, -7.65, 19.5]},
			"faces": {
				"north": {"uv": [16, 0, 0, 16], "texture": "#1"},
				"east": {"uv": [16, 0, 0, 0.75], "texture": "#1"},
				"south": {"uv": [16, 0, 0, 16], "texture": "#1"},
				"west": {"uv": [16, 0, 0, 0.75], "texture": "#1"},
				"up": {"uv": [0, 16, 9.5, 0], "texture": "#1"},
				"down": {"uv": [0, 16, 9.5, 0], "texture": "#1"}
			}
		},
		{
			"from": [13.75, 8.85, -3.9],
			"to": [14.25, 14.85, -3.05],
			"rotation": {"angle": 0, "axis": "y", "origin": [16, 0.6, 15.4]},
			"faces": {
				"north": {"uv": [0, 0, 16, 16], "texture": "#2"},
				"east": {"uv": [0, 0, 16, 0.75], "texture": "#2"},
				"south": {"uv": [0, 0, 16, 16], "texture": "#3"},
				"west": {"uv": [0, 0, 16, 0.75], "texture": "#24"},
				"up": {"uv": [9.5, 16, 0, 0], "texture": "#24"},
				"down": {"uv": [9.5, 16, 0, 0], "texture": "#24"}
			}
		},
		{
			"from": [14.25, 0.6, -2.9],
			"to": [15.75, 3.1, -2.55],
			"rotation": {"angle": 0, "axis": "y", "origin": [17.5, -7.65, 15.9]},
			"faces": {
				"north": {"uv": [0, 0, 16, 16], "texture": "#1"},
				"east": {"uv": [0, 0, 16, 0.75], "texture": "#1"},
				"south": {"uv": [0, 0, 16, 16], "texture": "#1"},
				"west": {"uv": [0, 0, 16, 0.75], "texture": "#1"},
				"up": {"uv": [9.5, 16, 0, 0], "texture": "#1"},
				"down": {"uv": [9.5, 16, 0, 0], "texture": "#1"}
			}
		},
		{
			"from": [14.25, 0.6, -3.9],
			"to": [15.75, 14.85, -2.9],
			"rotation": {"angle": 0, "axis": "y", "origin": [17.5, -7.65, 15.9]},
			"faces": {
				"north": {"uv": [0, 0, 16, 16], "texture": "#2"},
				"east": {"uv": [0, 0, 16, 0.75], "texture": "#2"},
				"south": {"uv": [0, 0, 16, 16], "texture": "#24"},
				"west": {"uv": [0, 0, 16, 0.75], "texture": "#3"},
				"up": {"uv": [9.5, 16, 0, 0], "texture": "#2"},
				"down": {"uv": [9.5, 16, 0, 0], "texture": "#17"}
			}
		},
		{
			"from": [14.25, 0.6, 2.8],
			"to": [15.75, 14.85, 4.05],
			"rotation": {"angle": 0, "axis": "y", "origin": [17.5, -7.65, 20.85]},
			"faces": {
				"north": {"uv": [0, 0, 16, 16], "texture": "#24"},
				"east": {"uv": [0, 0, 16, 0.75], "texture": "#2"},
				"south": {"uv": [0, 0, 16, 16], "texture": "#3"},
				"west": {"uv": [0, 0, 16, 0.75], "texture": "#3"},
				"up": {"uv": [9.5, 16, 0, 0], "texture": "#2"},
				"down": {"uv": [9.5, 16, 0, 0], "texture": "#17"}
			}
		},
		{
			"from": [14.25, 0.6, 1.05],
			"to": [15.75, 7.85, 2.8],
			"rotation": {"angle": 0, "axis": "y", "origin": [17.5, -7.65, 20.85]},
			"faces": {
				"north": {"uv": [0, 0, 16, 16], "texture": "#2"},
				"east": {"uv": [0, 0, 16, 0.75], "texture": "#2"},
				"south": {"uv": [0, 0, 16, 16], "texture": "#2"},
				"west": {"uv": [0, 0, 16, 0.75], "texture": "#3"},
				"up": {"uv": [9.5, 16, 0, 0], "texture": "#24"},
				"down": {"uv": [9.5, 16, 0, 0], "texture": "#17"}
			}
		},
		{
			"from": [14.25, 3.35, -2.9],
			"to": [15.75, 7.85, 1.05],
			"rotation": {"angle": 0, "axis": "y", "origin": [17.5, -7.65, 20.85]},
			"faces": {
				"north": {"uv": [0, 0, 16, 16], "texture": "#2"},
				"east": {"uv": [0, 0, 16, 0.75], "texture": "#2"},
				"south": {"uv": [0, 0, 16, 16], "texture": "#2"},
				"west": {"uv": [0, 0, 16, 0.75], "texture": "#3"},
				"up": {"uv": [9.5, 16, 0, 0], "texture": "#24"},
				"down": {"uv": [9.5, 16, 0, 0], "texture": "#17"}
			}
		},
		{
			"from": [14.25, 7.85, -2.9],
			"to": [15.75, 13.6, 2.8],
			"rotation": {"angle": 0, "axis": "y", "origin": [17.5, -7.65, 20.85]},
			"faces": {
				"north": {"uv": [0, 0, 16, 16], "texture": "#24"},
				"east": {"uv": [0, 0, 16, 16], "texture": "#4"},
				"south": {"uv": [0, 0, 16, 16], "texture": "#24"},
				"west": {"uv": [0, 0, 16, 16], "texture": "#4"},
				"up": {"uv": [9.5, 16, 0, 0], "texture": "#24"},
				"down": {"uv": [9.5, 16, 0, 0], "texture": "#24"}
			}
		},
		{
			"from": [14.25, 13.6, -2.9],
			"to": [15.75, 14.85, 2.8],
			"rotation": {"angle": 0, "axis": "y", "origin": [17.5, -7.65, 20.85]},
			"faces": {
				"north": {"uv": [0, 0, 16, 16], "texture": "#24"},
				"east": {"uv": [0, 0, 16, 16], "texture": "#2"},
				"south": {"uv": [0, 0, 16, 16], "texture": "#24"},
				"west": {"uv": [0, 0, 16, 16], "texture": "#3"},
				"up": {"uv": [9.5, 16, 0, 0], "texture": "#2"},
				"down": {"uv": [9.5, 16, 0, 0], "texture": "#24"}
			}
		},
		{
			"from": [14.25, 0.6, 0.7],
			"to": [15.75, 3.1, 1.05],
			"rotation": {"angle": 0, "axis": "y", "origin": [17.5, -7.65, 19.5]},
			"faces": {
				"north": {"uv": [0, 0, 16, 16], "texture": "#1"},
				"east": {"uv": [0, 0, 16, 0.75], "texture": "#1"},
				"south": {"uv": [0, 0, 16, 16], "texture": "#1"},
				"west": {"uv": [0, 0, 16, 0.75], "texture": "#1"},
				"up": {"uv": [9.5, 16, 0, 0], "texture": "#1"},
				"down": {"uv": [9.5, 16, 0, 0], "texture": "#1"}
			}
		},
		{
			"from": [14.25, 3.1, -2.9],
			"to": [15.75, 3.35, 1.05],
			"rotation": {"angle": 0, "axis": "y", "origin": [17.5, -7.65, 19.5]},
			"faces": {
				"north": {"uv": [0, 0, 16, 16], "texture": "#1"},
				"east": {"uv": [0, 0, 16, 0.75], "texture": "#1"},
				"south": {"uv": [0, 0, 16, 16], "texture": "#1"},
				"west": {"uv": [0, 0, 16, 0.75], "texture": "#1"},
				"up": {"uv": [9.5, 16, 0, 0], "texture": "#1"},
				"down": {"uv": [9.5, 16, 0, 0], "texture": "#1"}
			}
		},
		{
			"from": [13.75, 8.85, -3.9],
			"to": [14.25, 14.85, -3.05],
			"rotation": {"angle": 0, "axis": "y", "origin": [11, 0.6, 15.4]},
			"faces": {
				"north": {"uv": [16, 0, 0, 16], "texture": "#2"},
				"east": {"uv": [16, 0, 0, 0.75], "texture": "#2"},
				"south": {"uv": [16, 0, 0, 16], "texture": "#3"},
				"west": {"uv": [16, 0, 0, 0.75], "texture": "#24"},
				"up": {"uv": [0, 16, 9.5, 0], "texture": "#24"},
				"down": {"uv": [0, 16, 9.5, 0], "texture": "#24"}
			}
		},
		{
			"from": [-0.2, 0.91486, -2.21014],
			"to": [1.05, 1.98986, -1.71014],
			"rotation": {"angle": 0, "axis": "y", "origin": [-0.2, 0.91486, -1.18514]},
			"faces": {
				"north": {"uv": [1.25, 0, 2.5, 1.075], "texture": "#0"},
				"east": {"uv": [0.5, 0, 1, 1.075], "texture": "#0"},
				"south": {"uv": [1.25, 0, 2.5, 1.075], "texture": "#0"},
				"west": {"uv": [0.5, 0, 1, 1.075], "texture": "#0"},
				"up": {"uv": [0, 0.5, 1.25, 1], "texture": "#0"},
				"down": {"uv": [0, 0.5, 1.25, 1], "texture": "#0"}
			}
		},
		{
			"from": [0.05, 1.21486, -1.71014],
			"to": [0.8, 1.68986, -0.11014],
			"rotation": {"angle": 0, "axis": "y", "origin": [-0.2, 0.91486, -1.18514]},
			"faces": {
				"north": {"uv": [0.75, 0, 1.5, 0.475], "texture": "#3"},
				"east": {"uv": [1.6, 0, 3.2, 0.475], "texture": "#3"},
				"south": {"uv": [0.75, 0, 1.5, 0.475], "texture": "#3"},
				"west": {"uv": [1.6, 0, 3.2, 0.475], "texture": "#3"},
				"up": {"uv": [0, 1.6, 0.75, 3.2], "texture": "#3"},
				"down": {"uv": [0, 1.6, 0.75, 3.2], "texture": "#3"}
			}
		},
		{
			"from": [0.8, 1.21486, -1.11014],
			"to": [2.8, 1.68986, -0.71014],
			"rotation": {"angle": 0, "axis": "y", "origin": [-0.2, 0.91486, -1.18514]},
			"faces": {
				"north": {"uv": [2, 0, 4, 0.475], "texture": "#3"},
				"east": {"uv": [0.4, 0, 0.8, 0.475], "texture": "#3"},
				"south": {"uv": [2, 0, 4, 0.475], "texture": "#3"},
				"west": {"uv": [0.4, 0, 0.8, 0.475], "texture": "#3"},
				"up": {"uv": [0, 0.4, 2, 0.8], "texture": "#3"},
				"down": {"uv": [0, 0.4, 2, 0.8], "texture": "#3"}
			}
		},
		{
			"from": [0.05, 1.46486, -2.16014],
			"to": [0.8, 1.93986, -0.36014],
			"rotation": {"angle": 45, "axis": "x", "origin": [-0.2, 1.16486, -1.43514]},
			"faces": {
				"north": {"uv": [0.75, 0, 1.5, 0.475], "texture": "#3"},
				"east": {"uv": [1.8, 0, 3.6, 0.475], "texture": "#3"},
				"south": {"uv": [0.75, 0, 1.5, 0.475], "texture": "#3"},
				"west": {"uv": [1.8, 0, 3.6, 0.475], "texture": "#3"},
				"up": {"uv": [0, 1.8, 0.75, 3.6], "texture": "#3"},
				"down": {"uv": [0, 1.8, 0.75, 3.6], "texture": "#3"}
			}
		},
		{
			"from": [0.05, 0.83986, -0.88514],
			"to": [0.8, 2.63986, -0.41014],
			"rotation": {"angle": 45, "axis": "x", "origin": [-0.2, 1.91486, -1.18514]},
			"faces": {
				"north": {"uv": [0.75, 0, 1.5, 1.8], "texture": "#3"},
				"east": {"uv": [0, 0.475, 1.8, 0.95], "rotation": 90, "texture": "#3"},
				"south": {"uv": [0.75, 0, 1.5, 1.8], "rotation": 180, "texture": "#3"},
				"west": {"uv": [0, 0.475, 1.8, 0.95], "rotation": 270, "texture": "#3"},
				"up": {"uv": [0, 0.475, 0.75, 0.95], "texture": "#3"},
				"down": {"uv": [0, 0.475, 0.75, 0.95], "rotation": 180, "texture": "#3"}
			}
		},
		{
			"from": [0.05, 0.46486, -1.11014],
			"to": [0.8, 2.43986, -0.71014],
			"rotation": {"angle": 0, "axis": "y", "origin": [-0.2, 0.91486, -1.18514]},
			"faces": {
				"north": {"uv": [0.75, 0, 1.5, 1.975], "texture": "#3"},
				"east": {"uv": [0.4, 0, 0.8, 1.975], "texture": "#3"},
				"south": {"uv": [0.75, 0, 1.5, 1.975], "texture": "#3"},
				"west": {"uv": [0.4, 0, 0.8, 1.975], "texture": "#3"},
				"up": {"uv": [0, 0.4, 0.75, 0.8], "texture": "#3"},
				"down": {"uv": [0, 0.4, 0.75, 0.8], "texture": "#3"}
			}
		},
		{
			"from": [-0.2, 2.76768, -2.32522],
			"to": [1.05, 3.26768, -1.25022],
			"rotation": {"angle": -45, "axis": "x", "origin": [-0.2, 2.76768, -0.72522]},
			"faces": {
				"north": {"uv": [1.25, 0, 2.5, 0.5], "texture": "#0"},
				"east": {"uv": [1.075, 0, 2.15, 0.5], "texture": "#0"},
				"south": {"uv": [1.25, 0, 2.5, 0.5], "texture": "#0"},
				"west": {"uv": [1.075, 0, 2.15, 0.5], "texture": "#0"},
				"up": {"uv": [0, 1.075, 1.25, 2.15], "texture": "#0"},
				"down": {"uv": [0, 1.075, 1.25, 2.15], "texture": "#0"}
			}
		},
		{
			"from": [-0.2, 2.25, -1.45],
			"to": [1.05, 2.75, -0.375],
			"rotation": {"angle": 0, "axis": "y", "origin": [-0.2, 2.25, 0.15]},
			"faces": {
				"north": {"uv": [1.25, 0, 2.5, 0.5], "texture": "#0"},
				"east": {"uv": [1.075, 0, 2.15, 0.5], "texture": "#0"},
				"south": {"uv": [1.25, 0, 2.5, 0.5], "texture": "#0"},
				"west": {"uv": [1.075, 0, 2.15, 0.5], "texture": "#0"},
				"up": {"uv": [0, 1.075, 1.25, 2.15], "texture": "#0"},
				"down": {"uv": [0, 1.075, 1.25, 2.15], "texture": "#0"}
			}
		},
		{
			"from": [-0.2, 0.91486, -0.11486],
			"to": [1.05, 1.98986, 0.38514],
			"rotation": {"angle": 0, "axis": "y", "origin": [-0.2, 0.91486, 0.91014]},
			"faces": {
				"north": {"uv": [1.25, 0, 2.5, 1.075], "texture": "#0"},
				"east": {"uv": [0.5, 0, 1, 1.075], "texture": "#0"},
				"south": {"uv": [1.25, 0, 2.5, 1.075], "texture": "#0"},
				"west": {"uv": [0.5, 0, 1, 1.075], "texture": "#0"},
				"up": {"uv": [0, 0.5, 1.25, 1], "texture": "#0"},
				"down": {"uv": [0, 0.5, 1.25, 1], "texture": "#0"}
			}
		},
		{
			"from": [-0.2, 1.26508, -1.19718],
			"to": [1.05, 1.76508, -0.12218],
			"rotation": {"angle": 45, "axis": "x", "origin": [-0.2, 1.26508, 0.40282]},
			"faces": {
				"north": {"uv": [1.25, 0, 2.5, 0.5], "texture": "#0"},
				"east": {"uv": [1.075, 0, 2.15, 0.5], "texture": "#0"},
				"south": {"uv": [1.25, 0, 2.5, 0.5], "texture": "#0"},
				"west": {"uv": [1.075, 0, 2.15, 0.5], "texture": "#0"},
				"up": {"uv": [0, 1.075, 1.25, 2.15], "texture": "#0"},
				"down": {"uv": [0, 1.075, 1.25, 2.15], "texture": "#0"}
			}
		},
		{
			"from": [-0.2, 1.13964, -1.19718],
			"to": [1.05, 1.63964, -0.12218],
			"rotation": {"angle": -45, "axis": "x", "origin": [-0.2, 1.63964, 0.40282]},
			"faces": {
				"north": {"uv": [1.25, 0.5, 2.5, 1], "texture": "#0"},
				"east": {"uv": [1.075, 0.5, 2.15, 1], "texture": "#0"},
				"south": {"uv": [1.25, 0.5, 2.5, 1], "texture": "#0"},
				"west": {"uv": [1.075, 0.5, 2.15, 1], "texture": "#0"},
				"up": {"uv": [0, 2.15, 1.25, 3.225], "texture": "#0"},
				"down": {"uv": [0, 2.15, 1.25, 3.225], "texture": "#0"}
			}
		},
		{
			"from": [-0.2, 0.15472, -1.45],
			"to": [1.05, 0.65472, -0.375],
			"rotation": {"angle": 0, "axis": "y", "origin": [-0.2, 0.65472, 0.15]},
			"faces": {
				"north": {"uv": [1.25, 0.5, 2.5, 1], "texture": "#0"},
				"east": {"uv": [1.075, 0.5, 2.15, 1], "texture": "#0"},
				"south": {"uv": [1.25, 0.5, 2.5, 1], "texture": "#0"},
				"west": {"uv": [1.075, 0.5, 2.15, 1], "texture": "#0"},
				"up": {"uv": [0, 2.15, 1.25, 3.225], "texture": "#0"},
				"down": {"uv": [0, 2.15, 1.25, 3.225], "texture": "#0"}
			}
		},
		{
			"from": [-0.2, -0.36296, -2.32522],
			"to": [1.05, 0.13704, -1.25022],
			"rotation": {"angle": 45, "axis": "x", "origin": [-0.2, 0.13704, -0.72522]},
			"faces": {
				"north": {"uv": [1.25, 0.5, 2.5, 1], "texture": "#0"},
				"east": {"uv": [1.075, 0.5, 2.15, 1], "texture": "#0"},
				"south": {"uv": [1.25, 0.5, 2.5, 1], "texture": "#0"},
				"west": {"uv": [1.075, 0.5, 2.15, 1], "texture": "#0"},
				"up": {"uv": [0, 2.15, 1.25, 3.225], "texture": "#0"},
				"down": {"uv": [0, 2.15, 1.25, 3.225], "texture": "#0"}
			}
		},
		{
			"from": [14.95, 0.91486, -2.21014],
			"to": [16.2, 1.98986, -1.71014],
			"rotation": {"angle": 0, "axis": "y", "origin": [16.2, 0.91486, -1.18514]},
			"faces": {
				"north": {"uv": [2.5, 0, 3.75, 1.075], "texture": "#0"},
				"east": {"uv": [1, 0, 1.5, 1.075], "texture": "#0"},
				"south": {"uv": [2.5, 0, 3.75, 1.075], "texture": "#0"},
				"west": {"uv": [1, 0, 1.5, 1.075], "texture": "#0"},
				"up": {"uv": [1.25, 0.5, 2.5, 1], "texture": "#0"},
				"down": {"uv": [1.25, 0.5, 2.5, 1], "texture": "#0"}
			}
		},
		{
			"from": [15.2, 1.21486, -1.71014],
			"to": [15.95, 1.68986, -0.11014],
			"rotation": {"angle": 0, "axis": "y", "origin": [16.2, 0.91486, -1.18514]},
			"faces": {
				"north": {"uv": [1.5, 0, 2.25, 0.475], "texture": "#3"},
				"east": {"uv": [3.2, 0, 4.8, 0.475], "texture": "#3"},
				"south": {"uv": [1.5, 0, 2.25, 0.475], "texture": "#3"},
				"west": {"uv": [3.2, 0, 4.8, 0.475], "texture": "#3"},
				"up": {"uv": [0.75, 1.6, 1.5, 3.2], "texture": "#3"},
				"down": {"uv": [0.75, 1.6, 1.5, 3.2], "texture": "#3"}
			}
		},
		{
			"from": [13.2, 1.21486, -1.11014],
			"to": [15.2, 1.68986, -0.71014],
			"rotation": {"angle": 0, "axis": "y", "origin": [16.2, 0.91486, -1.18514]},
			"faces": {
				"north": {"uv": [4, 0, 6, 0.475], "texture": "#3"},
				"east": {"uv": [0.8, 0, 1.2, 0.475], "texture": "#3"},
				"south": {"uv": [4, 0, 6, 0.475], "texture": "#3"},
				"west": {"uv": [0.8, 0, 1.2, 0.475], "texture": "#3"},
				"up": {"uv": [2, 0.4, 4, 0.8], "texture": "#3"},
				"down": {"uv": [2, 0.4, 4, 0.8], "texture": "#3"}
			}
		},
		{
			"from": [15.2, 1.46486, -2.16014],
			"to": [15.95, 1.93986, -0.36014],
			"rotation": {"angle": 45, "axis": "x", "origin": [16.2, 1.16486, -1.43514]},
			"faces": {
				"north": {"uv": [1.5, 0, 2.25, 0.475], "texture": "#3"},
				"east": {"uv": [3.6, 0, 5.4, 0.475], "texture": "#3"},
				"south": {"uv": [1.5, 0, 2.25, 0.475], "texture": "#3"},
				"west": {"uv": [3.6, 0, 5.4, 0.475], "texture": "#3"},
				"up": {"uv": [0.75, 1.8, 1.5, 3.6], "texture": "#3"},
				"down": {"uv": [0.75, 1.8, 1.5, 3.6], "texture": "#3"}
			}
		},
		{
			"from": [15.2, 0.83986, -0.88514],
			"to": [15.95, 2.63986, -0.41014],
			"rotation": {"angle": 45, "axis": "x", "origin": [16.2, 1.91486, -1.18514]},
			"faces": {
				"north": {"uv": [1.5, 0, 2.25, 1.8], "texture": "#3"},
				"east": {"uv": [0, 0.95, 1.8, 1.425], "rotation": 270, "texture": "#3"},
				"south": {"uv": [1.5, 0, 2.25, 1.8], "rotation": 180, "texture": "#3"},
				"west": {"uv": [0, 0.95, 1.8, 1.425], "rotation": 90, "texture": "#3"},
				"up": {"uv": [0.75, 0.475, 1.5, 0.95], "texture": "#3"},
				"down": {"uv": [0.75, 0.475, 1.5, 0.95], "rotation": 180, "texture": "#3"}
			}
		},
		{
			"from": [15.2, 0.46486, -1.11014],
			"to": [15.95, 2.43986, -0.71014],
			"rotation": {"angle": 0, "axis": "y", "origin": [16.2, 0.91486, -1.18514]},
			"faces": {
				"north": {"uv": [1.5, 0, 2.25, 1.975], "texture": "#3"},
				"east": {"uv": [0.8, 0, 1.2, 1.975], "texture": "#3"},
				"south": {"uv": [1.5, 0, 2.25, 1.975], "texture": "#3"},
				"west": {"uv": [0.8, 0, 1.2, 1.975], "texture": "#3"},
				"up": {"uv": [0.75, 0.4, 1.5, 0.8], "texture": "#3"},
				"down": {"uv": [0.75, 0.4, 1.5, 0.8], "texture": "#3"}
			}
		},
		{
			"from": [14.95, 2.76768, -2.32522],
			"to": [16.2, 3.26768, -1.25022],
			"rotation": {"angle": -45, "axis": "x", "origin": [16.2, 2.76768, -0.72522]},
			"faces": {
				"north": {"uv": [2.5, 0, 3.75, 0.5], "texture": "#0"},
				"east": {"uv": [2.15, 0, 3.225, 0.5], "texture": "#0"},
				"south": {"uv": [2.5, 0, 3.75, 0.5], "texture": "#0"},
				"west": {"uv": [2.15, 0, 3.225, 0.5], "texture": "#0"},
				"up": {"uv": [1.25, 1.075, 2.5, 2.15], "texture": "#0"},
				"down": {"uv": [1.25, 1.075, 2.5, 2.15], "texture": "#0"}
			}
		},
		{
			"from": [14.95, 2.25, -1.45],
			"to": [16.2, 2.75, -0.375],
			"rotation": {"angle": 0, "axis": "y", "origin": [16.2, 2.25, 0.15]},
			"faces": {
				"north": {"uv": [2.5, 0, 3.75, 0.5], "texture": "#0"},
				"east": {"uv": [2.15, 0, 3.225, 0.5], "texture": "#0"},
				"south": {"uv": [2.5, 0, 3.75, 0.5], "texture": "#0"},
				"west": {"uv": [2.15, 0, 3.225, 0.5], "texture": "#0"},
				"up": {"uv": [1.25, 1.075, 2.5, 2.15], "texture": "#0"},
				"down": {"uv": [1.25, 1.075, 2.5, 2.15], "texture": "#0"}
			}
		},
		{
			"from": [14.95, 0.91486, -0.11486],
			"to": [16.2, 1.98986, 0.38514],
			"rotation": {"angle": 0, "axis": "y", "origin": [16.2, 0.91486, 0.91014]},
			"faces": {
				"north": {"uv": [2.5, 0, 3.75, 1.075], "texture": "#0"},
				"east": {"uv": [1, 0, 1.5, 1.075], "texture": "#0"},
				"south": {"uv": [2.5, 0, 3.75, 1.075], "texture": "#0"},
				"west": {"uv": [1, 0, 1.5, 1.075], "texture": "#0"},
				"up": {"uv": [1.25, 0.5, 2.5, 1], "texture": "#0"},
				"down": {"uv": [1.25, 0.5, 2.5, 1], "texture": "#0"}
			}
		},
		{
			"from": [14.95, 1.26508, -1.19718],
			"to": [16.2, 1.76508, -0.12218],
			"rotation": {"angle": 45, "axis": "x", "origin": [16.2, 1.26508, 0.40282]},
			"faces": {
				"north": {"uv": [2.5, 0, 3.75, 0.5], "texture": "#0"},
				"east": {"uv": [2.15, 0, 3.225, 0.5], "texture": "#0"},
				"south": {"uv": [2.5, 0, 3.75, 0.5], "texture": "#0"},
				"west": {"uv": [2.15, 0, 3.225, 0.5], "texture": "#0"},
				"up": {"uv": [1.25, 1.075, 2.5, 2.15], "texture": "#0"},
				"down": {"uv": [1.25, 1.075, 2.5, 2.15], "texture": "#0"}
			}
		},
		{
			"from": [14.95, 1.13964, -1.19718],
			"to": [16.2, 1.63964, -0.12218],
			"rotation": {"angle": -45, "axis": "x", "origin": [16.2, 1.63964, 0.40282]},
			"faces": {
				"north": {"uv": [2.5, 0.5, 3.75, 1], "texture": "#0"},
				"east": {"uv": [2.15, 0.5, 3.225, 1], "texture": "#0"},
				"south": {"uv": [2.5, 0.5, 3.75, 1], "texture": "#0"},
				"west": {"uv": [2.15, 0.5, 3.225, 1], "texture": "#0"},
				"up": {"uv": [1.25, 2.15, 2.5, 3.225], "texture": "#0"},
				"down": {"uv": [1.25, 2.15, 2.5, 3.225], "texture": "#0"}
			}
		},
		{
			"from": [14.95, 0.15472, -1.45],
			"to": [16.2, 0.65472, -0.375],
			"rotation": {"angle": 0, "axis": "y", "origin": [16.2, 0.65472, 0.15]},
			"faces": {
				"north": {"uv": [2.5, 0.5, 3.75, 1], "texture": "#0"},
				"east": {"uv": [2.15, 0.5, 3.225, 1], "texture": "#0"},
				"south": {"uv": [2.5, 0.5, 3.75, 1], "texture": "#0"},
				"west": {"uv": [2.15, 0.5, 3.225, 1], "texture": "#0"},
				"up": {"uv": [1.25, 2.15, 2.5, 3.225], "texture": "#0"},
				"down": {"uv": [1.25, 2.15, 2.5, 3.225], "texture": "#0"}
			}
		},
		{
			"from": [14.95, -0.36296, -2.32522],
			"to": [16.2, 0.13704, -1.25022],
			"rotation": {"angle": 45, "axis": "x", "origin": [16.2, 0.13704, -0.72522]},
			"faces": {
				"north": {"uv": [2.5, 0.5, 3.75, 1], "texture": "#0"},
				"east": {"uv": [2.15, 0.5, 3.225, 1], "texture": "#0"},
				"south": {"uv": [2.5, 0.5, 3.75, 1], "texture": "#0"},
				"west": {"uv": [2.15, 0.5, 3.225, 1], "texture": "#0"},
				"up": {"uv": [1.25, 2.15, 2.5, 3.225], "texture": "#0"},
				"down": {"uv": [1.25, 2.15, 2.5, 3.225], "texture": "#0"}
			}
		},
		{
			"from": [5.85, 6.85, -1.9],
			"to": [6.35, 7.35, 1.45],
			"rotation": {"angle": 0, "axis": "y", "origin": [-4.1, 0.85, 16.4]},
			"faces": {
				"north": {"uv": [9.5, 0, 0, 0.75], "texture": "#1"},
				"east": {"uv": [16, 0, 0, 0.75], "texture": "#1"},
				"south": {"uv": [9.5, 0, 0, 0.75], "texture": "#1"},
				"west": {"uv": [16, 0, 0, 0.75], "texture": "#1"},
				"up": {"uv": [0, 16, 9.5, 0], "texture": "#1"},
				"down": {"uv": [0, 16, 9.5, 0], "texture": "#1"}
			}
		},
		{
			"from": [2.55, 5.1, -1.9],
			"to": [5.85, 5.6, 2.7],
			"rotation": {"angle": 0, "axis": "y", "origin": [-3.8, 0.6, 16.4]},
			"faces": {
				"north": {"uv": [9.5, 0, 0, 0.75], "texture": "#13"},
				"east": {"uv": [16, 0, 0, 0.75], "texture": "#23"},
				"south": {"uv": [9.5, 0, 0, 0.75], "texture": "#23"},
				"west": {"uv": [16, 0, 0, 0.75], "texture": "#23"},
				"up": {"uv": [0, 16, 9.5, 0], "texture": "#23"},
				"down": {"uv": [0, 16, 9.5, 0], "texture": "#13"}
			}
		},
		{
			"from": [2.55, 5.6, -1.9],
			"to": [5.85, 10.35, -1.3],
			"rotation": {"angle": 0, "axis": "y", "origin": [-3.8, 0.6, 16.4]},
			"faces": {
				"north": {"uv": [9.5, 0, 0, 0.75], "texture": "#13"},
				"east": {"uv": [16, 0, 0, 0.75], "texture": "#23"},
				"south": {"uv": [9.5, 0, 0, 0.75], "texture": "#23"},
				"west": {"uv": [16, 0, 0, 0.75], "texture": "#23"},
				"up": {"uv": [0, 16, 9.5, 0], "texture": "#23"},
				"down": {"uv": [0, 16, 9.5, 0], "texture": "#13"}
			}
		},
		{
			"from": [2.05, 4.35, 0.85],
			"to": [2.55, 6.85, 1.45],
			"rotation": {"angle": 0, "axis": "y", "origin": [-7.9, 0.6, 16.4]},
			"faces": {
				"north": {"uv": [9.5, 0, 0, 0.75], "texture": "#1"},
				"east": {"uv": [16, 0, 0, 0.75], "texture": "#1"},
				"south": {"uv": [9.5, 0, 0, 0.75], "texture": "#1"},
				"west": {"uv": [16, 0, 0, 0.75], "texture": "#1"},
				"up": {"uv": [0, 16, 9.5, 0], "texture": "#1"},
				"down": {"uv": [0, 16, 9.5, 0], "texture": "#1"}
			}
		},
		{
			"from": [2.05, 6.85, -1.9],
			"to": [2.55, 7.35, 1.45],
			"rotation": {"angle": 0, "axis": "y", "origin": [-7.9, 0.85, 16.4]},
			"faces": {
				"north": {"uv": [9.5, 0, 0, 0.75], "texture": "#1"},
				"east": {"uv": [16, 0, 0, 0.75], "texture": "#1"},
				"south": {"uv": [9.5, 0, 0, 0.75], "texture": "#1"},
				"west": {"uv": [16, 0, 0, 0.75], "texture": "#1"},
				"up": {"uv": [0, 16, 9.5, 0], "texture": "#1"},
				"down": {"uv": [0, 16, 9.5, 0], "texture": "#1"}
			}
		},
		{
			"from": [5.85, 4.35, 0.85],
			"to": [6.35, 6.85, 1.45],
			"rotation": {"angle": 0, "axis": "y", "origin": [-4.1, 0.6, 16.4]},
			"faces": {
				"north": {"uv": [9.5, 0, 0, 0.75], "texture": "#1"},
				"east": {"uv": [16, 0, 0, 0.75], "texture": "#1"},
				"south": {"uv": [9.5, 0, 0, 0.75], "texture": "#1"},
				"west": {"uv": [16, 0, 0, 0.75], "texture": "#1"},
				"up": {"uv": [0, 16, 9.5, 0], "texture": "#1"},
				"down": {"uv": [0, 16, 9.5, 0], "texture": "#1"}
			}
		},
		{
			"from": [6.35, 5.6, -1.9],
			"to": [9.65, 10.35, -1.3],
			"rotation": {"angle": 0, "axis": "y", "origin": [0, 0.6, 16.4]},
			"faces": {
				"north": {"uv": [9.5, 0, 0, 0.75], "texture": "#13"},
				"east": {"uv": [16, 0, 0, 0.75], "texture": "#23"},
				"south": {"uv": [9.5, 0, 0, 0.75], "texture": "#23"},
				"west": {"uv": [16, 0, 0, 0.75], "texture": "#23"},
				"up": {"uv": [0, 16, 9.5, 0], "texture": "#23"},
				"down": {"uv": [0, 16, 9.5, 0], "texture": "#13"}
			}
		},
		{
			"from": [6.35, 5.1, -1.9],
			"to": [9.65, 5.6, 2.7],
			"rotation": {"angle": 0, "axis": "y", "origin": [0, 0.6, 16.4]},
			"faces": {
				"north": {"uv": [9.5, 0, 0, 0.75], "texture": "#13"},
				"east": {"uv": [16, 0, 0, 0.75], "texture": "#23"},
				"south": {"uv": [9.5, 0, 0, 0.75], "texture": "#23"},
				"west": {"uv": [16, 0, 0, 0.75], "texture": "#23"},
				"up": {"uv": [0, 16, 9.5, 0], "texture": "#23"},
				"down": {"uv": [0, 16, 9.5, 0], "texture": "#13"}
			}
		},
		{
			"from": [9.65, 6.85, -1.9],
			"to": [10.15, 7.35, 1.45],
			"rotation": {"angle": 0, "axis": "y", "origin": [-0.3, 0.85, 16.4]},
			"faces": {
				"north": {"uv": [9.5, 0, 0, 0.75], "texture": "#1"},
				"east": {"uv": [16, 0, 0, 0.75], "texture": "#1"},
				"south": {"uv": [9.5, 0, 0, 0.75], "texture": "#1"},
				"west": {"uv": [16, 0, 0, 0.75], "texture": "#1"},
				"up": {"uv": [0, 16, 9.5, 0], "texture": "#1"},
				"down": {"uv": [0, 16, 9.5, 0], "texture": "#1"}
			}
		},
		{
			"from": [9.65, 4.35, 0.85],
			"to": [10.15, 6.85, 1.45],
			"rotation": {"angle": 0, "axis": "y", "origin": [-0.3, 0.6, 16.4]},
			"faces": {
				"north": {"uv": [9.5, 0, 0, 0.75], "texture": "#1"},
				"east": {"uv": [16, 0, 0, 0.75], "texture": "#1"},
				"south": {"uv": [9.5, 0, 0, 0.75], "texture": "#1"},
				"west": {"uv": [16, 0, 0, 0.75], "texture": "#1"},
				"up": {"uv": [0, 16, 9.5, 0], "texture": "#1"},
				"down": {"uv": [0, 16, 9.5, 0], "texture": "#1"}
			}
		},
		{
			"from": [10.15, 5.6, -1.9],
			"to": [13.45, 10.35, -1.3],
			"rotation": {"angle": 0, "axis": "y", "origin": [3.8, 0.6, 16.4]},
			"faces": {
				"north": {"uv": [9.5, 0, 0, 0.75], "texture": "#13"},
				"east": {"uv": [16, 0, 0, 0.75], "texture": "#23"},
				"south": {"uv": [9.5, 0, 0, 0.75], "texture": "#23"},
				"west": {"uv": [16, 0, 0, 0.75], "texture": "#23"},
				"up": {"uv": [0, 16, 9.5, 0], "texture": "#23"},
				"down": {"uv": [0, 16, 9.5, 0], "texture": "#13"}
			}
		},
		{
			"from": [10.15, 5.1, -1.9],
			"to": [13.45, 5.6, 2.7],
			"rotation": {"angle": 0, "axis": "y", "origin": [3.8, 0.6, 16.4]},
			"faces": {
				"north": {"uv": [9.5, 0, 0, 0.75], "texture": "#13"},
				"east": {"uv": [16, 0, 0, 0.75], "texture": "#23"},
				"south": {"uv": [9.5, 0, 0, 0.75], "texture": "#23"},
				"west": {"uv": [16, 0, 0, 0.75], "texture": "#23"},
				"up": {"uv": [0, 16, 9.5, 0], "texture": "#23"},
				"down": {"uv": [0, 16, 9.5, 0], "texture": "#13"}
			}
		},
		{
			"from": [13.45, 6.85, -1.9],
			"to": [13.95, 7.35, 1.45],
			"rotation": {"angle": 0, "axis": "y", "origin": [3.5, 0.85, 16.4]},
			"faces": {
				"north": {"uv": [9.5, 0, 0, 0.75], "texture": "#1"},
				"east": {"uv": [16, 0, 0, 0.75], "texture": "#1"},
				"south": {"uv": [9.5, 0, 0, 0.75], "texture": "#1"},
				"west": {"uv": [16, 0, 0, 0.75], "texture": "#1"},
				"up": {"uv": [0, 16, 9.5, 0], "texture": "#1"},
				"down": {"uv": [0, 16, 9.5, 0], "texture": "#1"}
			}
		},
		{
			"from": [13.45, 4.35, 0.85],
			"to": [13.95, 6.85, 1.45],
			"rotation": {"angle": 0, "axis": "y", "origin": [3.5, 0.6, 16.4]},
			"faces": {
				"north": {"uv": [9.5, 0, 0, 0.75], "texture": "#1"},
				"east": {"uv": [16, 0, 0, 0.75], "texture": "#1"},
				"south": {"uv": [9.5, 0, 0, 0.75], "texture": "#1"},
				"west": {"uv": [16, 0, 0, 0.75], "texture": "#1"},
				"up": {"uv": [0, 16, 9.5, 0], "texture": "#1"},
				"down": {"uv": [0, 16, 9.5, 0], "texture": "#1"}
			}
		},
		{
			"from": [-0.2, 0.91486, 17.61014],
			"to": [1.05, 1.98986, 18.11014],
			"rotation": {"angle": 0, "axis": "y", "origin": [-0.2, 0.91486, 17.08514]},
			"faces": {
				"north": {"uv": [0, 0, 1.25, 1.075], "texture": "#0"},
				"east": {"uv": [0, 0, 0.5, 1.075], "texture": "#0"},
				"south": {"uv": [0, 0, 1.25, 1.075], "texture": "#0"},
				"west": {"uv": [0, 0, 0.5, 1.075], "texture": "#0"},
				"up": {"uv": [0, 0, 1.25, 0.5], "texture": "#0"},
				"down": {"uv": [0, 0, 1.25, 0.5], "texture": "#0"}
			}
		},
		{
			"from": [0.05, 1.21486, 16.01014],
			"to": [0.8, 1.68986, 17.61014],
			"rotation": {"angle": 0, "axis": "y", "origin": [-0.2, 0.91486, 17.08514]},
			"faces": {
				"north": {"uv": [0, 0, 0.75, 0.475], "texture": "#3"},
				"east": {"uv": [0, 0, 1.6, 0.475], "texture": "#3"},
				"south": {"uv": [0, 0, 0.75, 0.475], "texture": "#3"},
				"west": {"uv": [0, 0, 1.6, 0.475], "texture": "#3"},
				"up": {"uv": [0, 0, 0.75, 1.6], "texture": "#3"},
				"down": {"uv": [0, 0, 0.75, 1.6], "texture": "#3"}
			}
		},
		{
			"from": [0.8, 1.21486, 16.61014],
			"to": [2.8, 1.68986, 17.01014],
			"rotation": {"angle": 0, "axis": "y", "origin": [-0.2, 0.91486, 17.08514]},
			"faces": {
				"north": {"uv": [0, 0, 2, 0.475], "texture": "#3"},
				"east": {"uv": [0, 0, 0.4, 0.475], "texture": "#3"},
				"south": {"uv": [0, 0, 2, 0.475], "texture": "#3"},
				"west": {"uv": [0, 0, 0.4, 0.475], "texture": "#3"},
				"up": {"uv": [0, 0, 2, 0.4], "texture": "#3"},
				"down": {"uv": [0, 0, 2, 0.4], "texture": "#3"}
			}
		},
		{
			"from": [0.05, 1.46486, 16.26014],
			"to": [0.8, 1.93986, 18.06014],
			"rotation": {"angle": -45, "axis": "x", "origin": [-0.2, 1.16486, 17.33514]},
			"faces": {
				"north": {"uv": [0, 0, 0.75, 0.475], "texture": "#3"},
				"east": {"uv": [0, 0, 1.8, 0.475], "texture": "#3"},
				"south": {"uv": [0, 0, 0.75, 0.475], "texture": "#3"},
				"west": {"uv": [0, 0, 1.8, 0.475], "texture": "#3"},
				"up": {"uv": [0, 0, 0.75, 1.8], "texture": "#3"},
				"down": {"uv": [0, 0, 0.75, 1.8], "texture": "#3"}
			}
		},
		{
			"from": [0.05, 0.83986, 16.31014],
			"to": [0.8, 2.63986, 16.78514],
			"rotation": {"angle": -45, "axis": "x", "origin": [-0.2, 1.91486, 17.08514]},
			"faces": {
				"north": {"uv": [0, 0, 0.75, 1.8], "rotation": 180, "texture": "#3"},
				"east": {"uv": [0, 0, 1.8, 0.475], "rotation": 90, "texture": "#3"},
				"south": {"uv": [0, 0, 0.75, 1.8], "texture": "#3"},
				"west": {"uv": [0, 0, 1.8, 0.475], "rotation": 270, "texture": "#3"},
				"up": {"uv": [0, 0, 0.75, 0.475], "texture": "#3"},
				"down": {"uv": [0, 0, 0.75, 0.475], "rotation": 180, "texture": "#3"}
			}
		},
		{
			"from": [0.05, 0.46486, 16.61014],
			"to": [0.8, 2.43986, 17.01014],
			"rotation": {"angle": 0, "axis": "y", "origin": [-0.2, 0.91486, 17.08514]},
			"faces": {
				"north": {"uv": [0, 0, 0.75, 1.975], "texture": "#3"},
				"east": {"uv": [0, 0, 0.4, 1.975], "texture": "#3"},
				"south": {"uv": [0, 0, 0.75, 1.975], "texture": "#3"},
				"west": {"uv": [0, 0, 0.4, 1.975], "texture": "#3"},
				"up": {"uv": [0, 0, 0.75, 0.4], "texture": "#3"},
				"down": {"uv": [0, 0, 0.75, 0.4], "texture": "#3"}
			}
		},
		{
			"from": [-0.2, 2.76768, 17.15022],
			"to": [1.05, 3.26768, 18.22522],
			"rotation": {"angle": 45, "axis": "x", "origin": [-0.2, 2.76768, 16.62522]},
			"faces": {
				"north": {"uv": [0, 0, 1.25, 0.5], "texture": "#0"},
				"east": {"uv": [0, 0, 1.075, 0.5], "texture": "#0"},
				"south": {"uv": [0, 0, 1.25, 0.5], "texture": "#0"},
				"west": {"uv": [0, 0, 1.075, 0.5], "texture": "#0"},
				"up": {"uv": [0, 0, 1.25, 1.075], "texture": "#0"},
				"down": {"uv": [0, 0, 1.25, 1.075], "texture": "#0"}
			}
		},
		{
			"from": [-0.2, 2.25, 16.275],
			"to": [1.05, 2.75, 17.35],
			"rotation": {"angle": 0, "axis": "y", "origin": [-0.2, 2.25, 15.75]},
			"faces": {
				"north": {"uv": [0, 0, 1.25, 0.5], "texture": "#0"},
				"east": {"uv": [0, 0, 1.075, 0.5], "texture": "#0"},
				"south": {"uv": [0, 0, 1.25, 0.5], "texture": "#0"},
				"west": {"uv": [0, 0, 1.075, 0.5], "texture": "#0"},
				"up": {"uv": [0, 0, 1.25, 1.075], "texture": "#0"},
				"down": {"uv": [0, 0, 1.25, 1.075], "texture": "#0"}
			}
		},
		{
			"from": [-0.2, 0.91486, 15.51486],
			"to": [1.05, 1.98986, 16.01486],
			"rotation": {"angle": 0, "axis": "y", "origin": [-0.2, 0.91486, 14.98986]},
			"faces": {
				"north": {"uv": [0, 0, 1.25, 1.075], "texture": "#0"},
				"east": {"uv": [0, 0, 0.5, 1.075], "texture": "#0"},
				"south": {"uv": [0, 0, 1.25, 1.075], "texture": "#0"},
				"west": {"uv": [0, 0, 0.5, 1.075], "texture": "#0"},
				"up": {"uv": [0, 0, 1.25, 0.5], "texture": "#0"},
				"down": {"uv": [0, 0, 1.25, 0.5], "texture": "#0"}
			}
		},
		{
			"from": [-0.2, 1.26508, 16.02218],
			"to": [1.05, 1.76508, 17.09718],
			"rotation": {"angle": -45, "axis": "x", "origin": [-0.2, 1.26508, 15.49718]},
			"faces": {
				"north": {"uv": [0, 0, 1.25, 0.5], "texture": "#0"},
				"east": {"uv": [0, 0, 1.075, 0.5], "texture": "#0"},
				"south": {"uv": [0, 0, 1.25, 0.5], "texture": "#0"},
				"west": {"uv": [0, 0, 1.075, 0.5], "texture": "#0"},
				"up": {"uv": [0, 0, 1.25, 1.075], "texture": "#0"},
				"down": {"uv": [0, 0, 1.25, 1.075], "texture": "#0"}
			}
		},
		{
			"from": [-0.2, 1.13964, 16.02218],
			"to": [1.05, 1.63964, 17.09718],
			"rotation": {"angle": 45, "axis": "x", "origin": [-0.2, 1.63964, 15.49718]},
			"faces": {
				"north": {"uv": [0, 0.5, 1.25, 1], "texture": "#0"},
				"east": {"uv": [0, 0.5, 1.075, 1], "texture": "#0"},
				"south": {"uv": [0, 0.5, 1.25, 1], "texture": "#0"},
				"west": {"uv": [0, 0.5, 1.075, 1], "texture": "#0"},
				"up": {"uv": [0, 1.075, 1.25, 2.15], "texture": "#0"},
				"down": {"uv": [0, 1.075, 1.25, 2.15], "texture": "#0"}
			}
		},
		{
			"from": [-0.2, 0.15472, 16.275],
			"to": [1.05, 0.65472, 17.35],
			"rotation": {"angle": 0, "axis": "y", "origin": [-0.2, 0.65472, 15.75]},
			"faces": {
				"north": {"uv": [0, 0.5, 1.25, 1], "texture": "#0"},
				"east": {"uv": [0, 0.5, 1.075, 1], "texture": "#0"},
				"south": {"uv": [0, 0.5, 1.25, 1], "texture": "#0"},
				"west": {"uv": [0, 0.5, 1.075, 1], "texture": "#0"},
				"up": {"uv": [0, 1.075, 1.25, 2.15], "texture": "#0"},
				"down": {"uv": [0, 1.075, 1.25, 2.15], "texture": "#0"}
			}
		},
		{
			"from": [-0.2, -0.36296, 17.15022],
			"to": [1.05, 0.13704, 18.22522],
			"rotation": {"angle": -45, "axis": "x", "origin": [-0.2, 0.13704, 16.62522]},
			"faces": {
				"north": {"uv": [0, 0.5, 1.25, 1], "texture": "#0"},
				"east": {"uv": [0, 0.5, 1.075, 1], "texture": "#0"},
				"south": {"uv": [0, 0.5, 1.25, 1], "texture": "#0"},
				"west": {"uv": [0, 0.5, 1.075, 1], "texture": "#0"},
				"up": {"uv": [0, 1.075, 1.25, 2.15], "texture": "#0"},
				"down": {"uv": [0, 1.075, 1.25, 2.15], "texture": "#0"}
			}
		},
		{
			"from": [14.95, 0.91486, 17.61014],
			"to": [16.2, 1.98986, 18.11014],
			"rotation": {"angle": 0, "axis": "y", "origin": [16.2, 0.91486, 17.08514]},
			"faces": {
				"north": {"uv": [1.25, 0, 2.5, 1.075], "texture": "#0"},
				"east": {"uv": [0.5, 0, 1, 1.075], "texture": "#0"},
				"south": {"uv": [1.25, 0, 2.5, 1.075], "texture": "#0"},
				"west": {"uv": [0.5, 0, 1, 1.075], "texture": "#0"},
				"up": {"uv": [1.25, 0, 2.5, 0.5], "texture": "#0"},
				"down": {"uv": [1.25, 0, 2.5, 0.5], "texture": "#0"}
			}
		},
		{
			"from": [15.2, 1.21486, 16.01014],
			"to": [15.95, 1.68986, 17.61014],
			"rotation": {"angle": 0, "axis": "y", "origin": [16.2, 0.91486, 17.08514]},
			"faces": {
				"north": {"uv": [0.75, 0, 1.5, 0.475], "texture": "#3"},
				"east": {"uv": [1.6, 0, 3.2, 0.475], "texture": "#3"},
				"south": {"uv": [0.75, 0, 1.5, 0.475], "texture": "#3"},
				"west": {"uv": [1.6, 0, 3.2, 0.475], "texture": "#3"},
				"up": {"uv": [0.75, 0, 1.5, 1.6], "texture": "#3"},
				"down": {"uv": [0.75, 0, 1.5, 1.6], "texture": "#3"}
			}
		},
		{
			"from": [13.2, 1.21486, 16.61014],
			"to": [15.2, 1.68986, 17.01014],
			"rotation": {"angle": 0, "axis": "y", "origin": [16.2, 0.91486, 17.08514]},
			"faces": {
				"north": {"uv": [2, 0, 4, 0.475], "texture": "#3"},
				"east": {"uv": [0.4, 0, 0.8, 0.475], "texture": "#3"},
				"south": {"uv": [2, 0, 4, 0.475], "texture": "#3"},
				"west": {"uv": [0.4, 0, 0.8, 0.475], "texture": "#3"},
				"up": {"uv": [2, 0, 4, 0.4], "texture": "#3"},
				"down": {"uv": [2, 0, 4, 0.4], "texture": "#3"}
			}
		},
		{
			"from": [15.2, 1.46486, 16.26014],
			"to": [15.95, 1.93986, 18.06014],
			"rotation": {"angle": -45, "axis": "x", "origin": [16.2, 1.16486, 17.33514]},
			"faces": {
				"north": {"uv": [0.75, 0, 1.5, 0.475], "texture": "#3"},
				"east": {"uv": [1.8, 0, 3.6, 0.475], "texture": "#3"},
				"south": {"uv": [0.75, 0, 1.5, 0.475], "texture": "#3"},
				"west": {"uv": [1.8, 0, 3.6, 0.475], "texture": "#3"},
				"up": {"uv": [0.75, 0, 1.5, 1.8], "texture": "#3"},
				"down": {"uv": [0.75, 0, 1.5, 1.8], "texture": "#3"}
			}
		},
		{
			"from": [15.2, 0.83986, 16.31014],
			"to": [15.95, 2.63986, 16.78514],
			"rotation": {"angle": -45, "axis": "x", "origin": [16.2, 1.91486, 17.08514]},
			"faces": {
				"north": {"uv": [0.75, 0, 1.5, 1.8], "rotation": 180, "texture": "#3"},
				"east": {"uv": [0, 0.475, 1.8, 0.95], "rotation": 270, "texture": "#3"},
				"south": {"uv": [0.75, 0, 1.5, 1.8], "texture": "#3"},
				"west": {"uv": [0, 0.475, 1.8, 0.95], "rotation": 90, "texture": "#3"},
				"up": {"uv": [0.75, 0, 1.5, 0.475], "texture": "#3"},
				"down": {"uv": [0.75, 0, 1.5, 0.475], "rotation": 180, "texture": "#3"}
			}
		},
		{
			"from": [15.2, 0.46486, 16.61014],
			"to": [15.95, 2.43986, 17.01014],
			"rotation": {"angle": 0, "axis": "y", "origin": [16.2, 0.91486, 17.08514]},
			"faces": {
				"north": {"uv": [0.75, 0, 1.5, 1.975], "texture": "#3"},
				"east": {"uv": [0.4, 0, 0.8, 1.975], "texture": "#3"},
				"south": {"uv": [0.75, 0, 1.5, 1.975], "texture": "#3"},
				"west": {"uv": [0.4, 0, 0.8, 1.975], "texture": "#3"},
				"up": {"uv": [0.75, 0, 1.5, 0.4], "texture": "#3"},
				"down": {"uv": [0.75, 0, 1.5, 0.4], "texture": "#3"}
			}
		},
		{
			"from": [14.95, 2.76768, 17.15022],
			"to": [16.2, 3.26768, 18.22522],
			"rotation": {"angle": 45, "axis": "x", "origin": [16.2, 2.76768, 16.62522]},
			"faces": {
				"north": {"uv": [1.25, 0, 2.5, 0.5], "texture": "#0"},
				"east": {"uv": [1.075, 0, 2.15, 0.5], "texture": "#0"},
				"south": {"uv": [1.25, 0, 2.5, 0.5], "texture": "#0"},
				"west": {"uv": [1.075, 0, 2.15, 0.5], "texture": "#0"},
				"up": {"uv": [1.25, 0, 2.5, 1.075], "texture": "#0"},
				"down": {"uv": [1.25, 0, 2.5, 1.075], "texture": "#0"}
			}
		},
		{
			"from": [14.95, 2.25, 16.275],
			"to": [16.2, 2.75, 17.35],
			"rotation": {"angle": 0, "axis": "y", "origin": [16.2, 2.25, 15.75]},
			"faces": {
				"north": {"uv": [1.25, 0, 2.5, 0.5], "texture": "#0"},
				"east": {"uv": [1.075, 0, 2.15, 0.5], "texture": "#0"},
				"south": {"uv": [1.25, 0, 2.5, 0.5], "texture": "#0"},
				"west": {"uv": [1.075, 0, 2.15, 0.5], "texture": "#0"},
				"up": {"uv": [1.25, 0, 2.5, 1.075], "texture": "#0"},
				"down": {"uv": [1.25, 0, 2.5, 1.075], "texture": "#0"}
			}
		},
		{
			"from": [14.95, 0.91486, 15.51486],
			"to": [16.2, 1.98986, 16.01486],
			"rotation": {"angle": 0, "axis": "y", "origin": [16.2, 0.91486, 14.98986]},
			"faces": {
				"north": {"uv": [1.25, 0, 2.5, 1.075], "texture": "#0"},
				"east": {"uv": [0.5, 0, 1, 1.075], "texture": "#0"},
				"south": {"uv": [1.25, 0, 2.5, 1.075], "texture": "#0"},
				"west": {"uv": [0.5, 0, 1, 1.075], "texture": "#0"},
				"up": {"uv": [1.25, 0, 2.5, 0.5], "texture": "#0"},
				"down": {"uv": [1.25, 0, 2.5, 0.5], "texture": "#0"}
			}
		},
		{
			"from": [14.95, 1.26508, 16.02218],
			"to": [16.2, 1.76508, 17.09718],
			"rotation": {"angle": -45, "axis": "x", "origin": [16.2, 1.26508, 15.49718]},
			"faces": {
				"north": {"uv": [1.25, 0, 2.5, 0.5], "texture": "#0"},
				"east": {"uv": [1.075, 0, 2.15, 0.5], "texture": "#0"},
				"south": {"uv": [1.25, 0, 2.5, 0.5], "texture": "#0"},
				"west": {"uv": [1.075, 0, 2.15, 0.5], "texture": "#0"},
				"up": {"uv": [1.25, 0, 2.5, 1.075], "texture": "#0"},
				"down": {"uv": [1.25, 0, 2.5, 1.075], "texture": "#0"}
			}
		},
		{
			"from": [14.95, 1.13964, 16.02218],
			"to": [16.2, 1.63964, 17.09718],
			"rotation": {"angle": 45, "axis": "x", "origin": [16.2, 1.63964, 15.49718]},
			"faces": {
				"north": {"uv": [1.25, 0.5, 2.5, 1], "texture": "#0"},
				"east": {"uv": [1.075, 0.5, 2.15, 1], "texture": "#0"},
				"south": {"uv": [1.25, 0.5, 2.5, 1], "texture": "#0"},
				"west": {"uv": [1.075, 0.5, 2.15, 1], "texture": "#0"},
				"up": {"uv": [1.25, 1.075, 2.5, 2.15], "texture": "#0"},
				"down": {"uv": [1.25, 1.075, 2.5, 2.15], "texture": "#0"}
			}
		},
		{
			"from": [14.95, 0.15472, 16.275],
			"to": [16.2, 0.65472, 17.35],
			"rotation": {"angle": 0, "axis": "y", "origin": [16.2, 0.65472, 15.75]},
			"faces": {
				"north": {"uv": [1.25, 0.5, 2.5, 1], "texture": "#0"},
				"east": {"uv": [1.075, 0.5, 2.15, 1], "texture": "#0"},
				"south": {"uv": [1.25, 0.5, 2.5, 1], "texture": "#0"},
				"west": {"uv": [1.075, 0.5, 2.15, 1], "texture": "#0"},
				"up": {"uv": [1.25, 1.075, 2.5, 2.15], "texture": "#0"},
				"down": {"uv": [1.25, 1.075, 2.5, 2.15], "texture": "#0"}
			}
		},
		{
			"from": [14.95, -0.36296, 17.15022],
			"to": [16.2, 0.13704, 18.22522],
			"rotation": {"angle": -45, "axis": "x", "origin": [16.2, 0.13704, 16.62522]},
			"faces": {
				"north": {"uv": [1.25, 0.5, 2.5, 1], "texture": "#0"},
				"east": {"uv": [1.075, 0.5, 2.15, 1], "texture": "#0"},
				"south": {"uv": [1.25, 0.5, 2.5, 1], "texture": "#0"},
				"west": {"uv": [1.075, 0.5, 2.15, 1], "texture": "#0"},
				"up": {"uv": [1.25, 1.075, 2.5, 2.15], "texture": "#0"},
				"down": {"uv": [1.25, 1.075, 2.5, 2.15], "texture": "#0"}
			}
		},
		{
			"from": [5.85, 6.85, 14.45],
			"to": [6.35, 7.35, 17.8],
			"rotation": {"angle": 0, "axis": "y", "origin": [-4.1, 0.85, -0.5]},
			"faces": {
				"north": {"uv": [0, 0, 9.5, 0.75], "texture": "#1"},
				"east": {"uv": [0, 0, 16, 0.75], "texture": "#1"},
				"south": {"uv": [0, 0, 9.5, 0.75], "texture": "#1"},
				"west": {"uv": [0, 0, 16, 0.75], "texture": "#1"},
				"up": {"uv": [0, 0, 9.5, 16], "texture": "#1"},
				"down": {"uv": [0, 0, 9.5, 16], "texture": "#1"}
			}
		},
		{
			"from": [2.55, 5.1, 13.2],
			"to": [5.85, 5.6, 17.8],
			"rotation": {"angle": 0, "axis": "y", "origin": [-3.8, 0.6, -0.5]},
			"faces": {
				"north": {"uv": [0, 0, 9.5, 0.75], "texture": "#23"},
				"east": {"uv": [0, 0, 16, 0.75], "texture": "#23"},
				"south": {"uv": [0, 0, 9.5, 0.75], "texture": "#13"},
				"west": {"uv": [0, 0, 16, 0.75], "texture": "#23"},
				"up": {"uv": [0, 0, 9.5, 16], "texture": "#23"},
				"down": {"uv": [0, 0, 9.5, 16], "texture": "#13"}
			}
		},
		{
			"from": [2.55, 5.6, 17.2],
			"to": [5.85, 10.35, 17.8],
			"rotation": {"angle": 0, "axis": "y", "origin": [-3.8, 0.6, -0.5]},
			"faces": {
				"north": {"uv": [0, 0, 9.5, 0.75], "texture": "#23"},
				"east": {"uv": [0, 0, 16, 0.75], "texture": "#23"},
				"south": {"uv": [0, 0, 9.5, 0.75], "texture": "#13"},
				"west": {"uv": [0, 0, 16, 0.75], "texture": "#23"},
				"up": {"uv": [0, 0, 9.5, 16], "texture": "#23"},
				"down": {"uv": [0, 0, 9.5, 16], "texture": "#13"}
			}
		},
		{
			"from": [2.05, 4.35, 14.45],
			"to": [2.55, 6.85, 15.05],
			"rotation": {"angle": 0, "axis": "y", "origin": [-7.9, 0.6, -0.5]},
			"faces": {
				"north": {"uv": [0, 0, 9.5, 0.75], "texture": "#1"},
				"east": {"uv": [0, 0, 16, 0.75], "texture": "#1"},
				"south": {"uv": [0, 0, 9.5, 0.75], "texture": "#1"},
				"west": {"uv": [0, 0, 16, 0.75], "texture": "#1"},
				"up": {"uv": [0, 0, 9.5, 16], "texture": "#1"},
				"down": {"uv": [0, 0, 9.5, 16], "texture": "#1"}
			}
		},
		{
			"from": [2.05, 6.85, 14.45],
			"to": [2.55, 7.35, 17.8],
			"rotation": {"angle": 0, "axis": "y", "origin": [-7.9, 0.85, -0.5]},
			"faces": {
				"north": {"uv": [0, 0, 9.5, 0.75], "texture": "#1"},
				"east": {"uv": [0, 0, 16, 0.75], "texture": "#1"},
				"south": {"uv": [0, 0, 9.5, 0.75], "texture": "#1"},
				"west": {"uv": [0, 0, 16, 0.75], "texture": "#1"},
				"up": {"uv": [0, 0, 9.5, 16], "texture": "#1"},
				"down": {"uv": [0, 0, 9.5, 16], "texture": "#1"}
			}
		},
		{
			"from": [5.85, 4.35, 14.45],
			"to": [6.35, 6.85, 15.05],
			"rotation": {"angle": 0, "axis": "y", "origin": [-4.1, 0.6, -0.5]},
			"faces": {
				"north": {"uv": [0, 0, 9.5, 0.75], "texture": "#1"},
				"east": {"uv": [0, 0, 16, 0.75], "texture": "#1"},
				"south": {"uv": [0, 0, 9.5, 0.75], "texture": "#1"},
				"west": {"uv": [0, 0, 16, 0.75], "texture": "#1"},
				"up": {"uv": [0, 0, 9.5, 16], "texture": "#1"},
				"down": {"uv": [0, 0, 9.5, 16], "texture": "#1"}
			}
		},
		{
			"from": [6.35, 5.6, 17.2],
			"to": [9.65, 10.35, 17.8],
			"rotation": {"angle": 0, "axis": "y", "origin": [0, 0.6, -0.5]},
			"faces": {
				"north": {"uv": [0, 0, 9.5, 0.75], "texture": "#23"},
				"east": {"uv": [0, 0, 16, 0.75], "texture": "#23"},
				"south": {"uv": [0, 0, 9.5, 0.75], "texture": "#13"},
				"west": {"uv": [0, 0, 16, 0.75], "texture": "#23"},
				"up": {"uv": [0, 0, 9.5, 16], "texture": "#23"},
				"down": {"uv": [0, 0, 9.5, 16], "texture": "#13"}
			}
		},
		{
			"from": [6.35, 5.1, 13.2],
			"to": [9.65, 5.6, 17.8],
			"rotation": {"angle": 0, "axis": "y", "origin": [0, 0.6, -0.5]},
			"faces": {
				"north": {"uv": [0, 0, 9.5, 0.75], "texture": "#23"},
				"east": {"uv": [0, 0, 16, 0.75], "texture": "#23"},
				"south": {"uv": [0, 0, 9.5, 0.75], "texture": "#13"},
				"west": {"uv": [0, 0, 16, 0.75], "texture": "#23"},
				"up": {"uv": [0, 0, 9.5, 16], "texture": "#23"},
				"down": {"uv": [0, 0, 9.5, 16], "texture": "#13"}
			}
		},
		{
			"from": [9.65, 6.85, 14.45],
			"to": [10.15, 7.35, 17.8],
			"rotation": {"angle": 0, "axis": "y", "origin": [-0.3, 0.85, -0.5]},
			"faces": {
				"north": {"uv": [0, 0, 9.5, 0.75], "texture": "#1"},
				"east": {"uv": [0, 0, 16, 0.75], "texture": "#1"},
				"south": {"uv": [0, 0, 9.5, 0.75], "texture": "#1"},
				"west": {"uv": [0, 0, 16, 0.75], "texture": "#1"},
				"up": {"uv": [0, 0, 9.5, 16], "texture": "#1"},
				"down": {"uv": [0, 0, 9.5, 16], "texture": "#1"}
			}
		},
		{
			"from": [9.65, 4.35, 14.45],
			"to": [10.15, 6.85, 15.05],
			"rotation": {"angle": 0, "axis": "y", "origin": [-0.3, 0.6, -0.5]},
			"faces": {
				"north": {"uv": [0, 0, 9.5, 0.75], "texture": "#1"},
				"east": {"uv": [0, 0, 16, 0.75], "texture": "#1"},
				"south": {"uv": [0, 0, 9.5, 0.75], "texture": "#1"},
				"west": {"uv": [0, 0, 16, 0.75], "texture": "#1"},
				"up": {"uv": [0, 0, 9.5, 16], "texture": "#1"},
				"down": {"uv": [0, 0, 9.5, 16], "texture": "#1"}
			}
		},
		{
			"from": [10.15, 5.6, 17.2],
			"to": [13.45, 10.35, 17.8],
			"rotation": {"angle": 0, "axis": "y", "origin": [3.8, 0.6, -0.5]},
			"faces": {
				"north": {"uv": [0, 0, 9.5, 0.75], "texture": "#23"},
				"east": {"uv": [0, 0, 16, 0.75], "texture": "#23"},
				"south": {"uv": [0, 0, 9.5, 0.75], "texture": "#13"},
				"west": {"uv": [0, 0, 16, 0.75], "texture": "#23"},
				"up": {"uv": [0, 0, 9.5, 16], "texture": "#23"},
				"down": {"uv": [0, 0, 9.5, 16], "texture": "#13"}
			}
		},
		{
			"from": [10.15, 5.1, 13.2],
			"to": [13.45, 5.6, 17.8],
			"rotation": {"angle": 0, "axis": "y", "origin": [3.8, 0.6, -0.5]},
			"faces": {
				"north": {"uv": [0, 0, 9.5, 0.75], "texture": "#23"},
				"east": {"uv": [0, 0, 16, 0.75], "texture": "#23"},
				"south": {"uv": [0, 0, 9.5, 0.75], "texture": "#13"},
				"west": {"uv": [0, 0, 16, 0.75], "texture": "#23"},
				"up": {"uv": [0, 0, 9.5, 16], "texture": "#23"},
				"down": {"uv": [0, 0, 9.5, 16], "texture": "#13"}
			}
		},
		{
			"from": [13.45, 6.85, 14.45],
			"to": [13.95, 7.35, 17.8],
			"rotation": {"angle": 0, "axis": "y", "origin": [3.5, 0.85, -0.5]},
			"faces": {
				"north": {"uv": [0, 0, 9.5, 0.75], "texture": "#1"},
				"east": {"uv": [0, 0, 16, 0.75], "texture": "#1"},
				"south": {"uv": [0, 0, 9.5, 0.75], "texture": "#1"},
				"west": {"uv": [0, 0, 16, 0.75], "texture": "#1"},
				"up": {"uv": [0, 0, 9.5, 16], "texture": "#1"},
				"down": {"uv": [0, 0, 9.5, 16], "texture": "#1"}
			}
		},
		{
			"from": [13.45, 4.35, 14.45],
			"to": [13.95, 6.85, 15.05],
			"rotation": {"angle": 0, "axis": "y", "origin": [3.5, 0.6, -0.5]},
			"faces": {
				"north": {"uv": [0, 0, 9.5, 0.75], "texture": "#1"},
				"east": {"uv": [0, 0, 16, 0.75], "texture": "#1"},
				"south": {"uv": [0, 0, 9.5, 0.75], "texture": "#1"},
				"west": {"uv": [0, 0, 16, 0.75], "texture": "#1"},
				"up": {"uv": [0, 0, 9.5, 16], "texture": "#1"},
				"down": {"uv": [0, 0, 9.5, 16], "texture": "#1"}
			}
		}
	],
	"display": {
		"head": {
			"scale": [4, 4, 4]
		}
	},
	"groups": [
		{
			"name": "body",
			"origin": [0, 0.25, 0],
			"color": 0,
			"children": [
				0,
				1,
				2,
				3,
				4,
				5,
				6,
				7,
				8,
				9,
				10,
				11,
				12,
				13,
				14,
				15,
				16,
				17,
				18,
				19,
				20,
				21,
				22,
				23,
				24,
				25,
				26,
				27,
				28,
				29,
				30,
				31,
				32,
				33,
				34,
				35,
				36,
				37,
				38,
				39,
				40,
				41,
				42,
				43,
				44,
				45,
				46,
				47,
				48,
				49,
				50,
				51,
				52,
				53,
				54,
				55,
				{
					"name": "body",
					"origin": [0, 0.25, 0],
					"color": 0,
					"children": [
						56,
						57,
						58,
						59,
						60,
						61,
						62,
						63,
						64,
						65,
						66,
						67,
						68,
						69,
						70,
						71,
						72,
						73,
						74,
						75,
						76,
						77,
						78,
						79,
						80,
						81,
						82,
						83,
						84,
						85,
						86,
						87,
						88,
						89,
						90,
						91,
						92,
						93,
						94,
						95,
						96,
						97,
						98,
						99,
						100,
						101,
						102,
						103,
						104,
						105,
						106,
						107
					]
				},
				{
					"name": "wheel",
					"origin": [0.25, 0.63704, 17.62522],
					"color": 0,
					"children": [108, 109, 110, 111, 112, 113, 114, 115, 116, 117, 118, 119, 120]
				},
				{
					"name": "wheel",
					"origin": [0.25, 0.63704, 17.62522],
					"color": 0,
					"children": [121, 122, 123, 124, 125, 126, 127, 128, 129, 130, 131, 132, 133]
				},
				{
					"name": "seat",
					"origin": [0, 0.6, -1],
					"color": 0,
					"children": [134, 135, 136, 137, 138, 139, 140, 141, 142, 143, 144, 145, 146, 147]
				}
			]
		},
		{
			"name": "wheel",
			"origin": [0.25, 0.63704, 17.62522],
			"color": 0,
			"children": [148, 149, 150, 151, 152, 153, 154, 155, 156, 157, 158, 159, 160]
		},
		{
			"name": "wheel",
			"origin": [0.25, 0.63704, 17.62522],
			"color": 0,
			"children": [161, 162, 163, 164, 165, 166, 167, 168, 169, 170, 171, 172, 173]
		},
		{
			"name": "seat",
			"origin": [0, 0.6, -1],
			"color": 0,
			"children": [174, 175, 176, 177, 178, 179, 180, 181, 182, 183, 184, 185, 186, 187]
		}
	]
}