{
	"credit": "Made with Blockbench by melonapple (https://www.youtube.com/@melonapple5)",
	"texture_size": [128, 128],
	"textures": {
		"0": "tce:vehicles/tmc-transbox",
		"1": "tce:badges/tmc_gray",
		"2": "tce:badges/tmc_chrome"
	},
	"elements": [
		{
			"from": [-0.75, 4.00062, -4.73586],
			"to": [-0.75, 13.04753, 3],
			"rotation": {"angle": 0, "axis": "y", "origin": [-0.75, 7.75, -4.75]},
			"faces": {
				"north": {"uv": [0, 0, 0, 1.125], "texture": "#0"},
				"east": {"uv": [8.875, 8.5, 9.8125, 9.625], "texture": "#0"},
				"south": {"uv": [0, 0, 0, 1.125], "texture": "#0"},
				"west": {"uv": [9, 4.625, 9.9375, 5.75], "texture": "#0", "tintindex": 1},
				"up": {"uv": [0, 0.9375, 0, 0], "texture": "#0"},
				"down": {"uv": [0, 0, 0, 0.9375], "texture": "#0"}
			}
		},
		{
			"from": [-0.75, 13.04753, -1.38603],
			"to": [-0.75, 16.39736, 3],
			"rotation": {"angle": 0, "axis": "y", "origin": [-0.75, 7.75, -4.75]},
			"faces": {
				"north": {"uv": [0, 0, 0, 0.4375], "texture": "#0"},
				"east": {"uv": [0, 11.375, 0.5625, 11.8125], "texture": "#0"},
				"south": {"uv": [0, 0, 0, 0.4375], "texture": "#0"},
				"west": {"uv": [6.125, 11.375, 6.6875, 11.8125], "texture": "#0", "tintindex": 1},
				"up": {"uv": [0, 0.5625, 0, 0], "texture": "#0"},
				"down": {"uv": [0, 0, 0, 0.5625], "texture": "#0"}
			}
		},
		{
			"from": [-0.751, 7.48592, -0.99409],
			"to": [-0.751, 11.48592, 3.7433],
			"rotation": {"angle": -45, "axis": "x", "origin": [-0.75, 7.75, -4.75]},
			"faces": {
				"north": {"uv": [0, 0, 0, 0.5], "texture": "#0"},
				"east": {"uv": [5.25, 10.75, 5.8125, 11.25], "texture": "#0"},
				"south": {"uv": [0, 0, 0, 0.5], "texture": "#0"},
				"west": {"uv": [0, 10.875, 0.5625, 11.375], "texture": "#0", "tintindex": 1},
				"up": {"uv": [0, 0.5625, 0, 0], "texture": "#0"},
				"down": {"uv": [0, 0, 0, 0.5625], "texture": "#0"}
			}
		},
		{
			"from": [-2.751, 11, -4.75],
			"to": [-0.751, 12.5, -4.25],
			"rotation": {"angle": 0, "axis": "y", "origin": [-0.75, 7.75, -4.75]},
			"faces": {
				"north": {"uv": [8.875, 12.875, 9.125, 13.0625], "texture": "#0"},
				"east": {"uv": [8.625, 13.125, 8.6875, 13.3125], "texture": "#0"},
				"south": {"uv": [10.5, 12.875, 10.75, 13.0625], "texture": "#0"},
				"west": {"uv": [8.75, 13.125, 8.8125, 13.3125], "texture": "#0"},
				"up": {"uv": [1.875, 13.1875, 1.625, 13.125], "texture": "#0"},
				"down": {"uv": [13.375, 2.375, 13.125, 2.4375], "texture": "#0"}
			}
		},
		{
			"from": [-0.76, 9.03, 0.42],
			"to": [-0.76, 10.03, 2.48],
			"rotation": {"angle": 0, "axis": "y", "origin": [-0.75, 7.75, -4.75]},
			"faces": {
				"west": {"uv": [9.625, 5, 9.875, 5.125], "texture": "#0"}
			}
		},
		{
			"from": [16.75, 4.00062, -4.73586],
			"to": [16.75, 13.04753, 3],
			"rotation": {"angle": 0, "axis": "y", "origin": [16.75, 7.75, -4.75]},
			"faces": {
				"north": {"uv": [0, 0, 0, 1.125], "texture": "#0"},
				"east": {"uv": [9.9375, 4.625, 9, 5.75], "texture": "#0", "tintindex": 1},
				"south": {"uv": [0, 0, 0, 1.125], "texture": "#0"},
				"west": {"uv": [9.8125, 8.5, 8.875, 9.625], "texture": "#0"},
				"up": {"uv": [0, 0.9375, 0, 0], "texture": "#0"},
				"down": {"uv": [0, 0, 0, 0.9375], "texture": "#0"}
			}
		},
		{
			"from": [16.751, 7.48592, -0.99409],
			"to": [16.751, 11.48592, 3.7433],
			"rotation": {"angle": -45, "axis": "x", "origin": [16.75, 7.75, -4.75]},
			"faces": {
				"north": {"uv": [0, 0, 0, 0.5], "texture": "#0"},
				"east": {"uv": [0.5625, 10.875, 0, 11.375], "texture": "#0", "tintindex": 1},
				"south": {"uv": [0, 0, 0, 0.5], "texture": "#0"},
				"west": {"uv": [5.8125, 10.75, 5.25, 11.25], "texture": "#0"},
				"up": {"uv": [0, 0.5625, 0, 0], "texture": "#0"},
				"down": {"uv": [0, 0, 0, 0.5625], "texture": "#0"}
			}
		},
		{
			"from": [16.75, 13.04753, -1.38603],
			"to": [16.75, 16.39736, 3],
			"rotation": {"angle": 0, "axis": "y", "origin": [16.75, 7.75, -4.75]},
			"faces": {
				"north": {"uv": [0, 0, 0, 0.4375], "texture": "#0"},
				"east": {"uv": [6.6875, 11.375, 6.125, 11.8125], "texture": "#0", "tintindex": 1},
				"south": {"uv": [0, 0, 0, 0.4375], "texture": "#0"},
				"west": {"uv": [0.5625, 11.375, 0, 11.8125], "texture": "#0"},
				"up": {"uv": [0, 0.5625, 0, 0], "texture": "#0"},
				"down": {"uv": [0, 0, 0, 0.5625], "texture": "#0"}
			}
		},
		{
			"from": [16.751, 11, -4.75],
			"to": [18.751, 12.5, -4.25],
			"rotation": {"angle": 0, "axis": "y", "origin": [16.75, 7.75, -4.75]},
			"faces": {
				"north": {"uv": [9.125, 12.875, 8.875, 13.0625], "texture": "#0"},
				"east": {"uv": [8.8125, 13.125, 8.75, 13.3125], "texture": "#0"},
				"south": {"uv": [10.75, 12.875, 10.5, 13.0625], "texture": "#0"},
				"west": {"uv": [8.6875, 13.125, 8.625, 13.3125], "texture": "#0"},
				"up": {"uv": [1.625, 13.1875, 1.875, 13.125], "texture": "#0"},
				"down": {"uv": [13.125, 2.375, 13.375, 2.4375], "texture": "#0"}
			}
		},
		{
			"from": [16.76, 9.03, 0.42],
			"to": [16.76, 10.03, 2.48],
			"rotation": {"angle": 0, "axis": "y", "origin": [16.75, 7.75, -4.75]},
			"faces": {
				"east": {"uv": [9.875, 5, 9.625, 5.125], "texture": "#0"}
			}
		},
		{
			"from": [0.25, 5.25, 28.5],
			"to": [8, 17, 28.5],
			"rotation": {"angle": 0, "axis": "y", "origin": [0.25, 11.001, 28.5087]},
			"faces": {
				"north": {"uv": [7.75, 1.75, 8.75, 3.25], "texture": "#0", "tintindex": 1},
				"east": {"uv": [0, 0, 0, 1.5], "texture": "#0"},
				"south": {"uv": [2.25, 8.125, 3.25, 9.625], "texture": "#0", "tintindex": 1},
				"west": {"uv": [0, 0, 0, 1.5], "texture": "#0"},
				"up": {"uv": [1, 0, 0, 0], "texture": "#0"},
				"down": {"uv": [1, 0, 0, 0], "texture": "#0"}
			}
		},
		{
			"from": [0.25, 5.5, 28.51],
			"to": [4.25, 7.5, 28.51],
			"rotation": {"angle": 0, "axis": "y", "origin": [0.25, 11.001, 28.5087]},
			"faces": {
				"south": {"uv": [0, 0, 16, 16], "texture": "#2"}
			}
		},
		{
			"from": [5.58, 9.65, 28.49],
			"to": [7.03, 10.65, 28.49],
			"rotation": {"angle": 0, "axis": "y", "origin": [0.25, 11.001, 28.5087]},
			"faces": {
				"north": {"uv": [7.875, 2.5625, 8.0625, 2.6875], "texture": "#0"}
			}
		},
		{
			"from": [8, 5.25, 28.5],
			"to": [15.75, 17, 28.5],
			"rotation": {"angle": 0, "axis": "y", "origin": [15.75, 11.001, 28.5087]},
			"faces": {
				"north": {"uv": [3.25, 8.125, 4.25, 9.625], "texture": "#0", "tintindex": 1},
				"east": {"uv": [0, 0, 0, 1.5], "texture": "#0"},
				"south": {"uv": [4.25, 8.25, 5.25, 9.75], "texture": "#0", "tintindex": 1},
				"west": {"uv": [0, 0, 0, 1.5], "texture": "#0"},
				"up": {"uv": [1, 0, 0, 0], "texture": "#0"},
				"down": {"uv": [1, 0, 0, 0], "texture": "#0"}
			}
		},
		{
			"from": [8.97, 9.65, 28.51],
			"to": [10.42, 10.65, 28.51],
			"rotation": {"angle": 0, "axis": "y", "origin": [15.75, 11.001, 28.5087]},
			"faces": {
				"south": {"uv": [4.375, 9.0625, 4.5625, 9.1875], "texture": "#0"}
			}
		},
		{
			"from": [0.25, 15.54532, -13.75634],
			"to": [15.75, 15.54532, -12.24015],
			"rotation": {"angle": -45, "axis": "x", "origin": [8, 10.94913, -7.67862]},
			"faces": {
				"north": {"uv": [0, 0, 1.9375, 0], "texture": "#0"},
				"east": {"uv": [0, 0, 0.1875, 0], "texture": "#0"},
				"south": {"uv": [0, 0, 1.9375, 0], "texture": "#0"},
				"west": {"uv": [0, 0, 0.1875, 0], "texture": "#0"},
				"up": {"uv": [6.4375, 3.6875, 4.5, 3.5], "texture": "#0", "tintindex": 1},
				"down": {"uv": [12.9375, 2, 11, 2.1875], "texture": "#0", "tintindex": 1}
			}
		},
		{
			"from": [0.25, 10.97335, -14.15482],
			"to": [15.75, 10.97335, -7.67177],
			"rotation": {"angle": 0, "axis": "y", "origin": [8, 10.94913, -7.67862]},
			"faces": {
				"north": {"uv": [0, 0, 1.9375, 0], "texture": "#0"},
				"east": {"uv": [0, 0, 0.8125, 0], "texture": "#0"},
				"south": {"uv": [0, 0, 1.9375, 0], "texture": "#0"},
				"west": {"uv": [0, 0, 0.8125, 0], "texture": "#0"},
				"up": {"uv": [9.6875, 0.8125, 7.75, 0], "texture": "#0", "tintindex": 1},
				"down": {"uv": [9.6875, 0.875, 7.75, 1.6875], "texture": "#0", "tintindex": 1}
			}
		},
		{
			"from": [-1.249, 3.78753, -15.75],
			"to": [17.249, 6.28753, -15.25],
			"rotation": {"angle": -22.5, "axis": "x", "origin": [8, 5.03753, -14.80447]},
			"faces": {
				"north": {"uv": [9.875, 8.5, 12.1875, 8.8125], "texture": "#0"},
				"east": {"uv": [0.875, 13.125, 0.9375, 13.4375], "texture": "#0"},
				"south": {"uv": [9.875, 8.875, 12.1875, 9.1875], "texture": "#0"},
				"west": {"uv": [1, 13.125, 1.0625, 13.4375], "texture": "#0"},
				"up": {"uv": [14.4375, 3.3125, 12.125, 3.25], "texture": "#0"},
				"down": {"uv": [14.4375, 3.375, 12.125, 3.4375], "texture": "#0"}
			}
		},
		{
			"from": [-1.245, 4.751, -15.69444],
			"to": [17.245, 6.02289, -14.75],
			"rotation": {"angle": 0, "axis": "y", "origin": [0, 4, -15.75]},
			"faces": {
				"north": {"uv": [10.375, 10.375, 12.6875, 10.5625], "texture": "#0"},
				"east": {"uv": [11.875, 13, 12, 13.1875], "texture": "#0"},
				"south": {"uv": [10.625, 0, 12.9375, 0.1875], "texture": "#0"},
				"west": {"uv": [12, 13, 12.125, 13.1875], "texture": "#0"},
				"up": {"uv": [13.3125, 4.125, 11, 4], "texture": "#0"},
				"down": {"uv": [13.3125, 4.125, 11, 4.25], "texture": "#0"}
			}
		},
		{
			"from": [-1.25, 3.52085, -15.19967],
			"to": [-0.25, 6.02189, -13.57843],
			"rotation": {"angle": 0, "axis": "y", "origin": [0, 4, -16]},
			"faces": {
				"north": {"uv": [9.125, 12.875, 9.25, 13.1875], "texture": "#0"},
				"east": {"uv": [6.5, 5.125, 6.75, 5.4375], "texture": "#0"},
				"south": {"uv": [13, 2.375, 13.125, 2.6875], "texture": "#0"},
				"west": {"uv": [8.75, 4.625, 9, 4.9375], "texture": "#0"},
				"up": {"uv": [6.75, 8.5, 6.625, 8.25], "texture": "#0"},
				"down": {"uv": [4.625, 13, 4.5, 13.25], "texture": "#0"}
			}
		},
		{
			"from": [16.25, 3.52085, -15.19967],
			"to": [17.25, 6.02189, -13.57843],
			"rotation": {"angle": 0, "axis": "y", "origin": [16, 4, -16]},
			"faces": {
				"north": {"uv": [2.75, 13, 2.875, 13.3125], "texture": "#0"},
				"east": {"uv": [8.625, 9.125, 8.875, 9.4375], "texture": "#0"},
				"south": {"uv": [2.875, 13, 3, 13.3125], "texture": "#0"},
				"west": {"uv": [10, 12.5, 10.25, 12.8125], "texture": "#0"},
				"up": {"uv": [13.125, 6, 13, 5.75], "texture": "#0"},
				"down": {"uv": [6, 13, 5.875, 13.25], "texture": "#0"}
			}
		},
		{
			"from": [-1.25, 3.5, 27.5],
			"to": [17.25, 5, 29],
			"rotation": {"angle": 0, "axis": "y", "origin": [0, 4, 27]},
			"faces": {
				"north": {"uv": [10.625, 0.25, 12.9375, 0.4375], "texture": "#0"},
				"east": {"uv": [3.5, 13, 3.6875, 13.1875], "texture": "#0"},
				"south": {"uv": [10.625, 0.5, 12.9375, 0.6875], "texture": "#0"},
				"west": {"uv": [3.75, 13, 3.9375, 13.1875], "texture": "#0"},
				"up": {"uv": [12.9375, 0.9375, 10.625, 0.75], "texture": "#0"},
				"down": {"uv": [12.9375, 1, 10.625, 1.1875], "texture": "#0"}
			}
		},
		{
			"from": [-0.25, 5.001, 2],
			"to": [6.75, 12.501, 3],
			"rotation": {"angle": 0, "axis": "y", "origin": [-0.5, 7.5, -3]},
			"faces": {
				"north": {"uv": [1.375, 8.375, 2.25, 9.3125], "texture": "#0"},
				"east": {"uv": [0.5, 11.875, 0.625, 12.8125], "texture": "#0"},
				"south": {"uv": [1.375, 9.375, 2.25, 10.3125], "texture": "#0"},
				"west": {"uv": [7, 11.875, 7.125, 12.8125], "texture": "#0"},
				"up": {"uv": [13.125, 7.625, 12.25, 7.5], "texture": "#0"},
				"down": {"uv": [13.125, 8.75, 12.25, 8.875], "texture": "#0"}
			}
		},
		{
			"from": [1.24, 12.501, 2],
			"to": [5.26, 15.001, 3],
			"rotation": {"angle": 0, "axis": "y", "origin": [-0.5, 15, -3]},
			"faces": {
				"north": {"uv": [3.75, 12, 4.25, 12.3125], "texture": "#0"},
				"east": {"uv": [3, 13, 3.125, 13.3125], "texture": "#0"},
				"south": {"uv": [10, 12, 10.5, 12.3125], "texture": "#0"},
				"west": {"uv": [3.125, 13, 3.25, 13.3125], "texture": "#0"},
				"up": {"uv": [11.875, 12.625, 11.375, 12.5], "texture": "#0"},
				"down": {"uv": [1.125, 12.75, 0.625, 12.875], "texture": "#0"}
			}
		},
		{
			"from": [-0.25, 4.001, -4],
			"to": [6.75, 5.001, 3],
			"rotation": {"angle": 0, "axis": "y", "origin": [-0.5, 4.5, -4]},
			"faces": {
				"north": {"uv": [12.25, 8.875, 13.125, 9], "texture": "#0"},
				"east": {"uv": [12.25, 9, 13.125, 9.125], "texture": "#0"},
				"south": {"uv": [12.25, 9.125, 13.125, 9.25], "texture": "#0"},
				"west": {"uv": [3.25, 12.375, 4.125, 12.5], "texture": "#0"},
				"up": {"uv": [9.5, 10.5, 8.625, 9.625], "texture": "#0"},
				"down": {"uv": [10.375, 9.625, 9.5, 10.5], "texture": "#0"}
			}
		},
		{
			"from": [9.25, 5.001, 2],
			"to": [16.25, 12.501, 3],
			"rotation": {"angle": 0, "axis": "y", "origin": [16.5, 7.5, -3]},
			"faces": {
				"north": {"uv": [2.25, 9.625, 3.125, 10.5625], "texture": "#0"},
				"east": {"uv": [7.125, 11.875, 7.25, 12.8125], "texture": "#0"},
				"south": {"uv": [3.125, 9.625, 4, 10.5625], "texture": "#0"},
				"west": {"uv": [4.25, 12, 4.375, 12.9375], "texture": "#0"},
				"up": {"uv": [13.25, 3.625, 12.375, 3.5], "texture": "#0"},
				"down": {"uv": [13.25, 3.625, 12.375, 3.75], "texture": "#0"}
			}
		},
		{
			"from": [10.74, 12.501, 2],
			"to": [14.76, 15.001, 3],
			"rotation": {"angle": 0, "axis": "y", "origin": [16.5, 15, -3]},
			"faces": {
				"north": {"uv": [10.5, 12, 11, 12.3125], "texture": "#0"},
				"east": {"uv": [3.25, 13, 3.375, 13.3125], "texture": "#0"},
				"south": {"uv": [12, 11.125, 12.5, 11.4375], "texture": "#0"},
				"west": {"uv": [3.375, 13, 3.5, 13.3125], "texture": "#0"},
				"up": {"uv": [1.625, 12.875, 1.125, 12.75], "texture": "#0"},
				"down": {"uv": [2.125, 12.75, 1.625, 12.875], "texture": "#0"}
			}
		},
		{
			"from": [9.25, 4.001, -4],
			"to": [16.25, 5.001, 3],
			"rotation": {"angle": 0, "axis": "y", "origin": [16.5, 4.5, -4]},
			"faces": {
				"north": {"uv": [12.375, 3.75, 13.25, 3.875], "texture": "#0"},
				"east": {"uv": [12.375, 3.875, 13.25, 4], "texture": "#0"},
				"south": {"uv": [8.25, 12.375, 9.125, 12.5], "texture": "#0"},
				"west": {"uv": [10, 12.375, 10.875, 12.5], "texture": "#0"},
				"up": {"uv": [10.625, 0.875, 9.75, 0], "texture": "#0"},
				"down": {"uv": [10.625, 0.875, 9.75, 1.75], "texture": "#0"}
			}
		},
		{
			"from": [3.5, 4.49, 3.501],
			"to": [5, 5.24, 28.491],
			"rotation": {"angle": 0, "axis": "y", "origin": [4.5, 5.697, 14.17859]},
			"faces": {
				"north": {"uv": [4.25, 8.125, 4.4375, 8.25], "texture": "#0"},
				"east": {"uv": [8.25, 10.875, 11.375, 11], "texture": "#0"},
				"south": {"uv": [8.75, 5, 8.9375, 5.125], "texture": "#0"},
				"west": {"uv": [1.25, 11, 4.375, 11.125], "texture": "#0"},
				"up": {"uv": [1.1875, 12.625, 1, 9.5], "texture": "#0"},
				"down": {"uv": [5.1875, 9.75, 5, 12.875], "texture": "#0"}
			}
		},
		{
			"from": [2.5, 4.491, 23.82843],
			"to": [13.5, 5.241, 24.82843],
			"rotation": {"angle": 0, "axis": "y", "origin": [12.999, 2.68057, 13.82843]},
			"faces": {
				"north": {"uv": [8.625, 10.5, 10, 10.625], "texture": "#0"},
				"east": {"uv": [4.5, 10.875, 4.625, 11], "texture": "#0"},
				"south": {"uv": [11.375, 11.875, 12.75, 12], "texture": "#0"},
				"west": {"uv": [4.875, 11.5, 5, 11.625], "texture": "#0"},
				"up": {"uv": [13.375, 11, 12, 10.875], "texture": "#0"},
				"down": {"uv": [13.375, 11, 12, 11.125], "texture": "#0"}
			}
		},
		{
			"from": [11, 4.49, 3.501],
			"to": [12.5, 5.24, 28.491],
			"rotation": {"angle": 0, "axis": "y", "origin": [11.5, 5.697, 14.17859]},
			"faces": {
				"north": {"uv": [8.625, 9.5, 8.8125, 9.625], "texture": "#0"},
				"east": {"uv": [11, 1.75, 14.125, 1.875], "texture": "#0"},
				"south": {"uv": [4, 9.625, 4.1875, 9.75], "texture": "#0"},
				"west": {"uv": [11, 1.875, 14.125, 2], "texture": "#0"},
				"up": {"uv": [7.4375, 13.125, 7.25, 10], "texture": "#0"},
				"down": {"uv": [7.6875, 10, 7.5, 13.125], "texture": "#0"}
			}
		},
		{
			"from": [-0.749, 4.491, 13.5],
			"to": [16.749, 5.241, 14.5],
			"rotation": {"angle": 0, "axis": "y", "origin": [13, 3.25, 3.5]},
			"faces": {
				"north": {"uv": [11, 6.5, 13.1875, 6.625], "texture": "#0"},
				"east": {"uv": [11.875, 12.25, 12, 12.375], "texture": "#0"},
				"south": {"uv": [11, 6.625, 13.1875, 6.75], "texture": "#0"},
				"west": {"uv": [4.125, 12.375, 4.25, 12.5], "texture": "#0"},
				"up": {"uv": [13.1875, 6.875, 11, 6.75], "texture": "#0"},
				"down": {"uv": [13.4375, 8, 11.25, 8.125], "texture": "#0"}
			}
		},
		{
			"from": [-0.749, 4.491, 4.25],
			"to": [16.749, 5.241, 5.25],
			"rotation": {"angle": 0, "axis": "y", "origin": [13, 3.25, -5.75]},
			"faces": {
				"north": {"uv": [11.25, 8.125, 13.4375, 8.25], "texture": "#0"},
				"east": {"uv": [9, 12.5, 9.125, 12.625], "texture": "#0"},
				"south": {"uv": [11.25, 8.25, 13.4375, 8.375], "texture": "#0"},
				"west": {"uv": [1.875, 13.125, 2, 13.25], "texture": "#0"},
				"up": {"uv": [13.4375, 8.5, 11.25, 8.375], "texture": "#0"},
				"down": {"uv": [13.5625, 9.875, 11.375, 10], "texture": "#0"}
			}
		},
		{
			"from": [4, 3.822, -15.34],
			"to": [5, 4.572, -6.00222],
			"rotation": {"angle": 0, "axis": "y", "origin": [4.5, 4.197, -4.32141]},
			"faces": {
				"north": {"uv": [13.125, 5.75, 13.25, 5.875], "texture": "#0"},
				"east": {"uv": [12, 11.5, 13.1875, 11.625], "texture": "#0"},
				"south": {"uv": [13.125, 5.875, 13.25, 6], "texture": "#0"},
				"west": {"uv": [12, 11.625, 13.1875, 11.75], "texture": "#0"},
				"up": {"uv": [4.875, 12.9375, 4.75, 11.75], "texture": "#0"},
				"down": {"uv": [5, 11.75, 4.875, 12.9375], "texture": "#0"}
			}
		},
		{
			"from": [11, 3.822, -15.34],
			"to": [12, 4.572, -6.00222],
			"rotation": {"angle": 0, "axis": "y", "origin": [11.5, 4.197, -4.32141]},
			"faces": {
				"north": {"uv": [7.25, 13.125, 7.375, 13.25], "texture": "#0"},
				"east": {"uv": [12, 11.75, 13.1875, 11.875], "texture": "#0"},
				"south": {"uv": [7.375, 13.125, 7.5, 13.25], "texture": "#0"},
				"west": {"uv": [12, 12, 13.1875, 12.125], "texture": "#0"},
				"up": {"uv": [5.75, 12.9375, 5.625, 11.75], "texture": "#0"},
				"down": {"uv": [0.5, 11.875, 0.375, 13.0625], "texture": "#0"}
			}
		},
		{
			"from": [10, 2.999, -6.25],
			"to": [11, 3.999, 11.5],
			"rotation": {"angle": 0, "axis": "y", "origin": [10, 2, -2]},
			"faces": {
				"north": {"uv": [7.5, 13.125, 7.625, 13.25], "texture": "#0"},
				"east": {"uv": [11, 4.75, 13.25, 4.875], "texture": "#0"},
				"south": {"uv": [13.125, 7.5, 13.25, 7.625], "texture": "#0"},
				"west": {"uv": [11, 4.875, 13.25, 5], "texture": "#0"},
				"up": {"uv": [6, 13, 5.875, 10.75], "texture": "#0"},
				"down": {"uv": [6.125, 10.75, 6, 13], "texture": "#0"}
			}
		},
		{
			"from": [9.75, 2.751, 6.25],
			"to": [11.25, 4.251, 10.5],
			"rotation": {"angle": 0, "axis": "y", "origin": [10, 2, 1]},
			"faces": {
				"north": {"uv": [4.75, 13, 4.9375, 13.1875], "texture": "#0"},
				"east": {"uv": [7.75, 12.5, 8.3125, 12.6875], "texture": "#0"},
				"south": {"uv": [5.25, 13, 5.4375, 13.1875], "texture": "#0"},
				"west": {"uv": [8.375, 12.5, 8.9375, 12.6875], "texture": "#0"},
				"up": {"uv": [4.5625, 12.9375, 4.375, 12.375], "texture": "#0"},
				"down": {"uv": [5.4375, 12.375, 5.25, 12.9375], "texture": "#0"}
			}
		},
		{
			"from": [13.0052, 3, 10.2552],
			"to": [14.0052, 4, 14.5052],
			"rotation": {"angle": 45, "axis": "y", "origin": [13.0052, 2, 14.5052]},
			"faces": {
				"north": {"uv": [7.625, 13.125, 7.75, 13.25], "texture": "#0"},
				"east": {"uv": [4, 10.5, 4.5625, 10.625], "texture": "#0"},
				"south": {"uv": [13.125, 7.625, 13.25, 7.75], "texture": "#0"},
				"west": {"uv": [4.25, 11.5, 4.8125, 11.625], "texture": "#0"},
				"up": {"uv": [6.25, 11.3125, 6.125, 10.75], "texture": "#0"},
				"down": {"uv": [9.75, 12.375, 9.625, 12.9375], "texture": "#0"}
			}
		},
		{
			"from": [13.0052, 3.001, 13.5],
			"to": [17, 4.001, 14.5],
			"rotation": {"angle": 0, "axis": "y", "origin": [12.5, 2, 14.5]},
			"faces": {
				"north": {"uv": [2.125, 12.75, 2.625, 12.875], "texture": "#0"},
				"east": {"uv": [7.75, 13.125, 7.875, 13.25], "texture": "#0"},
				"south": {"uv": [3.25, 12.75, 3.75, 12.875], "texture": "#0"},
				"west": {"uv": [13.125, 7.75, 13.25, 7.875], "texture": "#0"},
				"up": {"uv": [4.25, 12.875, 3.75, 12.75], "texture": "#0"},
				"down": {"uv": [13.25, 4.5, 12.75, 4.625], "texture": "#0"}
			}
		},
		{
			"from": [6.5, 3, -6.25],
			"to": [9.5, 5, -1.25],
			"rotation": {"angle": 0, "axis": "x", "origin": [6.5, 3.25, -2.75]},
			"faces": {
				"north": {"uv": [8.375, 3.25, 8.75, 3.5], "texture": "#0"},
				"east": {"uv": [7.75, 3.25, 8.375, 3.5], "texture": "#0"},
				"south": {"uv": [2.375, 12.25, 2.75, 12.5], "texture": "#0"},
				"west": {"uv": [11.375, 12, 12, 12.25], "texture": "#0"},
				"up": {"uv": [6.625, 10, 6.25, 9.375], "texture": "#0"},
				"down": {"uv": [8.625, 10, 8.25, 10.625], "texture": "#0"}
			}
		},
		{
			"from": [6.25, 2.75, 18.5],
			"to": [9.75, 4.75, 21.5],
			"rotation": {"angle": 0, "axis": "y", "origin": [7, 2.5, 10]},
			"faces": {
				"north": {"uv": [6.5, 12.25, 6.9375, 12.5], "texture": "#0"},
				"east": {"uv": [0, 12.5, 0.375, 12.75], "texture": "#0"},
				"south": {"uv": [11.375, 12.25, 11.8125, 12.5], "texture": "#0"},
				"west": {"uv": [6.625, 12.5, 7, 12.75], "texture": "#0"},
				"up": {"uv": [6.9375, 12.25, 6.5, 11.875], "texture": "#0"},
				"down": {"uv": [3.6875, 12, 3.25, 12.375], "texture": "#0"}
			}
		},
		{
			"from": [2.7, 2.98, 3.75],
			"to": [6.7, 4.98, 14],
			"rotation": {"angle": 0, "axis": "y", "origin": [-7.75, 6.51041, -5.25409]},
			"faces": {
				"north": {"uv": [8.25, 12.125, 8.75, 12.375], "texture": "#0"},
				"east": {"uv": [11, 3.5, 12.3125, 3.75], "texture": "#0"},
				"south": {"uv": [8.75, 12.125, 9.25, 12.375], "texture": "#0"},
				"west": {"uv": [11, 3.75, 12.3125, 4], "texture": "#0"},
				"up": {"uv": [6.75, 11.3125, 6.25, 10], "texture": "#0"},
				"down": {"uv": [7.25, 10, 6.75, 11.3125], "texture": "#0"}
			}
		},
		{
			"from": [7.75, 5, -4.25],
			"to": [8.25, 7.25, -3.75],
			"rotation": {"angle": 0, "axis": "y", "origin": [6.25, 5, -4.25]},
			"faces": {
				"north": {"uv": [1.125, 13.125, 1.1875, 13.4375], "texture": "#0"},
				"east": {"uv": [1.25, 13.125, 1.3125, 13.4375], "texture": "#0"},
				"south": {"uv": [1.375, 13.125, 1.4375, 13.4375], "texture": "#0"},
				"west": {"uv": [1.5, 13.125, 1.5625, 13.4375], "texture": "#0"},
				"up": {"uv": [9.0625, 13.1875, 9, 13.125], "texture": "#0"},
				"down": {"uv": [13.1875, 9, 13.125, 9.0625], "texture": "#0"}
			}
		},
		{
			"from": [7.4, 3.125, -1.25],
			"to": [8.65, 4.375, 18.5],
			"rotation": {"angle": 0, "axis": "z", "origin": [8.025, 3.875, 10.625]},
			"faces": {
				"north": {"uv": [13, 5.5, 13.1875, 5.6875], "texture": "#0"},
				"east": {"uv": [10, 7.625, 12.5, 7.8125], "texture": "#0"},
				"south": {"uv": [5.625, 13, 5.8125, 13.1875], "texture": "#0"},
				"west": {"uv": [10.375, 9.625, 12.875, 9.8125], "texture": "#0"},
				"up": {"uv": [7.9375, 12.5, 7.75, 10], "texture": "#0"},
				"down": {"uv": [8.1875, 10, 8, 12.5], "texture": "#0"}
			}
		},
		{
			"from": [0.5, 3.5, -10.25],
			"to": [15.5, 4.5, -9.25],
			"rotation": {"angle": 0, "axis": "y", "origin": [8, 4, -9.75]},
			"faces": {
				"north": {"uv": [11.375, 10, 13.25, 10.125], "texture": "#0"},
				"east": {"uv": [7.875, 13.125, 8, 13.25], "texture": "#0"},
				"south": {"uv": [11.375, 10.125, 13.25, 10.25], "texture": "#0"},
				"west": {"uv": [8, 13.125, 8.125, 13.25], "texture": "#0"},
				"up": {"uv": [13.25, 10.375, 11.375, 10.25], "texture": "#0"},
				"down": {"uv": [10.125, 11.5, 8.25, 11.625], "texture": "#0"}
			}
		},
		{
			"from": [0.5, 3.5, 19.5],
			"to": [15.5, 4.5, 20.5],
			"rotation": {"angle": 0, "axis": "y", "origin": [8, 4, 20]},
			"faces": {
				"north": {"uv": [1.25, 11.625, 3.125, 11.75], "texture": "#0"},
				"east": {"uv": [8.125, 13.125, 8.25, 13.25], "texture": "#0"},
				"south": {"uv": [3.125, 11.625, 5, 11.75], "texture": "#0"},
				"west": {"uv": [8.25, 13.125, 8.375, 13.25], "texture": "#0"},
				"up": {"uv": [13.5, 4.375, 11.625, 4.25], "texture": "#0"},
				"down": {"uv": [13.5, 4.375, 11.625, 4.5], "texture": "#0"}
			}
		},
		{
			"from": [-0.75, 4, -6],
			"to": [16.75, 4, 3.5],
			"rotation": {"angle": 0, "axis": "y", "origin": [-0.75, 4, 0]},
			"faces": {
				"north": {"uv": [0, 0, 2.1875, 0], "texture": "#0"},
				"east": {"uv": [0, 0, 1.1875, 0], "texture": "#0"},
				"south": {"uv": [0, 0, 2.1875, 0], "texture": "#0"},
				"west": {"uv": [0, 0, 1.1875, 0], "texture": "#0"},
				"up": {"uv": [8.9375, 6.3125, 6.75, 5.125], "texture": "#0"},
				"down": {"uv": [8.9375, 6.375, 6.75, 7.5625], "texture": "#0"}
			}
		},
		{
			"from": [-0.75, 5.25, 3.5],
			"to": [16.75, 5.25, 15.75],
			"rotation": {"angle": 0, "axis": "y", "origin": [-0.75, 5.25, 0]},
			"faces": {
				"north": {"uv": [0, 0, 2.1875, 0], "texture": "#0"},
				"east": {"uv": [0, 0, 1.5625, 0], "texture": "#0"},
				"south": {"uv": [0, 0, 2.1875, 0], "texture": "#0"},
				"west": {"uv": [0, 0, 1.5625, 0], "texture": "#0"},
				"up": {"uv": [6.6875, 7.0625, 4.5, 5.5], "texture": "#0"},
				"down": {"uv": [8.6875, 3.5, 6.5, 5.0625], "texture": "#0"}
			}
		},
		{
			"from": [-0.75, 5.25, 24.25],
			"to": [16.75, 5.25, 28.5],
			"rotation": {"angle": 0, "axis": "y", "origin": [-0.75, 5.25, 11.25]},
			"faces": {
				"north": {"uv": [0, 0, 2.1875, 0], "texture": "#0"},
				"east": {"uv": [0, 0, 0.5625, 0], "texture": "#0"},
				"south": {"uv": [0, 0, 2.1875, 0], "texture": "#0"},
				"west": {"uv": [0, 0, 0.5625, 0], "texture": "#0"},
				"up": {"uv": [8.8125, 9.0625, 6.625, 8.5], "texture": "#0"},
				"down": {"uv": [10.9375, 1.75, 8.75, 2.3125], "texture": "#0"}
			}
		},
		{
			"from": [2.5, 5.25, 15.75],
			"to": [13.5, 5.25, 24.25],
			"rotation": {"angle": 0, "axis": "y", "origin": [-0.75, 5.25, 8.5]},
			"faces": {
				"north": {"uv": [0, 0, 1.375, 0], "texture": "#0"},
				"east": {"uv": [0, 0, 1.0625, 0], "texture": "#0"},
				"south": {"uv": [0, 0, 1.375, 0], "texture": "#0"},
				"west": {"uv": [0, 0, 1.0625, 0], "texture": "#0"},
				"up": {"uv": [6.625, 9.3125, 5.25, 8.25], "texture": "#0"},
				"down": {"uv": [1.375, 8.375, 0, 9.4375], "texture": "#0"}
			}
		},
		{
			"from": [-0.999, 7.75, -11.75],
			"to": [3.503, 8.75, -7.75],
			"rotation": {"angle": 0, "axis": "y", "origin": [0, 7.75, -11.75]},
			"faces": {
				"north": {"uv": [10.25, 12.5, 10.8125, 12.625], "texture": "#0"},
				"east": {"uv": [12.75, 4.625, 13.25, 4.75], "texture": "#0"},
				"south": {"uv": [12.5, 11.125, 13.0625, 11.25], "texture": "#0"},
				"west": {"uv": [6.125, 12.75, 6.625, 12.875], "texture": "#0", "tintindex": 1},
				"up": {"uv": [11.5625, 5.5, 11, 5], "texture": "#0", "tintindex": 1},
				"down": {"uv": [11.5625, 5.5, 11, 6], "texture": "#0"}
			}
		},
		{
			"from": [-0.997, 5.21447, -13.87132],
			"to": [3.502, 6.21447, -9.87132],
			"rotation": {"angle": -45, "axis": "x", "origin": [0, 5.21447, -13.87132]},
			"faces": {
				"north": {"uv": [12.5, 11.25, 13.0625, 11.375], "texture": "#0"},
				"east": {"uv": [7.75, 12.75, 8.25, 12.875], "texture": "#0"},
				"south": {"uv": [12.5, 11.375, 13.0625, 11.5], "texture": "#0"},
				"west": {"uv": [8.25, 12.75, 8.75, 12.875], "texture": "#0", "tintindex": 1},
				"up": {"uv": [11.5625, 6.5, 11, 6], "texture": "#0", "tintindex": 1},
				"down": {"uv": [8.8125, 11, 8.25, 11.5], "texture": "#0"}
			}
		},
		{
			"from": [-0.997, 4.04289, -8.45711],
			"to": [3.502, 8.04289, -7.45711],
			"rotation": {"angle": -45, "axis": "x", "origin": [0, 8.04289, -8.45711]},
			"faces": {
				"north": {"uv": [8.875, 11, 9.4375, 11.5], "texture": "#0"},
				"east": {"uv": [10.875, 12.375, 11, 12.875], "texture": "#0"},
				"south": {"uv": [9.5, 11, 10.0625, 11.5], "texture": "#0", "tintindex": 1},
				"west": {"uv": [0, 12.75, 0.125, 13.25], "texture": "#0", "tintindex": 1},
				"up": {"uv": [13.0625, 12.25, 12.5, 12.125], "texture": "#0"},
				"down": {"uv": [13.0625, 12.25, 12.5, 12.375], "texture": "#0", "tintindex": 1}
			}
		},
		{
			"from": [-1, 4.04289, 21.29289],
			"to": [2.5, 8.04289, 22.29289],
			"rotation": {"angle": -45, "axis": "x", "origin": [0, 8.04289, 21.29289]},
			"faces": {
				"north": {"uv": [6.75, 11.375, 7.1875, 11.875], "texture": "#0"},
				"east": {"uv": [0.125, 12.75, 0.25, 13.25], "texture": "#0"},
				"south": {"uv": [10.125, 11.5, 10.5625, 12], "texture": "#0", "tintindex": 1},
				"west": {"uv": [0.25, 12.75, 0.375, 13.25], "texture": "#0", "tintindex": 1},
				"up": {"uv": [13.3125, 9.75, 12.875, 9.625], "texture": "#0"},
				"down": {"uv": [13.3125, 9.75, 12.875, 9.875], "texture": "#0", "tintindex": 1}
			}
		},
		{
			"from": [-1.001, 7.75, 18],
			"to": [2.501, 8.75, 22],
			"rotation": {"angle": 0, "axis": "y", "origin": [0, 7.75, 18]},
			"faces": {
				"north": {"uv": [10, 12.875, 10.4375, 13], "texture": "#0"},
				"east": {"uv": [8.75, 12.75, 9.25, 12.875], "texture": "#0"},
				"south": {"uv": [10.875, 12.875, 11.3125, 13], "texture": "#0"},
				"west": {"uv": [10.25, 12.75, 10.75, 12.875], "texture": "#0", "tintindex": 1},
				"up": {"uv": [11.0625, 12, 10.625, 11.5], "texture": "#0", "tintindex": 1},
				"down": {"uv": [12.0625, 5, 11.625, 5.5], "texture": "#0"}
			}
		},
		{
			"from": [-1, 5.21447, 15.87868],
			"to": [2.5, 6.21447, 19.87868],
			"rotation": {"angle": -45, "axis": "x", "origin": [0, 5.21447, 15.87868]},
			"faces": {
				"north": {"uv": [12.875, 12.375, 13.3125, 12.5], "texture": "#0"},
				"east": {"uv": [12.75, 10.375, 13.25, 10.5], "texture": "#0"},
				"south": {"uv": [12.875, 12.5, 13.3125, 12.625], "texture": "#0"},
				"west": {"uv": [12.75, 10.5, 13.25, 10.625], "texture": "#0", "tintindex": 1},
				"up": {"uv": [12.0625, 6, 11.625, 5.5], "texture": "#0", "tintindex": 1},
				"down": {"uv": [12.0625, 6, 11.625, 6.5], "texture": "#0"}
			}
		},
		{
			"from": [-0.749, 4, 15.17157],
			"to": [2.501, 5.92157, 16.17157],
			"rotation": {"angle": 0, "axis": "y", "origin": [0, 1.42157, 16.17157]},
			"faces": {
				"north": {"uv": [9.125, 12.375, 9.5625, 12.625], "texture": "#0"},
				"east": {"uv": [6, 13, 6.125, 13.25], "texture": "#0"},
				"south": {"uv": [11.875, 12.375, 12.3125, 12.625], "texture": "#0"},
				"west": {"uv": [6.125, 13, 6.25, 13.25], "texture": "#0"},
				"up": {"uv": [13.1875, 13, 12.75, 12.875], "texture": "#0"},
				"down": {"uv": [13.4375, 0, 13, 0.125], "texture": "#0"}
			}
		},
		{
			"from": [-0.748, 4.001, -5.999],
			"to": [3.501, 5.92157, -4.92158],
			"rotation": {"angle": 0, "axis": "y", "origin": [1.001, 1.42157, -4.92158]},
			"faces": {
				"north": {"uv": [9.25, 12.125, 9.75, 12.375], "texture": "#0"},
				"east": {"uv": [6.25, 13, 6.375, 13.25], "texture": "#0"},
				"south": {"uv": [12.125, 9.25, 12.625, 9.5], "texture": "#0"},
				"west": {"uv": [6.375, 13, 6.5, 13.25], "texture": "#0"},
				"up": {"uv": [11.625, 12.875, 11.125, 12.75], "texture": "#0"},
				"down": {"uv": [13.25, 11.875, 12.75, 12], "texture": "#0"}
			}
		},
		{
			"from": [-0.749, 4, 23.82843],
			"to": [2.501, 5.92157, 24.82843],
			"rotation": {"angle": 0, "axis": "y", "origin": [0, 1.42157, 24.82843]},
			"faces": {
				"north": {"uv": [12.375, 12.375, 12.8125, 12.625], "texture": "#0"},
				"east": {"uv": [6.5, 13, 6.625, 13.25], "texture": "#0"},
				"south": {"uv": [1.25, 12.5, 1.6875, 12.75], "texture": "#0"},
				"west": {"uv": [13, 7.625, 13.125, 7.875], "texture": "#0"},
				"up": {"uv": [13.4375, 0.25, 13, 0.125], "texture": "#0"},
				"down": {"uv": [13.4375, 0.25, 13, 0.375], "texture": "#0"}
			}
		},
		{
			"from": [12.498, 4.04289, -8.45711],
			"to": [16.997, 8.04289, -7.45711],
			"rotation": {"angle": -45, "axis": "x", "origin": [16, 8.04289, -8.45711]},
			"faces": {
				"north": {"uv": [10.125, 11, 10.6875, 11.5], "texture": "#0"},
				"east": {"uv": [2.625, 12.75, 2.75, 13.25], "texture": "#0", "tintindex": 1},
				"south": {"uv": [10.75, 11, 11.3125, 11.5], "texture": "#0", "tintindex": 1},
				"west": {"uv": [6.625, 12.75, 6.75, 13.25], "texture": "#0"},
				"up": {"uv": [1.1875, 12.75, 0.625, 12.625], "texture": "#0"},
				"down": {"uv": [9.5625, 12.625, 9, 12.75], "texture": "#0", "tintindex": 1}
			}
		},
		{
			"from": [12.498, 5.21447, -13.87132],
			"to": [16.997, 6.21447, -9.87132],
			"rotation": {"angle": -45, "axis": "x", "origin": [16, 5.21447, -13.87132]},
			"faces": {
				"north": {"uv": [12.625, 9.25, 13.1875, 9.375], "texture": "#0"},
				"east": {"uv": [12.75, 12.625, 13.25, 12.75], "texture": "#0", "tintindex": 1},
				"south": {"uv": [12.625, 9.375, 13.1875, 9.5], "texture": "#0"},
				"west": {"uv": [12.75, 12.75, 13.25, 12.875], "texture": "#0"},
				"up": {"uv": [1.8125, 11.625, 1.25, 11.125], "texture": "#0", "tintindex": 1},
				"down": {"uv": [2.4375, 11.125, 1.875, 11.625], "texture": "#0"}
			}
		},
		{
			"from": [12.497, 7.75, -11.75],
			"to": [16.999, 8.75, -7.75],
			"rotation": {"angle": 0, "axis": "y", "origin": [16, 7.75, -11.75]},
			"faces": {
				"north": {"uv": [10.25, 12.625, 10.8125, 12.75], "texture": "#0"},
				"east": {"uv": [0.5, 12.875, 1, 13], "texture": "#0", "tintindex": 1},
				"south": {"uv": [11.125, 12.625, 11.6875, 12.75], "texture": "#0"},
				"west": {"uv": [1, 12.875, 1.5, 13], "texture": "#0"},
				"up": {"uv": [3.0625, 11.625, 2.5, 11.125], "texture": "#0", "tintindex": 1},
				"down": {"uv": [3.6875, 11.125, 3.125, 11.625], "texture": "#0"}
			}
		},
		{
			"from": [-0.75, 14.47732, -8.96751],
			"to": [16.75, 14.47732, -8.98008],
			"rotation": {"angle": -45, "axis": "x", "origin": [0.25, 14.47732, -4.01256]},
			"faces": {
				"north": {"uv": [0, 0, 2.1875, 0], "texture": "#0"},
				"east": {"uv": [0, 0, 0.0625, 0], "texture": "#0"},
				"south": {"uv": [0, 0, 2.1875, 0], "texture": "#0"},
				"west": {"uv": [0, 0, 0.0625, 0], "texture": "#0"},
				"up": {"uv": [14.3125, 5.0625, 12.125, 5], "texture": "#0"},
				"down": {"uv": [14.3125, 5.125, 12.125, 5.1875], "texture": "#0"}
			}
		},
		{
			"from": [-0.75, 10.97335, -14.15482],
			"to": [0.25, 10.97335, -7.67177],
			"rotation": {"angle": 0, "axis": "x", "origin": [0.25, 10.93016, -10.26695]},
			"faces": {
				"north": {"uv": [0, 0, 0.125, 0], "texture": "#0"},
				"east": {"uv": [0, 0, 0.8125, 0], "texture": "#0"},
				"south": {"uv": [0, 0, 0.125, 0], "texture": "#0"},
				"west": {"uv": [0, 0, 0.8125, 0], "texture": "#0"},
				"up": {"uv": [1.375, 10.3125, 1.25, 9.5], "texture": "#0", "tintindex": 1},
				"down": {"uv": [11.125, 12, 11, 12.8125], "texture": "#0", "tintindex": 1}
			}
		},
		{
			"from": [15.75, 10.97335, -14.15482],
			"to": [16.75, 10.97335, -7.67177],
			"rotation": {"angle": 0, "axis": "x", "origin": [0.25, 10.93016, -10.26695]},
			"faces": {
				"north": {"uv": [0, 0, 0.125, 0], "texture": "#0"},
				"east": {"uv": [0, 0, 0.8125, 0], "texture": "#0"},
				"south": {"uv": [0, 0, 0.125, 0], "texture": "#0"},
				"west": {"uv": [0, 0, 0.8125, 0], "texture": "#0"},
				"up": {"uv": [4.75, 13.1875, 4.625, 12.375], "texture": "#0", "tintindex": 1},
				"down": {"uv": [5.625, 12.375, 5.5, 13.1875], "texture": "#0", "tintindex": 1}
			}
		},
		{
			"from": [-0.75, 10.97335, -7.67177],
			"to": [16.75, 10.97335, -7.51695],
			"rotation": {"angle": 0, "axis": "y", "origin": [0.25, 10.93016, -10.26695]},
			"faces": {
				"north": {"uv": [0, 0, 2.1875, 0], "texture": "#0"},
				"east": {"uv": [0, 0, 0.0625, 0], "texture": "#0"},
				"south": {"uv": [0, 0, 2.1875, 0], "texture": "#0"},
				"west": {"uv": [0, 0, 0.0625, 0], "texture": "#0"},
				"up": {"uv": [14.3125, 5.3125, 12.125, 5.25], "texture": "#0", "tintindex": 1},
				"down": {"uv": [14.3125, 5.375, 12.125, 5.4375], "texture": "#0", "tintindex": 1}
			}
		},
		{
			"from": [-0.75, 14.47732, -8.98008],
			"to": [16.75, 14.47732, 0.26257],
			"rotation": {"angle": -45, "axis": "x", "origin": [0.25, 14.47732, -4.01256]},
			"faces": {
				"north": {"uv": [0, 0, 2.1875, 0], "texture": "#0"},
				"east": {"uv": [0, 0, 1.125, 0], "texture": "#0"},
				"south": {"uv": [0, 0, 2.1875, 0], "texture": "#0"},
				"west": {"uv": [0, 0, 1.125, 0], "texture": "#0"},
				"up": {"uv": [6.6875, 8.25, 4.5, 7.125], "texture": "#0", "tintindex": 1},
				"down": {"uv": [2.1875, 7.25, 0, 8.375], "texture": "#0"}
			}
		},
		{
			"from": [-0.75, 10.44913, -15.45304],
			"to": [0.25, 10.44913, -13.93685],
			"rotation": {"angle": -45, "axis": "x", "origin": [8, 10.44913, -14.67862]},
			"faces": {
				"north": {"uv": [0, 0, 0.125, 0], "texture": "#0"},
				"east": {"uv": [0, 0, 0.1875, 0], "texture": "#0"},
				"south": {"uv": [0, 0, 0.125, 0], "texture": "#0"},
				"west": {"uv": [0, 0, 0.1875, 0], "texture": "#0"},
				"up": {"uv": [12.25, 13.1875, 12.125, 13], "texture": "#0", "tintindex": 1},
				"down": {"uv": [12.375, 13, 12.25, 13.1875], "texture": "#0", "tintindex": 1}
			}
		},
		{
			"from": [15.75, 10.44913, -15.45304],
			"to": [16.75, 10.44913, -13.93685],
			"rotation": {"angle": -45, "axis": "x", "origin": [8, 10.44913, -14.67862]},
			"faces": {
				"north": {"uv": [0, 0, 0.125, 0], "texture": "#0"},
				"east": {"uv": [0, 0, 0.1875, 0], "texture": "#0"},
				"south": {"uv": [0, 0, 0.125, 0], "texture": "#0"},
				"west": {"uv": [0, 0, 0.1875, 0], "texture": "#0"},
				"up": {"uv": [12.5, 13.1875, 12.375, 13], "texture": "#0", "tintindex": 1},
				"down": {"uv": [12.625, 13, 12.5, 13.1875], "texture": "#0", "tintindex": 1}
			}
		},
		{
			"from": [-0.75, 5.65224, -15.22692],
			"to": [16.75, 9.90224, -15.22692],
			"rotation": {"angle": 0, "axis": "y", "origin": [-0.75, 5.40224, -15.22692]},
			"faces": {
				"north": {"uv": [8.75, 2.375, 10.9375, 2.90625], "texture": "#0", "tintindex": 1},
				"east": {"uv": [0, 0, 0, 0.5625], "texture": "#0"},
				"south": {"uv": [8.75, 3, 10.9375, 3.5625], "texture": "#0", "tintindex": 1},
				"west": {"uv": [0, 0, 0, 0.5625], "texture": "#0"},
				"up": {"uv": [2.1875, 0, 0, 0], "texture": "#0"},
				"down": {"uv": [2.1875, 0, 0, 0], "texture": "#0"}
			}
		},
		{
			"from": [-0.75, 17.5, -0.9903],
			"to": [16.75, 17.5, 28.5097],
			"rotation": {"angle": 0, "axis": "y", "origin": [-0.75, 17.3033, -2.9903]},
			"faces": {
				"north": {"uv": [0, 0, 2.1875, 0], "texture": "#0"},
				"east": {"uv": [0, 0, 3.6875, 0], "texture": "#0"},
				"south": {"uv": [0, 0, 2.1875, 0], "texture": "#0"},
				"west": {"uv": [0, 0, 3.6875, 0], "texture": "#0"},
				"up": {"uv": [2.1875, 3.6875, 0, 0], "texture": "#0", "tintindex": 1},
				"down": {"uv": [4.4375, 0, 2.25, 3.6875], "texture": "#0", "tintindex": 1}
			}
		},
		{
			"from": [-0.75, 3.751, 28.5],
			"to": [0.25, 17.501, 28.5],
			"rotation": {"angle": 0, "axis": "y", "origin": [-0.75, 0.501, 28.5087]},
			"faces": {
				"north": {"uv": [0.625, 10.875, 0.75, 12.625], "texture": "#0", "tintindex": 1},
				"east": {"uv": [0, 0, 0, 1.75], "texture": "#0"},
				"south": {"uv": [0.75, 10.875, 0.875, 12.625], "texture": "#0", "tintindex": 1},
				"west": {"uv": [0, 0, 0, 1.75], "texture": "#0"},
				"up": {"uv": [0.125, 0, 0, 0], "texture": "#0"},
				"down": {"uv": [0.125, 0, 0, 0], "texture": "#0"}
			}
		},
		{
			"from": [0.25, 3.75, 28.5],
			"to": [15.75, 5.25, 28.5],
			"rotation": {"angle": 0, "axis": "y", "origin": [-0.75, 1.001, 28.5087]},
			"faces": {
				"north": {"uv": [11, 2.25, 12.9375, 2.4375], "texture": "#0", "tintindex": 1},
				"east": {"uv": [0, 0, 0, 0.1875], "texture": "#0"},
				"south": {"uv": [11, 2.5, 12.9375, 2.6875], "texture": "#0", "tintindex": 1},
				"west": {"uv": [0, 0, 0, 0.1875], "texture": "#0"},
				"up": {"uv": [1.9375, 0, 0, 0], "texture": "#0"},
				"down": {"uv": [1.9375, 0, 0, 0], "texture": "#0"}
			}
		},
		{
			"from": [0.25, 17, 28.5],
			"to": [15.75, 17.5, 28.5],
			"rotation": {"angle": 0, "axis": "y", "origin": [-0.75, 0.501, 28.5087]},
			"faces": {
				"north": {"uv": [12.125, 9.5, 14.0625, 9.5625], "texture": "#0", "tintindex": 1},
				"east": {"uv": [0, 0, 0, 0.0625], "texture": "#0"},
				"south": {"uv": [12.25, 6.875, 14.1875, 6.9375], "texture": "#0", "tintindex": 1},
				"west": {"uv": [0, 0, 0, 0.0625], "texture": "#0"},
				"up": {"uv": [1.9375, 0, 0, 0], "texture": "#0"},
				"down": {"uv": [1.9375, 0, 0, 0], "texture": "#0"}
			}
		},
		{
			"from": [15.75, 3.751, 28.5],
			"to": [16.75, 17.501, 28.5],
			"rotation": {"angle": 0, "axis": "y", "origin": [-0.75, 0.501, 28.5087]},
			"faces": {
				"north": {"uv": [0.875, 10.875, 1, 12.625], "texture": "#0", "tintindex": 1},
				"east": {"uv": [0, 0, 0, 1.75], "texture": "#0"},
				"south": {"uv": [5.75, 11.25, 5.875, 13], "texture": "#0", "tintindex": 1},
				"west": {"uv": [0, 0, 0, 1.75], "texture": "#0"},
				"up": {"uv": [0.125, 0, 0, 0], "texture": "#0"},
				"down": {"uv": [0.125, 0, 0, 0], "texture": "#0"}
			}
		},
		{
			"from": [-0.46299, 3.30809, -6],
			"to": [-0.46299, 4.05809, 2.5],
			"rotation": {"angle": 22.5, "axis": "z", "origin": [-0.46299, 3.30809, 0.5]},
			"faces": {
				"north": {"uv": [0, 0, 0, 0.125], "texture": "#0"},
				"east": {"uv": [12.125, 6, 13.1875, 6.125], "texture": "#0", "tintindex": 1},
				"south": {"uv": [0, 0, 0, 0.125], "texture": "#0"},
				"west": {"uv": [12.125, 6.125, 13.1875, 6.25], "texture": "#0", "tintindex": 1},
				"up": {"uv": [0, 1.0625, 0, 0], "texture": "#0"},
				"down": {"uv": [0, 0, 0, 1.0625], "texture": "#0"}
			}
		},
		{
			"from": [-0.75, 16.39736, -1.5],
			"to": [-0.75, 17.501, 3],
			"rotation": {"angle": 0, "axis": "y", "origin": [-0.749, 17.001, 0.0097]},
			"faces": {
				"north": {"uv": [0, 0, 0, 0.125], "texture": "#0"},
				"east": {"uv": [10.625, 1.5, 11.1875, 1.625], "texture": "#0"},
				"south": {"uv": [0, 0, 0, 0.125], "texture": "#0"},
				"west": {"uv": [10.625, 1.625, 11.1875, 1.75], "texture": "#0", "tintindex": 1},
				"up": {"uv": [0, 0.5625, 0, 0], "texture": "#0"},
				"down": {"uv": [0, 0, 0, 0.5625], "texture": "#0"}
			}
		},
		{
			"from": [16.75, 16.39736, -1.5],
			"to": [16.75, 17.501, 3],
			"rotation": {"angle": 0, "axis": "y", "origin": [16.749, 17.001, 0.0097]},
			"faces": {
				"north": {"uv": [0, 0, 0, 0.125], "texture": "#0"},
				"east": {"uv": [10.625, 1.25, 11.1875, 1.375], "texture": "#0", "tintindex": 1},
				"south": {"uv": [0, 0, 0, 0.125], "texture": "#0"},
				"west": {"uv": [10.625, 1.375, 11.1875, 1.5], "texture": "#0"},
				"up": {"uv": [0, 0.5625, 0, 0], "texture": "#0"},
				"down": {"uv": [0, 0, 0, 0.5625], "texture": "#0"}
			}
		},
		{
			"from": [-0.75, 4, 3.5],
			"to": [16.75, 17.5, 3.5],
			"rotation": {"angle": 0, "axis": "y", "origin": [0, 3.25, 1.5]},
			"faces": {
				"north": {"uv": [0, 5.5, 2.1875, 7.1875], "texture": "#0"},
				"east": {"uv": [0, 0, 0, 1.6875], "texture": "#0"},
				"south": {"uv": [2.25, 5.5, 4.4375, 7.1875], "texture": "#0", "tintindex": 1},
				"west": {"uv": [0, 0, 0, 1.6875], "texture": "#0"},
				"up": {"uv": [2.1875, 0, 0, 0], "texture": "#0"},
				"down": {"uv": [2.1875, 0, 0, 0], "texture": "#0"}
			}
		},
		{
			"from": [-0.75, 3.47435, -14.15482],
			"to": [-0.75, 10.97435, -5.9792],
			"rotation": {"angle": 0, "axis": "y", "origin": [-0.75, 7.22435, -10.06701]},
			"faces": {
				"north": {"uv": [0, 0, 0, 0.875], "texture": "#0"},
				"east": {"uv": [6.625, 9.0625, 7.625, 10], "texture": "#0", "tintindex": 1},
				"south": {"uv": [0, 0, 0, 0.875], "texture": "#0"},
				"west": {"uv": [7.625, 9.0625, 8.625, 10], "texture": "#0", "tintindex": 1},
				"up": {"uv": [0, 1, 0, 0], "texture": "#0"},
				"down": {"uv": [0, 0, 0, 1], "texture": "#0"}
			}
		},
		{
			"from": [-0.749, 4, -5.9792],
			"to": [-0.749, 13.25, -4.7292],
			"rotation": {"angle": 0, "axis": "y", "origin": [-0.75, 8, -9.75]},
			"faces": {
				"north": {"uv": [0, 0, 0, 1.125], "texture": "#0"},
				"east": {"uv": [11.125, 11.5, 11.3125, 12.625], "texture": "#0"},
				"south": {"uv": [0, 0, 0, 1.125], "texture": "#0"},
				"west": {"uv": [13.375, 11.57813, 13.5625, 12.75], "texture": "#0", "tintindex": 1},
				"up": {"uv": [0, 0.1875, 0, 0], "texture": "#0"},
				"down": {"uv": [0, 0, 0, 0.1875], "texture": "#0"}
			}
		},
		{
			"from": [-0.751, 12.75844, -9.36143],
			"to": [-0.751, 13.75744, 0.05278],
			"rotation": {"angle": -45, "axis": "x", "origin": [-0.75, 14.37061, -4.98643]},
			"faces": {
				"north": {"uv": [0, 0, 0, 0.125], "texture": "#0"},
				"east": {"uv": [12.125, 2.75, 13.3125, 2.875], "texture": "#0"},
				"south": {"uv": [0, 0, 0, 0.125], "texture": "#0"},
				"west": {"uv": [12.125, 2.875, 13.3125, 3], "texture": "#0", "tintindex": 1},
				"up": {"uv": [0, 1.1875, 0, 0], "texture": "#0"},
				"down": {"uv": [0, 0, 0, 1.1875], "texture": "#0"}
			}
		},
		{
			"from": [-0.75, 5.67789, -15.22692],
			"to": [-0.75, 9.90224, -14.15482],
			"rotation": {"angle": 0, "axis": "y", "origin": [-0.75, 6.92789, -12.07211]},
			"faces": {
				"north": {"uv": [0, 0, 0, 0.5], "texture": "#0"},
				"east": {"uv": [6.75, 12.75, 6.875, 13.25], "texture": "#0", "tintindex": 1},
				"south": {"uv": [0, 0, 0, 0.5], "texture": "#0"},
				"west": {"uv": [6.875, 12.75, 7, 13.25], "texture": "#0", "tintindex": 1},
				"up": {"uv": [0, 0.125, 0, 0], "texture": "#0"},
				"down": {"uv": [0, 0, 0, 0.125], "texture": "#0"}
			}
		},
		{
			"from": [-0.749, 9.95482, -13.90252],
			"to": [-0.749, 10.92917, -12.38632],
			"rotation": {"angle": -45, "axis": "x", "origin": [-0.75, 8.81699, -13.32511]},
			"faces": {
				"north": {"uv": [0, 0, 0, 0.125], "texture": "#0"},
				"east": {"uv": [12.625, 13, 12.8125, 13.125], "texture": "#0", "tintindex": 1},
				"south": {"uv": [0, 0, 0, 0.125], "texture": "#0"},
				"west": {"uv": [12.875, 13, 13.0625, 13.125], "texture": "#0", "tintindex": 1},
				"up": {"uv": [0, 0.1875, 0, 0], "texture": "#0"},
				"down": {"uv": [0, 0, 0, 0.1875], "texture": "#0"}
			}
		},
		{
			"from": [16.749, 9.95482, -13.90252],
			"to": [16.749, 10.92917, -12.38632],
			"rotation": {"angle": -45, "axis": "x", "origin": [16.75, 8.81699, -13.32511]},
			"faces": {
				"north": {"uv": [0, 0, 0, 0.125], "texture": "#0"},
				"east": {"uv": [0.375, 13.125, 0.5625, 13.25], "texture": "#0", "tintindex": 1},
				"south": {"uv": [0, 0, 0, 0.125], "texture": "#0"},
				"west": {"uv": [0.625, 13.125, 0.8125, 13.25], "texture": "#0", "tintindex": 1},
				"up": {"uv": [0, 0.1875, 0, 0], "texture": "#0"},
				"down": {"uv": [0, 0, 0, 0.1875], "texture": "#0"}
			}
		},
		{
			"from": [16.75, 5.67789, -15.22692],
			"to": [16.75, 9.90224, -14.15482],
			"rotation": {"angle": 0, "axis": "y", "origin": [16.75, 6.92789, -12.07211]},
			"faces": {
				"north": {"uv": [0, 0, 0, 0.5], "texture": "#0"},
				"east": {"uv": [9.25, 12.75, 9.375, 13.25], "texture": "#0", "tintindex": 1},
				"south": {"uv": [0, 0, 0, 0.5], "texture": "#0"},
				"west": {"uv": [9.375, 12.75, 9.5, 13.25], "texture": "#0", "tintindex": 1},
				"up": {"uv": [0, 0.125, 0, 0], "texture": "#0"},
				"down": {"uv": [0, 0, 0, 0.125], "texture": "#0"}
			}
		},
		{
			"from": [-0.75, 4, -6],
			"to": [16.75, 10.97435, -5.5],
			"rotation": {"angle": 0, "axis": "y", "origin": [-0.75, 3.25, -6]},
			"faces": {
				"north": {"uv": [2.25, 7.25, 4.4375, 8.125], "texture": "#0"},
				"south": {"uv": [6.75, 7.625, 8.9375, 8.5], "texture": "#0"}
			}
		},
		{
			"from": [16.751, 12.75844, -9.36143],
			"to": [16.751, 13.75744, 0.05278],
			"rotation": {"angle": -45, "axis": "x", "origin": [16.75, 14.37061, -4.98643]},
			"faces": {
				"north": {"uv": [0, 0, 0, 0.125], "texture": "#0"},
				"east": {"uv": [12.125, 3, 13.3125, 3.125], "texture": "#0", "tintindex": 1},
				"south": {"uv": [0, 0, 0, 0.125], "texture": "#0"},
				"west": {"uv": [12.125, 3.125, 13.3125, 3.25], "texture": "#0"},
				"up": {"uv": [0, 1.1875, 0, 0], "texture": "#0"},
				"down": {"uv": [0, 0, 0, 1.1875], "texture": "#0"}
			}
		},
		{
			"from": [13.5, 4.04289, 21.29289],
			"to": [17, 8.04289, 22.29289],
			"rotation": {"angle": -45, "axis": "x", "origin": [16, 8.04289, 21.29289]},
			"faces": {
				"north": {"uv": [8.25, 11.625, 8.6875, 12.125], "texture": "#0"},
				"east": {"uv": [9.5, 12.75, 9.625, 13.25], "texture": "#0", "tintindex": 1},
				"south": {"uv": [8.75, 11.625, 9.1875, 12.125], "texture": "#0", "tintindex": 1},
				"west": {"uv": [9.75, 12.75, 9.875, 13.25], "texture": "#0"},
				"up": {"uv": [13.4375, 0.5, 13, 0.375], "texture": "#0"},
				"down": {"uv": [0.9375, 13, 0.5, 13.125], "texture": "#0", "tintindex": 1}
			}
		},
		{
			"from": [13.499, 7.75, 18],
			"to": [17.001, 8.75, 22],
			"rotation": {"angle": 0, "axis": "y", "origin": [16, 7.75, 18]},
			"faces": {
				"north": {"uv": [13, 0.5, 13.4375, 0.625], "texture": "#0"},
				"east": {"uv": [3.75, 12.875, 4.25, 13], "texture": "#0", "tintindex": 1},
				"south": {"uv": [13, 0.625, 13.4375, 0.75], "texture": "#0"},
				"west": {"uv": [6.125, 12.875, 6.625, 13], "texture": "#0"},
				"up": {"uv": [9.6875, 12.125, 9.25, 11.625], "texture": "#0", "tintindex": 1},
				"down": {"uv": [1.6875, 11.75, 1.25, 12.25], "texture": "#0"}
			}
		},
		{
			"from": [13.499, 4, 23.82843],
			"to": [16.749, 5.92157, 24.82843],
			"rotation": {"angle": 0, "axis": "y", "origin": [16, 1.42157, 24.82843]},
			"faces": {
				"north": {"uv": [1.75, 12.5, 2.1875, 12.75], "texture": "#0"},
				"east": {"uv": [9.625, 13, 9.75, 13.25], "texture": "#0"},
				"south": {"uv": [2.25, 12.5, 2.6875, 12.75], "texture": "#0"},
				"west": {"uv": [10, 13, 10.125, 13.25], "texture": "#0"},
				"up": {"uv": [13.4375, 0.875, 13, 0.75], "texture": "#0"},
				"down": {"uv": [13.4375, 0.875, 13, 1], "texture": "#0"}
			}
		},
		{
			"from": [-0.50157, 3.00105, 2.5],
			"to": [-0.50157, 3.75105, 28],
			"rotation": {"angle": 22.5, "axis": "z", "origin": [-1.25157, 3.25105, 3]},
			"faces": {
				"north": {"uv": [0, 0, 0, 0.125], "texture": "#0"},
				"east": {"uv": [4.5, 0, 7.6875, 0.125], "texture": "#0", "tintindex": 1},
				"south": {"uv": [0, 0, 0, 0.125], "texture": "#0"},
				"west": {"uv": [4.5, 0.125, 7.6875, 0.25], "texture": "#0", "tintindex": 1},
				"up": {"uv": [0, 3.1875, 0, 0], "texture": "#0"},
				"down": {"uv": [0, 0, 0, 3.1875], "texture": "#0"}
			}
		},
		{
			"from": [-0.75, 4, 3],
			"to": [-0.75, 17.5, 28.5],
			"rotation": {"angle": 0, "axis": "y", "origin": [-1.5, 3.5, 3]},
			"faces": {
				"north": {"uv": [0, 0, 0, 1.6875], "texture": "#0"},
				"east": {"uv": [0, 3.75, 3.1875, 5.4375], "texture": "#0", "tintindex": 1},
				"south": {"uv": [0, 0, 0, 1.6875], "texture": "#0"},
				"west": {"uv": [3.25, 3.75, 6.4375, 5.4375], "texture": "#0", "tintindex": 1},
				"up": {"uv": [0, 3.1875, 0, 0], "texture": "#0"},
				"down": {"uv": [0, 0, 0, 3.1875], "texture": "#0"}
			}
		},
		{
			"from": [6.75, 4.001, -1.25],
			"to": [9.25, 5.501, 3.5],
			"rotation": {"angle": 0, "axis": "y", "origin": [6.5, 3.75, 2.75]},
			"faces": {
				"north": {"uv": [7.75, 12.875, 8.0625, 13.0625], "texture": "#0"},
				"east": {"uv": [1.75, 12.25, 2.375, 12.4375], "texture": "#0"},
				"south": {"uv": [8.125, 12.875, 8.4375, 13.0625], "texture": "#0"},
				"west": {"uv": [12.25, 7, 12.875, 7.1875], "texture": "#0"},
				"up": {"uv": [4.6875, 12.375, 4.375, 11.75], "texture": "#0"},
				"down": {"uv": [5.5625, 11.75, 5.25, 12.375], "texture": "#0"}
			}
		},
		{
			"from": [9.25, 5, 3.5],
			"to": [6.75, 4, -1.25],
			"rotation": {"angle": 0, "axis": "y", "origin": [9, 9.75, 16]},
			"faces": {
				"north": {"uv": [8.5, 12.875, 8.8125, 13.0625], "texture": "#0"},
				"east": {"uv": [12.25, 7.25, 12.875, 7.4375], "texture": "#0"},
				"south": {"uv": [12.875, 8.5, 13.1875, 8.6875], "texture": "#0"},
				"west": {"uv": [12.25, 8.5, 12.875, 8.6875], "texture": "#0"},
				"up": {"uv": [0.3125, 12.5, 0, 11.875], "texture": "#0"},
				"down": {"uv": [6.4375, 11.875, 6.125, 12.5], "texture": "#0"}
			}
		},
		{
			"from": [16.50157, 3.00105, 2.5],
			"to": [16.50157, 3.75105, 28],
			"rotation": {"angle": -22.5, "axis": "z", "origin": [17.25157, 3.25105, 3]},
			"faces": {
				"north": {"uv": [0, 0, 0, 0.125], "texture": "#0"},
				"east": {"uv": [13.8125, 10.625, 10.625, 10.75], "texture": "#0", "tintindex": 1},
				"south": {"uv": [0, 0, 0, 0.125], "texture": "#0"},
				"west": {"uv": [13.1875, 7.875, 10, 8], "texture": "#0", "tintindex": 1},
				"up": {"uv": [0, 3.1875, 0, 0], "texture": "#0"},
				"down": {"uv": [0, 0, 0, 3.1875], "texture": "#0"}
			}
		},
		{
			"from": [13.5, 5.21447, 15.87868],
			"to": [17, 6.21447, 19.87868],
			"rotation": {"angle": -45, "axis": "x", "origin": [16, 5.21447, 15.87868]},
			"faces": {
				"north": {"uv": [1, 13, 1.4375, 13.125], "texture": "#0", "tintindex": 1},
				"east": {"uv": [12.875, 7, 13.375, 7.125], "texture": "#0", "tintindex": 1},
				"south": {"uv": [13, 1, 13.4375, 1.125], "texture": "#0"},
				"west": {"uv": [12.875, 7.125, 13.375, 7.25], "texture": "#0"},
				"up": {"uv": [2.1875, 12.25, 1.75, 11.75], "texture": "#0", "tintindex": 1},
				"down": {"uv": [2.6875, 11.75, 2.25, 12.25], "texture": "#0"}
			}
		},
		{
			"from": [12.499, 4.001, -5.999],
			"to": [16.748, 5.92157, -4.92158],
			"rotation": {"angle": 0, "axis": "y", "origin": [14.999, 1.42157, -4.92158]},
			"faces": {
				"north": {"uv": [12, 12.125, 12.5, 12.375], "texture": "#0"},
				"east": {"uv": [10.125, 13, 10.25, 13.25], "texture": "#0"},
				"south": {"uv": [1.25, 12.25, 1.75, 12.5], "texture": "#0"},
				"west": {"uv": [10.25, 13, 10.375, 13.25], "texture": "#0"},
				"up": {"uv": [13.375, 7.375, 12.875, 7.25], "texture": "#0"},
				"down": {"uv": [13.375, 7.375, 12.875, 7.5], "texture": "#0"}
			}
		},
		{
			"from": [12.499, 4.17158, -14.57843],
			"to": [16.25, 5.92158, -13.57843],
			"rotation": {"angle": 0, "axis": "y", "origin": [15.001, 1.42158, -13.57843]},
			"faces": {
				"north": {"uv": [3.25, 12.5, 3.6875, 12.75], "texture": "#0"},
				"east": {"uv": [10.375, 13, 10.5, 13.25], "texture": "#0"},
				"south": {"uv": [3.75, 12.5, 4.1875, 12.75], "texture": "#0"},
				"west": {"uv": [10.875, 13, 11, 13.25], "texture": "#0"},
				"up": {"uv": [13.4375, 1.25, 13, 1.125], "texture": "#0"},
				"down": {"uv": [13.4375, 1.25, 13, 1.375], "texture": "#0"}
			}
		},
		{
			"from": [16.75, 3.47435, -14.15482],
			"to": [16.75, 10.97435, -5.9792],
			"rotation": {"angle": 0, "axis": "y", "origin": [16.75, 7.22435, -10.06701]},
			"faces": {
				"north": {"uv": [0, 0, 0, 0.875], "texture": "#0"},
				"east": {"uv": [8.625, 9.0625, 7.625, 10], "texture": "#0", "tintindex": 1},
				"south": {"uv": [0, 0, 0, 0.875], "texture": "#0"},
				"west": {"uv": [7.625, 9.0625, 6.625, 10], "texture": "#0", "tintindex": 1},
				"up": {"uv": [0, 1, 0, 0], "texture": "#0"},
				"down": {"uv": [0, 0, 0, 1], "texture": "#0"}
			}
		},
		{
			"from": [16.46299, 3.30809, -6],
			"to": [16.46299, 4.05809, 2.5],
			"rotation": {"angle": -22.5, "axis": "z", "origin": [16.46299, 3.30809, 0.5]},
			"faces": {
				"north": {"uv": [0, 0, 0, 0.125], "texture": "#0"},
				"east": {"uv": [12.125, 6.25, 13.1875, 6.375], "texture": "#0", "tintindex": 1},
				"south": {"uv": [0, 0, 0, 0.125], "texture": "#0"},
				"west": {"uv": [12.125, 6.375, 13.1875, 6.5], "texture": "#0", "tintindex": 1},
				"up": {"uv": [0, 1.0625, 0, 0], "texture": "#0"},
				"down": {"uv": [0, 0, 0, 1.0625], "texture": "#0"}
			}
		},
		{
			"from": [16.749, 4, -5.9792],
			"to": [16.749, 13.25, -4.7292],
			"rotation": {"angle": 0, "axis": "y", "origin": [16.75, 8, -9.75]},
			"faces": {
				"north": {"uv": [0, 0, 0, 1.125], "texture": "#0"},
				"east": {"uv": [13.5625, 11.5625, 13.375, 12.75], "texture": "#0", "tintindex": 1},
				"south": {"uv": [0, 0, 0, 1.125], "texture": "#0"},
				"west": {"uv": [11.3125, 11.5, 11.125, 12.625], "texture": "#0"},
				"up": {"uv": [0, 0.1875, 0, 0], "texture": "#0"},
				"down": {"uv": [0, 0, 0, 0.1875], "texture": "#0"}
			}
		},
		{
			"from": [-0.749, 9.63269, -5.73587],
			"to": [-0.749, 12.63269, -4.23587],
			"rotation": {"angle": 45, "axis": "x", "origin": [-0.749, 11.63269, -4.73587]},
			"faces": {
				"north": {"uv": [0, 0, 0, 0.375], "texture": "#0"},
				"east": {"uv": [11.75, 12.625, 11.9375, 13], "texture": "#0"},
				"south": {"uv": [0, 0, 0, 0.375], "texture": "#0"},
				"west": {"uv": [12, 12.625, 12.1875, 13], "texture": "#0", "tintindex": 1},
				"up": {"uv": [0, 0.1875, 0, 0], "texture": "#0"},
				"down": {"uv": [0, 0, 0, 0.1875], "texture": "#0"}
			}
		},
		{
			"from": [16.749, 9.63269, -5.73587],
			"to": [16.749, 12.63269, -4.23587],
			"rotation": {"angle": 45, "axis": "x", "origin": [16.749, 11.63269, -4.73587]},
			"faces": {
				"north": {"uv": [0, 0, 0, 0.375], "texture": "#0"},
				"east": {"uv": [12.25, 12.625, 12.4375, 13], "texture": "#0", "tintindex": 1},
				"south": {"uv": [0, 0, 0, 0.375], "texture": "#0"},
				"west": {"uv": [12.5, 12.625, 12.6875, 13], "texture": "#0"},
				"up": {"uv": [0, 0.1875, 0, 0], "texture": "#0"},
				"down": {"uv": [0, 0, 0, 0.1875], "texture": "#0"}
			}
		},
		{
			"from": [2.498, 5.25, 16],
			"to": [2.498, 8.75, 24],
			"rotation": {"angle": 0, "axis": "y", "origin": [2.5, 6.75, 18.5]},
			"faces": {
				"north": {"uv": [0, 0, 0, 0.4375], "texture": "#0"},
				"east": {"uv": [5.25, 10.25, 6.25, 10.6875], "texture": "#0"},
				"south": {"uv": [0, 0, 0, 0.4375], "texture": "#0"},
				"west": {"uv": [0, 10.375, 1, 10.8125], "texture": "#0"},
				"up": {"uv": [0, 1, 0, 0], "texture": "#0"},
				"down": {"uv": [0, 0, 0, 1], "texture": "#0"}
			}
		},
		{
			"from": [13.502, 5.25, 16],
			"to": [13.502, 8.75, 24],
			"rotation": {"angle": 0, "axis": "y", "origin": [13.5, 6.75, 18.5]},
			"faces": {
				"north": {"uv": [0, 0, 0, 0.4375], "texture": "#0"},
				"east": {"uv": [1.25, 10.375, 2.25, 10.8125], "texture": "#0"},
				"south": {"uv": [0, 0, 0, 0.4375], "texture": "#0"},
				"west": {"uv": [10.375, 9.875, 11.375, 10.3125], "texture": "#0"},
				"up": {"uv": [0, 1, 0, 0], "texture": "#0"},
				"down": {"uv": [0, 0, 0, 1], "texture": "#0"}
			}
		},
		{
			"from": [16.75, 4, 3],
			"to": [16.75, 17.5, 28.5],
			"rotation": {"angle": 0, "axis": "y", "origin": [17.5, 3.5, 3]},
			"faces": {
				"north": {"uv": [0, 0, 0, 1.6875], "texture": "#0"},
				"east": {"uv": [6.4375, 3.75, 3.25, 5.4375], "texture": "#0", "tintindex": 1},
				"south": {"uv": [0, 0, 0, 1.6875], "texture": "#0"},
				"west": {"uv": [3.1875, 3.75, 0, 5.4375], "texture": "#0", "tintindex": 1},
				"up": {"uv": [0, 3.1875, 0, 0], "texture": "#0"},
				"down": {"uv": [0, 0, 0, 3.1875], "texture": "#0"}
			}
		},
		{
			"from": [10.25, 7.9979, -2.74686],
			"to": [14.25, 11.9979, -2.74686],
			"rotation": {"angle": -22.5, "axis": "x", "origin": [12.75, 8.9979, -2.74686]},
			"faces": {
				"north": {"uv": [5.25, 11.25, 5.75, 11.75], "texture": "#0"},
				"east": {"uv": [0, 0, 0, 0.5], "texture": "#0"},
				"south": {"uv": [5.25, 11.25, 5.75, 11.75], "texture": "#0"},
				"west": {"uv": [0, 0, 0, 0.5], "texture": "#0"},
				"up": {"uv": [0.5, 0, 0, 0], "texture": "#0"},
				"down": {"uv": [0.5, 0, 0, 0], "texture": "#0"}
			}
		},
		{
			"from": [11.75, 9.4979, -5.49686],
			"to": [12.75, 10.4979, -2.74686],
			"rotation": {"angle": -22.5, "axis": "x", "origin": [12.75, 8.9979, -2.74686]},
			"faces": {
				"north": {"uv": [8.375, 13.125, 8.5, 13.25], "texture": "#0"},
				"east": {"uv": [10, 10.5, 10.375, 10.625], "texture": "#0"},
				"south": {"uv": [8.5, 13.125, 8.625, 13.25], "texture": "#0"},
				"west": {"uv": [13, 2.25, 13.375, 2.375], "texture": "#0"},
				"up": {"uv": [4.375, 11.5, 4.25, 11.125], "texture": "#0"},
				"down": {"uv": [10.125, 11.625, 10, 12], "texture": "#0"}
			}
		},
		{
			"from": [6.5, 9, -5.99],
			"to": [15.5, 11.5, -4.49],
			"rotation": {"angle": 0, "axis": "y", "origin": [10.5, 9.5, -6.5]},
			"faces": {
				"north": {"uv": [11, 2.75, 12.125, 3.0625], "texture": "#0"},
				"east": {"uv": [5, 12.875, 5.1875, 13.1875], "texture": "#0"},
				"south": {"uv": [11, 3.125, 12.125, 3.4375], "texture": "#0"},
				"west": {"uv": [7, 12.875, 7.1875, 13.1875], "texture": "#0"},
				"up": {"uv": [12.75, 4.6875, 11.625, 4.5], "texture": "#0"},
				"down": {"uv": [4.375, 11.75, 3.25, 11.9375], "texture": "#0"}
			}
		},
		{
			"from": [-0.74, 7.24561, -7.51695],
			"to": [16.74, 10.97435, -5.0228],
			"rotation": {"angle": 0, "axis": "y", "origin": [16.73822, 10.95222, -6.09196]},
			"faces": {
				"east": {"uv": [4.625, 10.5, 4.9375, 10.9375], "texture": "#0"},
				"south": {"uv": [9, 8, 11.1875, 8.4375], "texture": "#0"},
				"west": {"uv": [12.125, 5.5, 12.4375, 5.9375], "texture": "#0"},
				"up": {"uv": [12.0625, 9.5625, 9.875, 9.25], "texture": "#0"}
			}
		},
		{
			"from": [3.5, 3.5, -13.75],
			"to": [3.5, 8.75, -6],
			"rotation": {"angle": 0, "axis": "y", "origin": [3.5, 3.5, -9.5]},
			"faces": {
				"north": {"uv": [0, 0, 0, 0.6875], "texture": "#0"},
				"east": {"uv": [4, 9.75, 5, 10.4375], "texture": "#0"},
				"south": {"uv": [0, 0, 0, 0.6875], "texture": "#0"},
				"west": {"uv": [10, 4.625, 11, 5.3125], "texture": "#0"},
				"up": {"uv": [0, 1, 0, 0], "texture": "#0"},
				"down": {"uv": [0, 0, 0, 1], "texture": "#0"}
			}
		},
		{
			"from": [12.5, 3.5, -13.75],
			"to": [12.5, 8.75, -6],
			"rotation": {"angle": 0, "axis": "y", "origin": [12.5, 3.5, -9.5]},
			"faces": {
				"north": {"uv": [0, 0, 0, 0.6875], "texture": "#0"},
				"east": {"uv": [10, 5.375, 11, 6.0625], "texture": "#0"},
				"south": {"uv": [0, 0, 0, 0.6875], "texture": "#0"},
				"west": {"uv": [10, 6.125, 11, 6.8125], "texture": "#0"},
				"up": {"uv": [0, 1, 0, 0], "texture": "#0"},
				"down": {"uv": [0, 0, 0, 1], "texture": "#0"}
			}
		},
		{
			"from": [13.499, 4, 15.17157],
			"to": [16.749, 5.92157, 16.17157],
			"rotation": {"angle": 0, "axis": "y", "origin": [16, 1.42157, 16.17157]},
			"faces": {
				"north": {"uv": [12.5, 5.5, 12.9375, 5.75], "texture": "#0"},
				"east": {"uv": [11, 13, 11.125, 13.25], "texture": "#0"},
				"south": {"uv": [12.5, 5.75, 12.9375, 6], "texture": "#0"},
				"west": {"uv": [11.125, 13, 11.25, 13.25], "texture": "#0"},
				"up": {"uv": [13.4375, 1.5, 13, 1.375], "texture": "#0"},
				"down": {"uv": [1.9375, 13, 1.5, 13.125], "texture": "#0"}
			}
		},
		{
			"from": [-0.75, 10.96376, -7.52513],
			"to": [16.75, 10.96376, -5.52513],
			"rotation": {"angle": 0, "axis": "x", "origin": [-0.75, 10.96376, -5.52513]},
			"faces": {
				"north": {"uv": [0, 0, 2.1875, 0], "texture": "#0"},
				"east": {"uv": [0, 0, 0.25, 0], "texture": "#0"},
				"south": {"uv": [0, 0, 2.1875, 0], "texture": "#0"},
				"west": {"uv": [0, 0, 0.25, 0], "texture": "#0"},
				"up": {"uv": [12.1875, 7.375, 10, 7.125], "texture": "#0"},
				"down": {"uv": [12.1875, 7.375, 10, 7.625], "texture": "#0", "tintindex": 1}
			}
		},
		{
			"from": [-0.2495, 4.17158, -14.57843],
			"to": [3.5015, 5.92158, -13.57843],
			"rotation": {"angle": 0, "axis": "y", "origin": [0.999, 1.42158, -13.57843]},
			"faces": {
				"north": {"uv": [3.6875, 12.5, 3.25, 12.75], "texture": "#0"},
				"east": {"uv": [11, 13, 10.875, 13.25], "texture": "#0"},
				"south": {"uv": [4.1875, 12.5, 3.75, 12.75], "texture": "#0"},
				"west": {"uv": [10.5, 13, 10.375, 13.25], "texture": "#0"},
				"up": {"uv": [13, 1.25, 13.4375, 1.125], "texture": "#0"},
				"down": {"uv": [13, 1.25, 13.4375, 1.375], "texture": "#0"}
			}
		},
		{
			"from": [-0.76, 5.90224, -15.233],
			"to": [16.76, 9.90224, -14.233],
			"rotation": {"angle": 0, "axis": "y", "origin": [0.25, 7.90224, -15.97692]},
			"faces": {
				"north": {"uv": [8.75, 3.625, 10.9375, 4.125], "texture": "#0"},
				"east": {"uv": [9.875, 12.75, 10, 13.25], "texture": "#0"},
				"west": {"uv": [10.75, 12.75, 10.875, 13.25], "texture": "#0"}
			}
		},
		{
			"from": [-0.74, 6.24653, -6.93663],
			"to": [16.73, 8.03835, -5.43663],
			"rotation": {"angle": 45, "axis": "x", "origin": [7.995, 7.14244, -6.18663]},
			"faces": {
				"east": {"uv": [13, 2, 13.1875, 2.25], "texture": "#0"},
				"south": {"uv": [10, 6.875, 12.1875, 7.125], "texture": "#0"},
				"west": {"uv": [2.25, 13, 2.4375, 13.25], "texture": "#0"}
			}
		},
		{
			"from": [6.125, 6.75, -15.24],
			"to": [9.875, 8.625, -15.24],
			"rotation": {"angle": 0, "axis": "y", "origin": [5.75, 6.5, -15.75]},
			"faces": {
				"north": {"uv": [0, 0, 16, 16], "texture": "#1"}
			}
		},
		{
			"from": [-0.76, 6, 27.511],
			"to": [16.76, 10, 28.521],
			"light_emission": 14,
			"rotation": {"angle": 0, "axis": "y", "origin": [0, 5, 26.5]},
			"faces": {
				"east": {"uv": [11.625, 12.75, 11.75, 13.25], "texture": "#0"},
				"south": {"uv": [8.75, 4.125, 10.9375, 4.625], "texture": "#0"},
				"west": {"uv": [2.5, 12.875, 2.625, 13.375], "texture": "#0"}
			}
		},
		{
			"from": [0.24, 7.40224, -15.233],
			"to": [15.76, 8.90224, -15.233],
			"light_emission": 15,
			"rotation": {"angle": 0, "axis": "y", "origin": [0.249, 7.40224, -15.233]},
			"faces": {
				"north": {"uv": [4.5, 0.25, 6.4375, 0.4375], "texture": "#0"},
				"east": {"uv": [0, 0, 0, 0.1875], "texture": "#0"},
				"south": {"uv": [4.5, 0.5, 6.4375, 0.6875], "texture": "#0"},
				"west": {"uv": [0, 0, 0, 0.1875], "texture": "#0"},
				"up": {"uv": [1.9375, 0, 0, 0], "texture": "#0"},
				"down": {"uv": [1.9375, 0, 0, 0], "texture": "#0"}
			}
		}
	],
	"display": {
		"thirdperson_righthand": {
			"translation": [0, 3, 1],
			"scale": [0.5, 0.5, 0.5]
		},
		"thirdperson_lefthand": {
			"translation": [0, 3, 1],
			"scale": [0.5, 0.5, 0.5]
		},
		"firstperson_righthand": {
			"rotation": [0, 45, 0],
			"translation": [0, 3, 0],
			"scale": [0.4, 0.4, 0.4]
		},
		"firstperson_lefthand": {
			"rotation": [0, 225, 0],
			"translation": [0, 3, 0],
			"scale": [0.4, 0.4, 0.4]
		},
		"ground": {
			"translation": [0, 2, 0],
			"scale": [0.5, 0.5, 0.5]
		},
		"gui": {
			"rotation": [30, 225, 0],
			"translation": [-0.25, 0, 0],
			"scale": [0.32, 0.32, 0.32]
		},
		"head": {
			"translation": [0, -1.5, 0]
		},
		"fixed": {
			"rotation": [0, -90, 0],
			"translation": [0, -1.25, -9.75]
		}
	},
	"groups": [
		{
			"name": "door_FL",
			"origin": [-0.75, 13.75, 8.5],
			"color": 0,
			"children": [0, 1, 2, 3, 4]
		},
		{
			"name": "door_FR",
			"origin": [16.75, 13.75, 8.5],
			"color": 0,
			"children": [5, 6, 7, 8, 9]
		},
		{
			"name": "door_RL",
			"origin": [0.25, 11.001, 28.0087],
			"color": 0,
			"children": [10, 11, 12]
		},
		{
			"name": "door_RR",
			"origin": [15.75, 11.001, 28.0087],
			"color": 0,
			"children": [13, 14]
		},
		{
			"name": "hood",
			"origin": [0.25, 10.93016, -10.26695],
			"color": 0,
			"children": [15, 16]
		},
		{
			"name": "bumper_F",
			"origin": [16, 4, -16],
			"color": 0,
			"children": [17, 18, 19, 20]
		},
		{
			"name": "bumper_R",
			"origin": [8, 8, 8],
			"color": 0,
			"children": [21]
		},
		{
			"name": "seat",
			"origin": [-0.5, 2.5, 0.5],
			"color": 3,
			"children": [22, 23, 24, 25, 26, 27]
		},
		{
			"name": "frame",
			"origin": [11.5, 3.947, -4.07141],
			"color": 4,
			"children": [28, 29, 30, 31, 32, 33, 34]
		},
		{
			"name": "exhaust",
			"origin": [12.5, 1.25, 14],
			"color": 0,
			"children": [35, 36, 37, 38]
		},
		{
			"name": "underside",
			"origin": [6.25, 4.75, -4.25],
			"color": 0,
			"children": [39, 40, 41, 42]
		},
		{
			"name": "shaft",
			"origin": [8.025, 3.875, 10.625],
			"color": 0,
			"children": [43]
		},
		{
			"name": "axle_F",
			"origin": [8, 8, 8],
			"color": 0,
			"children": [44]
		},
		{
			"name": "axle_R",
			"origin": [8, 8, 8],
			"color": 0,
			"children": [45]
		},
		{
			"name": "body",
			"origin": [0, 5, 26.5],
			"color": 0,
			"children": [
				46,
				47,
				48,
				49,
				50,
				51,
				52,
				53,
				54,
				55,
				56,
				57,
				58,
				59,
				60,
				61,
				62,
				63,
				64,
				65,
				66,
				67,
				68,
				69,
				70,
				71,
				72,
				73,
				74,
				75,
				76,
				77,
				78,
				79,
				80,
				81,
				82,
				83,
				84,
				85,
				86,
				87,
				88,
				89,
				90,
				91,
				92,
				93,
				94,
				95,
				96,
				97,
				98,
				99,
				100,
				101,
				102,
				103,
				104,
				105,
				106,
				107,
				108,
				109,
				110,
				111,
				112,
				113,
				114,
				115,
				116,
				117
			]
		},
		{
			"name": "badge",
			"origin": [8, 8, 8],
			"color": 0,
			"children": [118]
		},
		{
			"name": "light",
			"origin": [8, 8, 8],
			"color": 0,
			"children": [119, 120]
		}
	]
}