{
	"credit": "Made with Blockbench by melonapple (https://www.youtube.com/@melonapple5)",
	"texture_size": [128, 128],
	"textures": {
		"0": "tce:vehicles/tmc-clarion",
		"1": "tce:badges/tmc_gray",
		"2": "tce:badges/tmc_chrome"
	},
	"elements": [
		{
			"from": [-0.749, 2.5, -0.5],
			"to": [-0.749, 10.32, 8],
			"rotation": {"angle": 0, "axis": "y", "origin": [-0.75, 5.75, -0.5]},
			"faces": {
				"north": {"uv": [0, 0, 0, 1], "texture": "#0"},
				"east": {"uv": [6.75, 1.625, 7.8125, 2.625], "texture": "#0"},
				"south": {"uv": [0, 0, 0, 1], "texture": "#0"},
				"west": {"uv": [5.25, 6.75, 6.3125, 7.75], "texture": "#0", "tintindex": 1},
				"up": {"uv": [0, 1.0625, 0, 0], "texture": "#0"},
				"down": {"uv": [0, 0, 0, 1.0625], "texture": "#0"}
			}
		},
		{
			"from": [-0.749, 10.32, 3.33252],
			"to": [-0.749, 14.165, 8],
			"rotation": {"angle": 0, "axis": "y", "origin": [-0.75, 5.75, -0.5]},
			"faces": {
				"north": {"uv": [0, 0, 0, 0.5], "texture": "#0"},
				"east": {"uv": [2.625, 6.75, 3.1875, 7.25], "texture": "#0"},
				"south": {"uv": [0, 0, 0, 0.5], "texture": "#0"},
				"west": {"uv": [1, 9.625, 1.5625, 10.125], "texture": "#0", "tintindex": 1},
				"up": {"uv": [0, 0.5625, 0, 0], "texture": "#0"},
				"down": {"uv": [0, 0, 0, 0.5625], "texture": "#0"}
			}
		},
		{
			"from": [-0.75, 8.98148, -3.73148],
			"to": [-0.75, 14.40148, -0.48148],
			"rotation": {"angle": 45, "axis": "x", "origin": [-0.75, 5.75, -0.5]},
			"faces": {
				"north": {"uv": [0, 0, 0, 0.6875], "texture": "#0"},
				"east": {"uv": [5.5, 9.5, 5.9375, 10.1875], "texture": "#0"},
				"south": {"uv": [0, 0, 0, 0.6875], "texture": "#0"},
				"west": {"uv": [6, 9.5, 6.4375, 10.1875], "texture": "#0", "tintindex": 1},
				"up": {"uv": [0, 0.4375, 0, 0], "texture": "#0"},
				"down": {"uv": [0, 0, 0, 0.4375], "texture": "#0"}
			}
		},
		{
			"from": [-2.751, 9, -0.35],
			"to": [-0.751, 10.5, 0.15],
			"rotation": {"angle": 0, "axis": "y", "origin": [-0.75, 5.75, -0.5]},
			"faces": {
				"north": {"uv": [7.125, 11.625, 7.375, 11.8125], "texture": "#0"},
				"east": {"uv": [5.25, 12, 5.3125, 12.1875], "texture": "#0"},
				"south": {"uv": [1.25, 11.75, 1.5, 11.9375], "texture": "#0"},
				"west": {"uv": [5.375, 12, 5.4375, 12.1875], "texture": "#0"},
				"up": {"uv": [7.875, 2.6875, 7.625, 2.625], "texture": "#0"},
				"down": {"uv": [1.125, 8.375, 0.875, 8.4375], "texture": "#0"}
			}
		},
		{
			"from": [-0.76, 7.375, 5],
			"to": [-0.76, 8.375, 7],
			"rotation": {"angle": 0, "axis": "y", "origin": [-0.75, 5.75, -0.5]},
			"faces": {
				"west": {"uv": [5.9375, 7, 6.1875, 7.125], "texture": "#0"}
			}
		},
		{
			"from": [16.749, 2.5, -0.5],
			"to": [16.749, 10.32, 8],
			"rotation": {"angle": 0, "axis": "y", "origin": [16.75, 5.75, -0.5]},
			"faces": {
				"north": {"uv": [0, 0, 0, 1], "texture": "#0"},
				"east": {"uv": [6.375, 6.75, 7.4375, 7.75], "texture": "#0", "tintindex": 1},
				"south": {"uv": [0, 0, 0, 1], "texture": "#0"},
				"west": {"uv": [0, 6.875, 1.0625, 7.875], "texture": "#0"},
				"up": {"uv": [0, 1.0625, 0, 0], "texture": "#0"},
				"down": {"uv": [0, 0, 0, 1.0625], "texture": "#0"}
			}
		},
		{
			"from": [16.749, 10.32, 3.33252],
			"to": [16.749, 14.165, 8],
			"rotation": {"angle": 0, "axis": "y", "origin": [16.75, 5.75, -0.5]},
			"faces": {
				"north": {"uv": [0, 0, 0, 0.5], "texture": "#0"},
				"east": {"uv": [6.5, 9.875, 7.0625, 10.375], "texture": "#0", "tintindex": 1},
				"south": {"uv": [0, 0, 0, 0.5], "texture": "#0"},
				"west": {"uv": [1.875, 10, 2.4375, 10.5], "texture": "#0"},
				"up": {"uv": [0, 0.5625, 0, 0], "texture": "#0"},
				"down": {"uv": [0, 0, 0, 0.5625], "texture": "#0"}
			}
		},
		{
			"from": [16.751, 9, -0.35],
			"to": [18.751, 10.5, 0.15],
			"rotation": {"angle": 0, "axis": "y", "origin": [16.75, 5.75, -0.5]},
			"faces": {
				"north": {"uv": [2.875, 11.875, 3.125, 12.0625], "texture": "#0"},
				"east": {"uv": [5.5, 12, 5.5625, 12.1875], "texture": "#0"},
				"south": {"uv": [3.125, 11.875, 3.375, 12.0625], "texture": "#0"},
				"west": {"uv": [5.625, 12, 5.6875, 12.1875], "texture": "#0"},
				"up": {"uv": [5.125, 11.6875, 4.875, 11.625], "texture": "#0"},
				"down": {"uv": [10.5, 11.625, 10.25, 11.6875], "texture": "#0"}
			}
		},
		{
			"from": [16.75, 8.98148, -3.73148],
			"to": [16.75, 14.40148, -0.48148],
			"rotation": {"angle": 45, "axis": "x", "origin": [16.75, 5.75, -0.5]},
			"faces": {
				"north": {"uv": [0, 0, 0, 0.6875], "texture": "#0"},
				"east": {"uv": [6.4375, 9.5, 6, 10.1875], "texture": "#0", "tintindex": 1},
				"south": {"uv": [0, 0, 0, 0.6875], "texture": "#0"},
				"west": {"uv": [5.9375, 9.5, 5.5, 10.1875], "texture": "#0"},
				"up": {"uv": [0, 0.4375, 0, 0], "texture": "#0"},
				"down": {"uv": [0, 0, 0, 0.4375], "texture": "#0"}
			}
		},
		{
			"from": [16.76, 7.375, 5],
			"to": [16.76, 8.375, 7],
			"rotation": {"angle": 0, "axis": "y", "origin": [16.75, 5.75, -0.5]},
			"faces": {
				"east": {"uv": [6.5, 7, 6.75, 7.125], "texture": "#0"}
			}
		},
		{
			"from": [-0.749, 2.5, 8],
			"to": [-0.749, 8.86, 15],
			"rotation": {"angle": 0, "axis": "y", "origin": [-0.75, 7.75, 8]},
			"faces": {
				"north": {"uv": [0, 0, 0, 0.8125], "texture": "#0"},
				"east": {"uv": [3.75, 7.875, 4.625, 8.6875], "texture": "#0"},
				"south": {"uv": [0, 0, 0, 0.8125], "texture": "#0"},
				"west": {"uv": [8.125, 4.25, 9, 5.0625], "texture": "#0", "tintindex": 1},
				"up": {"uv": [0, 0.875, 0, 0], "texture": "#0"},
				"down": {"uv": [0, 0, 0, 0.875], "texture": "#0"}
			}
		},
		{
			"from": [-0.749, 8.86, 8],
			"to": [-0.749, 14.165, 15.75],
			"rotation": {"angle": 0, "axis": "y", "origin": [-0.75, 7.75, 8]},
			"faces": {
				"north": {"uv": [0, 0, 0, 0.6875], "texture": "#0"},
				"east": {"uv": [9.375, 12, 10.375, 12.6875], "texture": "#0"},
				"south": {"uv": [0, 0, 0, 0.6875], "texture": "#0"},
				"west": {"uv": [12, 11.75, 13, 12.4375], "texture": "#0", "tintindex": 1},
				"up": {"uv": [0, 1, 0, 0], "texture": "#0"},
				"down": {"uv": [0, 0, 0, 1], "texture": "#0"}
			}
		},
		{
			"from": [-0.76, 7.375, 12.5],
			"to": [-0.76, 8.375, 14.5],
			"rotation": {"angle": 0, "axis": "y", "origin": [-0.75, 7.75, 8]},
			"faces": {
				"west": {"uv": [6.75, 7, 6.5, 7.125], "texture": "#0"}
			}
		},
		{
			"from": [16.749, 2.5, 8],
			"to": [16.749, 8.86, 15],
			"rotation": {"angle": 0, "axis": "y", "origin": [16.75, 7.75, 8]},
			"faces": {
				"north": {"uv": [0, 0, 0, 0.8125], "texture": "#0"},
				"east": {"uv": [8.25, 0, 9.125, 0.8125], "texture": "#0", "tintindex": 1},
				"south": {"uv": [0, 0, 0, 0.8125], "texture": "#0"},
				"west": {"uv": [4.625, 8.25, 5.5, 9.0625], "texture": "#0"},
				"up": {"uv": [0, 0.875, 0, 0], "texture": "#0"},
				"down": {"uv": [0, 0, 0, 0.875], "texture": "#0"}
			}
		},
		{
			"from": [16.749, 8.86, 8],
			"to": [16.749, 14.165, 15.75],
			"rotation": {"angle": 0, "axis": "y", "origin": [16.75, 7.75, 8]},
			"faces": {
				"north": {"uv": [0, 0, 0, 0.6875], "texture": "#0"},
				"east": {"uv": [2.875, 12.125, 3.875, 12.8125], "texture": "#0", "tintindex": 1},
				"south": {"uv": [0, 0, 0, 0.6875], "texture": "#0"},
				"west": {"uv": [6.5, 12.125, 7.5, 12.8125], "texture": "#0"},
				"up": {"uv": [0, 1, 0, 0], "texture": "#0"},
				"down": {"uv": [0, 0, 0, 1], "texture": "#0"}
			}
		},
		{
			"from": [16.76, 7.375, 12.5],
			"to": [16.76, 8.375, 14.5],
			"rotation": {"angle": 0, "axis": "y", "origin": [16.75, 7.75, 8]},
			"faces": {
				"east": {"uv": [6.5, 7, 6.75, 7.125], "texture": "#0"}
			}
		},
		{
			"from": [0.25, 9, -9.26777],
			"to": [15.75, 9, -2.76777],
			"rotation": {"angle": 0, "axis": "x", "origin": [8, 9, -2.75]},
			"faces": {
				"north": {"uv": [0, 0, 1.9375, 0], "texture": "#0"},
				"east": {"uv": [0, 0, 0.8125, 0], "texture": "#0"},
				"south": {"uv": [0, 0, 1.9375, 0], "texture": "#0"},
				"west": {"uv": [0, 0, 0.8125, 0], "texture": "#0"},
				"up": {"uv": [6.4375, 3.5625, 4.5, 2.75], "texture": "#0", "tintindex": 1},
				"down": {"uv": [6.4375, 3.625, 4.5, 4.4375], "texture": "#0", "tintindex": 1}
			}
		},
		{
			"from": [0.25, 11.49324, -12.5607],
			"to": [15.75, 11.49324, -8.7531],
			"rotation": {"angle": -22.5, "axis": "x", "origin": [8, 8.99807, -2.73185]},
			"faces": {
				"north": {"uv": [0, 0, 1.9375, 0], "texture": "#0"},
				"east": {"uv": [0, 0, 0.5, 0], "texture": "#0"},
				"south": {"uv": [0, 0, 1.9375, 0], "texture": "#0"},
				"west": {"uv": [0, 0, 0.5, 0], "texture": "#0", "tintindex": 0},
				"up": {"uv": [4.5625, 7.875, 2.625, 7.375], "texture": "#0", "tintindex": 1},
				"down": {"uv": [9.4375, 6.75, 7.5, 7.25], "texture": "#0", "tintindex": 1}
			}
		},
		{
			"from": [0.75, 5, 28.75],
			"to": [15.25, 9, 28.75],
			"rotation": {"angle": 0, "axis": "x", "origin": [8, 9, 22.61]},
			"faces": {
				"north": {"uv": [7.5, 7.25, 9.3125, 7.75], "texture": "#0"},
				"east": {"uv": [0, 0, 0, 0.5], "texture": "#0"},
				"south": {"uv": [4.625, 7.75, 6.4375, 8.25], "texture": "#0", "tintindex": 1},
				"west": {"uv": [0, 0, 0, 0.5], "texture": "#0"},
				"up": {"uv": [1.875, 0, 0, 0], "texture": "#0"},
				"down": {"uv": [1.875, 0, 0, 0], "texture": "#0"}
			}
		},
		{
			"from": [0.75, 9, 22.60965],
			"to": [15.25, 9, 28.75],
			"rotation": {"angle": 0, "axis": "x", "origin": [8, 9, 22.61]},
			"faces": {
				"north": {"uv": [0, 0, 1.875, 0], "texture": "#0"},
				"east": {"uv": [0, 0, 0.75, 0], "texture": "#0"},
				"south": {"uv": [0, 0, 1.875, 0], "texture": "#0"},
				"west": {"uv": [0, 0, 0.75, 0], "texture": "#0"},
				"up": {"uv": [8.3125, 4.25, 6.5, 3.5], "texture": "#0", "tintindex": 1},
				"down": {"uv": [5.1875, 6.625, 3.375, 7.375], "texture": "#0"}
			}
		},
		{
			"from": [6.5, 6.75, 28.76],
			"to": [9.5, 8.25, 28.76],
			"rotation": {"angle": 0, "axis": "x", "origin": [8, 9, 22.61]},
			"faces": {
				"south": {"uv": [0, 0, 16, 16], "texture": "#2"}
			}
		},
		{
			"from": [6.75, 6.5, 28.76],
			"to": [9.25, 7, 28.76],
			"rotation": {"angle": 0, "axis": "x", "origin": [8, 9, 22.61]},
			"faces": {
				"south": {"uv": [5.375, 8, 5.6875, 8.0625], "texture": "#0"}
			}
		},
		{
			"from": [7.5, 2, 4.25],
			"to": [8.5, 3, 18],
			"rotation": {"angle": 0, "axis": "y", "origin": [8.025, 2.625, 11.125]},
			"faces": {
				"north": {"uv": [6, 10.75, 6.125, 10.875], "texture": "#0"},
				"east": {"uv": [10.5, 2, 12.25, 2.125], "texture": "#0"},
				"south": {"uv": [11, 10.625, 11.125, 10.75], "texture": "#0"},
				"west": {"uv": [10.5, 2.125, 12.25, 2.25], "texture": "#0"},
				"up": {"uv": [1.75, 11.375, 1.625, 9.625], "texture": "#0"},
				"down": {"uv": [5.25, 10, 5.125, 11.75], "texture": "#0"}
			}
		},
		{
			"from": [0.5, 2.5, 19],
			"to": [15.5, 3.5, 20],
			"rotation": {"angle": 0, "axis": "y", "origin": [8, 3, 19.5]},
			"faces": {
				"north": {"uv": [10.125, 9.5, 12, 9.625], "texture": "#0"},
				"east": {"uv": [1.25, 11.375, 1.375, 11.5], "texture": "#0"},
				"south": {"uv": [10.125, 9.625, 12, 9.75], "texture": "#0"},
				"west": {"uv": [5.25, 11.625, 5.375, 11.75], "texture": "#0"},
				"up": {"uv": [12.375, 1, 10.5, 0.875], "texture": "#0"},
				"down": {"uv": [12.375, 1, 10.5, 1.125], "texture": "#0"}
			}
		},
		{
			"from": [0.5, 2.5, -6],
			"to": [15.5, 3.5, -5],
			"rotation": {"angle": 0, "axis": "x", "origin": [8, 3, -5.5]},
			"faces": {
				"north": {"uv": [10.5, 1.125, 12.375, 1.25], "texture": "#0"},
				"east": {"uv": [4.875, 12, 5, 12.125], "texture": "#0"},
				"south": {"uv": [10.5, 1.25, 12.375, 1.375], "texture": "#0"},
				"west": {"uv": [5, 12, 5.125, 12.125], "texture": "#0"},
				"up": {"uv": [12.375, 1.5, 10.5, 1.375], "texture": "#0"},
				"down": {"uv": [12.375, 1.5, 10.5, 1.625], "texture": "#0"}
			}
		},
		{
			"from": [-0.25, 2.001, 9.93],
			"to": [16.25, 3.001, 15.93],
			"rotation": {"angle": 0, "axis": "y", "origin": [-1.497, 2.499, 9.96038]},
			"faces": {
				"north": {"uv": [9.75, 3.375, 11.8125, 3.5], "texture": "#0"},
				"east": {"uv": [2.625, 7.25, 3.375, 7.375], "texture": "#0"},
				"south": {"uv": [10, 4.75, 12.0625, 4.875], "texture": "#0"},
				"west": {"uv": [7.5, 9, 8.25, 9.125], "texture": "#0"},
				"up": {"uv": [6.5625, 5.25, 4.5, 4.5], "texture": "#0"},
				"down": {"uv": [4.3125, 5.25, 2.25, 6], "texture": "#0"}
			}
		},
		{
			"from": [2.25, 3, 15.9],
			"to": [13.75, 10, 16.9],
			"rotation": {"angle": 0, "axis": "y", "origin": [-0.5, 5.5, 11]},
			"faces": {
				"north": {"uv": [6.625, 4.25, 8.0625, 5.125], "texture": "#0"},
				"east": {"uv": [2.375, 11, 2.5, 11.875], "texture": "#0"},
				"south": {"uv": [6.75, 0, 8.1875, 0.875], "texture": "#0"},
				"west": {"uv": [6.75, 11, 6.875, 11.875], "texture": "#0"},
				"up": {"uv": [11.9375, 2.375, 10.5, 2.25], "texture": "#0"},
				"down": {"uv": [11.9375, 5.625, 10.5, 5.75], "texture": "#0"}
			}
		},
		{
			"from": [13.748, 5.5, 15.9],
			"to": [16.747, 10, 16.9],
			"rotation": {"angle": 0, "axis": "y", "origin": [15, 8.33, 16.4]},
			"faces": {
				"north": {"uv": [6.75, 10.375, 7.125, 10.9375], "texture": "#0"},
				"east": {"uv": [1.625, 11.375, 1.75, 11.9375], "texture": "#0"},
				"south": {"uv": [9, 10.375, 9.375, 10.9375], "texture": "#0"},
				"west": {"uv": [1.875, 11.375, 2, 11.9375], "texture": "#0"},
				"up": {"uv": [8.25, 12, 7.875, 11.875], "texture": "#0"},
				"down": {"uv": [8.75, 11.875, 8.375, 12], "texture": "#0"}
			}
		},
		{
			"from": [-0.747, 5.5, 15.9],
			"to": [2.252, 10, 16.9],
			"rotation": {"angle": 0, "axis": "y", "origin": [1, 8.33, 16.4]},
			"faces": {
				"north": {"uv": [3.5, 10.25, 3.875, 10.8125], "texture": "#0"},
				"east": {"uv": [1, 11.375, 1.125, 11.9375], "texture": "#0"},
				"south": {"uv": [0.625, 10.375, 1, 10.9375], "texture": "#0"},
				"west": {"uv": [1.125, 11.375, 1.25, 11.9375], "texture": "#0"},
				"up": {"uv": [4.875, 12, 4.5, 11.875], "texture": "#0"},
				"down": {"uv": [5.25, 11.875, 4.875, 12], "texture": "#0"}
			}
		},
		{
			"from": [9.25, 2.001, 1],
			"to": [16.25, 3.001, 8],
			"rotation": {"angle": 0, "axis": "y", "origin": [16.5, 2.5, 1]},
			"faces": {
				"north": {"uv": [11, 4.375, 11.875, 4.5], "texture": "#0"},
				"east": {"uv": [11, 6.375, 11.875, 6.5], "texture": "#0"},
				"south": {"uv": [11, 6.5, 11.875, 6.625], "texture": "#0"},
				"west": {"uv": [11, 7.25, 11.875, 7.375], "texture": "#0"},
				"up": {"uv": [2.875, 8.75, 2, 7.875], "texture": "#0"},
				"down": {"uv": [3.75, 7.875, 2.875, 8.75], "texture": "#0"}
			}
		},
		{
			"from": [9.25, 3.001, 7],
			"to": [16.25, 10.501, 8],
			"rotation": {"angle": 0, "axis": "y", "origin": [16.5, 5.5, 2]},
			"faces": {
				"north": {"uv": [6.5, 7.75, 7.375, 8.6875], "texture": "#0"},
				"east": {"uv": [2.125, 11, 2.25, 11.9375], "texture": "#0"},
				"south": {"uv": [7.375, 7.75, 8.25, 8.6875], "texture": "#0"},
				"west": {"uv": [2.25, 11, 2.375, 11.9375], "texture": "#0"},
				"up": {"uv": [11.875, 7.5, 11, 7.375], "texture": "#0"},
				"down": {"uv": [11.875, 7.5, 11, 7.625], "texture": "#0"}
			}
		},
		{
			"from": [10.74, 10.501, 7],
			"to": [14.76, 13.001, 8],
			"rotation": {"angle": 0, "axis": "y", "origin": [16.5, 13, 2]},
			"faces": {
				"north": {"uv": [3.875, 10.75, 4.375, 11.0625], "texture": "#0"},
				"east": {"uv": [11.875, 11.875, 12, 12.1875], "texture": "#0"},
				"south": {"uv": [4.375, 10.75, 4.875, 11.0625], "texture": "#0"},
				"west": {"uv": [0, 12, 0.125, 12.3125], "texture": "#0"},
				"up": {"uv": [12, 10.125, 11.5, 10], "texture": "#0"},
				"down": {"uv": [12, 10.125, 11.5, 10.25], "texture": "#0"}
			}
		},
		{
			"from": [-0.25, 3.001, 7],
			"to": [6.75, 10.501, 8],
			"rotation": {"angle": 0, "axis": "y", "origin": [-0.5, 5.5, 2]},
			"faces": {
				"north": {"uv": [1.125, 7.5, 2, 8.4375], "texture": "#0"},
				"east": {"uv": [3.75, 10.875, 3.875, 11.8125], "texture": "#0"},
				"south": {"uv": [7.75, 5.125, 8.625, 6.0625], "texture": "#0"},
				"west": {"uv": [6.5, 10.875, 6.625, 11.8125], "texture": "#0"},
				"up": {"uv": [7.5, 5.25, 6.625, 5.125], "texture": "#0"},
				"down": {"uv": [7.625, 2.625, 6.75, 2.75], "texture": "#0"}
			}
		},
		{
			"from": [1.24, 10.501, 7],
			"to": [5.26, 13.001, 8],
			"rotation": {"angle": 0, "axis": "y", "origin": [-0.5, 13, 2]},
			"faces": {
				"north": {"uv": [10.625, 1.625, 11.125, 1.9375], "texture": "#0"},
				"east": {"uv": [1.75, 11.875, 1.875, 12.1875], "texture": "#0"},
				"south": {"uv": [10.75, 3, 11.25, 3.3125], "texture": "#0"},
				"west": {"uv": [4.125, 11.875, 4.25, 12.1875], "texture": "#0"},
				"up": {"uv": [9.125, 11.625, 8.625, 11.5], "texture": "#0"},
				"down": {"uv": [10.5, 11.5, 10, 11.625], "texture": "#0"}
			}
		},
		{
			"from": [-0.25, 2.001, 1],
			"to": [6.75, 3.001, 8],
			"rotation": {"angle": 0, "axis": "y", "origin": [-0.5, 2.5, 1]},
			"faces": {
				"north": {"uv": [10.875, 8.125, 11.75, 8.25], "texture": "#0"},
				"east": {"uv": [10.875, 8.875, 11.75, 9], "texture": "#0"},
				"south": {"uv": [11, 3.875, 11.875, 4], "texture": "#0"},
				"west": {"uv": [11, 4, 11.875, 4.125], "texture": "#0"},
				"up": {"uv": [0.875, 8.75, 0, 7.875], "texture": "#0"},
				"down": {"uv": [8.75, 1.625, 7.875, 2.5], "texture": "#0"}
			}
		},
		{
			"from": [-0.999, 2.67662, -13.09546],
			"to": [16.999, 4.17662, -12.59546],
			"rotation": {"angle": -22.5, "axis": "x", "origin": [8, 3.67662, -12.84546]},
			"faces": {
				"north": {"uv": [9, 4.875, 11.25, 5.0625], "texture": "#0"},
				"east": {"uv": [5.75, 12, 5.8125, 12.1875], "texture": "#0"},
				"south": {"uv": [9.125, 0.5, 11.375, 0.6875], "texture": "#0"},
				"west": {"uv": [5.875, 12, 5.9375, 12.1875], "texture": "#0", "tintindex": 0},
				"up": {"uv": [12.75, 8.3125, 10.5, 8.25], "texture": "#0"},
				"down": {"uv": [12.75, 8.375, 10.5, 8.4375], "texture": "#0"}
			}
		},
		{
			"from": [-1, 2.65707, -12.69374],
			"to": [-0.5, 3.79289, -9.26777],
			"rotation": {"angle": 0, "axis": "y", "origin": [-1, 3.90707, -3.94374]},
			"faces": {
				"north": {"uv": [6.625, 12, 6.6875, 12.125], "texture": "#0"},
				"east": {"uv": [11.625, 10.75, 12.0625, 10.875], "texture": "#0"},
				"south": {"uv": [12, 6.625, 12.0625, 6.75], "texture": "#0"},
				"west": {"uv": [11.625, 10.875, 12.0625, 11], "texture": "#0", "tintindex": 0},
				"up": {"uv": [1.9375, 12.4375, 1.875, 12], "texture": "#0"},
				"down": {"uv": [2.1875, 12, 2.125, 12.4375], "texture": "#0"}
			}
		},
		{
			"from": [-1.01, 3.79289, -12.76777],
			"to": [-0.51, 5.04289, -9.26777],
			"rotation": {"angle": 0, "axis": "y", "origin": [-1, 5.29289, -4.01777]},
			"faces": {
				"north": {"uv": [6, 12, 6.0625, 12.1875], "texture": "#0"},
				"east": {"uv": [2.5, 11.25, 2.9375, 11.4375], "texture": "#0"},
				"south": {"uv": [6.125, 12, 6.1875, 12.1875], "texture": "#0"},
				"west": {"uv": [11.25, 3, 11.6875, 3.1875], "texture": "#0", "tintindex": 0},
				"up": {"uv": [1.1875, 12.4375, 1.125, 12], "texture": "#0"},
				"down": {"uv": [1.3125, 12, 1.25, 12.4375], "texture": "#0"}
			}
		},
		{
			"from": [-1, 4.04289, -13.26777],
			"to": [17, 5.04289, -12.76777],
			"rotation": {"angle": 0, "axis": "y", "origin": [-0.75, 5.29289, -4.01777]},
			"faces": {
				"north": {"uv": [9.125, 0.75, 11.375, 0.875], "texture": "#0"},
				"east": {"uv": [12, 5.25, 12.0625, 5.375], "texture": "#0"},
				"south": {"uv": [9.25, 9, 11.5, 9.125], "texture": "#0"},
				"west": {"uv": [12, 5.625, 12.0625, 5.75], "texture": "#0", "tintindex": 0},
				"up": {"uv": [12.75, 6.9375, 10.5, 6.875], "texture": "#0"},
				"down": {"uv": [12.75, 7, 10.5, 7.0625], "texture": "#0"}
			}
		},
		{
			"from": [16.5, 2.65707, -12.69374],
			"to": [17, 3.79289, -9.26777],
			"rotation": {"angle": 0, "axis": "y", "origin": [17, 3.90707, -3.94374]},
			"faces": {
				"north": {"uv": [12, 6.125, 12.0625, 6.25], "texture": "#0"},
				"east": {"uv": [9.75, 11.625, 10.1875, 11.75], "texture": "#0", "tintindex": 0},
				"south": {"uv": [6.5, 12, 6.5625, 12.125], "texture": "#0"},
				"west": {"uv": [11.625, 10.625, 12.0625, 10.75], "texture": "#0"},
				"up": {"uv": [1.4375, 12.4375, 1.375, 12], "texture": "#0"},
				"down": {"uv": [1.6875, 12, 1.625, 12.4375], "texture": "#0"}
			}
		},
		{
			"from": [16.51, 3.79289, -12.76777],
			"to": [17.01, 5.04289, -9.26777],
			"rotation": {"angle": 0, "axis": "y", "origin": [17, 5.29289, -4.01777]},
			"faces": {
				"north": {"uv": [6.25, 12, 6.3125, 12.1875], "texture": "#0"},
				"east": {"uv": [11.25, 4.875, 11.6875, 5.0625], "texture": "#0", "tintindex": 0},
				"south": {"uv": [6.375, 12, 6.4375, 12.1875], "texture": "#0"},
				"west": {"uv": [11.25, 5.375, 11.6875, 5.5625], "texture": "#0"},
				"up": {"uv": [2.3125, 12.4375, 2.25, 12], "texture": "#0"},
				"down": {"uv": [2.4375, 12, 2.375, 12.4375], "texture": "#0"}
			}
		},
		{
			"from": [-1, 3, 28.75],
			"to": [17, 5, 29.75],
			"rotation": {"angle": 0, "axis": "y", "origin": [0, 3, 28.25]},
			"faces": {
				"north": {"uv": [7.75, 6.5, 10, 6.75], "texture": "#0"},
				"east": {"uv": [6.5, 4.25, 6.625, 4.5], "texture": "#0"},
				"south": {"uv": [7.875, 2.5, 10.125, 2.75], "texture": "#0"},
				"west": {"uv": [1.875, 8.5, 2, 8.75], "texture": "#0"},
				"up": {"uv": [11.75, 2.5, 9.5, 2.375], "texture": "#0"},
				"down": {"uv": [11.75, 7.125, 9.5, 7.25], "texture": "#0"}
			}
		},
		{
			"from": [10, 1.49, -1.76],
			"to": [11, 1.99, 19.74],
			"rotation": {"angle": 0, "axis": "y", "origin": [10, 0.5, -1.75]},
			"faces": {
				"north": {"uv": [7.25, 12, 7.375, 12.0625], "texture": "#0"},
				"east": {"uv": [10.5, 5.75, 13.1875, 5.8125], "texture": "#0"},
				"south": {"uv": [7.375, 12, 7.5, 12.0625], "texture": "#0"},
				"west": {"uv": [10.5, 6.75, 13.1875, 6.8125], "texture": "#0"},
				"up": {"uv": [1.875, 11.8125, 1.75, 9.125], "texture": "#0"},
				"down": {"uv": [5.5, 9.125, 5.375, 11.8125], "texture": "#0"}
			}
		},
		{
			"from": [10, 2.4374, 19.25317],
			"to": [11, 2.92417, 21.99769],
			"rotation": {"angle": -22.5, "axis": "x", "origin": [10.5, 3.19745, 21.87817]},
			"faces": {
				"north": {"uv": [7.75, 12, 7.875, 12.0625], "texture": "#0"},
				"east": {"uv": [12, 0.625, 12.3125, 0.6875], "texture": "#0"},
				"south": {"uv": [12, 7.75, 12.125, 7.8125], "texture": "#0"},
				"west": {"uv": [12, 2.25, 12.3125, 2.3125], "texture": "#0"},
				"up": {"uv": [12.125, 0.3125, 12, 0], "texture": "#0"},
				"down": {"uv": [0.25, 12, 0.125, 12.3125], "texture": "#0"}
			}
		},
		{
			"from": [10, 2.49, 22.08933],
			"to": [11, 2.99, 28.99],
			"rotation": {"angle": 0, "axis": "y", "origin": [10, 1.5, 14.25]},
			"faces": {
				"north": {"uv": [7.5, 12, 7.625, 12.0625], "texture": "#0"},
				"east": {"uv": [10.25, 11.75, 11.125, 11.8125], "texture": "#0"},
				"south": {"uv": [7.625, 12, 7.75, 12.0625], "texture": "#0"},
				"west": {"uv": [11.125, 11.75, 12, 11.8125], "texture": "#0"},
				"up": {"uv": [7, 11.875, 6.875, 11], "texture": "#0"},
				"down": {"uv": [7.125, 11, 7, 11.875], "texture": "#0"}
			}
		},
		{
			"from": [9.5, 2.375, 24.08933],
			"to": [11.5, 3.125, 27.58933],
			"rotation": {"angle": 0, "axis": "y", "origin": [10, 1.5, 14.75]},
			"faces": {
				"north": {"uv": [5.25, 6.625, 5.5, 6.75], "texture": "#0"},
				"east": {"uv": [11.75, 11.625, 12.1875, 11.75], "texture": "#0"},
				"south": {"uv": [7.5, 5.125, 7.75, 5.25], "texture": "#0"},
				"west": {"uv": [2.375, 11.875, 2.8125, 12], "texture": "#0"},
				"up": {"uv": [1.125, 8.3125, 0.875, 7.875], "texture": "#0"},
				"down": {"uv": [7.75, 11, 7.5, 11.4375], "texture": "#0"}
			}
		},
		{
			"from": [0.5, 2.99, 24.25],
			"to": [8.5, 4.99, 28.25],
			"rotation": {"angle": 0, "axis": "y", "origin": [-0.25, 3, 26]},
			"faces": {
				"north": {"uv": [10.125, 2.5, 11.125, 2.75], "texture": "#0"},
				"east": {"uv": [2.875, 9.625, 3.375, 9.875], "texture": "#0"},
				"south": {"uv": [9, 10.125, 10, 10.375], "texture": "#0"},
				"west": {"uv": [11, 2.75, 11.5, 3], "texture": "#0"},
				"up": {"uv": [5.375, 9.625, 4.375, 9.125], "texture": "#0"},
				"down": {"uv": [8.5, 9.125, 7.5, 9.625], "texture": "#0"}
			}
		},
		{
			"from": [6.25, 1.75, 18],
			"to": [9.75, 3.75, 21],
			"rotation": {"angle": 0, "axis": "y", "origin": [7, 1.5, 9.5]},
			"faces": {
				"north": {"uv": [11, 4.125, 11.4375, 4.375], "texture": "#0"},
				"east": {"uv": [9, 11, 9.375, 11.25], "texture": "#0"},
				"south": {"uv": [11, 6.125, 11.4375, 6.375], "texture": "#0"},
				"west": {"uv": [1, 11.125, 1.375, 11.375], "texture": "#0"},
				"up": {"uv": [5.0625, 7.75, 4.625, 7.375], "texture": "#0"},
				"down": {"uv": [2.4375, 7.5, 2, 7.875], "texture": "#0"}
			}
		},
		{
			"from": [6.5, 1.5, -1.76],
			"to": [9.5, 3.5, 4.24],
			"rotation": {"angle": 0, "axis": "y", "origin": [6.5, 2.25, 1.75]},
			"faces": {
				"north": {"uv": [7.125, 11.125, 7.5, 11.375], "texture": "#0"},
				"east": {"uv": [7.5, 8.75, 8.25, 9], "texture": "#0"},
				"south": {"uv": [11, 11.125, 11.375, 11.375], "texture": "#0"},
				"west": {"uv": [10.5, 5.375, 11.25, 5.625], "texture": "#0"},
				"up": {"uv": [7.5, 10.625, 7.125, 9.875], "texture": "#0"},
				"down": {"uv": [2.875, 10, 2.5, 10.75], "texture": "#0"}
			}
		},
		{
			"from": [2.247, 3.54014, 15.84],
			"to": [2.247, 6.79014, 23.24],
			"rotation": {"angle": 0, "axis": "y", "origin": [-2.249, 7.54014, 20.81912]},
			"faces": {
				"north": {"uv": [0, 0, 0, 0.4375], "texture": "#0"},
				"east": {"uv": [9.25, 8.5, 10.1875, 8.9375], "texture": "#0"},
				"south": {"uv": [0, 0, 0, 0.4375], "texture": "#0"},
				"west": {"uv": [3.375, 9.375, 4.3125, 9.8125], "texture": "#0"},
				"up": {"uv": [0, 0.9375, 0, 0], "texture": "#0"},
				"down": {"uv": [0, 0, 0, 0.9375], "texture": "#0"}
			}
		},
		{
			"from": [-0.75, 2, -1.75],
			"to": [16.75, 2, 15.93019],
			"rotation": {"angle": 0, "axis": "y", "origin": [8, 2, 7.5]},
			"faces": {
				"north": {"uv": [0, 0, 2.1875, 0], "texture": "#0"},
				"east": {"uv": [0, 0, 2.1875, 0], "texture": "#0"},
				"south": {"uv": [0, 0, 2.1875, 0], "texture": "#0"},
				"west": {"uv": [0, 0, 2.1875, 0], "texture": "#0"},
				"up": {"uv": [2.1875, 2.1875, 0, 0], "texture": "#0"},
				"down": {"uv": [2.1875, 2.25, 0, 4.4375], "texture": "#0"}
			}
		},
		{
			"from": [-0.75, 9, -9.26777],
			"to": [0.25, 9, -1.73463],
			"rotation": {"angle": 0, "axis": "y", "origin": [8, 9, -8.75]},
			"faces": {
				"north": {"uv": [0, 0, 0.125, 0], "texture": "#0"},
				"east": {"uv": [0, 0, 0.9375, 0], "texture": "#0"},
				"south": {"uv": [0, 0, 0.125, 0], "texture": "#0"},
				"west": {"uv": [0, 0, 0.9375, 0], "texture": "#0"},
				"up": {"uv": [6.75, 11.8125, 6.625, 10.875], "texture": "#0", "tintindex": 1},
				"down": {"uv": [0.75, 11, 0.625, 11.9375], "texture": "#0", "tintindex": 1}
			}
		},
		{
			"from": [0.25, 9, -2.76777],
			"to": [15.75, 9, -2.23463],
			"rotation": {"angle": 0, "axis": "y", "origin": [8, 9, -8.75]},
			"faces": {
				"north": {"uv": [0, 0, 1.9375, 0], "texture": "#0"},
				"east": {"uv": [0, 0, 0.125, 0], "texture": "#0"},
				"south": {"uv": [0, 0, 1.9375, 0], "texture": "#0"},
				"west": {"uv": [0, 0, 0.125, 0], "texture": "#0"},
				"up": {"uv": [11.9375, 6.75, 10, 6.6875], "texture": "#0", "tintindex": 1},
				"down": {"uv": [12.0625, 9.375, 10.125, 9.4375], "texture": "#0", "tintindex": 1}
			}
		},
		{
			"from": [15.75, 9, -9.26777],
			"to": [16.75, 9, -1.73463],
			"rotation": {"angle": 0, "axis": "y", "origin": [8, 9, -8.75]},
			"faces": {
				"north": {"uv": [0, 0, 0.125, 0], "texture": "#0"},
				"east": {"uv": [0, 0, 0.9375, 0], "texture": "#0"},
				"south": {"uv": [0, 0, 0.125, 0], "texture": "#0"},
				"west": {"uv": [0, 0, 0.9375, 0], "texture": "#0"},
				"up": {"uv": [0.875, 11.9375, 0.75, 11], "texture": "#0", "tintindex": 1},
				"down": {"uv": [1, 11, 0.875, 11.9375], "texture": "#0", "tintindex": 1}
			}
		},
		{
			"from": [-0.75, 8.999, 22.60965],
			"to": [0.75, 8.999, 28.75],
			"rotation": {"angle": 0, "axis": "y", "origin": [8, 9, 23.56371]},
			"faces": {
				"north": {"uv": [0, 0, 0.1875, 0], "texture": "#0"},
				"east": {"uv": [0, 0, 0.75, 0], "texture": "#0"},
				"south": {"uv": [0, 0, 0.1875, 0], "texture": "#0"},
				"west": {"uv": [0, 0, 0.75, 0], "texture": "#0"},
				"up": {"uv": [0.5625, 11.625, 0.375, 10.875], "texture": "#0", "tintindex": 1},
				"down": {"uv": [3.6875, 10.875, 3.5, 11.625], "texture": "#0"}
			}
		},
		{
			"from": [-0.75, 8.999, 16.60965],
			"to": [16.75, 8.999, 22.05965],
			"rotation": {"angle": 0, "axis": "y", "origin": [8, 9, 16.61]},
			"faces": {
				"north": {"uv": [0, 0, 2.1875, 0], "texture": "#0"},
				"east": {"uv": [0.11125, 0, 0.75, 0], "texture": "#0"},
				"south": {"uv": [0, 0, 2.1875, 0], "texture": "#0"},
				"west": {"uv": [0, 0, 0.63875, 0], "texture": "#0"},
				"up": {"uv": [6.6875, 2.75, 4.5, 2.125], "texture": "#0"},
				"down": {"uv": [4.4375, 4.61125, 2.25, 5.23625], "texture": "#0"}
			}
		},
		{
			"from": [-0.75, 8.999, 22.05965],
			"to": [16.75, 8.999, 22.60965],
			"rotation": {"angle": 0, "axis": "y", "origin": [8, 9, 16.95]},
			"faces": {
				"north": {"uv": [0, 0, 2.1875, 0], "texture": "#0"},
				"east": {"uv": [0, 0, 0.11125, 0], "texture": "#0"},
				"south": {"uv": [0, 0, 2.1875, 0], "texture": "#0"},
				"west": {"uv": [0.63875, 0, 0.75, 0], "texture": "#0"},
				"up": {"uv": [6.6875, 2.0625, 4.5, 2], "texture": "#0", "tintindex": 1},
				"down": {"uv": [4.4375, 4.5, 2.25, 4.5625], "texture": "#0"}
			}
		},
		{
			"from": [15.25, 8.999, 22.60965],
			"to": [16.75, 8.999, 28.75],
			"rotation": {"angle": 0, "axis": "y", "origin": [8, 9, 23.56371]},
			"faces": {
				"north": {"uv": [0, 0, 0.1875, 0], "texture": "#0"},
				"east": {"uv": [0, 0, 0.75, 0], "texture": "#0"},
				"south": {"uv": [0, 0, 0.1875, 0], "texture": "#0"},
				"west": {"uv": [0, 0, 0.75, 0], "texture": "#0"},
				"up": {"uv": [6.1875, 11.625, 6, 10.875], "texture": "#0", "tintindex": 1},
				"down": {"uv": [6.4375, 10.875, 6.25, 11.625], "texture": "#0"}
			}
		},
		{
			"from": [2.25, 4.999, 16.82159],
			"to": [13.75, 4.999, 23.04594],
			"rotation": {"angle": 0, "axis": "y", "origin": [5, 5, 23.70153]},
			"faces": {
				"north": {"uv": [0, 0, 1.4375, 0], "texture": "#0"},
				"east": {"uv": [0, 0, 0.75, 0], "texture": "#0"},
				"south": {"uv": [0, 0, 1.4375, 0], "texture": "#0"},
				"west": {"uv": [0, 0, 0.75, 0], "texture": "#0"},
				"up": {"uv": [8.1875, 1.625, 6.75, 0.875], "texture": "#0"},
				"down": {"uv": [2.5625, 6.75, 1.125, 7.5], "texture": "#0"}
			}
		},
		{
			"from": [-0.75, 4.999, 23.04594],
			"to": [16.75, 4.999, 28.75],
			"rotation": {"angle": 0, "axis": "y", "origin": [8, 5, 29.06371]},
			"faces": {
				"north": {"uv": [0, 0, 2.1875, 0], "texture": "#0"},
				"east": {"uv": [0, 0, 0.6875, 0], "texture": "#0"},
				"south": {"uv": [0, 0, 2.1875, 0], "texture": "#0"},
				"west": {"uv": [0, 0, 0.6875, 0], "texture": "#0"},
				"up": {"uv": [7.6875, 5.9375, 5.5, 5.25], "texture": "#0"},
				"down": {"uv": [3.3125, 6, 1.125, 6.6875], "texture": "#0"}
			}
		},
		{
			"from": [-0.75, 10.94822, -3.32843],
			"to": [16.75, 10.94822, 4.67678],
			"rotation": {"angle": -45, "axis": "x", "origin": [8, 10.94922, -0.57322]},
			"faces": {
				"north": {"uv": [0, 0, 2.1875, 0], "texture": "#0"},
				"east": {"uv": [0, 0, 1, 0], "texture": "#0"},
				"south": {"uv": [0, 0, 2.1875, 0], "texture": "#0"},
				"west": {"uv": [0, 0, 1, 0], "texture": "#0"},
				"up": {"uv": [4.4375, 4.5, 2.25, 3.5], "texture": "#0", "tintindex": 1},
				"down": {"uv": [2.1875, 4.5, 0, 5.5], "texture": "#0"}
			}
		},
		{
			"from": [-0.75, 14.66053, 3.13909],
			"to": [16.75, 14.66053, 16.40685],
			"rotation": {"angle": 0, "axis": "y", "origin": [8, 14.66153, 5.15685]},
			"faces": {
				"north": {"uv": [0, 0, 2.1875, 0], "texture": "#0"},
				"east": {"uv": [0, 0, 1.6875, 0], "texture": "#0"},
				"south": {"uv": [0, 0, 2.1875, 0], "texture": "#0"},
				"west": {"uv": [0, 0, 1.6875, 0], "texture": "#0"},
				"up": {"uv": [4.4375, 1.6875, 2.25, 0], "texture": "#0", "tintindex": 1},
				"down": {"uv": [4.4375, 1.75, 2.25, 3.4375], "texture": "#0"}
			}
		},
		{
			"from": [-0.75, 7.25232, 17.84867],
			"to": [16.75, 15.27232, 17.84867],
			"rotation": {"angle": -45, "axis": "x", "origin": [8, 13.22529, 17.86554]},
			"faces": {
				"north": {"uv": [4.5, 0, 6.6875, 1], "texture": "#0"},
				"east": {"uv": [2, 11.375, 2.0625, 12.375], "texture": "#0"},
				"south": {"uv": [4.5, 1, 6.6875, 2], "texture": "#0", "tintindex": 1},
				"west": {"uv": [8.25, 11.375, 8.3125, 12.375], "texture": "#0"},
				"up": {"uv": [12.8125, 4.5625, 10.625, 4.5], "texture": "#0"},
				"down": {"uv": [12.8125, 4.625, 10.625, 4.6875], "texture": "#0"}
			}
		},
		{
			"from": [16.748, 5.7, 15.4],
			"to": [16.748, 6.95, 17.16777],
			"rotation": {"angle": -45, "axis": "x", "origin": [16.75, 6.40793, 15.95818]},
			"faces": {
				"north": {"uv": [0, 0, 0, 0.1875], "texture": "#0"},
				"east": {"uv": [11.875, 3.25, 12.125, 3.4375], "texture": "#0", "tintindex": 1},
				"south": {"uv": [0, 0, 0, 0.1875], "texture": "#0"},
				"west": {"uv": [3.375, 11.875, 3.625, 12.0625], "texture": "#0"},
				"up": {"uv": [0, 0.25, 0, 0], "texture": "#0"},
				"down": {"uv": [0, 0, 0, 0.25], "texture": "#0"}
			}
		},
		{
			"from": [-0.751, 2, -1.75],
			"to": [-0.751, 9, -0.5],
			"rotation": {"angle": 0, "axis": "y", "origin": [-0.75, 7.75, 6.5]},
			"faces": {
				"north": {"uv": [0, 0, 0, 0.875], "texture": "#0"},
				"east": {"uv": [9.75, 10.375, 9.9375, 11.25], "texture": "#0"},
				"south": {"uv": [0, 0, 0, 0.875], "texture": "#0"},
				"west": {"uv": [1.875, 10.5, 2.0625, 11.375], "texture": "#0", "tintindex": 1},
				"up": {"uv": [0, 0.1875, 0, 0], "texture": "#0"},
				"down": {"uv": [0, 0, 0, 0.1875], "texture": "#0"}
			}
		},
		{
			"from": [-0.749, 8.87, -2],
			"to": [-0.749, 10.5, -0.5],
			"rotation": {"angle": 0, "axis": "y", "origin": [-0.75, 14.75, 6.5]},
			"faces": {
				"north": {"uv": [0, 0, 0, 0.1875], "texture": "#0"},
				"east": {"uv": [0.625, 12, 0.8125, 12.1875], "texture": "#0"},
				"south": {"uv": [0, 0, 0, 0.1875], "texture": "#0"},
				"west": {"uv": [0.875, 12, 1.0625, 12.1875], "texture": "#0", "tintindex": 1},
				"up": {"uv": [0, 0.1875, 0, 0], "texture": "#0"},
				"down": {"uv": [0, 0, 0, 0.1875], "texture": "#0"}
			}
		},
		{
			"from": [-0.749, 2, -0.5],
			"to": [-0.749, 2.5, 15.93019],
			"rotation": {"angle": 0, "axis": "y", "origin": [-0.75, 7.75, 6.5]},
			"faces": {
				"north": {"uv": [0, 0, 0, 0.0625], "texture": "#0"},
				"east": {"uv": [10.75, 9.125, 12.8125, 9.1875], "texture": "#0"},
				"south": {"uv": [0, 0, 0, 0.0625], "texture": "#0"},
				"west": {"uv": [10.75, 9.25, 12.8125, 9.3125], "texture": "#0", "tintindex": 1},
				"up": {"uv": [0, 2.0625, 0, 0], "texture": "#0"},
				"down": {"uv": [0, 0, 0, 2.0625], "texture": "#0"}
			}
		},
		{
			"from": [-0.749, 2.5, 15],
			"to": [-0.749, 8.86, 15.93019],
			"rotation": {"angle": 0, "axis": "y", "origin": [-0.75, 7.75, 9]},
			"faces": {
				"north": {"uv": [0, 0, 0, 0.8125], "texture": "#0"},
				"east": {"uv": [7.75, 11, 7.875, 11.8125], "texture": "#0"},
				"south": {"uv": [0, 0, 0, 0.8125], "texture": "#0"},
				"west": {"uv": [7.875, 11, 8, 11.8125], "texture": "#0", "tintindex": 1},
				"up": {"uv": [0, 0.125, 0, 0], "texture": "#0"},
				"down": {"uv": [0, 0, 0, 0.125], "texture": "#0"}
			}
		},
		{
			"from": [-0.75, 2.5, 23.2],
			"to": [-0.75, 9, 28.75],
			"rotation": {"angle": 0, "axis": "y", "origin": [-0.75, 7.75, 23.5]},
			"faces": {
				"north": {"uv": [0, 0, 0, 0.8125], "texture": "#0"},
				"east": {"uv": [1.875, 8.75, 2.5625, 9.5625], "texture": "#0"},
				"south": {"uv": [0, 0, 0, 0.8125], "texture": "#0"},
				"west": {"uv": [2.625, 8.75, 3.3125, 9.5625], "texture": "#0", "tintindex": 1},
				"up": {"uv": [0, 0.6875, 0, 0], "texture": "#0"},
				"down": {"uv": [0, 0, 0, 0.6875], "texture": "#0"}
			}
		},
		{
			"from": [-0.751, 6.5, -9.26777],
			"to": [-0.751, 9, -1.75],
			"rotation": {"angle": 0, "axis": "y", "origin": [-0.75, 3.54289, -4]},
			"faces": {
				"north": {"uv": [0, 0, 0, 0.3125], "texture": "#0"},
				"east": {"uv": [9.5, 2, 10.4375, 2.3125], "texture": "#0", "tintindex": 1},
				"south": {"uv": [0, 0, 0, 0.3125], "texture": "#0"},
				"west": {"uv": [9.5, 6.75, 10.4375, 7.0625], "texture": "#0", "tintindex": 1},
				"up": {"uv": [0, 0.9375, 0, 0], "texture": "#0"},
				"down": {"uv": [0, 0, 0, 0.9375], "texture": "#0"}
			}
		},
		{
			"from": [-1, 6.75, -7.33237],
			"to": [3.5, 7.5, -3.62652],
			"rotation": {"angle": 0, "axis": "y", "origin": [-0.75, 3.54289, -4]},
			"faces": {
				"north": {"uv": [11.125, 1.875, 11.6875, 2], "texture": "#0"},
				"east": {"uv": [11.625, 11, 12.0625, 11.125], "texture": "#0"},
				"south": {"uv": [11.25, 3.25, 11.8125, 3.375], "texture": "#0"},
				"west": {"uv": [11.25, 11.625, 11.6875, 11.75], "texture": "#0", "tintindex": 1},
				"up": {"uv": [1.5625, 10.5625, 1, 10.125], "texture": "#0", "tintindex": 1},
				"down": {"uv": [3.4375, 10.25, 2.875, 10.6875], "texture": "#0"}
			}
		},
		{
			"from": [-0.748, 3.75, -4],
			"to": [-0.748, 5, -1.73223],
			"rotation": {"angle": 45, "axis": "x", "origin": [-0.75, 4.375, -0.00888]},
			"faces": {
				"north": {"uv": [0, 0, 0, 0.1875], "texture": "#0"},
				"east": {"uv": [10.5, 11.5, 10.8125, 11.6875], "texture": "#0", "tintindex": 1},
				"south": {"uv": [0, 0, 0, 0.1875], "texture": "#0"},
				"west": {"uv": [10.875, 11.5, 11.1875, 11.6875], "texture": "#0", "tintindex": 1},
				"up": {"uv": [0, 0.3125, 0, 0], "texture": "#0"},
				"down": {"uv": [0, 0, 0, 0.3125], "texture": "#0"}
			}
		},
		{
			"from": [-0.999, 3.28769, -4.75],
			"to": [3.501, 4.03769, -1.23223],
			"rotation": {"angle": 45, "axis": "x", "origin": [-0.75, 4.41269, -0.00888]},
			"faces": {
				"north": {"uv": [3.875, 11.375, 4.4375, 11.5], "texture": "#0"},
				"east": {"uv": [11.625, 11.375, 12.0625, 11.5], "texture": "#0"},
				"south": {"uv": [11.375, 7.75, 11.9375, 7.875], "texture": "#0", "tintindex": 1},
				"west": {"uv": [11.625, 11.5, 12.0625, 11.625], "texture": "#0", "tintindex": 1},
				"up": {"uv": [6.0625, 10.6875, 5.5, 10.25], "texture": "#0", "tintindex": 1},
				"down": {"uv": [10.8125, 8.5, 10.25, 8.9375], "texture": "#0"}
			}
		},
		{
			"from": [-0.748, 5.7, -10.1],
			"to": [-0.748, 6.95, -7.83223],
			"rotation": {"angle": -45, "axis": "x", "origin": [-0.75, 6.40793, -9.04182]},
			"faces": {
				"north": {"uv": [0, 0, 0, 0.1875], "texture": "#0"},
				"east": {"uv": [11.625, 0, 11.9375, 0.1875], "texture": "#0", "tintindex": 1},
				"south": {"uv": [0, 0, 0, 0.1875], "texture": "#0"},
				"west": {"uv": [11.625, 0.25, 11.9375, 0.4375], "texture": "#0", "tintindex": 1},
				"up": {"uv": [0, 0.3125, 0, 0], "texture": "#0"},
				"down": {"uv": [0, 0, 0, 0.3125], "texture": "#0"}
			}
		},
		{
			"from": [-0.999, 5.23024, -11.1],
			"to": [3.501, 5.98024, -7.08223],
			"rotation": {"angle": -45, "axis": "x", "origin": [-0.75, 6.43817, -9.04182]},
			"faces": {
				"north": {"uv": [11.375, 7.875, 11.9375, 8], "texture": "#0"},
				"east": {"uv": [11.5, 3.625, 12, 3.75], "texture": "#0"},
				"south": {"uv": [11.375, 8, 11.9375, 8.125], "texture": "#0"},
				"west": {"uv": [11.5, 3.75, 12, 3.875], "texture": "#0", "tintindex": 1},
				"up": {"uv": [4.4375, 10.5, 3.875, 10], "texture": "#0", "tintindex": 1},
				"down": {"uv": [10.5625, 4.25, 10, 4.75], "texture": "#0"}
			}
		},
		{
			"from": [-0.999, 3.28769, 20.25],
			"to": [2.25, 4.03769, 23.76777],
			"rotation": {"angle": 45, "axis": "x", "origin": [-0.75, 4.41269, 24.99112]},
			"faces": {
				"north": {"uv": [6, 11.875, 6.375, 12], "texture": "#0"},
				"east": {"uv": [4.875, 11.75, 5.3125, 11.875], "texture": "#0"},
				"south": {"uv": [6.375, 11.875, 6.75, 12], "texture": "#0", "tintindex": 1},
				"west": {"uv": [11.75, 4.875, 12.1875, 5], "texture": "#0", "tintindex": 1},
				"up": {"uv": [11, 4.4375, 10.625, 4], "texture": "#0", "tintindex": 1},
				"down": {"uv": [11, 6.125, 10.625, 6.5625], "texture": "#0"}
			}
		},
		{
			"from": [-1, 6.75, 17.66763],
			"to": [2.249, 7.5, 21.37348],
			"rotation": {"angle": 0, "axis": "y", "origin": [-0.75, 3.54289, 21]},
			"faces": {
				"north": {"uv": [5.25, 11.875, 5.625, 12], "texture": "#0"},
				"east": {"uv": [11.75, 3, 12.1875, 3.125], "texture": "#0"},
				"south": {"uv": [5.625, 11.875, 6, 12], "texture": "#0"},
				"west": {"uv": [11.75, 3.125, 12.1875, 3.25], "texture": "#0", "tintindex": 1},
				"up": {"uv": [1.375, 11.0625, 1, 10.625], "texture": "#0", "tintindex": 1},
				"down": {"uv": [11, 3.5, 10.625, 3.9375], "texture": "#0"}
			}
		},
		{
			"from": [-0.999, 5.23024, 14.4],
			"to": [-0.749, 5.98024, 17.91777],
			"rotation": {"angle": -45, "axis": "x", "origin": [-0.75, 6.43817, 15.95818]},
			"faces": {
				"north": {"uv": [6.75, 12, 6.8125, 12.125], "texture": "#0", "tintindex": 1},
				"east": {"uv": [11.75, 1.875, 12.1875, 2], "texture": "#0"},
				"south": {"uv": [6.875, 12, 6.9375, 12.125], "texture": "#0"},
				"west": {"uv": [11.75, 2.375, 12.1875, 2.5], "texture": "#0", "tintindex": 1},
				"up": {"uv": [2.5625, 12.4375, 2.5, 12], "texture": "#0", "tintindex": 1},
				"down": {"uv": [2.6875, 12, 2.625, 12.4375], "texture": "#0"}
			}
		},
		{
			"from": [-0.749, 5.23024, 14.4],
			"to": [2.25, 5.98024, 17.91777],
			"rotation": {"angle": -45, "axis": "x", "origin": [-0.75, 6.43817, 15.95818]},
			"faces": {
				"north": {"uv": [8.75, 11.875, 9.125, 12], "texture": "#0"},
				"east": {"uv": [11.75, 8.125, 12.1875, 8.25], "texture": "#0"},
				"south": {"uv": [9.75, 11.875, 10.125, 12], "texture": "#0"},
				"west": {"uv": [8.625, 11.75, 9.0625, 11.875], "texture": "#0", "tintindex": 0},
				"up": {"uv": [7.5, 11.0625, 7.125, 10.625], "texture": "#0"},
				"down": {"uv": [11, 10.25, 10.625, 10.6875], "texture": "#0"}
			}
		},
		{
			"from": [-0.748, 2.001, 15.18019],
			"to": [2.252, 5.01356, 15.93019],
			"rotation": {"angle": 0, "axis": "y", "origin": [-0.75, 3.05298, 14.72226]},
			"faces": {
				"north": {"uv": [10.75, 10.75, 11.125, 11.125], "texture": "#0"},
				"east": {"uv": [0.75, 8.75, 0.875, 9.125], "texture": "#0"},
				"south": {"uv": [0, 10.875, 0.375, 11.25], "texture": "#0"},
				"west": {"uv": [4.25, 11.625, 4.375, 12], "texture": "#0", "tintindex": 0},
				"up": {"uv": [7.125, 12, 6.75, 11.875], "texture": "#0"},
				"down": {"uv": [7.5, 11.875, 7.125, 12], "texture": "#0"}
			}
		},
		{
			"from": [-0.499, 3.25901, -10.17336],
			"to": [3.501, 4.65901, -9.42336],
			"rotation": {"angle": 0, "axis": "y", "origin": [-1.25, 2.81719, -10.6313]},
			"faces": {
				"north": {"uv": [11.125, 10.625, 11.625, 10.8125], "texture": "#0"},
				"east": {"uv": [3.625, 11.625, 3.75, 11.8125], "texture": "#0"},
				"south": {"uv": [11.125, 10.875, 11.625, 11.0625], "texture": "#0"},
				"west": {"uv": [7.375, 11.625, 7.5, 11.8125], "texture": "#0", "tintindex": 0},
				"up": {"uv": [4.375, 11.625, 3.875, 11.5], "texture": "#0"},
				"down": {"uv": [12, 4.125, 11.5, 4.25], "texture": "#0"}
			}
		},
		{
			"from": [-0.751, 6.75, 15.93019],
			"to": [-0.751, 9, 23.2],
			"rotation": {"angle": 0, "axis": "y", "origin": [-0.75, 3.54289, 21]},
			"faces": {
				"north": {"uv": [0, 0, 0, 0.3125], "texture": "#0"},
				"east": {"uv": [7.5, 9.625, 8.4375, 9.9375], "texture": "#0"},
				"south": {"uv": [0, 0, 0, 0.3125], "texture": "#0"},
				"west": {"uv": [9.75, 3, 10.6875, 3.3125], "texture": "#0", "tintindex": 1},
				"up": {"uv": [0, 0.9375, 0, 0], "texture": "#0"},
				"down": {"uv": [0, 0, 0, 0.9375], "texture": "#0"}
			}
		},
		{
			"from": [-0.749, 3.75, 21],
			"to": [-0.749, 5, 23.26777],
			"rotation": {"angle": 45, "axis": "x", "origin": [-0.75, 4.375, 24.99112]},
			"faces": {
				"north": {"uv": [0, 0, 0, 0.1875], "texture": "#0"},
				"east": {"uv": [2.5, 11.625, 2.8125, 11.8125], "texture": "#0"},
				"south": {"uv": [0, 0, 0, 0.1875], "texture": "#0"},
				"west": {"uv": [11.625, 2.5, 11.9375, 2.6875], "texture": "#0", "tintindex": 1},
				"up": {"uv": [0, 0.3125, 0, 0], "texture": "#0"},
				"down": {"uv": [0, 0, 0, 0.3125], "texture": "#0"}
			}
		},
		{
			"from": [-0.748, 5.7, 15.4],
			"to": [-0.748, 6.95, 17.16777],
			"rotation": {"angle": -45, "axis": "x", "origin": [-0.75, 6.40793, 15.95818]},
			"faces": {
				"north": {"uv": [0, 0, 0, 0.1875], "texture": "#0"},
				"east": {"uv": [3.625, 11.875, 3.875, 12.0625], "texture": "#0"},
				"south": {"uv": [0, 0, 0, 0.1875], "texture": "#0"},
				"west": {"uv": [3.875, 11.875, 4.125, 12.0625], "texture": "#0", "tintindex": 1},
				"up": {"uv": [0, 0.25, 0, 0], "texture": "#0"},
				"down": {"uv": [0, 0, 0, 0.25], "texture": "#0"}
			}
		},
		{
			"from": [-0.749, 5.04289, -12.76777],
			"to": [-0.749, 7.54289, -9.26777],
			"rotation": {"angle": 0, "axis": "y", "origin": [-0.75, 7.79289, -4.01777]},
			"faces": {
				"north": {"uv": [0, 0, 0, 0.3125], "texture": "#0"},
				"east": {"uv": [10.875, 7.75, 11.3125, 8.0625], "texture": "#0", "tintindex": 1},
				"south": {"uv": [0, 0, 0, 0.3125], "texture": "#0"},
				"west": {"uv": [8.5, 10.875, 8.9375, 11.1875], "texture": "#0", "tintindex": 1},
				"up": {"uv": [0, 0.4375, 0, 0], "texture": "#0"},
				"down": {"uv": [0, 0, 0, 0.4375], "texture": "#0"}
			}
		},
		{
			"from": [-0.75, 5.04289, -12.76777],
			"to": [16.75, 7.54289, -12.76777],
			"rotation": {"angle": 0, "axis": "y", "origin": [-0.75, 7.79289, -4.01777]},
			"faces": {
				"north": {"uv": [8.25, 0.875, 10.4375, 1.1875], "texture": "#0"},
				"east": {"uv": [0, 0, 0, 0.3125], "texture": "#0"},
				"south": {"uv": [8.25, 1.25, 10.4375, 1.5625], "texture": "#0", "tintindex": 1},
				"west": {"uv": [0, 0, 0, 0.3125], "texture": "#0", "tintindex": 0},
				"up": {"uv": [2.1875, 0, 0, 0], "texture": "#0"},
				"down": {"uv": [2.1875, 0, 0, 0], "texture": "#0"}
			}
		},
		{
			"from": [-0.75, 6.88739, -12.63738],
			"to": [-0.75, 8.38739, -8.82978],
			"rotation": {"angle": -22.5, "axis": "x", "origin": [-0.75, 7.63739, -10.57978]},
			"faces": {
				"north": {"uv": [0, 0, 0, 0.1875], "texture": "#0"},
				"east": {"uv": [3.875, 11.125, 4.375, 11.3125], "texture": "#0", "tintindex": 1},
				"south": {"uv": [0, 0, 0, 0.1875], "texture": "#0"},
				"west": {"uv": [4.375, 11.125, 4.875, 11.3125], "texture": "#0", "tintindex": 1},
				"up": {"uv": [0, 0.5, 0, 0], "texture": "#0"},
				"down": {"uv": [0, 0, 0, 0.5], "texture": "#0"}
			}
		},
		{
			"from": [-0.75, 8.38647, -12.63701],
			"to": [0.25, 8.38647, -8.8294],
			"rotation": {"angle": -22.5, "axis": "x", "origin": [-0.75, 7.63647, -10.5794]},
			"faces": {
				"north": {"uv": [0, 0, 0.125, 0], "texture": "#0"},
				"east": {"uv": [0, 0, 0.5, 0], "texture": "#0"},
				"south": {"uv": [0, 0, 0.125, 0], "texture": "#0"},
				"west": {"uv": [0, 0, 0.5, 0], "texture": "#0"},
				"up": {"uv": [2.25, 6, 2.125, 5.5], "texture": "#0", "tintindex": 1},
				"down": {"uv": [3.375, 6.75, 3.25, 7.25], "texture": "#0", "tintindex": 1}
			}
		},
		{
			"from": [15.75, 8.38647, -12.63701],
			"to": [16.75, 8.38647, -8.8294],
			"rotation": {"angle": -22.5, "axis": "x", "origin": [-0.749, 7.63647, -10.5794]},
			"faces": {
				"north": {"uv": [0, 0, 0.125, 0], "texture": "#0"},
				"east": {"uv": [0, 0, 0.5, 0], "texture": "#0"},
				"south": {"uv": [0, 0, 0.125, 0], "texture": "#0"},
				"west": {"uv": [0, 0, 0.5, 0], "texture": "#0", "tintindex": 0},
				"up": {"uv": [8.5, 11.875, 8.375, 11.375], "texture": "#0", "tintindex": 1},
				"down": {"uv": [4.5, 11.5, 4.375, 12], "texture": "#0", "tintindex": 1}
			}
		},
		{
			"from": [16.75, 6.88739, -12.63738],
			"to": [16.75, 8.38739, -8.82978],
			"rotation": {"angle": -22.5, "axis": "x", "origin": [16.75, 7.63739, -10.57978]},
			"faces": {
				"north": {"uv": [0, 0, 0, 0.1875], "texture": "#0"},
				"east": {"uv": [11.125, 1.625, 11.625, 1.8125], "texture": "#0", "tintindex": 1},
				"south": {"uv": [0, 0, 0, 0.1875], "texture": "#0"},
				"west": {"uv": [11.125, 2.5, 11.625, 2.6875], "texture": "#0", "tintindex": 1},
				"up": {"uv": [0, 0.5, 0, 0], "texture": "#0"},
				"down": {"uv": [0, 0, 0, 0.5], "texture": "#0"}
			}
		},
		{
			"from": [16.75, 2.5, 23.2],
			"to": [16.75, 9, 28.75],
			"rotation": {"angle": 0, "axis": "y", "origin": [16.75, 7.75, 23.5]},
			"faces": {
				"north": {"uv": [0, 0, 0, 0.8125], "texture": "#0"},
				"east": {"uv": [0, 8.75, 0.6875, 9.5625], "texture": "#0", "tintindex": 1},
				"south": {"uv": [0, 0, 0, 0.8125], "texture": "#0"},
				"west": {"uv": [8.75, 1.625, 9.4375, 2.4375], "texture": "#0"},
				"up": {"uv": [0, 0.6875, 0, 0], "texture": "#0"},
				"down": {"uv": [0, 0, 0, 0.6875], "texture": "#0"}
			}
		},
		{
			"from": [16.749, 5.04289, -12.76777],
			"to": [16.749, 7.54289, -9.26777],
			"rotation": {"angle": 0, "axis": "y", "origin": [16.75, 7.79289, -4.01777]},
			"faces": {
				"north": {"uv": [0, 0, 0, 0.3125], "texture": "#0"},
				"east": {"uv": [10.875, 8.5, 11.3125, 8.8125], "texture": "#0", "tintindex": 1},
				"south": {"uv": [0, 0, 0, 0.3125], "texture": "#0"},
				"west": {"uv": [11, 3.5, 11.4375, 3.8125], "texture": "#0", "tintindex": 1},
				"up": {"uv": [0, 0.4375, 0, 0], "texture": "#0"},
				"down": {"uv": [0, 0, 0, 0.4375], "texture": "#0"}
			}
		},
		{
			"from": [16.751, 6.75, 15.93019],
			"to": [16.751, 9, 23.2],
			"rotation": {"angle": 0, "axis": "y", "origin": [16.75, 3.54289, 21]},
			"faces": {
				"north": {"uv": [0, 0, 0, 0.3125], "texture": "#0"},
				"east": {"uv": [1.875, 9.625, 2.8125, 9.9375], "texture": "#0", "tintindex": 1},
				"south": {"uv": [0, 0, 0, 0.3125], "texture": "#0"},
				"west": {"uv": [4.375, 9.625, 5.3125, 9.9375], "texture": "#0"},
				"up": {"uv": [0, 0.9375, 0, 0], "texture": "#0"},
				"down": {"uv": [0, 0, 0, 0.9375], "texture": "#0"}
			}
		},
		{
			"from": [16.749, 3.75, 21],
			"to": [16.749, 5, 23.26777],
			"rotation": {"angle": 45, "axis": "x", "origin": [16.75, 4.375, 24.99112]},
			"faces": {
				"north": {"uv": [0, 0, 0, 0.1875], "texture": "#0"},
				"east": {"uv": [11.625, 0.5, 11.9375, 0.6875], "texture": "#0", "tintindex": 1},
				"south": {"uv": [0, 0, 0, 0.1875], "texture": "#0"},
				"west": {"uv": [11.625, 1.625, 11.9375, 1.8125], "texture": "#0"},
				"up": {"uv": [0, 0.3125, 0, 0], "texture": "#0"},
				"down": {"uv": [0, 0, 0, 0.3125], "texture": "#0"}
			}
		},
		{
			"from": [12.499, 3.25901, -10.17336],
			"to": [16.499, 4.65901, -9.42336],
			"rotation": {"angle": 0, "axis": "y", "origin": [17.25, 2.81719, -10.6313]},
			"faces": {
				"north": {"uv": [10, 11.125, 10.5, 11.3125], "texture": "#0"},
				"east": {"uv": [5, 10.5, 5.125, 10.6875], "texture": "#0", "tintindex": 0},
				"south": {"uv": [10.5, 11.125, 11, 11.3125], "texture": "#0"},
				"west": {"uv": [2.875, 11.625, 3, 11.8125], "texture": "#0"},
				"up": {"uv": [4.375, 10, 3.875, 9.875], "texture": "#0"},
				"down": {"uv": [3, 11.5, 2.5, 11.625], "texture": "#0"}
			}
		},
		{
			"from": [-0.749, 3.61256, 23.2],
			"to": [2.251, 5.01256, 23.95],
			"rotation": {"angle": 0, "axis": "y", "origin": [-0.751, 3.17075, 22.65298]},
			"faces": {
				"north": {"uv": [11.25, 11.375, 11.625, 11.5625], "texture": "#0"},
				"east": {"uv": [12, 3.625, 12.125, 3.8125], "texture": "#0"},
				"south": {"uv": [1.25, 11.5, 1.625, 11.6875], "texture": "#0"},
				"west": {"uv": [12, 4.125, 12.125, 4.3125], "texture": "#0", "tintindex": 0},
				"up": {"uv": [7.875, 12, 7.5, 11.875], "texture": "#0"},
				"down": {"uv": [12.25, 7.5, 11.875, 7.625], "texture": "#0"}
			}
		},
		{
			"from": [13.749, 3.61256, 23.2],
			"to": [16.749, 5.01256, 23.95],
			"rotation": {"angle": 0, "axis": "y", "origin": [16.751, 3.17075, 22.65298]},
			"faces": {
				"north": {"uv": [4.5, 11.375, 4.875, 11.5625], "texture": "#0"},
				"east": {"uv": [12, 1.625, 12.125, 1.8125], "texture": "#0", "tintindex": 0},
				"south": {"uv": [7.125, 11.375, 7.5, 11.5625], "texture": "#0"},
				"west": {"uv": [12, 2.5, 12.125, 2.6875], "texture": "#0"},
				"up": {"uv": [12.25, 7.375, 11.875, 7.25], "texture": "#0"},
				"down": {"uv": [12.25, 7.375, 11.875, 7.5], "texture": "#0"}
			}
		},
		{
			"from": [13.75, 3.28769, 20.25],
			"to": [16.999, 4.03769, 23.76777],
			"rotation": {"angle": 45, "axis": "x", "origin": [16.75, 4.41269, 24.99112]},
			"faces": {
				"north": {"uv": [6.125, 10.25, 6.5, 10.375], "texture": "#0"},
				"east": {"uv": [11.625, 0.75, 12.0625, 0.875], "texture": "#0", "tintindex": 1},
				"south": {"uv": [11.875, 3.875, 12.25, 4], "texture": "#0", "tintindex": 1},
				"west": {"uv": [5.5, 11.625, 5.9375, 11.75], "texture": "#0"},
				"up": {"uv": [2.5, 10.9375, 2.125, 10.5], "texture": "#0", "tintindex": 1},
				"down": {"uv": [7.875, 10.5, 7.5, 10.9375], "texture": "#0"}
			}
		},
		{
			"from": [13.751, 6.75, 17.66763],
			"to": [17, 7.5, 21.37348],
			"rotation": {"angle": 0, "axis": "y", "origin": [16.75, 3.54289, 21]},
			"faces": {
				"north": {"uv": [11.875, 4, 12.25, 4.125], "texture": "#0"},
				"east": {"uv": [6, 11.625, 6.4375, 11.75], "texture": "#0", "tintindex": 1},
				"south": {"uv": [11.875, 4.375, 12.25, 4.5], "texture": "#0"},
				"west": {"uv": [8.625, 11.625, 9.0625, 11.75], "texture": "#0"},
				"up": {"uv": [10.875, 8.1875, 10.5, 7.75], "texture": "#0", "tintindex": 1},
				"down": {"uv": [8.25, 10.5, 7.875, 10.9375], "texture": "#0"}
			}
		},
		{
			"from": [16.751, 6.5, -9.26777],
			"to": [16.751, 9, -1.75],
			"rotation": {"angle": 0, "axis": "y", "origin": [16.75, 3.54289, -4]},
			"faces": {
				"north": {"uv": [0, 0, 0, 0.3125], "texture": "#0"},
				"east": {"uv": [9, 9.75, 9.9375, 10.0625], "texture": "#0", "tintindex": 1},
				"south": {"uv": [0, 0, 0, 0.3125], "texture": "#0"},
				"west": {"uv": [2.875, 9.875, 3.8125, 10.1875], "texture": "#0", "tintindex": 1},
				"up": {"uv": [0, 0.9375, 0, 0], "texture": "#0"},
				"down": {"uv": [0, 0, 0, 0.9375], "texture": "#0"}
			}
		},
		{
			"from": [16.748, 3.75, -4],
			"to": [16.748, 5, -1.73223],
			"rotation": {"angle": 45, "axis": "x", "origin": [16.75, 4.375, -0.00888]},
			"faces": {
				"north": {"uv": [0, 0, 0, 0.1875], "texture": "#0"},
				"east": {"uv": [3.25, 11.625, 3.5625, 11.8125], "texture": "#0", "tintindex": 1},
				"south": {"uv": [0, 0, 0, 0.1875], "texture": "#0"},
				"west": {"uv": [3.875, 11.625, 4.1875, 11.8125], "texture": "#0", "tintindex": 1},
				"up": {"uv": [0, 0.3125, 0, 0], "texture": "#0"},
				"down": {"uv": [0, 0, 0, 0.3125], "texture": "#0"}
			}
		},
		{
			"from": [16.748, 5.7, -10.1],
			"to": [16.748, 6.95, -7.83223],
			"rotation": {"angle": -45, "axis": "x", "origin": [16.75, 6.40793, -9.04182]},
			"faces": {
				"north": {"uv": [0, 0, 0, 0.1875], "texture": "#0"},
				"east": {"uv": [4.5, 11.625, 4.8125, 11.8125], "texture": "#0", "tintindex": 1},
				"south": {"uv": [0, 0, 0, 0.1875], "texture": "#0"},
				"west": {"uv": [11.625, 5.125, 11.9375, 5.3125], "texture": "#0", "tintindex": 1},
				"up": {"uv": [0, 0.3125, 0, 0], "texture": "#0"},
				"down": {"uv": [0, 0, 0, 0.3125], "texture": "#0"}
			}
		},
		{
			"from": [12.499, 5.23024, -11.1],
			"to": [16.999, 5.98024, -7.08223],
			"rotation": {"angle": -45, "axis": "x", "origin": [16.75, 6.43817, -9.04182]},
			"faces": {
				"north": {"uv": [11.375, 8.5, 11.9375, 8.625], "texture": "#0"},
				"east": {"uv": [11.5, 4.25, 12, 4.375], "texture": "#0", "tintindex": 1},
				"south": {"uv": [11.375, 8.625, 11.9375, 8.75], "texture": "#0"},
				"west": {"uv": [11.5, 6.125, 12, 6.25], "texture": "#0"},
				"up": {"uv": [5.0625, 10.5, 4.5, 10], "texture": "#0", "tintindex": 1},
				"down": {"uv": [10.5625, 6.125, 10, 6.625], "texture": "#0"}
			}
		},
		{
			"from": [12.5, 6.75, -7.33237],
			"to": [17, 7.5, -3.62652],
			"rotation": {"angle": 0, "axis": "y", "origin": [16.75, 3.54289, -4]},
			"faces": {
				"north": {"uv": [11.375, 8.75, 11.9375, 8.875], "texture": "#0"},
				"east": {"uv": [11.75, 5, 12.1875, 5.125], "texture": "#0", "tintindex": 1},
				"south": {"uv": [10, 11.375, 10.5625, 11.5], "texture": "#0"},
				"west": {"uv": [11.75, 5.375, 12.1875, 5.5], "texture": "#0"},
				"up": {"uv": [10.5625, 10.6875, 10, 10.25], "texture": "#0", "tintindex": 1},
				"down": {"uv": [0.5625, 10.375, 0, 10.8125], "texture": "#0"}
			}
		},
		{
			"from": [12.499, 3.28769, -4.75],
			"to": [16.999, 4.03769, -1.23223],
			"rotation": {"angle": 45, "axis": "x", "origin": [16.75, 4.41269, -0.00888]},
			"faces": {
				"north": {"uv": [10.625, 11.375, 11.1875, 11.5], "texture": "#0"},
				"east": {"uv": [5.5, 11.75, 5.9375, 11.875], "texture": "#0", "tintindex": 1},
				"south": {"uv": [11.375, 11.125, 11.9375, 11.25], "texture": "#0", "tintindex": 1},
				"west": {"uv": [11.75, 5.5, 12.1875, 5.625], "texture": "#0"},
				"up": {"uv": [6.6875, 10.8125, 6.125, 10.375], "texture": "#0", "tintindex": 1},
				"down": {"uv": [10.9375, 7.25, 10.375, 7.6875], "texture": "#0"}
			}
		},
		{
			"from": [13.748, 2.001, 15.18019],
			"to": [16.748, 5.01356, 15.93019],
			"rotation": {"angle": 0, "axis": "y", "origin": [16.75, 3.05298, 14.72226]},
			"faces": {
				"north": {"uv": [10, 10.75, 10.375, 11.125], "texture": "#0"},
				"east": {"uv": [5.125, 7.375, 5.25, 7.75], "texture": "#0", "tintindex": 0},
				"south": {"uv": [10.375, 10.75, 10.75, 11.125], "texture": "#0"},
				"west": {"uv": [2.5, 7.5, 2.625, 7.875], "texture": "#0"},
				"up": {"uv": [12.25, 6.5, 11.875, 6.375], "texture": "#0"},
				"down": {"uv": [12.25, 6.5, 11.875, 6.625], "texture": "#0"}
			}
		},
		{
			"from": [16.749, 5.23024, 14.4],
			"to": [16.999, 5.98024, 17.91777],
			"rotation": {"angle": -45, "axis": "x", "origin": [16.75, 6.43817, 15.95818]},
			"faces": {
				"north": {"uv": [7, 12, 7.0625, 12.125], "texture": "#0", "tintindex": 1},
				"east": {"uv": [6, 11.75, 6.4375, 11.875], "texture": "#0", "tintindex": 1},
				"south": {"uv": [7.125, 12, 7.1875, 12.125], "texture": "#0"},
				"west": {"uv": [11.75, 7.125, 12.1875, 7.25], "texture": "#0"},
				"up": {"uv": [2.8125, 12.4375, 2.75, 12], "texture": "#0", "tintindex": 1},
				"down": {"uv": [4.3125, 12, 4.25, 12.4375], "texture": "#0"}
			}
		},
		{
			"from": [-0.749, 8.86, 15.75],
			"to": [-0.749, 14.165, 16.75],
			"rotation": {"angle": 0, "axis": "y", "origin": [-0.75, 7.75, 8]},
			"faces": {
				"north": {"uv": [0, 0, 0, 0.625], "texture": "#0"},
				"east": {"uv": [0.25, 11.25, 0.375, 11.875], "texture": "#0"},
				"south": {"uv": [0, 0, 0, 0.625], "texture": "#0"},
				"west": {"uv": [3, 11.25, 3.125, 11.875], "texture": "#0", "tintindex": 1},
				"up": {"uv": [0, 0.125, 0, 0], "texture": "#0"},
				"down": {"uv": [0, 0, 0, 0.125], "texture": "#0"}
			}
		},
		{
			"from": [-0.749, 14.16153, 3.13909],
			"to": [-0.749, 14.66153, 16.40685],
			"rotation": {"angle": 0, "axis": "y", "origin": [-0.751, 9.41153, 3]},
			"faces": {
				"north": {"uv": [0, 0, 0, 0.0625], "texture": "#0"},
				"east": {"uv": [11, 7.625, 12.6875, 7.6875], "texture": "#0"},
				"south": {"uv": [0, 0, 0, 0.0625], "texture": "#0"},
				"west": {"uv": [11, 10.25, 12.6875, 10.3125], "texture": "#0", "tintindex": 1},
				"up": {"uv": [0, 1.6875, 0, 0], "texture": "#0"},
				"down": {"uv": [0, 0, 0, 1.6875], "texture": "#0"}
			}
		},
		{
			"from": [-0.75, 10.25576, -1.29029],
			"to": [-0.75, 10.75576, 6.97748],
			"rotation": {"angle": -45, "axis": "x", "origin": [-0.748, 8.0753, 0.34359]},
			"faces": {
				"north": {"uv": [0, 0, 0, 0.0625], "texture": "#0"},
				"east": {"uv": [11.375, 11.25, 12.4375, 11.3125], "texture": "#0"},
				"south": {"uv": [0, 0, 0, 0.0625], "texture": "#0"},
				"west": {"uv": [11.5, 2.75, 12.5625, 2.8125], "texture": "#0", "tintindex": 1},
				"up": {"uv": [0, 1.0625, 0, 0], "texture": "#0"},
				"down": {"uv": [0, 0, 0, 1.0625], "texture": "#0"}
			}
		},
		{
			"from": [-0.75, 7.89224, 13.86764],
			"to": [-0.75, 11.89224, 21.63541],
			"rotation": {"angle": 45, "axis": "x", "origin": [-0.749, 10.46179, 17.87652]},
			"faces": {
				"north": {"uv": [0, 0, 0, 0.5], "texture": "#0"},
				"east": {"uv": [9.125, 0, 10.125, 0.5], "texture": "#0"},
				"south": {"uv": [0, 0, 0, 0.5], "texture": "#0"},
				"west": {"uv": [0.75, 9.125, 1.75, 9.625], "texture": "#0", "tintindex": 1},
				"up": {"uv": [0, 1, 0, 0], "texture": "#0"},
				"down": {"uv": [0, 0, 0, 1], "texture": "#0"}
			}
		},
		{
			"from": [-0.75, 11.89224, 13.86764],
			"to": [-0.75, 12.39224, 21.88541],
			"rotation": {"angle": 45, "axis": "x", "origin": [-0.749, 10.46179, 17.87652]},
			"faces": {
				"north": {"uv": [0, 0, 0, 0.0625], "texture": "#0"},
				"east": {"uv": [11.5, 6.25, 12.5, 6.3125], "texture": "#0"},
				"south": {"uv": [0, 0, 0, 0.0625], "texture": "#0"},
				"west": {"uv": [11.5, 9, 12.5, 9.0625], "texture": "#0", "tintindex": 1},
				"up": {"uv": [0, 1, 0, 0], "texture": "#0"},
				"down": {"uv": [0, 0, 0, 1], "texture": "#0"}
			}
		},
		{
			"from": [16.75, 7.89224, 13.86764],
			"to": [16.75, 11.89224, 21.63541],
			"rotation": {"angle": 45, "axis": "x", "origin": [16.749, 10.46179, 17.87652]},
			"faces": {
				"north": {"uv": [0, 0, 0, 0.5], "texture": "#0"},
				"east": {"uv": [1.125, 5.5, 2.125, 6], "texture": "#0", "tintindex": 1},
				"south": {"uv": [0, 0, 0, 0.5], "texture": "#0"},
				"west": {"uv": [8.75, 3, 9.75, 3.5], "texture": "#0"},
				"up": {"uv": [0, 1, 0, 0], "texture": "#0"},
				"down": {"uv": [0, 0, 0, 1], "texture": "#0"}
			}
		},
		{
			"from": [-0.74, 2, 7.5],
			"to": [-0.74, 14.63909, 8.5],
			"rotation": {"angle": 0, "axis": "y", "origin": [-0.75, 2, 7.5]},
			"faces": {
				"north": {"uv": [0, 0, 0, 1.5625], "texture": "#0"},
				"east": {"uv": [5.25, 10, 5.375, 11.5625], "texture": "#0"},
				"south": {"uv": [0, 0, 0, 1.5625], "texture": "#0"},
				"west": {"uv": [9.375, 10.375, 9.5, 11.9375], "texture": "#0", "tintindex": 1},
				"up": {"uv": [0, 0.125, 0, 0], "texture": "#0"},
				"down": {"uv": [0, 0, 0, 0.125], "texture": "#0"}
			}
		},
		{
			"from": [16.74, 2, 7.5],
			"to": [16.74, 14.63909, 8.5],
			"rotation": {"angle": 0, "axis": "y", "origin": [16.75, 2, 7.5]},
			"faces": {
				"north": {"uv": [0, 0, 0, 1.5625], "texture": "#0"},
				"east": {"uv": [9.5, 10.375, 9.625, 11.9375], "texture": "#0", "tintindex": 1},
				"south": {"uv": [0, 0, 0, 1.5625], "texture": "#0"},
				"west": {"uv": [9.625, 10.375, 9.75, 11.9375], "texture": "#0"},
				"up": {"uv": [0, 0.125, 0, 0], "texture": "#0"},
				"down": {"uv": [0, 0, 0, 0.125], "texture": "#0"}
			}
		},
		{
			"from": [16.749, 2, -0.5],
			"to": [16.749, 2.5, 15.93019],
			"rotation": {"angle": 0, "axis": "y", "origin": [16.75, 7.75, 6.5]},
			"faces": {
				"north": {"uv": [0, 0, 0, 0.0625], "texture": "#0"},
				"east": {"uv": [10.875, 5.875, 12.9375, 5.9375], "texture": "#0", "tintindex": 1},
				"south": {"uv": [0, 0, 0, 0.0625], "texture": "#0"},
				"west": {"uv": [10.875, 6, 12.9375, 6.0625], "texture": "#0"},
				"up": {"uv": [0, 2.0625, 0, 0], "texture": "#0"},
				"down": {"uv": [0, 0, 0, 2.0625], "texture": "#0"}
			}
		},
		{
			"from": [16.749, 2.5, 15],
			"to": [16.749, 8.86, 15.93019],
			"rotation": {"angle": 0, "axis": "y", "origin": [16.75, 7.75, 9]},
			"faces": {
				"north": {"uv": [0, 0, 0, 0.8125], "texture": "#0"},
				"east": {"uv": [8, 11, 8.125, 11.8125], "texture": "#0", "tintindex": 1},
				"south": {"uv": [0, 0, 0, 0.8125], "texture": "#0"},
				"west": {"uv": [8.125, 11, 8.25, 11.8125], "texture": "#0"},
				"up": {"uv": [0, 0.125, 0, 0], "texture": "#0"},
				"down": {"uv": [0, 0, 0, 0.125], "texture": "#0"}
			}
		},
		{
			"from": [16.75, 10.25576, -1.29029],
			"to": [16.75, 10.75576, 6.97748],
			"rotation": {"angle": -45, "axis": "x", "origin": [16.748, 8.0753, 0.34359]},
			"faces": {
				"north": {"uv": [0, 0, 0, 0.0625], "texture": "#0"},
				"east": {"uv": [11.5, 2.875, 12.5625, 2.9375], "texture": "#0", "tintindex": 1},
				"south": {"uv": [0, 0, 0, 0.0625], "texture": "#0"},
				"west": {"uv": [11.5, 3.5, 12.5625, 3.5625], "texture": "#0"},
				"up": {"uv": [0, 1.0625, 0, 0], "texture": "#0"},
				"down": {"uv": [0, 0, 0, 1.0625], "texture": "#0"}
			}
		},
		{
			"from": [16.749, 14.16153, 3.13909],
			"to": [16.749, 14.66153, 16.40685],
			"rotation": {"angle": 0, "axis": "y", "origin": [16.751, 9.41153, 3]},
			"faces": {
				"north": {"uv": [0, 0, 0, 0.0625], "texture": "#0"},
				"east": {"uv": [11, 10.375, 12.6875, 10.4375], "texture": "#0", "tintindex": 1},
				"south": {"uv": [0, 0, 0, 0.0625], "texture": "#0"},
				"west": {"uv": [11, 10.5, 12.6875, 10.5625], "texture": "#0"},
				"up": {"uv": [0, 1.6875, 0, 0], "texture": "#0"},
				"down": {"uv": [0, 0, 0, 1.6875], "texture": "#0"}
			}
		},
		{
			"from": [16.749, 8.87, -2],
			"to": [16.749, 10.5, -0.5],
			"rotation": {"angle": 0, "axis": "y", "origin": [16.75, 14.75, 6.5]},
			"faces": {
				"north": {"uv": [0, 0, 0, 0.1875], "texture": "#0"},
				"east": {"uv": [0.375, 12, 0.5625, 12.1875], "texture": "#0", "tintindex": 1},
				"south": {"uv": [0, 0, 0, 0.1875], "texture": "#0"},
				"west": {"uv": [12, 0.375, 12.1875, 0.5625], "texture": "#0"},
				"up": {"uv": [0, 0.1875, 0, 0], "texture": "#0"},
				"down": {"uv": [0, 0, 0, 0.1875], "texture": "#0"}
			}
		},
		{
			"from": [16.751, 2, -1.75],
			"to": [16.751, 9, -0.5],
			"rotation": {"angle": 0, "axis": "y", "origin": [16.75, 7.75, 6.5]},
			"faces": {
				"north": {"uv": [0, 0, 0, 0.875], "texture": "#0"},
				"east": {"uv": [8.25, 10.5, 8.4375, 11.375], "texture": "#0", "tintindex": 1},
				"south": {"uv": [0, 0, 0, 0.875], "texture": "#0"},
				"west": {"uv": [1.375, 10.625, 1.5625, 11.5], "texture": "#0"},
				"up": {"uv": [0, 0.1875, 0, 0], "texture": "#0"},
				"down": {"uv": [0, 0, 0, 0.1875], "texture": "#0"}
			}
		},
		{
			"from": [16.75, 11.89224, 13.86764],
			"to": [16.75, 12.39224, 21.88541],
			"rotation": {"angle": 45, "axis": "x", "origin": [16.749, 10.46179, 17.87652]},
			"faces": {
				"north": {"uv": [0, 0, 0, 0.0625], "texture": "#0"},
				"east": {"uv": [11.5, 9.75, 12.5, 9.8125], "texture": "#0", "tintindex": 1},
				"south": {"uv": [0, 0, 0, 0.0625], "texture": "#0"},
				"west": {"uv": [11.5, 9.875, 12.5, 9.9375], "texture": "#0"},
				"up": {"uv": [0, 1, 0, 0], "texture": "#0"},
				"down": {"uv": [0, 0, 0, 1], "texture": "#0"}
			}
		},
		{
			"from": [16.749, 8.86, 15.75],
			"to": [16.749, 14.165, 16.75],
			"rotation": {"angle": 0, "axis": "y", "origin": [16.75, 7.75, 8]},
			"faces": {
				"north": {"uv": [0, 0, 0, 0.625], "texture": "#0"},
				"east": {"uv": [3.125, 11.25, 3.25, 11.875], "texture": "#0", "tintindex": 1},
				"south": {"uv": [0, 0, 0, 0.625], "texture": "#0"},
				"west": {"uv": [8.5, 11.25, 8.625, 11.875], "texture": "#0"},
				"up": {"uv": [0, 0.125, 0, 0], "texture": "#0"},
				"down": {"uv": [0, 0, 0, 0.125], "texture": "#0"}
			}
		},
		{
			"from": [-0.75, 2.5, 28.75],
			"to": [0.75, 9, 28.75],
			"rotation": {"angle": 0, "axis": "y", "origin": [16.75, 6.5, 28.75]},
			"faces": {
				"north": {"uv": [3.25, 10.75, 3.4375, 11.5625], "texture": "#0"},
				"east": {"uv": [0, 0, 0, 0.8125], "texture": "#0"},
				"south": {"uv": [4.875, 10.75, 5.0625, 11.5625], "texture": "#0", "tintindex": 1},
				"west": {"uv": [0, 0, 0, 0.8125], "texture": "#0"},
				"up": {"uv": [0.1875, 0, 0, 0], "texture": "#0"},
				"down": {"uv": [0.1875, 0, 0, 0], "texture": "#0"}
			}
		},
		{
			"from": [0.75, 2.5, 28.75],
			"to": [15.25, 5, 28.75],
			"rotation": {"angle": 0, "axis": "y", "origin": [-0.75, 6.5, 28.75]},
			"faces": {
				"north": {"uv": [8.625, 5.125, 10.5, 5.4375], "texture": "#0"},
				"east": {"uv": [0, 0, 0, 0.3125], "texture": "#0"},
				"south": {"uv": [8.625, 5.5, 10.5, 5.8125], "texture": "#0", "tintindex": 1},
				"west": {"uv": [0, 0, 0, 0.3125], "texture": "#0"},
				"up": {"uv": [1.875, 0, 0, 0], "texture": "#0"},
				"down": {"uv": [1.875, 0, 0, 0], "texture": "#0"}
			}
		},
		{
			"from": [15.25, 2.5, 28.75],
			"to": [16.75, 9, 28.75],
			"rotation": {"angle": 0, "axis": "y", "origin": [-0.75, 6.5, 28.75]},
			"faces": {
				"north": {"uv": [5.5, 10.75, 5.6875, 11.5625], "texture": "#0"},
				"east": {"uv": [0, 0, 0, 0.8125], "texture": "#0"},
				"south": {"uv": [5.75, 10.75, 5.9375, 11.5625], "texture": "#0", "tintindex": 1},
				"west": {"uv": [0, 0, 0, 0.8125], "texture": "#0"},
				"up": {"uv": [0.1875, 0, 0, 0], "texture": "#0"},
				"down": {"uv": [0.1875, 0, 0, 0], "texture": "#0"}
			}
		},
		{
			"from": [13.75, 5.23024, 14.4],
			"to": [16.749, 5.98024, 17.91777],
			"rotation": {"angle": -45, "axis": "x", "origin": [16.75, 6.43817, 15.95818]},
			"faces": {
				"north": {"uv": [10.125, 11.875, 10.5, 12], "texture": "#0"},
				"east": {"uv": [11.75, 8.875, 12.1875, 9], "texture": "#0", "tintindex": 0},
				"south": {"uv": [10.5, 11.875, 10.875, 12], "texture": "#0"},
				"west": {"uv": [9.75, 11.75, 10.1875, 11.875], "texture": "#0"},
				"up": {"uv": [2.875, 11.1875, 2.5, 10.75], "texture": "#0"},
				"down": {"uv": [3.25, 10.75, 2.875, 11.1875], "texture": "#0"}
			}
		},
		{
			"from": [6.75, 2, 4.24],
			"to": [9.25, 3.5, 15.93019],
			"rotation": {"angle": 0, "axis": "y", "origin": [-0.625, 2, 0.43019]},
			"faces": {
				"north": {"uv": [9.125, 11.875, 9.375, 12.0625], "texture": "#0"},
				"east": {"uv": [10, 9.75, 11.4375, 9.9375], "texture": "#0"},
				"south": {"uv": [10.875, 11.875, 11.125, 12.0625], "texture": "#0"},
				"west": {"uv": [10, 10, 11.4375, 10.1875], "texture": "#0"},
				"up": {"uv": [8.75, 10.8125, 8.5, 9.375], "texture": "#0"}
			}
		},
		{
			"from": [9.25, 3.5, 16.9],
			"to": [6.75, 2, 4.2098],
			"rotation": {"angle": 0, "axis": "y", "origin": [5.125, 4.5, 63.26037]},
			"faces": {
				"east": {"uv": [10.12501, 0, 11.56251, 0.1875], "texture": "#0"},
				"west": {"uv": [10.06251, 0.25, 11.5, 0.4375], "texture": "#0"},
				"down": {"uv": [9, 9.375, 8.75, 10.8125], "texture": "#0"}
			}
		},
		{
			"from": [-0.75, 2, -1.75],
			"to": [16.75, 7.44488, -0.75],
			"rotation": {"angle": 0, "axis": "y", "origin": [16.76722, 9.52164, -0.25]},
			"faces": {
				"north": {"uv": [5.5, 6, 7.6875, 6.6875], "texture": "#0"},
				"south": {"uv": [6.5, 2.75, 8.6875, 3.4375], "texture": "#0"}
			}
		},
		{
			"from": [-0.735, 3.70712, -2.02636],
			"to": [16.735, 6.95712, -0.52636],
			"rotation": {"angle": 22.5, "axis": "x", "origin": [-0.78221, 4.49894, -0.52636]},
			"faces": {
				"east": {"uv": [7.5, 11.5, 7.6875, 11.8125], "texture": "#0"},
				"south": {"uv": [8.25, 7.75, 10.4375, 8.0625], "texture": "#0"},
				"west": {"uv": [9.125, 11.5, 9.3125, 11.8125], "texture": "#0"},
				"up": {"uv": [10.6875, 9.3125, 8.5, 9.125], "texture": "#0"}
			}
		},
		{
			"from": [-0.74, 6.77, -2.23463],
			"to": [16.74, 8.99874, 0.41434],
			"rotation": {"angle": 0, "axis": "y", "origin": [16.75822, 9.001, 0]},
			"faces": {
				"north": {"uv": [8.625, 5.875, 10.8125, 6.125], "texture": "#0"},
				"east": {"uv": [8.625, 11.25, 8.9375, 11.5], "texture": "#0"},
				"south": {"uv": [8.75, 2.75, 10.9375, 3], "texture": "#0"},
				"west": {"uv": [9, 11.25, 9.3125, 11.5], "texture": "#0"},
				"up": {"uv": [10.4375, 8.4375, 8.25, 8.0625], "texture": "#0"},
				"down": {"uv": [10.5625, 3.5, 8.375, 3.8125], "texture": "#0"}
			}
		},
		{
			"from": [6.5, 7, -0.75],
			"to": [15.5, 9.5, 0.75],
			"rotation": {"angle": 0, "axis": "y", "origin": [10.5, 7.5, -1.25]},
			"faces": {
				"north": {"uv": [9, 9.375, 10.125, 9.6875], "texture": "#0"},
				"east": {"uv": [0, 11.625, 0.1875, 11.9375], "texture": "#0"},
				"south": {"uv": [9.5, 1.625, 10.625, 1.9375], "texture": "#0"},
				"west": {"uv": [0.375, 11.625, 0.5625, 11.9375], "texture": "#0"},
				"up": {"uv": [5, 10.6875, 3.875, 10.5], "texture": "#0"},
				"down": {"uv": [11.625, 5.125, 10.5, 5.3125], "texture": "#0"}
			}
		},
		{
			"from": [10.25, 5.9979, 2.50314],
			"to": [14.25, 9.9979, 2.50314],
			"rotation": {"angle": -22.5, "axis": "x", "origin": [12.75, 6.9979, 2.50314]},
			"faces": {
				"north": {"uv": [8, 10, 8.5, 10.5], "texture": "#0"},
				"east": {"uv": [0, 0, 0, 0.5], "texture": "#0"},
				"south": {"uv": [8, 10, 8.5, 10.5], "texture": "#0"},
				"west": {"uv": [0, 0, 0, 0.5], "texture": "#0"},
				"up": {"uv": [0.5, 0, 0, 0], "texture": "#0"},
				"down": {"uv": [0.5, 0, 0, 0], "texture": "#0"}
			}
		},
		{
			"from": [11.75, 7.4979, -0.49686],
			"to": [12.75, 8.4979, 2.50314],
			"rotation": {"angle": -22.5, "axis": "x", "origin": [12.75, 6.9979, 2.50314]},
			"faces": {
				"north": {"uv": [5.125, 12, 5.25, 12.125], "texture": "#0"},
				"east": {"uv": [11.125, 11.875, 11.5, 12], "texture": "#0"},
				"south": {"uv": [12, 5.125, 12.125, 5.25], "texture": "#0"},
				"west": {"uv": [11.5, 11.875, 11.875, 12], "texture": "#0"},
				"up": {"uv": [1.625, 12.125, 1.5, 11.75], "texture": "#0"},
				"down": {"uv": [0.375, 11.875, 0.25, 12.25], "texture": "#0"}
			}
		},
		{
			"from": [7.75, 3.25, 0.75],
			"to": [8.25, 5.5, 1.25],
			"rotation": {"angle": 0, "axis": "y", "origin": [6.25, 3.25, 0.75]},
			"faces": {
				"north": {"uv": [4.375, 12, 4.4375, 12.3125], "texture": "#0"},
				"east": {"uv": [4.5, 12, 4.5625, 12.3125], "texture": "#0"},
				"south": {"uv": [4.625, 12, 4.6875, 12.3125], "texture": "#0"},
				"west": {"uv": [4.75, 12, 4.8125, 12.3125], "texture": "#0"},
				"up": {"uv": [7.9375, 12.0625, 7.875, 12], "texture": "#0"},
				"down": {"uv": [12.0625, 7.875, 12, 7.9375], "texture": "#0"}
			}
		},
		{
			"from": [3.5, 3.25, -12.5],
			"to": [12.5, 3.25, -1.75],
			"rotation": {"angle": 0, "axis": "y", "origin": [7, 3.25, -6.5]},
			"faces": {
				"north": {"uv": [0, 0, 1.125, 0], "texture": "#0"},
				"east": {"uv": [0, 0, 1.375, 0], "texture": "#0"},
				"south": {"uv": [0, 0, 1.125, 0], "texture": "#0"},
				"west": {"uv": [0, 0, 1.375, 0], "texture": "#0"},
				"up": {"uv": [5.5, 6.625, 4.375, 5.25], "texture": "#0"},
				"down": {"uv": [1.125, 5.5, 0, 6.875], "texture": "#0"}
			}
		},
		{
			"from": [-0.76, 5.04289, -12.768],
			"to": [16.76, 7.54289, -10.768],
			"rotation": {"angle": 0, "axis": "y", "origin": [-0.75, 5.54289, -14.76777]},
			"faces": {
				"north": {"uv": [8.375, 3.875, 10.5625, 4.1875], "texture": "#0"},
				"east": {"uv": [9.75, 11.25, 10, 11.5625], "texture": "#0"},
				"west": {"uv": [11.375, 0.5, 11.625, 0.8125], "texture": "#0"}
			}
		},
		{
			"from": [3.49, 2.54014, -9.42074],
			"to": [3.49, 7.04014, -1.68088],
			"rotation": {"angle": 0, "axis": "y", "origin": [-0.999, 7.54014, -4.43088]},
			"faces": {
				"north": {"uv": [0, 0, 0, 0.5625], "texture": "#0"},
				"east": {"uv": [3.375, 8.75, 4.3125, 9.3125], "texture": "#0"},
				"south": {"uv": [0, 0, 0, 0.5625], "texture": "#0"},
				"west": {"uv": [6.5, 8.75, 7.4375, 9.3125], "texture": "#0"},
				"up": {"uv": [0, 0.9375, 0, 0], "texture": "#0"},
				"down": {"uv": [0, 0, 0, 0.9375], "texture": "#0"}
			}
		},
		{
			"from": [12.51, 2.54014, -9.42074],
			"to": [12.51, 7.04014, -1.68088],
			"rotation": {"angle": 0, "axis": "y", "origin": [16.999, 7.54014, -4.43088]},
			"faces": {
				"north": {"uv": [0, 0, 0, 0.5625], "texture": "#0"},
				"east": {"uv": [5.5, 8.875, 6.4375, 9.4375], "texture": "#0"},
				"south": {"uv": [0, 0, 0, 0.5625], "texture": "#0"},
				"west": {"uv": [9, 4.25, 9.9375, 4.8125], "texture": "#0"},
				"up": {"uv": [0, 0.9375, 0, 0], "texture": "#0"},
				"down": {"uv": [0, 0, 0, 0.9375], "texture": "#0"}
			}
		},
		{
			"from": [13.752, 3.54014, 15.84],
			"to": [13.752, 6.79014, 23.24],
			"rotation": {"angle": 0, "axis": "y", "origin": [18.249, 7.54014, 20.81912]},
			"faces": {
				"north": {"uv": [0, 0, 0, 0.4375], "texture": "#0"},
				"east": {"uv": [6.5, 9.375, 7.4375, 9.8125], "texture": "#0"},
				"south": {"uv": [0, 0, 0, 0.4375], "texture": "#0"},
				"west": {"uv": [9.375, 7.25, 10.3125, 7.6875], "texture": "#0"},
				"up": {"uv": [0, 0.9375, 0, 0], "texture": "#0"},
				"down": {"uv": [0, 0, 0, 0.9375], "texture": "#0"}
			}
		},
		{
			"from": [6.25, 5.2, -12.78],
			"to": [9.75, 6.95, -12.78],
			"rotation": {"angle": 0, "axis": "y", "origin": [6, 5, -13]},
			"faces": {
				"north": {"uv": [0, 0, 16, 16], "texture": "#1"}
			}
		},
		{
			"from": [-0.76, 5.5, 26.76],
			"to": [16.76, 8.5, 28.76],
			"light_emission": 14,
			"rotation": {"angle": 0, "axis": "y", "origin": [0.01, 5.5, 26.75]},
			"faces": {
				"east": {"uv": [4.375, 8.75, 4.625, 9.125], "texture": "#0"},
				"south": {"uv": [7.75, 6.125, 9.9375, 6.5], "texture": "#0"},
				"west": {"uv": [0, 11.25, 0.25, 11.625], "texture": "#0"}
			}
		},
		{
			"from": [0.24, 5.54289, -12.768],
			"to": [15.76, 7.04289, -12.768],
			"light_emission": 15,
			"rotation": {"angle": 0, "axis": "y", "origin": [-1.76, 6.04289, -12.768]},
			"faces": {
				"north": {"uv": [12, 8.5, 13.9375, 8.6875], "texture": "#0"}
			}
		}
	],
	"display": {
		"thirdperson_righthand": {
			"translation": [0, 3, 1],
			"scale": [0.5, 0.5, 0.5]
		},
		"thirdperson_lefthand": {
			"translation": [0, 3, 1],
			"scale": [0.5, 0.5, 0.5]
		},
		"firstperson_righthand": {
			"rotation": [0, 45, 0],
			"translation": [0, 3, 0],
			"scale": [0.4, 0.4, 0.4]
		},
		"firstperson_lefthand": {
			"rotation": [0, 225, 0],
			"translation": [0, 3, 0],
			"scale": [0.4, 0.4, 0.4]
		},
		"ground": {
			"translation": [0, 2, 0],
			"scale": [0.5, 0.5, 0.5]
		},
		"gui": {
			"rotation": [30, 225, 0],
			"scale": [0.32, 0.32, 0.32]
		},
		"head": {
			"translation": [0, 0.25, 0]
		},
		"fixed": {
			"rotation": [0, -90, 0],
			"translation": [0, -1.25, -9.75]
		}
	},
	"groups": [
		{
			"name": "door_FL",
			"origin": [-0.749, 10.67355, 2.35876],
			"color": 0,
			"children": [0, 1, 2, 3, 4]
		},
		{
			"name": "door_FR",
			"origin": [16.749, 10.67355, 2.35876],
			"color": 0,
			"children": [5, 6, 7, 8, 9]
		},
		{
			"name": "door_RL",
			"origin": [-0.75, 7.75, 7.5],
			"color": 0,
			"children": [10, 11, 12]
		},
		{
			"name": "door_RR",
			"origin": [16.75, 7.75, 7.5],
			"color": 0,
			"children": [13, 14, 15]
		},
		{
			"name": "hood",
			"origin": [8, 9, -3.25],
			"color": 0,
			"children": [16, 17]
		},
		{
			"name": "trunk",
			"origin": [8, 9, 22.1],
			"color": 0,
			"children": [18, 19, 20, 21]
		},
		{
			"name": "shaft",
			"origin": [8.025, 2.625, 10.625],
			"color": 0,
			"children": [22]
		},
		{
			"name": "axle_R",
			"origin": [8, 3, -6],
			"color": 0,
			"children": [23]
		},
		{
			"name": "axle_F",
			"origin": [8, 3, -6],
			"color": 0,
			"children": [24]
		},
		{
			"name": "seat",
			"origin": [-0.5, 2.5, 0.5],
			"color": 0,
			"children": [25, 26, 27, 28, 29, 30, 31, 32, 33, 34]
		},
		{
			"name": "bumper_F",
			"origin": [17, 5.29289, -4.51777],
			"color": 0,
			"children": [35, 36, 37, 38, 39, 40]
		},
		{
			"name": "bumper_R",
			"origin": [0, 3.5, 27.5],
			"color": 0,
			"children": [41]
		},
		{
			"name": "exhaust",
			"origin": [10, 1.5, 14.25],
			"color": 0,
			"children": [42, 43, 44, 45]
		},
		{
			"name": "underside",
			"origin": [6.5, 2.25, 1.25],
			"color": 0,
			"children": [46, 47, 48]
		},
		{
			"name": "body",
			"origin": [18.249, 7.54014, 20.81912],
			"color": 0,
			"children": [
				49,
				50,
				51,
				52,
				53,
				54,
				55,
				56,
				57,
				58,
				59,
				60,
				61,
				62,
				63,
				64,
				65,
				66,
				67,
				68,
				69,
				70,
				71,
				72,
				73,
				74,
				75,
				76,
				77,
				78,
				79,
				80,
				81,
				82,
				83,
				84,
				85,
				86,
				87,
				88,
				89,
				90,
				91,
				92,
				93,
				94,
				95,
				96,
				97,
				98,
				99,
				100,
				101,
				102,
				103,
				104,
				105,
				106,
				107,
				108,
				109,
				110,
				111,
				112,
				113,
				114,
				115,
				116,
				117,
				118,
				119,
				120,
				121,
				122,
				123,
				124,
				125,
				126,
				127,
				128,
				129,
				130,
				131,
				132,
				133,
				134,
				135,
				136,
				137,
				138,
				139,
				140
			]
		},
		{
			"name": "badge",
			"origin": [8, 8, 8],
			"color": 0,
			"children": [141]
		},
		{
			"name": "light",
			"origin": [0.01, 5.5, 26.75],
			"color": 0,
			"children": [142, 143]
		}
	]
}