{
	"alarm.alarm_test": {
		"sounds": [
			"alarm/alarm_test"
		]
	},
	"alarm.lab_alarm": {
		"sounds": [
			"alarm/lab_alarm"
		]
	},
	"cablecar.arr_mountain": {
		"sounds": [
			"cablecar/arr_mountain"
		]
	},
	"cablecar.arr_sml": {
		"sounds": [
			"cablecar/arr_sml"
		]
	},
	"cablecar.next_mountain": {
		"sounds": [
			"cablecar/next_mountain"
		]
	},
	"cablecar.next_sml": {
		"sounds": [
			"cablecar/next_sml"
		]
	},
	"entity.player.death": {
		"sounds": [
			"entity/player/death"
		]
	},
	"minecart.base": {
		"sounds": [
			"minecart/base"
		]
	},
	"minecart.inside": {
		"sounds": [
			"minecart/inside"
		]
	},
	"misc.chingchongsoundeffect": {
		"sounds": [
			"misc/chingchongsoundeffect"
		]
	},
	"misc.paperspleasetheme": {
		"sounds": [
			"misc/paperspleasetheme"
		]
	},
	"parliament.order": {
		"sounds": [
			"parliament/order"
		]
	},
	"tile.piston.in": {
		"sounds": [
			"tile/piston/in"
		]
	},
	"tile.piston.out": {
		"sounds": [
			"tile/piston/out"
		]
	},
	"train.accelerate": {
		"sounds": [
			"train/accelerate"
		]
	},
	"train.brake_automatic": {
		"sounds": [
			"train/brake_automatic"
		]
	},
	"train.brake_mandraulic": {
		"sounds": [
			"train/brake_mandraulic"
		]
	},
	"train.motion": {
		"sounds": [
			"train/motion"
		]
	},
	"train.motion_out": {
		"sounds": [
			"train/motion_out"
		]
	},
	"train.unused_0": {
		"sounds": [
			"train/unused_0"
		]
	},
	"train.unused_1": {
		"sounds": [
			"train/unused_1"
		]
	},
	"train.unused_2": {
		"sounds": [
			"train/unused_2"
		]
	},
	"train.unused_3": {
		"sounds": [
			"train/unused_3"
		]
	},
	"train.entetsu.doorclose": {
		"sounds": [
			"train/entetsu/doorclose"
		]
	},
	"train.entetsu.doorclosing": {
		"sounds": [
			"train/entetsu/doorclosing"
		]
	},
	"train.entetsu.dooropen": {
		"sounds": [
			"train/entetsu/dooropen"
		]
	},
	"train.entetsu.namboku.approaching": {
		"sounds": [
			"train/entetsu/namboku/approaching"
		]
	},
	"train.entetsu.namboku.dn_stand_back_train_approach": {
		"sounds": [
			"train/entetsu/namboku/dn_stand_back_train_approach"
		]
	},
	"train.entetsu.namboku.dn_train_approach": {
		"sounds": [
			"train/entetsu/namboku/dn_train_approach"
		]
	},
	"train.entetsu.namboku.doors_closing": {
		"sounds": [
			"train/entetsu/namboku/doors_closing"
		]
	},
	"train.entetsu.namboku.next": {
		"sounds": [
			"train/entetsu/namboku/next"
		]
	},
	"train.entetsu.namboku.stn_downtown": {
		"sounds": [
			"train/entetsu/namboku/stn_downtown"
		]
	},
	"train.entetsu.namboku.stn_emmarucentral": {
		"sounds": [
			"train/entetsu/namboku/stn_emmarucentral"
		]
	},
	"train.entetsu.namboku.stn_kaname": {
		"sounds": [
			"train/entetsu/namboku/stn_kaname"
		]
	},
	"train.entetsu.namboku.stn_karasuma": {
		"sounds": [
			"train/entetsu/namboku/stn_karasuma"
		]
	},
	"train.entetsu.namboku.stn_kasuga": {
		"sounds": [
			"train/entetsu/namboku/stn_kasuga"
		]
	},
	"train.entetsu.namboku.stn_minamiwest": {
		"sounds": [
			"train/entetsu/namboku/stn_minamiwest"
		]
	},
	"train.entetsu.namboku.stn_nihombashi": {
		"sounds": [
			"train/entetsu/namboku/stn_nihombashi"
		]
	},
	"train.entetsu.namboku.stn_niozawaichiba": {
		"sounds": [
			"train/entetsu/namboku/stn_niozawaichiba"
		]
	},
	"train.entetsu.namboku.stn_niozawawest": {
		"sounds": [
			"train/entetsu/namboku/stn_niozawawest"
		]
	},
	"train.entetsu.namboku.stn_yachiyo": {
		"sounds": [
			"train/entetsu/namboku/stn_yachiyo"
		]
	},
	"train.entetsu.namboku.up_stand_back_train_approach": {
		"sounds": [
			"train/entetsu/namboku/up_stand_back_train_approach"
		]
	},
	"train.entetsu.namboku.up_train_approach": {
		"sounds": [
			"train/entetsu/namboku/up_train_approach"
		]
	},
	"train.frs.yc_central_platform1": {
		"sounds": [
			"train/frs/yc_central_platform1"
		]
	},
	"train.frs.yc_central_platform2": {
		"sounds": [
			"train/frs/yc_central_platform2"
		]
	},
	"train.frs.yc_central_platform3": {
		"sounds": [
			"train/frs/yc_central_platform3"
		]
	},
	"train.frs.yc_central_platform4": {
		"sounds": [
			"train/frs/yc_central_platform4"
		]
	},
	"train.ycm.aftermath": {
		"sounds": [
			"train/ycm/aftermath"
		]
	},
	"train.ycm.Chiaki": {
		"sounds": [
			"train/ycm/Chiaki"
		]
	},
	"train.ycm.chime": {
		"sounds": [
			"train/ycm/chime"
		]
	},
	"train.ycm.cielo_estrellado": {
		"sounds": [
			"train/ycm/cielo_estrellado"
		]
	},
	"train.ycm.doorclosing": {
		"sounds": [
			"train/ycm/doorclosing"
		]
	},
	"train.ycm.doors_closing": {
		"sounds": [
			"train/ycm/doors_closing"
		]
	},
	"train.ycm.doors_closing_stand_clear": {
		"sounds": [
			"train/ycm/doors_closing_stand_clear"
		]
	},
	"train.ycm.flower_shop": {
		"sounds": [
			"train/ycm/flower_shop"
		]
	},
	"train.ycm.gota_del_vient": {
		"sounds": [
			"train/ycm/gota_del_vient"
		]
	},
	"train.ycm.Inoriye_1": {
		"sounds": [
			"train/ycm/Inoriye_1"
		]
	},
	"train.ycm.Inoriye_2": {
		"sounds": [
			"train/ycm/Inoriye_2"
		]
	},
	"train.ycm.Island_Tip": {
		"sounds": [
			"train/ycm/Island_Tip"
		]
	},
	"train.ycm.Lakeside": {
		"sounds": [
			"train/ycm/Lakeside"
		]
	},
	"train.ycm.Mount_Lipan": {
		"sounds": [
			"train/ycm/Mount_Lipan"
		]
	},
	"train.ycm.osaka_tune": {
		"sounds": [
			"train/ycm/osaka_tune"
		]
	},
	"train.ycm.sea_green": {
		"sounds": [
			"train/ycm/sea_green"
		]
	},
	"train.ycm.Solutional_Park_1": {
		"sounds": [
			"train/ycm/Solutional_Park_1"
		]
	},
	"train.ycm.Solutional_Park_2": {
		"sounds": [
			"train/ycm/Solutional_Park_2"
		]
	},
	"train.ycm.Solutional_Park_3": {
		"sounds": [
			"train/ycm/Solutional_Park_3"
		]
	},
	"train.ycm.Solutional_Park_4": {
		"sounds": [
			"train/ycm/Solutional_Park_4"
		]
	},
	"train.ycm.spring_breeze": {
		"sounds": [
			"train/ycm/spring_breeze"
		]
	},
	"train.ycm.station_chime": {
		"sounds": [
			"train/ycm/station_chime"
		]
	},
	"train.ycm.sunlight": {
		"sounds": [
			"train/ycm/sunlight"
		]
	},
	"train.ycm.the_star_festival": {
		"sounds": [
			"train/ycm/the_star_festival"
		]
	},
	"train.ycm.train_chime": {
		"sounds": [
			"train/ycm/train_chime"
		]
	},
	"train.ycm.train_departing": {
		"sounds": [
			"train/ycm/train_departing"
		]
	},
	"train.ycm.train_service_ends": {
		"sounds": [
			"train/ycm/train_service_ends"
		]
	},
	"train.ycm.water_crown": {
		"sounds": [
			"train/ycm/water_crown"
		]
	},
	"train.ycm.ycm_01": {
		"sounds": [
			"train/ycm/ycm_01"
		]
	},
	"train.ycm.ycm_06": {
		"sounds": [
			"train/ycm/ycm_06"
		]
	},
	"train.ycm.arriving.solpark_lll_2": {
		"sounds": [
			"train/ycm/arriving/solpark_lll_2"
		]
	},
	"train.ycm.arriving.solpark_lll_3": {
		"sounds": [
			"train/ycm/arriving/solpark_lll_3"
		]
	},
	"train.ycm.arriving.solpark_nsl_1": {
		"sounds": [
			"train/ycm/arriving/solpark_nsl_1"
		]
	},
	"train.ycm.arriving.solpark_nsl_4": {
		"sounds": [
			"train/ycm/arriving/solpark_nsl_4"
		]
	},
	"train.ycm.melodies.cielo_estrellado": {
		"sounds": [
			"train/ycm/melodies/cielo_estrellado"
		]
	},
	"train.ycm.melodies.commuter_train_of_love": {
		"sounds": [
			"train/ycm/melodies/commuter_train_of_love"
		]
	},
	"train.ycm.melodies.concerto_no_6_op_3": {
		"sounds": [
			"train/ycm/melodies/concerto_no_6_op_3"
		]
	},
	"train.ycm.melodies.dragon_night": {
		"sounds": [
			"train/ycm/melodies/dragon_night"
		]
	},
	"train.ycm.melodies.eine_kleine_nachtmusik_allegro": {
		"sounds": [
			"train/ycm/melodies/eine_kleine_nachtmusik_allegro"
		]
	},
	"train.ycm.melodies.red_train": {
		"sounds": [
			"train/ycm/melodies/red_train"
		]
	},
	"train.ycm.melodies.ycm_01": {
		"sounds": [
			"train/ycm/melodies/ycm_01"
		]
	},
	"train.ycm.melodies.ycm_06": {
		"sounds": [
			"train/ycm/melodies/ycm_06"
		]
	},
	"train.ycm.next_station.chiaki": {
		"sounds": [
			"train/ycm/next_station/chiaki"
		]
	},
	"train.ycm.next_station.crossover_solutional_park_nb": {
		"sounds": [
			"train/ycm/next_station/crossover_solutional_park_nb"
		]
	},
	"train.ycm.next_station.crossover_solutional_park_sb": {
		"sounds": [
			"train/ycm/next_station/crossover_solutional_park_sb"
		]
	},
	"train.ycm.next_station.flatlands_acw": {
		"sounds": [
			"train/ycm/next_station/flatlands_acw"
		]
	},
	"train.ycm.next_station.flatlands_cw": {
		"sounds": [
			"train/ycm/next_station/flatlands_cw"
		]
	},
	"train.ycm.next_station.inoriye_northbound": {
		"sounds": [
			"train/ycm/next_station/inoriye_northbound"
		]
	},
	"train.ycm.next_station.inoriye_southbound": {
		"sounds": [
			"train/ycm/next_station/inoriye_southbound"
		]
	},
	"train.ycm.next_station.island_tip": {
		"sounds": [
			"train/ycm/next_station/island_tip"
		]
	},
	"train.ycm.next_station.lakeside": {
		"sounds": [
			"train/ycm/next_station/lakeside"
		]
	},
	"train.ycm.next_station.lakeside_acw": {
		"sounds": [
			"train/ycm/next_station/lakeside_acw"
		]
	},
	"train.ycm.next_station.lakeside_cw": {
		"sounds": [
			"train/ycm/next_station/lakeside_cw"
		]
	},
	"train.ycm.next_station.lll_acw_flt": {
		"sounds": [
			"train/ycm/next_station/lll_acw_flt"
		]
	},
	"train.ycm.next_station.lll_acw_fxt": {
		"sounds": [
			"train/ycm/next_station/lll_acw_fxt"
		]
	},
	"train.ycm.next_station.lll_acw_plm": {
		"sounds": [
			"train/ycm/next_station/lll_acw_plm"
		]
	},
	"train.ycm.next_station.lll_acw_rtn": {
		"sounds": [
			"train/ycm/next_station/lll_acw_rtn"
		]
	},
	"train.ycm.next_station.lll_cw_flt": {
		"sounds": [
			"train/ycm/next_station/lll_cw_flt"
		]
	},
	"train.ycm.next_station.lll_cw_fxt": {
		"sounds": [
			"train/ycm/next_station/lll_cw_fxt"
		]
	},
	"train.ycm.next_station.lll_cw_plm": {
		"sounds": [
			"train/ycm/next_station/lll_cw_plm"
		]
	},
	"train.ycm.next_station.lll_cw_rtn": {
		"sounds": [
			"train/ycm/next_station/lll_cw_rtn"
		]
	},
	"train.ycm.next_station.lll_slp": {
		"sounds": [
			"train/ycm/next_station/lll_slp"
		]
	},
	"train.ycm.next_station.lll_sml": {
		"sounds": [
			"train/ycm/next_station/lll_sml"
		]
	},
	"train.ycm.next_station.mount_lipan": {
		"sounds": [
			"train/ycm/next_station/mount_lipan"
		]
	},
	"train.ycm.next_station.newton_acw": {
		"sounds": [
			"train/ycm/next_station/newton_acw"
		]
	},
	"train.ycm.next_station.newton_cw": {
		"sounds": [
			"train/ycm/next_station/newton_cw"
		]
	},
	"train.ycm.next_station.roundtown_acw": {
		"sounds": [
			"train/ycm/next_station/roundtown_acw"
		]
	},
	"train.ycm.next_station.roundtown_cw": {
		"sounds": [
			"train/ycm/next_station/roundtown_cw"
		]
	},
	"train.ycm.next_station.solutional_park_lll": {
		"sounds": [
			"train/ycm/next_station/solutional_park_lll"
		]
	},
	"train.ycm.next_station.solutional_park_northbound": {
		"sounds": [
			"train/ycm/next_station/solutional_park_northbound"
		]
	},
	"train.ycm.next_station.solutional_park_southbound": {
		"sounds": [
			"train/ycm/next_station/solutional_park_southbound"
		]
	},
	"train.ycm.next_station.sunmoonlake": {
		"sounds": [
			"train/ycm/next_station/sunmoonlake"
		]
	},
	"train.ycm.station_train_announcements.lll_flt": {
		"sounds": [
			"train/ycm/station_train_announcements/lll_flt"
		]
	},
	"train.ycm.station_train_announcements.lll_fxt": {
		"sounds": [
			"train/ycm/station_train_announcements/lll_fxt"
		]
	},
	"train.ycm.station_train_announcements.lll_plm": {
		"sounds": [
			"train/ycm/station_train_announcements/lll_plm"
		]
	},
	"train.ycm.station_train_announcements.lll_rtn": {
		"sounds": [
			"train/ycm/station_train_announcements/lll_rtn"
		]
	},
	"train.ycm.station_train_announcements.lll_slp": {
		"sounds": [
			"train/ycm/station_train_announcements/lll_slp"
		]
	},
	"train.ycm.station_train_announcements.lll_sml": {
		"sounds": [
			"train/ycm/station_train_announcements/lll_sml"
		]
	}
}