{
	"credit": "Made with Blockbench",
	"textures": {
		"3": "block/gray_concrete",
		"4": "block/light_gray_concrete",
		"5": "block/ycm_pattern",
		"6": "block/black_concrete",
		"7": "block/lime_wool",
		"8": "block/red_concrete",
		"particle": "block/gray_stained_glass"
	},
	"elements": [
		{
			"name": "roof",
			"from": [0.25, 30, -2],
			"to": [15.75, 31, 16],
			"rotation": {"angle": 0, "axis": "z", "origin": [8, 15.48964, 5.125]},
			"faces": {
				"north": {"uv": [5, 0, 11, 16], "texture": "#4"},
				"east": {"uv": [5, 0, 11, 16], "texture": "#4"},
				"south": {"uv": [5, 0, 11, 16], "texture": "#4"},
				"west": {"uv": [5, 0, 11, 16], "texture": "#4"},
				"up": {"uv": [5, 0, 11, 16], "texture": "#4"},
				"down": {"uv": [5, 0, 11, 16], "texture": "#4"}
			}
		},
		{
			"name": "roof",
			"from": [11.36609, 30.9372, -2],
			"to": [13.36609, 31.9372, 16],
			"rotation": {"angle": 45, "axis": "z", "origin": [8, 15.48964, 5.125]},
			"faces": {
				"north": {"uv": [0, 0, 6, 16], "texture": "#4"},
				"east": {"uv": [0, 0, 6, 16], "texture": "#4"},
				"south": {"uv": [0, 0, 6, 16], "texture": "#4"},
				"west": {"uv": [0, 0, 6, 16], "texture": "#4"},
				"up": {"uv": [0, 0, 2, 16], "texture": "#4"},
				"down": {"uv": [0, 0, 6, 16], "texture": "#4"}
			}
		},
		{
			"from": [-4.39478, 6.60786, -4],
			"to": [-3.39478, 9.85786, -2],
			"rotation": {"angle": 22.5, "axis": "z", "origin": [8, 15.48964, 5.125]},
			"faces": {
				"north": {"uv": [0, 0, 16, 16], "texture": "#8"},
				"east": {"uv": [0, 0, 16, 16], "texture": "#8"},
				"south": {"uv": [0, 0, 16, 16], "texture": "#8"},
				"west": {"uv": [0, 0, 16, 16], "texture": "#8"},
				"up": {"uv": [0, 0, 16, 16], "texture": "#8"},
				"down": {"uv": [0, 0, 16, 16], "texture": "#8"}
			}
		},
		{
			"from": [-4.39478, 3.85786, 14],
			"to": [-3.39478, 9.85786, 16],
			"rotation": {"angle": 22.5, "axis": "z", "origin": [8, 15.48964, 5.125]},
			"faces": {
				"north": {"uv": [0, 0, 1, 16], "texture": "#4"},
				"east": {"uv": [0, 0, 1, 16], "texture": "#4"},
				"south": {"uv": [0, 0, 1, 16], "texture": "#4"},
				"west": {"uv": [0, 0, 1, 16], "texture": "#4"},
				"up": {"uv": [0, 0, 1, 2], "texture": "#4"},
				"down": {"uv": [0, 0, 1, 16], "texture": "#4"}
			}
		},
		{
			"from": [-4.39478, 3.85786, -1],
			"to": [-3.39478, 9.85786, 4],
			"rotation": {"angle": 22.5, "axis": "z", "origin": [8, 15.48964, 5.125]},
			"faces": {
				"north": {"uv": [0, 0, 1, 16], "texture": "#4"},
				"east": {"uv": [0, 0, 1, 16], "texture": "#4"},
				"south": {"uv": [0, 0, 1, 16], "texture": "#4"},
				"west": {"uv": [0, 0, 1, 16], "texture": "#4"},
				"up": {"uv": [0, 0, 1, 2], "texture": "#4"},
				"down": {"uv": [0, 0, 1, 16], "texture": "#4"}
			}
		},
		{
			"from": [-1.25, 5.5, 14],
			"to": [-0.25, 29.5, 16],
			"rotation": {"angle": 0, "axis": "z", "origin": [8, 15.48964, 5.125]},
			"faces": {
				"north": {"uv": [0, 0, 1, 16], "texture": "#4"},
				"east": {"uv": [0, 0, 1, 16], "texture": "#4"},
				"south": {"uv": [0, 0, 1, 16], "texture": "#4"},
				"west": {"uv": [0, 0, 1, 16], "texture": "#4"},
				"up": {"uv": [0, 0, 1, 2], "texture": "#4"},
				"down": {"uv": [0, 0, 1, 16], "texture": "#4"}
			}
		},
		{
			"from": [-4.39478, 3.85786, 4],
			"to": [-3.39478, 9.85786, 6],
			"rotation": {"angle": 22.5, "axis": "z", "origin": [8, 15.48964, 5.125]},
			"faces": {
				"north": {"uv": [0, 0, 1, 16], "texture": "#4"},
				"east": {"uv": [0, 0, 1, 16], "texture": "#4"},
				"south": {"uv": [0, 0, 1, 16], "texture": "#4"},
				"west": {"uv": [0, 0, 1, 16], "texture": "#4"},
				"up": {"uv": [0, 0, 1, 2], "texture": "#4"},
				"down": {"uv": [0, 0, 1, 16], "texture": "#4"}
			}
		},
		{
			"from": [19.39478, 3.85786, -1],
			"to": [20.39478, 9.85786, 4],
			"rotation": {"angle": -22.5, "axis": "z", "origin": [8, 15.48964, 5.125]},
			"faces": {
				"north": {"uv": [1, 0, 0, 16], "texture": "#4"},
				"east": {"uv": [1, 0, 0, 16], "texture": "#4"},
				"south": {"uv": [1, 0, 0, 16], "texture": "#4"},
				"west": {"uv": [1, 0, 0, 16], "texture": "#4"},
				"up": {"uv": [1, 0, 0, 2], "texture": "#4"},
				"down": {"uv": [1, 0, 0, 16], "texture": "#4"}
			}
		},
		{
			"from": [19.39478, 4.85786, -2],
			"to": [20.39478, 9.85786, -1],
			"rotation": {"angle": -22.5, "axis": "z", "origin": [8, 15.48964, 5.125]},
			"faces": {
				"north": {"uv": [1, 0, 0, 16], "texture": "#4"},
				"east": {"uv": [1, 0, 0, 16], "texture": "#4"},
				"south": {"uv": [1, 0, 0, 16], "texture": "#4"},
				"west": {"uv": [1, 0, 0, 16], "texture": "#4"},
				"up": {"uv": [1, 0, 0, 2], "texture": "#4"},
				"down": {"uv": [1, 0, 0, 16], "texture": "#4"}
			}
		},
		{
			"from": [-4.39478, 4.85786, -2],
			"to": [-3.39478, 9.85786, -1],
			"rotation": {"angle": 22.5, "axis": "z", "origin": [8, 15.48964, 5.125]},
			"faces": {
				"north": {"uv": [0, 0, 1, 16], "texture": "#4"},
				"east": {"uv": [0, 0, 1, 16], "texture": "#4"},
				"south": {"uv": [0, 0, 1, 16], "texture": "#4"},
				"west": {"uv": [0, 0, 1, 16], "texture": "#4"},
				"up": {"uv": [0, 0, 1, 2], "texture": "#4"},
				"down": {"uv": [0, 0, 1, 16], "texture": "#4"}
			}
		},
		{
			"from": [19.39478, 3.85786, 4],
			"to": [20.39478, 9.85786, 6],
			"rotation": {"angle": -22.5, "axis": "z", "origin": [8, 15.48964, 5.125]},
			"faces": {
				"north": {"uv": [1, 0, 0, 16], "texture": "#4"},
				"east": {"uv": [1, 0, 0, 16], "texture": "#4"},
				"south": {"uv": [1, 0, 0, 16], "texture": "#4"},
				"west": {"uv": [1, 0, 0, 16], "texture": "#4"},
				"up": {"uv": [1, 0, 0, 2], "texture": "#4"},
				"down": {"uv": [1, 0, 0, 16], "texture": "#4"}
			}
		},
		{
			"from": [19.39478, 3.85786, 14],
			"to": [20.39478, 9.85786, 16],
			"rotation": {"angle": -22.5, "axis": "z", "origin": [8, 15.48964, 5.125]},
			"faces": {
				"north": {"uv": [1, 0, 0, 16], "texture": "#4"},
				"east": {"uv": [1, 0, 0, 16], "texture": "#4"},
				"south": {"uv": [1, 0, 0, 16], "texture": "#4"},
				"west": {"uv": [1, 0, 0, 16], "texture": "#4"},
				"up": {"uv": [1, 0, 0, 2], "texture": "#4"},
				"down": {"uv": [1, 0, 0, 16], "texture": "#4"}
			}
		},
		{
			"from": [-4.14478, 3.85786, 6],
			"to": [-3.64478, 9.85786, 14],
			"rotation": {"angle": 22.5, "axis": "z", "origin": [8, 15.48964, 5.125]},
			"faces": {
				"north": {"uv": [0, 0, 16, 16], "texture": "#3"},
				"east": {"uv": [0, 0, 16, 16], "texture": "#3"},
				"south": {"uv": [0, 0, 16, 16], "texture": "#3"},
				"west": {"uv": [0, 0, 16, 16], "texture": "#3"},
				"up": {"uv": [0, 0, 16, 16], "texture": "#3"},
				"down": {"uv": [0, 0, 16, 16], "texture": "#3"}
			}
		},
		{
			"from": [-1.25, 5.5, 4],
			"to": [-0.25, 29.5, 6],
			"rotation": {"angle": 0, "axis": "z", "origin": [8, 15.48964, 5.125]},
			"faces": {
				"north": {"uv": [0, 0, 1, 16], "texture": "#4"},
				"east": {"uv": [0, 0, 1, 16], "texture": "#4"},
				"south": {"uv": [0, 0, 1, 16], "texture": "#4"},
				"west": {"uv": [0, 0, 1, 16], "texture": "#4"},
				"up": {"uv": [0, 0, 1, 2], "texture": "#4"},
				"down": {"uv": [0, 0, 1, 16], "texture": "#4"}
			}
		},
		{
			"from": [-1, 5.5, 6],
			"to": [-0.5, 27.5, 7],
			"rotation": {"angle": 0, "axis": "z", "origin": [8, 15.48964, 5.125]},
			"faces": {
				"north": {"uv": [0, 0, 1, 16], "texture": "#3"},
				"east": {"uv": [0, 0, 1, 16], "texture": "#3"},
				"south": {"uv": [0, 0, 1, 16], "texture": "#3"},
				"west": {"uv": [0, 0, 1, 16], "texture": "#3"},
				"up": {"uv": [0, 0, 1, 16], "texture": "#3"},
				"down": {"uv": [0, 0, 1, 16], "texture": "#3"}
			}
		},
		{
			"from": [-1, 5.5, 13],
			"to": [-0.5, 27.5, 14],
			"rotation": {"angle": 0, "axis": "z", "origin": [8, 15.48964, 5.125]},
			"faces": {
				"north": {"uv": [0, 0, 1, 16], "texture": "#3"},
				"east": {"uv": [0, 0, 1, 16], "texture": "#3"},
				"south": {"uv": [0, 0, 1, 16], "texture": "#3"},
				"west": {"uv": [0, 0, 1, 16], "texture": "#3"},
				"up": {"uv": [0, 0, 1, 16], "texture": "#3"},
				"down": {"uv": [0, 0, 1, 16], "texture": "#3"}
			}
		},
		{
			"from": [-1.25, 5.5, -4],
			"to": [-0.25, 29.5, -2],
			"rotation": {"angle": 0, "axis": "z", "origin": [8, 15.48964, 5.125]},
			"faces": {
				"north": {"uv": [0, 0, 16, 16], "texture": "#8"},
				"east": {"uv": [0, 0, 16, 16], "texture": "#8"},
				"south": {"uv": [0, 0, 16, 16], "texture": "#8"},
				"west": {"uv": [0, 0, 16, 16], "texture": "#8"},
				"up": {"uv": [0, 0, 16, 16], "texture": "#8"},
				"down": {"uv": [0, 0, 16, 16], "texture": "#8"}
			}
		},
		{
			"from": [-1.25, 17.5, -2],
			"to": [-0.25, 23.5, 4],
			"rotation": {"angle": 0, "axis": "z", "origin": [8, 15.48964, 5.125]},
			"faces": {
				"north": {"uv": [0, 0, 16, 16], "texture": "#particle"},
				"east": {"uv": [0, 0, 16, 16], "texture": "#particle"},
				"south": {"uv": [0, 0, 16, 16], "texture": "#particle"},
				"west": {"uv": [0, 0, 16, 16], "texture": "#particle"},
				"up": {"uv": [0, 0, 16, 16], "texture": "#particle"},
				"down": {"uv": [0, 0, 16, 16], "texture": "#particle"}
			}
		},
		{
			"from": [-1, 15.5, 7],
			"to": [-0.5, 25.5, 13],
			"rotation": {"angle": 0, "axis": "z", "origin": [8, 15.48964, 5.125]},
			"faces": {
				"north": {"uv": [0, 0, 16, 16], "texture": "#particle"},
				"east": {"uv": [0, 0, 16, 16], "texture": "#particle"},
				"south": {"uv": [0, 0, 16, 16], "texture": "#particle"},
				"west": {"uv": [0, 0, 16, 16], "texture": "#particle"},
				"up": {"uv": [0, 0, 16, 16], "texture": "#particle"},
				"down": {"uv": [0, 0, 16, 16], "texture": "#particle"}
			}
		},
		{
			"from": [-1.25, 23.5, -2],
			"to": [-0.25, 29.5, 4],
			"rotation": {"angle": 0, "axis": "z", "origin": [8, 15.48964, 5.125]},
			"faces": {
				"north": {"uv": [0, 0, 1, 16], "texture": "#4"},
				"east": {"uv": [0, 0, 6, 6], "texture": "#4"},
				"south": {"uv": [0, 0, 1, 16], "texture": "#4"},
				"west": {"uv": [0, 0, 6, 6], "texture": "#4"},
				"up": {"uv": [0, 0, 1, 2], "texture": "#4"},
				"down": {"uv": [0, 0, 1, 16], "texture": "#4"}
			}
		},
		{
			"from": [-1.25, 27.5, 6],
			"to": [-0.25, 29.5, 14],
			"rotation": {"angle": 0, "axis": "z", "origin": [8, 15.48964, 5.125]},
			"faces": {
				"north": {"uv": [0, 0, 1, 16], "texture": "#4"},
				"east": {"uv": [0, 0, 6, 6], "texture": "#4"},
				"south": {"uv": [0, 0, 1, 16], "texture": "#4"},
				"west": {"uv": [0, 0, 6, 6], "texture": "#4"},
				"up": {"uv": [0, 0, 1, 2], "texture": "#4"},
				"down": {"uv": [0, 0, 1, 16], "texture": "#4"}
			}
		},
		{
			"from": [-1, 25.5, 7],
			"to": [-0.5, 27.5, 13],
			"rotation": {"angle": 0, "axis": "z", "origin": [8, 15.48964, 5.125]},
			"faces": {
				"north": {"uv": [0, 0, 6, 6], "texture": "#3"},
				"east": {"uv": [0, 0, 6, 6], "texture": "#3"},
				"south": {"uv": [0, 0, 6, 6], "texture": "#3"},
				"west": {"uv": [0, 0, 6, 6], "texture": "#3"},
				"up": {"uv": [0, 0, 6, 6], "texture": "#3"},
				"down": {"uv": [0, 0, 6, 6], "texture": "#3"}
			}
		},
		{
			"from": [-1, 5.5, 7],
			"to": [-0.5, 15.5, 13],
			"rotation": {"angle": 0, "axis": "z", "origin": [8, 15.48964, 5.125]},
			"faces": {
				"north": {"uv": [0, 0, 6, 6], "texture": "#3"},
				"east": {"uv": [0, 0, 6, 6], "texture": "#3"},
				"south": {"uv": [0, 0, 6, 6], "texture": "#3"},
				"west": {"uv": [0, 0, 6, 6], "texture": "#3"},
				"up": {"uv": [0, 0, 6, 6], "texture": "#3"},
				"down": {"uv": [0, 0, 6, 6], "texture": "#3"}
			}
		},
		{
			"from": [-1.25, 5.5, -2],
			"to": [-0.25, 17.5, 4],
			"rotation": {"angle": 0, "axis": "z", "origin": [8, 15.48964, 5.125]},
			"faces": {
				"north": {"uv": [0, 0, 1, 16], "texture": "#4"},
				"east": {"uv": [0, 0, 6, 6], "texture": "#4"},
				"south": {"uv": [0, 0, 1, 16], "texture": "#4"},
				"west": {"uv": [0, 0, 6, 6], "texture": "#4"},
				"up": {"uv": [0, 0, 1, 2], "texture": "#4"},
				"down": {"uv": [0, 0, 1, 16], "texture": "#4"}
			}
		},
		{
			"from": [19.64478, 3.85786, 6],
			"to": [20.14478, 9.85786, 14],
			"rotation": {"angle": -22.5, "axis": "z", "origin": [8, 15.48964, 5.125]},
			"faces": {
				"north": {"uv": [16, 0, 0, 16], "texture": "#3"},
				"east": {"uv": [16, 0, 0, 16], "texture": "#3"},
				"south": {"uv": [16, 0, 0, 16], "texture": "#3"},
				"west": {"uv": [16, 0, 0, 16], "texture": "#3"},
				"up": {"uv": [16, 0, 0, 16], "texture": "#3"},
				"down": {"uv": [16, 0, 0, 16], "texture": "#3"}
			}
		},
		{
			"from": [16.25, 23.5, -2],
			"to": [17.25, 29.5, 4],
			"rotation": {"angle": 0, "axis": "z", "origin": [8, 15.48964, 5.125]},
			"faces": {
				"north": {"uv": [1, 0, 0, 16], "texture": "#4"},
				"east": {"uv": [6, 0, 0, 6], "texture": "#4"},
				"south": {"uv": [1, 0, 0, 16], "texture": "#4"},
				"west": {"uv": [6, 0, 0, 6], "texture": "#4"},
				"up": {"uv": [1, 0, 0, 2], "texture": "#4"},
				"down": {"uv": [1, 0, 0, 16], "texture": "#4"}
			}
		},
		{
			"from": [16.25, 5.5, 4],
			"to": [17.25, 29.5, 6],
			"rotation": {"angle": 0, "axis": "z", "origin": [8, 15.48964, 5.125]},
			"faces": {
				"north": {"uv": [1, 0, 0, 16], "texture": "#4"},
				"east": {"uv": [1, 0, 0, 16], "texture": "#4"},
				"south": {"uv": [1, 0, 0, 16], "texture": "#4"},
				"west": {"uv": [1, 0, 0, 16], "texture": "#4"},
				"up": {"uv": [1, 0, 0, 2], "texture": "#4"},
				"down": {"uv": [1, 0, 0, 16], "texture": "#4"}
			}
		},
		{
			"from": [16.25, 27.5, 6],
			"to": [17.25, 29.5, 14],
			"rotation": {"angle": 0, "axis": "z", "origin": [8, 15.48964, 5.125]},
			"faces": {
				"north": {"uv": [1, 0, 0, 16], "texture": "#4"},
				"east": {"uv": [6, 0, 0, 6], "texture": "#4"},
				"south": {"uv": [1, 0, 0, 16], "texture": "#4"},
				"west": {"uv": [6, 0, 0, 6], "texture": "#4"},
				"up": {"uv": [1, 0, 0, 2], "texture": "#4"},
				"down": {"uv": [1, 0, 0, 16], "texture": "#4"}
			}
		},
		{
			"from": [16.25, 5.5, 14],
			"to": [17.25, 29.5, 16],
			"rotation": {"angle": 0, "axis": "z", "origin": [8, 15.48964, 5.125]},
			"faces": {
				"north": {"uv": [1, 0, 0, 16], "texture": "#4"},
				"east": {"uv": [1, 0, 0, 16], "texture": "#4"},
				"south": {"uv": [1, 0, 0, 16], "texture": "#4"},
				"west": {"uv": [1, 0, 0, 16], "texture": "#4"},
				"up": {"uv": [1, 0, 0, 2], "texture": "#4"},
				"down": {"uv": [1, 0, 0, 16], "texture": "#4"}
			}
		},
		{
			"from": [16.5, 15.5, 7],
			"to": [17, 25.5, 13],
			"rotation": {"angle": 0, "axis": "z", "origin": [8, 15.48964, 5.125]},
			"faces": {
				"north": {"uv": [16, 0, 0, 16], "texture": "#particle"},
				"east": {"uv": [16, 0, 0, 16], "texture": "#particle"},
				"south": {"uv": [16, 0, 0, 16], "texture": "#particle"},
				"west": {"uv": [16, 0, 0, 16], "texture": "#particle"},
				"up": {"uv": [16, 0, 0, 16], "texture": "#particle"},
				"down": {"uv": [16, 0, 0, 16], "texture": "#particle"}
			}
		},
		{
			"from": [16.5, 25.5, 7],
			"to": [17, 27.5, 13],
			"rotation": {"angle": 0, "axis": "z", "origin": [8, 15.48964, 5.125]},
			"faces": {
				"north": {"uv": [6, 0, 0, 6], "texture": "#3"},
				"east": {"uv": [6, 0, 0, 6], "texture": "#3"},
				"south": {"uv": [6, 0, 0, 6], "texture": "#3"},
				"west": {"uv": [6, 0, 0, 6], "texture": "#3"},
				"up": {"uv": [6, 0, 0, 6], "texture": "#3"},
				"down": {"uv": [6, 0, 0, 6], "texture": "#3"}
			}
		},
		{
			"from": [16.5, 5.5, 6],
			"to": [17, 27.5, 7],
			"rotation": {"angle": 0, "axis": "z", "origin": [8, 15.48964, 5.125]},
			"faces": {
				"north": {"uv": [1, 0, 0, 16], "texture": "#3"},
				"east": {"uv": [1, 0, 0, 16], "texture": "#3"},
				"south": {"uv": [1, 0, 0, 16], "texture": "#3"},
				"west": {"uv": [1, 0, 0, 16], "texture": "#3"},
				"up": {"uv": [1, 0, 0, 16], "texture": "#3"},
				"down": {"uv": [1, 0, 0, 16], "texture": "#3"}
			}
		},
		{
			"from": [16.5, 5.5, 13],
			"to": [17, 27.5, 14],
			"rotation": {"angle": 0, "axis": "z", "origin": [8, 15.48964, 5.125]},
			"faces": {
				"north": {"uv": [1, 0, 0, 16], "texture": "#3"},
				"east": {"uv": [1, 0, 0, 16], "texture": "#3"},
				"south": {"uv": [1, 0, 0, 16], "texture": "#3"},
				"west": {"uv": [1, 0, 0, 16], "texture": "#3"},
				"up": {"uv": [1, 0, 0, 16], "texture": "#3"},
				"down": {"uv": [1, 0, 0, 16], "texture": "#3"}
			}
		},
		{
			"from": [14.25, -6, 13.5],
			"to": [14.75, 0, 14],
			"rotation": {"angle": 0, "axis": "z", "origin": [8, 15.48964, 5.125]},
			"faces": {
				"north": {"uv": [1, 0, 0, 16], "texture": "#3"},
				"east": {"uv": [1, 0, 0, 16], "texture": "#3"},
				"south": {"uv": [1, 0, 0, 16], "texture": "#3"},
				"west": {"uv": [1, 0, 0, 16], "texture": "#3"},
				"up": {"uv": [1, 0, 0, 16], "texture": "#3"},
				"down": {"uv": [1, 0, 0, 16], "texture": "#3"}
			}
		},
		{
			"from": [14.25, -6, 6.5],
			"to": [14.75, -5.5, 13.5],
			"rotation": {"angle": 0, "axis": "z", "origin": [8, 15.48964, 5.125]},
			"faces": {
				"north": {"uv": [1, 0, 0, 16], "texture": "#3"},
				"east": {"uv": [1, 0, 0, 16], "texture": "#3"},
				"south": {"uv": [1, 0, 0, 16], "texture": "#3"},
				"west": {"uv": [1, 0, 0, 16], "texture": "#3"},
				"up": {"uv": [1, 0, 0, 16], "texture": "#3"},
				"down": {"uv": [1, 0, 0, 16], "texture": "#3"}
			}
		},
		{
			"from": [14.25, -3, 6.5],
			"to": [14.75, -2.5, 13.5],
			"rotation": {"angle": 0, "axis": "z", "origin": [8, 15.48964, 5.125]},
			"faces": {
				"north": {"uv": [1, 0, 0, 16], "texture": "#3"},
				"east": {"uv": [1, 0, 0, 16], "texture": "#3"},
				"south": {"uv": [1, 0, 0, 16], "texture": "#3"},
				"west": {"uv": [1, 0, 0, 16], "texture": "#3"},
				"up": {"uv": [1, 0, 0, 16], "texture": "#3"},
				"down": {"uv": [1, 0, 0, 16], "texture": "#3"}
			}
		},
		{
			"from": [14.25, -6, 6],
			"to": [14.75, 0, 6.5],
			"rotation": {"angle": 0, "axis": "z", "origin": [8, 15.48964, 5.125]},
			"faces": {
				"north": {"uv": [1, 0, 0, 16], "texture": "#3"},
				"east": {"uv": [1, 0, 0, 16], "texture": "#3"},
				"south": {"uv": [1, 0, 0, 16], "texture": "#3"},
				"west": {"uv": [1, 0, 0, 16], "texture": "#3"},
				"up": {"uv": [1, 0, 0, 16], "texture": "#3"},
				"down": {"uv": [1, 0, 0, 16], "texture": "#3"}
			}
		},
		{
			"from": [1.25, -3, 6.5],
			"to": [1.75, -2.5, 13.5],
			"rotation": {"angle": 0, "axis": "z", "origin": [8, 15.48964, 5.125]},
			"faces": {
				"north": {"uv": [0, 0, 1, 16], "texture": "#3"},
				"east": {"uv": [0, 0, 1, 16], "texture": "#3"},
				"south": {"uv": [0, 0, 1, 16], "texture": "#3"},
				"west": {"uv": [0, 0, 1, 16], "texture": "#3"},
				"up": {"uv": [0, 0, 1, 16], "texture": "#3"},
				"down": {"uv": [0, 0, 1, 16], "texture": "#3"}
			}
		},
		{
			"from": [5.25, -5, -1],
			"to": [6.25, -4, 2],
			"rotation": {"angle": 0, "axis": "z", "origin": [8, 15.48964, 5.125]},
			"faces": {
				"north": {"uv": [0, 0, 1, 16], "texture": "#3"},
				"east": {"uv": [0, 0, 1, 16], "texture": "#3"},
				"south": {"uv": [0, 0, 1, 16], "texture": "#3"},
				"west": {"uv": [0, 0, 1, 16], "texture": "#3"},
				"up": {"uv": [0, 0, 1, 16], "texture": "#3"},
				"down": {"uv": [0, 0, 1, 16], "texture": "#3"}
			}
		},
		{
			"from": [9.75, -5, -1],
			"to": [10.75, -4, 2],
			"rotation": {"angle": 0, "axis": "z", "origin": [8, 15.48964, 5.125]},
			"faces": {
				"north": {"uv": [1, 0, 0, 16], "texture": "#3"},
				"east": {"uv": [1, 0, 0, 16], "texture": "#3"},
				"south": {"uv": [1, 0, 0, 16], "texture": "#3"},
				"west": {"uv": [1, 0, 0, 16], "texture": "#3"},
				"up": {"uv": [1, 0, 0, 16], "texture": "#3"},
				"down": {"uv": [1, 0, 0, 16], "texture": "#3"}
			}
		},
		{
			"from": [1.25, -6, 6],
			"to": [1.75, 0, 6.5],
			"rotation": {"angle": 0, "axis": "z", "origin": [8, 15.48964, 5.125]},
			"faces": {
				"north": {"uv": [0, 0, 1, 16], "texture": "#3"},
				"east": {"uv": [0, 0, 1, 16], "texture": "#3"},
				"south": {"uv": [0, 0, 1, 16], "texture": "#3"},
				"west": {"uv": [0, 0, 1, 16], "texture": "#3"},
				"up": {"uv": [0, 0, 1, 16], "texture": "#3"},
				"down": {"uv": [0, 0, 1, 16], "texture": "#3"}
			}
		},
		{
			"from": [1.25, -6, 13.5],
			"to": [1.75, 0, 14],
			"rotation": {"angle": 0, "axis": "z", "origin": [8, 15.48964, 5.125]},
			"faces": {
				"north": {"uv": [0, 0, 1, 16], "texture": "#3"},
				"east": {"uv": [0, 0, 1, 16], "texture": "#3"},
				"south": {"uv": [0, 0, 1, 16], "texture": "#3"},
				"west": {"uv": [0, 0, 1, 16], "texture": "#3"},
				"up": {"uv": [0, 0, 1, 16], "texture": "#3"},
				"down": {"uv": [0, 0, 1, 16], "texture": "#3"}
			}
		},
		{
			"from": [1.25, -6, 6.5],
			"to": [1.75, -5.5, 13.5],
			"rotation": {"angle": 0, "axis": "z", "origin": [8, 15.48964, 5.125]},
			"faces": {
				"north": {"uv": [0, 0, 1, 16], "texture": "#3"},
				"east": {"uv": [0, 0, 1, 16], "texture": "#3"},
				"south": {"uv": [0, 0, 1, 16], "texture": "#3"},
				"west": {"uv": [0, 0, 1, 16], "texture": "#3"},
				"up": {"uv": [0, 0, 1, 16], "texture": "#3"},
				"down": {"uv": [0, 0, 1, 16], "texture": "#3"}
			}
		},
		{
			"from": [16.5, 5.5, 7],
			"to": [17, 15.5, 13],
			"rotation": {"angle": 0, "axis": "z", "origin": [8, 15.48964, 5.125]},
			"faces": {
				"north": {"uv": [6, 0, 0, 6], "texture": "#3"},
				"east": {"uv": [6, 0, 0, 6], "texture": "#3"},
				"south": {"uv": [6, 0, 0, 6], "texture": "#3"},
				"west": {"uv": [6, 0, 0, 6], "texture": "#3"},
				"up": {"uv": [6, 0, 0, 6], "texture": "#3"},
				"down": {"uv": [6, 0, 0, 6], "texture": "#3"}
			}
		},
		{
			"from": [16.25, 5.5, -2],
			"to": [17.25, 17.5, 4],
			"rotation": {"angle": 0, "axis": "z", "origin": [8, 15.48964, 5.125]},
			"faces": {
				"north": {"uv": [1, 0, 0, 16], "texture": "#4"},
				"east": {"uv": [6, 0, 0, 6], "texture": "#4"},
				"south": {"uv": [1, 0, 0, 16], "texture": "#4"},
				"west": {"uv": [6, 0, 0, 6], "texture": "#4"},
				"up": {"uv": [1, 0, 0, 2], "texture": "#4"},
				"down": {"uv": [1, 0, 0, 16], "texture": "#4"}
			}
		},
		{
			"from": [16.25, 17.5, -2],
			"to": [17.25, 23.5, 4],
			"rotation": {"angle": 0, "axis": "z", "origin": [8, 15.48964, 5.125]},
			"faces": {
				"north": {"uv": [16, 0, 0, 16], "texture": "#particle"},
				"east": {"uv": [16, 0, 0, 16], "texture": "#particle"},
				"south": {"uv": [16, 0, 0, 16], "texture": "#particle"},
				"west": {"uv": [16, 0, 0, 16], "texture": "#particle"},
				"up": {"uv": [16, 0, 0, 16], "texture": "#particle"},
				"down": {"uv": [16, 0, 0, 16], "texture": "#particle"}
			}
		},
		{
			"name": "roof",
			"from": [2.63391, 30.9372, -2],
			"to": [4.63391, 31.9372, 16],
			"rotation": {"angle": -45, "axis": "z", "origin": [8, 15.48964, 5.125]},
			"faces": {
				"north": {"uv": [6, 0, 0, 16], "texture": "#4"},
				"east": {"uv": [6, 0, 0, 16], "texture": "#4"},
				"south": {"uv": [6, 0, 0, 16], "texture": "#4"},
				"west": {"uv": [6, 0, 0, 16], "texture": "#4"},
				"up": {"uv": [2, 0, 0, 16], "texture": "#4"},
				"down": {"uv": [6, 0, 0, 16], "texture": "#4"}
			}
		},
		{
			"from": [16.25, 5.5, -4],
			"to": [17.25, 29.5, -2],
			"rotation": {"angle": 0, "axis": "z", "origin": [8, 15.48964, 5.125]},
			"faces": {
				"north": {"uv": [0, 0, 16, 16], "texture": "#8"},
				"east": {"uv": [0, 0, 16, 16], "texture": "#8"},
				"south": {"uv": [0, 0, 16, 16], "texture": "#8"},
				"west": {"uv": [0, 0, 16, 16], "texture": "#8"},
				"up": {"uv": [0, 0, 16, 16], "texture": "#8"},
				"down": {"uv": [0, 0, 16, 16], "texture": "#8"}
			}
		},
		{
			"from": [19.39478, 6.85786, -4],
			"to": [20.39478, 9.85786, -2],
			"rotation": {"angle": -22.5, "axis": "z", "origin": [8, 15.48964, 5.125]},
			"faces": {
				"north": {"uv": [0, 0, 16, 16], "texture": "#8"},
				"east": {"uv": [0, 0, 16, 16], "texture": "#8"},
				"south": {"uv": [0, 0, 16, 16], "texture": "#8"},
				"west": {"uv": [0, 0, 16, 16], "texture": "#8"},
				"up": {"uv": [0, 0, 16, 16], "texture": "#8"},
				"down": {"uv": [0, 0, 16, 16], "texture": "#8"}
			}
		},
		{
			"from": [1, 0, -1],
			"to": [15, 1, 16],
			"rotation": {"angle": 0, "axis": "y", "origin": [8, 15.48964, 5.125]},
			"faces": {
				"north": {"uv": [0, 0, 14, 16], "texture": "#4"},
				"east": {"uv": [0, 0, 14, 16], "texture": "#4"},
				"south": {"uv": [0, 0, 14, 16], "texture": "#4"},
				"west": {"uv": [0, 0, 14, 16], "texture": "#4"},
				"up": {"uv": [0, 0, 14, 16], "texture": "#4"},
				"down": {"uv": [0, 0, 14, 16], "texture": "#4"}
			}
		},
		{
			"from": [4, -5, 2],
			"to": [12, 0, 4],
			"rotation": {"angle": 0, "axis": "y", "origin": [8, 15.48964, 5.125]},
			"faces": {
				"north": {"uv": [0, 0, 16, 16], "texture": "#3"},
				"east": {"uv": [0, 0, 16, 16], "texture": "#3"},
				"south": {"uv": [0, 0, 16, 16], "texture": "#3"},
				"west": {"uv": [0, 0, 16, 16], "texture": "#3"},
				"up": {"uv": [0, 0, 16, 16], "texture": "#3"},
				"down": {"uv": [0, 0, 16, 16], "texture": "#3"}
			}
		},
		{
			"name": "roof",
			"from": [11.36609, 30.9372, -4],
			"to": [13.36609, 31.9372, -2],
			"rotation": {"angle": 45, "axis": "z", "origin": [8, 15.48964, 5.125]},
			"faces": {
				"north": {"uv": [0, 0, 16, 16], "texture": "#8"},
				"east": {"uv": [0, 0, 16, 16], "texture": "#8"},
				"south": {"uv": [0, 0, 16, 16], "texture": "#8"},
				"west": {"uv": [0, 0, 16, 16], "texture": "#8"},
				"up": {"uv": [0, 0, 16, 16], "texture": "#8"},
				"down": {"uv": [0, 0, 16, 16], "texture": "#8"}
			}
		},
		{
			"from": [0.25, 3, -4],
			"to": [15.75, 4, -2],
			"rotation": {"angle": 0, "axis": "y", "origin": [8, 15.48964, 5.125]},
			"faces": {
				"north": {"uv": [0, 0, 16, 16], "texture": "#8"},
				"east": {"uv": [0, 0, 16, 16], "texture": "#8"},
				"south": {"uv": [0, 0, 16, 16], "texture": "#8"},
				"west": {"uv": [0, 0, 16, 16], "texture": "#8"},
				"up": {"uv": [0, 0, 16, 16], "texture": "#8"},
				"down": {"uv": [0, 0, 16, 16], "texture": "#8"}
			}
		},
		{
			"from": [0.25, 3, -4],
			"to": [15.75, 4, 0.25],
			"rotation": {"angle": 45, "axis": "x", "origin": [8, 3, -4]},
			"faces": {
				"north": {"uv": [0, 0, 16, 16], "texture": "#3"},
				"east": {"uv": [0, 0, 16, 16], "texture": "#3"},
				"south": {"uv": [0, 0, 16, 16], "texture": "#3"},
				"west": {"uv": [0, 0, 16, 16], "texture": "#3"},
				"up": {"uv": [0, 0, 16, 16], "texture": "#3"},
				"down": {"uv": [0, 0, 16, 16], "texture": "#3"}
			}
		},
		{
			"name": "roof",
			"from": [0.25, 30, -4],
			"to": [15.75, 31, -2],
			"rotation": {"angle": 0, "axis": "z", "origin": [8, 15.48964, 5.125]},
			"faces": {
				"north": {"uv": [0, 0, 16, 16], "texture": "#8"},
				"east": {"uv": [0, 0, 16, 16], "texture": "#8"},
				"south": {"uv": [0, 0, 16, 16], "texture": "#8"},
				"west": {"uv": [0, 0, 16, 16], "texture": "#8"},
				"up": {"uv": [0, 0, 16, 16], "texture": "#8"},
				"down": {"uv": [0, 0, 16, 16], "texture": "#8"}
			}
		},
		{
			"name": "roof",
			"from": [2.63391, 30.9372, -4],
			"to": [4.63391, 31.9372, -2],
			"rotation": {"angle": -45, "axis": "z", "origin": [8, 15.48964, 5.125]},
			"faces": {
				"north": {"uv": [0, 0, 16, 16], "texture": "#8"},
				"east": {"uv": [0, 0, 16, 16], "texture": "#8"},
				"south": {"uv": [0, 0, 16, 16], "texture": "#8"},
				"west": {"uv": [0, 0, 16, 16], "texture": "#8"},
				"up": {"uv": [0, 0, 16, 16], "texture": "#8"},
				"down": {"uv": [0, 0, 16, 16], "texture": "#8"}
			}
		},
		{
			"name": "board",
			"from": [-0.25, 4, -3.75],
			"to": [16.25, 12, -2.75],
			"rotation": {"angle": 0, "axis": "y", "origin": [8, 8, -3.25]},
			"faces": {
				"north": {"uv": [0, 2, 16, 10], "texture": "#5"},
				"east": {"uv": [0, 0, 16, 16], "texture": "#3"},
				"south": {"uv": [0, 0, 16, 16], "texture": "#3"},
				"west": {"uv": [0, 0, 16, 16], "texture": "#3"},
				"up": {"uv": [0, 0, 16, 16], "texture": "#3"},
				"down": {"uv": [0, 0, 16, 16], "texture": "#3"}
			}
		},
		{
			"name": "board",
			"from": [-0.25, 3.5, 14.75],
			"to": [16.25, 12, 15.75],
			"rotation": {"angle": 0, "axis": "y", "origin": [8, 8, -3.25]},
			"faces": {
				"north": {"uv": [0, 0, 16, 16], "texture": "#4"},
				"east": {"uv": [0, 0, 16, 16], "texture": "#4"},
				"south": {"uv": [0, 0, 16, 16], "texture": "#4"},
				"west": {"uv": [0, 0, 16, 16], "texture": "#4"},
				"up": {"uv": [0, 0, 16, 16], "texture": "#4"},
				"down": {"uv": [0, 0, 16, 16], "texture": "#4"}
			}
		},
		{
			"name": "board",
			"from": [-0.25, 12, 14.75],
			"to": [16.25, 27, 15.75],
			"rotation": {"angle": 0, "axis": "y", "origin": [8, 8, -3.25]},
			"faces": {
				"north": {"uv": [0, 0, 16, 16], "texture": "#particle"},
				"east": {"uv": [0, 0, 16, 16], "texture": "#particle"},
				"south": {"uv": [0, 0, 16, 16], "texture": "#particle"},
				"west": {"uv": [0, 0, 16, 16], "texture": "#particle"},
				"up": {"uv": [0, 0, 16, 16], "texture": "#particle"},
				"down": {"uv": [0, 0, 16, 16], "texture": "#particle"}
			}
		},
		{
			"name": "board",
			"from": [-0.25, 27, 14.75],
			"to": [16.25, 30, 15.75],
			"rotation": {"angle": 0, "axis": "y", "origin": [8, 8, -3.25]},
			"faces": {
				"north": {"uv": [0, 0, 16, 16], "texture": "#4"},
				"east": {"uv": [0, 0, 16, 16], "texture": "#4"},
				"south": {"uv": [0, 0, 16, 16], "texture": "#4"},
				"west": {"uv": [0, 0, 16, 16], "texture": "#4"},
				"up": {"uv": [0, 0, 16, 16], "texture": "#4"},
				"down": {"uv": [0, 0, 16, 16], "texture": "#4"}
			}
		},
		{
			"name": "board",
			"from": [0.75, 1, 14.75],
			"to": [15.25, 3.5, 15.75],
			"rotation": {"angle": 0, "axis": "y", "origin": [8, 8, -3.25]},
			"faces": {
				"north": {"uv": [0, 0, 16, 16], "texture": "#4"},
				"east": {"uv": [0, 0, 16, 16], "texture": "#4"},
				"south": {"uv": [0, 0, 16, 16], "texture": "#4"},
				"west": {"uv": [0, 0, 16, 16], "texture": "#4"},
				"up": {"uv": [0, 0, 16, 16], "texture": "#4"},
				"down": {"uv": [0, 0, 16, 16], "texture": "#4"}
			}
		},
		{
			"name": "board",
			"from": [-0.25, 24, -3.75],
			"to": [16.25, 30, -2.75],
			"rotation": {"angle": 0, "axis": "y", "origin": [8, 8, -3.25]},
			"faces": {
				"north": {"uv": [0, 2, 16, 10], "texture": "#6"},
				"east": {"uv": [0, 0, 16, 16], "texture": "#3"},
				"south": {"uv": [0, 0, 16, 16], "texture": "#3"},
				"west": {"uv": [0, 0, 16, 16], "texture": "#3"},
				"up": {"uv": [0, 0, 16, 16], "texture": "#3"},
				"down": {"uv": [0, 0, 16, 16], "texture": "#3"}
			}
		},
		{
			"name": "board",
			"from": [-0.25, 12, -3.75],
			"to": [16.25, 24, -2.75],
			"rotation": {"angle": 0, "axis": "y", "origin": [8, 8, -3.25]},
			"faces": {
				"north": {"uv": [0, 0, 16, 16], "texture": "#particle"},
				"east": {"uv": [0, 0, 16, 16], "texture": "#particle"},
				"south": {"uv": [0, 0, 16, 16], "texture": "#particle"},
				"west": {"uv": [0, 0, 16, 16], "texture": "#particle"},
				"up": {"uv": [0, 0, 16, 16], "texture": "#particle"},
				"down": {"uv": [0, 0, 16, 16], "texture": "#particle"}
			}
		},
		{
			"from": [7.75, -6, 1],
			"to": [16, -4, 1.5],
			"rotation": {"angle": -22.5, "axis": "y", "origin": [16, -4, 0]},
			"faces": {
				"north": {"uv": [0, 0, 16, 16], "texture": "#3"},
				"east": {"uv": [0, 0, 16, 16], "texture": "#3"},
				"south": {"uv": [0, 0, 16, 16], "texture": "#3"},
				"west": {"uv": [0, 0, 16, 16], "texture": "#3"},
				"up": {"uv": [0, 0, 16, 16], "texture": "#3"},
				"down": {"uv": [0, 0, 16, 16], "texture": "#3"}
			}
		},
		{
			"from": [0, -6, 1],
			"to": [8.25, -4, 1.5],
			"rotation": {"angle": 22.5, "axis": "y", "origin": [0, -4, 0]},
			"faces": {
				"north": {"uv": [0, 0, 16, 16], "texture": "#3"},
				"east": {"uv": [0, 0, 16, 16], "texture": "#3"},
				"south": {"uv": [0, 0, 16, 16], "texture": "#3"},
				"west": {"uv": [0, 0, 16, 16], "texture": "#3"},
				"up": {"uv": [0, 0, 16, 16], "texture": "#3"},
				"down": {"uv": [0, 0, 16, 16], "texture": "#3"}
			}
		},
		{
			"from": [10.75, -4, 1],
			"to": [16, -1, 1.5],
			"rotation": {"angle": -22.5, "axis": "y", "origin": [16, -2, 0]},
			"faces": {
				"north": {"uv": [0, 0, 16, 16], "texture": "#3"},
				"east": {"uv": [0, 0, 16, 16], "texture": "#3"},
				"south": {"uv": [0, 0, 16, 16], "texture": "#3"},
				"west": {"uv": [0, 0, 16, 16], "texture": "#3"},
				"up": {"uv": [0, 0, 16, 16], "texture": "#3"},
				"down": {"uv": [0, 0, 16, 16], "texture": "#3"}
			}
		},
		{
			"from": [0, -4, 1],
			"to": [5.25, -1, 1.5],
			"rotation": {"angle": 22.5, "axis": "y", "origin": [0, -2, 0]},
			"faces": {
				"north": {"uv": [0, 0, 16, 16], "texture": "#3"},
				"east": {"uv": [0, 0, 16, 16], "texture": "#3"},
				"south": {"uv": [0, 0, 16, 16], "texture": "#3"},
				"west": {"uv": [0, 0, 16, 16], "texture": "#3"},
				"up": {"uv": [0, 0, 16, 16], "texture": "#3"},
				"down": {"uv": [0, 0, 16, 16], "texture": "#3"}
			}
		},
		{
			"from": [7, -4, -4],
			"to": [9, -2, 2],
			"rotation": {"angle": 0, "axis": "y", "origin": [8.00281, -4.94975, 14.19115]},
			"faces": {
				"north": {"uv": [0, 0, 16, 16], "texture": "#3"},
				"east": {"uv": [0, 0, 16, 16], "texture": "#3"},
				"south": {"uv": [0, 0, 16, 16], "texture": "#3"},
				"west": {"uv": [0, 0, 16, 16], "texture": "#3"},
				"up": {"uv": [0, 0, 16, 16], "texture": "#3"},
				"down": {"uv": [0, 0, 16, 16], "texture": "#3"}
			}
		},
		{
			"from": [6, -4, -5],
			"to": [7, -2, -4],
			"rotation": {"angle": 0, "axis": "y", "origin": [8.00281, -4.94975, 18.19115]},
			"faces": {
				"north": {"uv": [0, 0, 16, 16], "texture": "#4"},
				"east": {"uv": [0, 0, 16, 16], "texture": "#4"},
				"south": {"uv": [0, 0, 16, 16], "texture": "#4"},
				"west": {"uv": [0, 0, 16, 16], "texture": "#4"},
				"up": {"uv": [0, 0, 16, 16], "texture": "#4"},
				"down": {"uv": [0, 0, 16, 16], "texture": "#4"}
			}
		},
		{
			"from": [9, -4, -6],
			"to": [10, -2, -4],
			"rotation": {"angle": 0, "axis": "y", "origin": [8.00281, -4.94975, 18.19115]},
			"faces": {
				"north": {"uv": [0, 0, 16, 16], "texture": "#4"},
				"east": {"uv": [0, 0, 16, 16], "texture": "#4"},
				"south": {"uv": [0, 0, 16, 16], "texture": "#4"},
				"west": {"uv": [0, 0, 16, 16], "texture": "#4"},
				"up": {"uv": [0, 0, 16, 16], "texture": "#4"},
				"down": {"uv": [0, 0, 16, 16], "texture": "#4"}
			}
		},
		{
			"from": [8, -4, -6],
			"to": [9, -2, -5],
			"rotation": {"angle": 0, "axis": "y", "origin": [8.00281, -4.94975, 18.19115]},
			"faces": {
				"north": {"uv": [0, 0, 16, 16], "texture": "#4"},
				"east": {"uv": [0, 0, 16, 16], "texture": "#4"},
				"south": {"uv": [0, 0, 16, 16], "texture": "#4"},
				"west": {"uv": [0, 0, 16, 16], "texture": "#4"},
				"up": {"uv": [0, 0, 16, 16], "texture": "#4"},
				"down": {"uv": [0, 0, 16, 16], "texture": "#4"}
			}
		},
		{
			"from": [4, 8, 8],
			"to": [12, 17, 9],
			"rotation": {"angle": 0, "axis": "y", "origin": [8, 11.5, 13.5]},
			"faces": {
				"north": {"uv": [0, 0, 16, 16], "texture": "#7"},
				"east": {"uv": [0, 0, 16, 16], "texture": "#7"},
				"south": {"uv": [0, 0, 16, 16], "texture": "#7"},
				"west": {"uv": [0, 0, 16, 16], "texture": "#7"},
				"up": {"uv": [0, 0, 16, 16], "texture": "#7"},
				"down": {"uv": [0, 0, 16, 16], "texture": "#7"}
			}
		},
		{
			"from": [4, 7, 2],
			"to": [12, 8, 9],
			"rotation": {"angle": 0, "axis": "y", "origin": [8, 11.5, 13.5]},
			"faces": {
				"north": {"uv": [0, 0, 16, 16], "texture": "#7"},
				"east": {"uv": [0, 0, 16, 16], "texture": "#7"},
				"south": {"uv": [0, 0, 16, 16], "texture": "#7"},
				"west": {"uv": [0, 0, 16, 16], "texture": "#7"},
				"up": {"uv": [0, 0, 16, 16], "texture": "#7"},
				"down": {"uv": [0, 0, 16, 16], "texture": "#7"}
			}
		},
		{
			"from": [5, 1, 3],
			"to": [11, 7, 8],
			"rotation": {"angle": 0, "axis": "y", "origin": [8, 11.5, 13.5]},
			"faces": {
				"north": {"uv": [0, 0, 16, 16], "texture": "#3"},
				"east": {"uv": [0, 0, 16, 16], "texture": "#3"},
				"south": {"uv": [0, 0, 16, 16], "texture": "#3"},
				"west": {"uv": [0, 0, 16, 16], "texture": "#3"},
				"up": {"uv": [0, 0, 16, 16], "texture": "#3"},
				"down": {"uv": [0, 0, 16, 16], "texture": "#3"}
			}
		}
	],
	"display": {
		"head": {
			"scale": [2, 2.2, 2]
		}
	},
	"groups": [
		0,
		1,
		2,
		3,
		4,
		5,
		6,
		7,
		8,
		9,
		10,
		11,
		12,
		13,
		14,
		15,
		16,
		17,
		18,
		19,
		20,
		21,
		22,
		23,
		24,
		25,
		26,
		27,
		28,
		29,
		30,
		31,
		32,
		33,
		34,
		35,
		36,
		37,
		38,
		39,
		40,
		41,
		42,
		43,
		44,
		45,
		46,
		47,
		48,
		49,
		50,
		51,
		52,
		53,
		54,
		55,
		56,
		57,
		58,
		59,
		60,
		61,
		62,
		63,
		64,
		65,
		66,
		{
			"name": "Coupler2",
			"origin": [0, 17, 0],
			"color": 0,
			"children": [67, 68, 69, 70]
		},
		71,
		72,
		73
	]
}