{
	"credit": "Made with Blockbench",
	"textures": {
		"3": "block/gray_concrete",
		"4": "block/light_gray_concrete",
		"5": "block/red_concrete",
		"6": "block/polished_deepslate",
		"7": "block/anvil",
		"8": "block/white_stained_glass",
		"9": "block/yellow_wool",
		"10": "block/tactile_paving",
		"11": "block/light_gray_concrete_powder",
		"12": "block/orange_concrete_powder",
		"particle": "block/polished_deepslate"
	},
	"elements": [
		{
			"from": [-8, 18, -10],
			"to": [24, 20, 32],
			"rotation": {"angle": 0, "axis": "y", "origin": [8.5, 24, 5]},
			"faces": {
				"north": {"uv": [0, 0, 16, 16], "texture": "#5"},
				"east": {"uv": [0, 0, 16, 16], "texture": "#5"},
				"south": {"uv": [0, 0, 16, 16], "texture": "#5"},
				"west": {"uv": [0, 0, 16, 16], "texture": "#5"},
				"up": {"uv": [0, 0, 16, 16], "texture": "#5"},
				"down": {"uv": [0, 0, 16, 16], "texture": "#5"}
			}
		},
		{
			"from": [-8, -10, -10],
			"to": [-7, -8, 32],
			"rotation": {"angle": 0, "axis": "y", "origin": [8.5, 24, 5]},
			"faces": {
				"north": {"uv": [0, 0, 16, 16], "texture": "#5"},
				"east": {"uv": [0, 0, 16, 16], "texture": "#5"},
				"south": {"uv": [0, 0, 16, 16], "texture": "#5"},
				"west": {"uv": [0, 0, 16, 16], "texture": "#5"},
				"up": {"uv": [0, 0, 16, 16], "texture": "#5"},
				"down": {"uv": [0, 0, 16, 16], "texture": "#5"}
			}
		},
		{
			"from": [-7, -10, -10],
			"to": [23, -8, -9],
			"rotation": {"angle": 0, "axis": "y", "origin": [8.5, 24, 5]},
			"faces": {
				"north": {"uv": [0, 0, 16, 16], "texture": "#5"},
				"east": {"uv": [0, 0, 16, 16], "texture": "#5"},
				"south": {"uv": [0, 0, 16, 16], "texture": "#5"},
				"west": {"uv": [0, 0, 16, 16], "texture": "#5"},
				"up": {"uv": [0, 0, 16, 16], "texture": "#5"},
				"down": {"uv": [0, 0, 16, 16], "texture": "#5"}
			}
		},
		{
			"from": [23, -10, -10],
			"to": [24, -8, 32],
			"rotation": {"angle": 0, "axis": "y", "origin": [8.5, 24, 5]},
			"faces": {
				"north": {"uv": [0, 0, 16, 16], "texture": "#5"},
				"east": {"uv": [0, 0, 16, 16], "texture": "#5"},
				"south": {"uv": [0, 0, 16, 16], "texture": "#5"},
				"west": {"uv": [0, 0, 16, 16], "texture": "#5"},
				"up": {"uv": [0, 0, 16, 16], "texture": "#5"},
				"down": {"uv": [0, 0, 16, 16], "texture": "#5"}
			}
		},
		{
			"from": [-7, -10, -9],
			"to": [23, -8, 32],
			"rotation": {"angle": 0, "axis": "y", "origin": [8.5, 24, 5]},
			"faces": {
				"north": {"uv": [0, 0, 16, 16], "texture": "#12"},
				"east": {"uv": [0, 0, 16, 16], "texture": "#12"},
				"south": {"uv": [0, 0, 16, 16], "texture": "#12"},
				"west": {"uv": [0, 0, 16, 16], "texture": "#12"},
				"up": {"uv": [0, 0, 16, 16], "texture": "#12"},
				"down": {"uv": [0, 0, 16, 16], "texture": "#12"}
			}
		},
		{
			"from": [11, -8, -9],
			"to": [23, 4, -2],
			"rotation": {"angle": 0, "axis": "y", "origin": [8.5, 24, 5]},
			"faces": {
				"north": {"uv": [0, 0, 16, 16], "texture": "#6"},
				"east": {"uv": [0, 0, 16, 16], "texture": "#6"},
				"south": {"uv": [0, 0, 16, 16], "texture": "#6"},
				"west": {"uv": [0, 0, 16, 16], "texture": "#6"},
				"up": {"uv": [0, 0, 16, 16], "texture": "#6"},
				"down": {"uv": [0, 0, 16, 16], "texture": "#6"}
			}
		},
		{
			"from": [-8, 16, -10],
			"to": [24, 18, -9],
			"rotation": {"angle": 0, "axis": "y", "origin": [8, 17, -9.5]},
			"faces": {
				"north": {"uv": [0, 0, 16, 16], "texture": "#3"},
				"east": {"uv": [0, 0, 16, 16], "texture": "#3"},
				"south": {"uv": [0, 0, 16, 16], "texture": "#3"},
				"west": {"uv": [0, 0, 16, 16], "texture": "#3"},
				"up": {"uv": [0, 0, 16, 16], "texture": "#3"},
				"down": {"uv": [0, 0, 16, 16], "texture": "#3"}
			}
		},
		{
			"from": [22, -6, -10],
			"to": [24, 16, -9],
			"rotation": {"angle": 0, "axis": "y", "origin": [8.25, 24.25209, -11.25366]},
			"faces": {
				"north": {"uv": [0, 0, 16, 16], "texture": "#3"},
				"east": {"uv": [0, 0, 16, 16], "texture": "#3"},
				"south": {"uv": [0, 0, 16, 16], "texture": "#3"},
				"west": {"uv": [0, 0, 16, 16], "texture": "#3"},
				"up": {"uv": [0, 0, 16, 16], "texture": "#3"},
				"down": {"uv": [0, 0, 16, 16], "texture": "#3"}
			}
		},
		{
			"from": [14, -6, -10],
			"to": [22, 16, -9],
			"rotation": {"angle": 0, "axis": "y", "origin": [19, 5, -9.5]},
			"faces": {
				"north": {"uv": [1, 1, 7, 15], "texture": "#8"},
				"east": {"uv": [0, 0, 16, 16], "texture": "#8"},
				"south": {"uv": [1, 1, 7, 15], "texture": "#8"},
				"west": {"uv": [0, 0, 16, 16], "texture": "#8"},
				"up": {"uv": [0, 0, 16, 16], "texture": "#8"},
				"down": {"uv": [0, 0, 16, 16], "texture": "#8"}
			}
		},
		{
			"from": [3, -6, -10],
			"to": [13, 16, -9],
			"rotation": {"angle": 0, "axis": "y", "origin": [8, 5, -9.5]},
			"faces": {
				"north": {"uv": [5, 1, 12, 15], "texture": "#8"},
				"east": {"uv": [0, 0, 16, 16], "texture": "#8"},
				"south": {"uv": [5, 1, 12, 15], "texture": "#8"},
				"west": {"uv": [0, 0, 16, 16], "texture": "#8"},
				"up": {"uv": [0, 0, 16, 16], "texture": "#8"},
				"down": {"uv": [0, 0, 16, 16], "texture": "#8"}
			}
		},
		{
			"from": [13, -6, -10],
			"to": [14, 16, -9],
			"rotation": {"angle": 0, "axis": "y", "origin": [8.25, 24.25209, -11.25366]},
			"faces": {
				"north": {"uv": [0, 0, 16, 16], "texture": "#3"},
				"east": {"uv": [0, 0, 16, 16], "texture": "#3"},
				"south": {"uv": [0, 0, 16, 16], "texture": "#3"},
				"west": {"uv": [0, 0, 16, 16], "texture": "#3"},
				"up": {"uv": [0, 0, 16, 16], "texture": "#3"},
				"down": {"uv": [0, 0, 16, 16], "texture": "#3"}
			}
		},
		{
			"from": [2, -6, -10],
			"to": [3, 16, -9],
			"rotation": {"angle": 0, "axis": "y", "origin": [8.25, 24.25209, -11.25366]},
			"faces": {
				"north": {"uv": [0, 0, 16, 16], "texture": "#3"},
				"east": {"uv": [0, 0, 16, 16], "texture": "#3"},
				"south": {"uv": [0, 0, 16, 16], "texture": "#3"},
				"west": {"uv": [0, 0, 16, 16], "texture": "#3"},
				"up": {"uv": [0, 0, 16, 16], "texture": "#3"},
				"down": {"uv": [0, 0, 16, 16], "texture": "#3"}
			}
		},
		{
			"from": [-6, -6, -10],
			"to": [2, 16, -9],
			"rotation": {"angle": 0, "axis": "y", "origin": [-3, 5, -9.5]},
			"faces": {
				"north": {"uv": [9, 1, 15, 15], "texture": "#8"},
				"east": {"uv": [0, 0, 16, 16], "texture": "#8"},
				"south": {"uv": [9, 1, 15, 15], "texture": "#8"},
				"west": {"uv": [0, 0, 16, 16], "texture": "#8"},
				"up": {"uv": [0, 0, 16, 16], "texture": "#8"},
				"down": {"uv": [0, 0, 16, 16], "texture": "#8"}
			}
		},
		{
			"from": [-8, -6, -10],
			"to": [-6, 16, -9],
			"rotation": {"angle": 0, "axis": "y", "origin": [8.25, 24.25209, -11.25366]},
			"faces": {
				"north": {"uv": [0, 0, 16, 16], "texture": "#3"},
				"east": {"uv": [0, 0, 16, 16], "texture": "#3"},
				"south": {"uv": [0, 0, 16, 16], "texture": "#3"},
				"west": {"uv": [0, 0, 16, 16], "texture": "#3"},
				"up": {"uv": [0, 0, 16, 16], "texture": "#3"},
				"down": {"uv": [0, 0, 16, 16], "texture": "#3"}
			}
		},
		{
			"from": [-8, -8, -10],
			"to": [24, -6, -9],
			"rotation": {"angle": 0, "axis": "y", "origin": [8.25, 24.25209, -11.25366]},
			"faces": {
				"north": {"uv": [0, 0, 16, 16], "texture": "#3"},
				"east": {"uv": [0, 0, 16, 16], "texture": "#3"},
				"south": {"uv": [0, 0, 16, 16], "texture": "#3"},
				"west": {"uv": [0, 0, 16, 16], "texture": "#3"},
				"up": {"uv": [0, 0, 16, 16], "texture": "#3"},
				"down": {"uv": [0, 0, 16, 16], "texture": "#3"}
			}
		},
		{
			"from": [-8, -8, -9],
			"to": [-7, 18, -5],
			"rotation": {"angle": 0, "axis": "y", "origin": [8.25, 24.25209, -11.25366]},
			"faces": {
				"north": {"uv": [0, 0, 16, 16], "texture": "#4"},
				"east": {"uv": [0, 0, 16, 16], "texture": "#4"},
				"south": {"uv": [0, 0, 16, 16], "texture": "#4"},
				"west": {"uv": [0, 0, 16, 16], "texture": "#4"},
				"up": {"uv": [0, 0, 16, 16], "texture": "#4"},
				"down": {"uv": [0, 0, 16, 16], "texture": "#4"}
			}
		},
		{
			"from": [-8, 16, -5],
			"to": [-7, 18, 5],
			"rotation": {"angle": 0, "axis": "y", "origin": [8.25, 24.25209, -11.25366]},
			"faces": {
				"north": {"uv": [0, 0, 16, 16], "texture": "#4"},
				"east": {"uv": [0, 0, 16, 16], "texture": "#4"},
				"south": {"uv": [0, 0, 16, 16], "texture": "#4"},
				"west": {"uv": [0, 0, 16, 16], "texture": "#4"},
				"up": {"uv": [0, 0, 16, 16], "texture": "#4"},
				"down": {"uv": [0, 0, 16, 16], "texture": "#4"}
			}
		},
		{
			"from": [-8, -8, 5],
			"to": [-7, 18, 9],
			"rotation": {"angle": 0, "axis": "y", "origin": [8.25, 24.25209, -11.25366]},
			"faces": {
				"north": {"uv": [0, 0, 16, 16], "texture": "#4"},
				"east": {"uv": [0, 0, 16, 16], "texture": "#4"},
				"south": {"uv": [0, 0, 16, 16], "texture": "#4"},
				"west": {"uv": [0, 0, 16, 16], "texture": "#4"},
				"up": {"uv": [0, 0, 16, 16], "texture": "#4"},
				"down": {"uv": [0, 0, 16, 16], "texture": "#4"}
			}
		},
		{
			"from": [-8, -1, -5],
			"to": [-7, 16, 5],
			"rotation": {"angle": 0, "axis": "y", "origin": [8.25, 24.25209, -11.25366]},
			"faces": {
				"north": {"uv": [0, 0, 16, 16], "texture": "#8"},
				"east": {"uv": [0, 0, 16, 16], "texture": "#8"},
				"south": {"uv": [0, 0, 16, 16], "texture": "#8"},
				"west": {"uv": [0, 0, 16, 16], "texture": "#8"},
				"up": {"uv": [0, 0, 16, 16], "texture": "#8"},
				"down": {"uv": [0, 0, 16, 16], "texture": "#8"}
			}
		},
		{
			"from": [-8, -8, -5],
			"to": [-7, -1, 5],
			"rotation": {"angle": 0, "axis": "y", "origin": [8.25, 24.25209, -11.25366]},
			"faces": {
				"north": {"uv": [0, 0, 16, 16], "texture": "#4"},
				"east": {"uv": [0, 0, 16, 16], "texture": "#4"},
				"south": {"uv": [0, 0, 16, 16], "texture": "#4"},
				"west": {"uv": [0, 0, 16, 16], "texture": "#4"},
				"up": {"uv": [0, 0, 16, 16], "texture": "#4"},
				"down": {"uv": [0, 0, 16, 16], "texture": "#4"}
			}
		},
		{
			"from": [23, -8, -9],
			"to": [24, 18, -5],
			"rotation": {"angle": 0, "axis": "y", "origin": [8.25, 24.25209, -11.25366]},
			"faces": {
				"north": {"uv": [0, 0, 16, 16], "texture": "#4"},
				"east": {"uv": [0, 0, 16, 16], "texture": "#4"},
				"south": {"uv": [0, 0, 16, 16], "texture": "#4"},
				"west": {"uv": [0, 0, 16, 16], "texture": "#4"},
				"up": {"uv": [0, 0, 16, 16], "texture": "#4"},
				"down": {"uv": [0, 0, 16, 16], "texture": "#4"}
			}
		},
		{
			"from": [23, 16, -5],
			"to": [24, 18, 5],
			"rotation": {"angle": 0, "axis": "y", "origin": [8.25, 24.25209, -11.25366]},
			"faces": {
				"north": {"uv": [0, 0, 16, 16], "texture": "#4"},
				"east": {"uv": [0, 0, 16, 16], "texture": "#4"},
				"south": {"uv": [0, 0, 16, 16], "texture": "#4"},
				"west": {"uv": [0, 0, 16, 16], "texture": "#4"},
				"up": {"uv": [0, 0, 16, 16], "texture": "#4"},
				"down": {"uv": [0, 0, 16, 16], "texture": "#4"}
			}
		},
		{
			"from": [23, -8, 5],
			"to": [24, 18, 9],
			"rotation": {"angle": 0, "axis": "y", "origin": [8.25, 24.25209, -11.25366]},
			"faces": {
				"north": {"uv": [0, 0, 16, 16], "texture": "#4"},
				"east": {"uv": [0, 0, 16, 16], "texture": "#4"},
				"south": {"uv": [0, 0, 16, 16], "texture": "#4"},
				"west": {"uv": [0, 0, 16, 16], "texture": "#4"},
				"up": {"uv": [0, 0, 16, 16], "texture": "#4"},
				"down": {"uv": [0, 0, 16, 16], "texture": "#4"}
			}
		},
		{
			"from": [11, -8, 8],
			"to": [23, -1, 9],
			"rotation": {"angle": 0, "axis": "y", "origin": [8.25, 24.25209, -11.25366]},
			"faces": {
				"north": {"uv": [0, 0, 16, 16], "texture": "#4"},
				"east": {"uv": [0, 0, 16, 16], "texture": "#4"},
				"south": {"uv": [0, 0, 16, 16], "texture": "#4"},
				"west": {"uv": [0, 0, 16, 16], "texture": "#4"},
				"up": {"uv": [0, 0, 16, 16], "texture": "#4"},
				"down": {"uv": [0, 0, 16, 16], "texture": "#4"}
			}
		},
		{
			"from": [11, 16, 8],
			"to": [23, 18, 9],
			"rotation": {"angle": 0, "axis": "y", "origin": [8.25, 24.25209, -11.25366]},
			"faces": {
				"north": {"uv": [0, 0, 16, 16], "texture": "#4"},
				"east": {"uv": [0, 0, 16, 16], "texture": "#4"},
				"south": {"uv": [0, 0, 16, 16], "texture": "#4"},
				"west": {"uv": [0, 0, 16, 16], "texture": "#4"},
				"up": {"uv": [0, 0, 16, 16], "texture": "#4"},
				"down": {"uv": [0, 0, 16, 16], "texture": "#4"}
			}
		},
		{
			"from": [10, -8, 8],
			"to": [11, 18, 9],
			"rotation": {"angle": 0, "axis": "y", "origin": [8.25, 24.25209, -11.25366]},
			"faces": {
				"north": {"uv": [0, 0, 16, 16], "texture": "#4"},
				"east": {"uv": [0, 0, 16, 16], "texture": "#4"},
				"south": {"uv": [0, 0, 16, 16], "texture": "#4"},
				"west": {"uv": [0, 0, 16, 16], "texture": "#4"},
				"up": {"uv": [0, 0, 16, 16], "texture": "#4"},
				"down": {"uv": [0, 0, 16, 16], "texture": "#4"}
			}
		},
		{
			"from": [7.4745, -8, -10.69656],
			"to": [8.4745, 18, -6.69656],
			"rotation": {"angle": 22.5, "axis": "y", "origin": [7.9745, 5, 2.80344]},
			"faces": {
				"north": {"uv": [0, 0, 16, 16], "texture": "#4"},
				"east": {"uv": [0, 0, 16, 16], "texture": "#4"},
				"south": {"uv": [0, 0, 16, 16], "texture": "#4"},
				"west": {"uv": [0, 0, 16, 16], "texture": "#4"},
				"up": {"uv": [0, 0, 16, 16], "rotation": 90, "texture": "#4"},
				"down": {"uv": [0, 0, 16, 16], "rotation": 270, "texture": "#4"}
			}
		},
		{
			"from": [7.4745, -8, 5.30344],
			"to": [8.4745, 18, 9.30344],
			"rotation": {"angle": 22.5, "axis": "y", "origin": [7.9745, 5, 2.80344]},
			"faces": {
				"north": {"uv": [0, 0, 16, 16], "texture": "#4"},
				"east": {"uv": [0, 0, 16, 16], "texture": "#4"},
				"south": {"uv": [0, 0, 16, 16], "texture": "#4"},
				"west": {"uv": [0, 0, 16, 16], "texture": "#4"},
				"up": {"uv": [0, 0, 16, 16], "rotation": 90, "texture": "#4"},
				"down": {"uv": [0, 0, 16, 16], "rotation": 270, "texture": "#4"}
			}
		},
		{
			"from": [7.4745, 15, -6.69656],
			"to": [8.4745, 18, 5.30344],
			"rotation": {"angle": 22.5, "axis": "y", "origin": [7.9745, 5, 2.80344]},
			"faces": {
				"north": {"uv": [0, 0, 16, 16], "texture": "#4"},
				"east": {"uv": [0, 0, 16, 16], "texture": "#4"},
				"south": {"uv": [0, 0, 16, 16], "texture": "#4"},
				"west": {"uv": [0, 0, 16, 16], "texture": "#4"},
				"up": {"uv": [0, 0, 16, 16], "rotation": 90, "texture": "#4"},
				"down": {"uv": [0, 0, 16, 16], "rotation": 270, "texture": "#4"}
			}
		},
		{
			"name": "glass",
			"from": [23, -1, -5],
			"to": [24, 16, 5],
			"rotation": {"angle": 0, "axis": "y", "origin": [8.25, 24.25209, -11.25366]},
			"faces": {
				"north": {"uv": [0, 0, 16, 16], "texture": "#8"},
				"east": {"uv": [0, 0, 16, 16], "texture": "#8"},
				"south": {"uv": [0, 0, 16, 16], "texture": "#8"},
				"west": {"uv": [0, 0, 16, 16], "texture": "#8"},
				"up": {"uv": [0, 0, 16, 16], "texture": "#8"},
				"down": {"uv": [0, 0, 16, 16], "texture": "#8"}
			}
		},
		{
			"name": "glass",
			"from": [11, -1, 8],
			"to": [23, 16, 9],
			"rotation": {"angle": 0, "axis": "y", "origin": [23, 7.5, -0.5]},
			"faces": {
				"north": {"uv": [0, 0, 16, 16], "texture": "#8"},
				"east": {"uv": [0, 0, 16, 16], "texture": "#8"},
				"south": {"uv": [0, 0, 16, 16], "texture": "#8"},
				"west": {"uv": [0, 0, 16, 16], "texture": "#8"},
				"up": {"uv": [0, 0, 16, 16], "rotation": 90, "texture": "#8"},
				"down": {"uv": [0, 0, 16, 16], "rotation": 270, "texture": "#8"}
			}
		},
		{
			"name": "glass",
			"from": [5.75242, 1, -5.35402],
			"to": [6.75242, 13, 4.64598],
			"rotation": {"angle": 22.5, "axis": "y", "origin": [6.25242, 9.5, -1.35402]},
			"faces": {
				"north": {"uv": [0, 0, 16, 16], "texture": "#8"},
				"east": {"uv": [0, 0, 16, 16], "texture": "#8"},
				"south": {"uv": [0, 0, 16, 16], "texture": "#8"},
				"west": {"uv": [0, 0, 16, 16], "texture": "#8"},
				"up": {"uv": [0, 0, 16, 16], "rotation": 180, "texture": "#8"},
				"down": {"uv": [0, 0, 16, 16], "rotation": 180, "texture": "#8"}
			}
		},
		{
			"from": [7.4745, -8, -6.69656],
			"to": [8.4745, 1, 5.30344],
			"rotation": {"angle": 22.5, "axis": "y", "origin": [7.9745, 5, 2.80344]},
			"faces": {
				"north": {"uv": [0, 0, 16, 16], "texture": "#3"},
				"east": {"uv": [0, 0, 16, 16], "texture": "#3"},
				"south": {"uv": [0, 0, 16, 16], "texture": "#3"},
				"west": {"uv": [0, 0, 16, 16], "texture": "#3"},
				"up": {"uv": [0, 0, 16, 16], "rotation": 90, "texture": "#3"},
				"down": {"uv": [0, 0, 16, 16], "rotation": 270, "texture": "#3"}
			}
		},
		{
			"from": [7.4745, 1, -6.69656],
			"to": [8.4745, 13, -5.69656],
			"rotation": {"angle": 22.5, "axis": "y", "origin": [7.9745, 5, 2.80344]},
			"faces": {
				"north": {"uv": [0, 0, 16, 16], "texture": "#3"},
				"east": {"uv": [0, 0, 16, 16], "texture": "#3"},
				"south": {"uv": [0, 0, 16, 16], "texture": "#3"},
				"west": {"uv": [0, 0, 16, 16], "texture": "#3"},
				"up": {"uv": [0, 0, 16, 16], "rotation": 90, "texture": "#3"},
				"down": {"uv": [0, 0, 16, 16], "rotation": 270, "texture": "#3"}
			}
		},
		{
			"from": [7.4745, 13, -6.69656],
			"to": [8.4745, 15, 5.30344],
			"rotation": {"angle": 22.5, "axis": "y", "origin": [7.9745, 5, 2.80344]},
			"faces": {
				"north": {"uv": [0, 0, 16, 16], "texture": "#3"},
				"east": {"uv": [0, 0, 16, 16], "texture": "#3"},
				"south": {"uv": [0, 0, 16, 16], "texture": "#3"},
				"west": {"uv": [0, 0, 16, 16], "texture": "#3"},
				"up": {"uv": [0, 0, 16, 16], "rotation": 90, "texture": "#3"},
				"down": {"uv": [0, 0, 16, 16], "rotation": 270, "texture": "#3"}
			}
		},
		{
			"from": [7.4745, 1, 4.30344],
			"to": [8.4745, 13, 5.30344],
			"rotation": {"angle": 22.5, "axis": "y", "origin": [7.9745, 5, 2.80344]},
			"faces": {
				"north": {"uv": [0, 0, 16, 16], "texture": "#3"},
				"east": {"uv": [0, 0, 16, 16], "texture": "#3"},
				"south": {"uv": [0, 0, 16, 16], "texture": "#3"},
				"west": {"uv": [0, 0, 16, 16], "texture": "#3"},
				"up": {"uv": [0, 0, 16, 16], "rotation": 90, "texture": "#3"},
				"down": {"uv": [0, 0, 16, 16], "rotation": 270, "texture": "#3"}
			}
		},
		{
			"from": [6.9745, -1, -5.69656],
			"to": [7.4745, 0, -2.69656],
			"rotation": {"angle": 22.5, "axis": "y", "origin": [7.9745, 5, 2.80344]},
			"faces": {
				"north": {"uv": [0, 0, 16, 16], "texture": "#4"},
				"east": {"uv": [0, 0, 16, 16], "texture": "#4"},
				"south": {"uv": [0, 0, 16, 16], "texture": "#4"},
				"west": {"uv": [0, 0, 16, 16], "texture": "#4"},
				"up": {"uv": [0, 0, 16, 16], "rotation": 90, "texture": "#4"},
				"down": {"uv": [0, 0, 16, 16], "rotation": 270, "texture": "#4"}
			}
		},
		{
			"from": [8.4745, -1, -5.69656],
			"to": [8.9745, 0, -2.69656],
			"rotation": {"angle": 22.5, "axis": "y", "origin": [7.9745, 5, 2.80344]},
			"faces": {
				"north": {"uv": [0, 0, 16, 16], "texture": "#4"},
				"east": {"uv": [0, 0, 16, 16], "texture": "#4"},
				"south": {"uv": [0, 0, 16, 16], "texture": "#4"},
				"west": {"uv": [0, 0, 16, 16], "texture": "#4"},
				"up": {"uv": [0, 0, 16, 16], "rotation": 90, "texture": "#4"},
				"down": {"uv": [0, 0, 16, 16], "rotation": 270, "texture": "#4"}
			}
		},
		{
			"from": [23, -8, -5],
			"to": [24, -1, 5],
			"rotation": {"angle": 0, "axis": "y", "origin": [8.25, 24.25209, -11.25366]},
			"faces": {
				"north": {"uv": [0, 0, 16, 16], "texture": "#4"},
				"east": {"uv": [0, 0, 16, 16], "texture": "#4"},
				"south": {"uv": [0, 0, 16, 16], "texture": "#4"},
				"west": {"uv": [0, 0, 16, 16], "texture": "#4"},
				"up": {"uv": [0, 0, 16, 16], "texture": "#4"},
				"down": {"uv": [0, 0, 16, 16], "texture": "#4"}
			}
		},
		{
			"from": [11, 24.49895, -9.99896],
			"to": [12, 27.49895, -8.99896],
			"rotation": {"angle": 22.5, "axis": "x", "origin": [8.25, 24.25209, -11.25366]},
			"faces": {
				"north": {"uv": [0, 0, 16, 16], "texture": "#4"},
				"east": {"uv": [0, 0, 16, 16], "texture": "#4"},
				"south": {"uv": [0, 0, 16, 16], "texture": "#4"},
				"west": {"uv": [0, 0, 16, 16], "texture": "#4"},
				"up": {"uv": [0, 0, 16, 16], "texture": "#4"},
				"down": {"uv": [0, 0, 16, 16], "texture": "#4"}
			}
		},
		{
			"from": [12, 26.49895, -9.99896],
			"to": [24, 27.49895, -8.99896],
			"rotation": {"angle": 22.5, "axis": "x", "origin": [8.25, 24.25209, -11.25366]},
			"faces": {
				"north": {"uv": [0, 0, 16, 16], "texture": "#4"},
				"east": {"uv": [0, 0, 16, 16], "texture": "#4"},
				"south": {"uv": [0, 0, 16, 16], "texture": "#4"},
				"west": {"uv": [0, 0, 16, 16], "texture": "#4"},
				"up": {"uv": [0, 0, 16, 16], "texture": "#4"},
				"down": {"uv": [0, 0, 16, 16], "texture": "#4"}
			}
		},
		{
			"from": [12, 24.72302, -9.60754],
			"to": [22, 24.97302, -8.60754],
			"rotation": {"angle": 0, "axis": "x", "origin": [18.5, 24.84802, -9.10754]},
			"faces": {
				"north": {"uv": [0, 0, 16, 16], "texture": "#4"},
				"east": {"uv": [0, 0, 16, 16], "texture": "#4"},
				"south": {"uv": [0, 0, 16, 16], "texture": "#4"},
				"west": {"uv": [0, 0, 16, 16], "texture": "#4"},
				"up": {"uv": [0, 0, 16, 16], "texture": "#4"},
				"down": {"uv": [0, 0, 16, 16], "texture": "#4"}
			}
		},
		{
			"from": [12, 25.22302, -9.35754],
			"to": [22, 25.47302, -8.35754],
			"rotation": {"angle": 0, "axis": "x", "origin": [18.5, 24.84802, -9.10754]},
			"faces": {
				"north": {"uv": [0, 0, 16, 16], "texture": "#4"},
				"east": {"uv": [0, 0, 16, 16], "texture": "#4"},
				"south": {"uv": [0, 0, 16, 16], "texture": "#4"},
				"west": {"uv": [0, 0, 16, 16], "texture": "#4"},
				"up": {"uv": [0, 0, 16, 16], "texture": "#4"},
				"down": {"uv": [0, 0, 16, 16], "texture": "#4"}
			}
		},
		{
			"from": [12, 24.22302, -9.85754],
			"to": [22, 24.47302, -8.85754],
			"rotation": {"angle": 0, "axis": "x", "origin": [18.5, 24.84802, -9.10754]},
			"faces": {
				"north": {"uv": [0, 0, 16, 16], "texture": "#4"},
				"east": {"uv": [0, 0, 16, 16], "texture": "#4"},
				"south": {"uv": [0, 0, 16, 16], "texture": "#4"},
				"west": {"uv": [0, 0, 16, 16], "texture": "#4"},
				"up": {"uv": [0, 0, 16, 16], "texture": "#4"},
				"down": {"uv": [0, 0, 16, 16], "texture": "#4"}
			}
		},
		{
			"from": [22, 24.49895, -9.99896],
			"to": [24, 27.49895, -8.99896],
			"rotation": {"angle": 22.5, "axis": "x", "origin": [8.25, 24.25209, -11.25366]},
			"faces": {
				"north": {"uv": [0, 0, 16, 16], "texture": "#4"},
				"east": {"uv": [0, 0, 16, 16], "texture": "#4"},
				"south": {"uv": [0, 0, 16, 16], "texture": "#4"},
				"west": {"uv": [0, 0, 16, 16], "texture": "#4"},
				"up": {"uv": [0, 0, 16, 16], "texture": "#4"},
				"down": {"uv": [0, 0, 16, 16], "texture": "#4"}
			}
		},
		{
			"from": [11, 25.77164, -8.85195],
			"to": [24, 26.77164, -7.85195],
			"rotation": {"angle": 0, "axis": "x", "origin": [18.5, 25.27164, -8.35195]},
			"faces": {
				"north": {"uv": [0, 0, 16, 16], "texture": "#4"},
				"east": {"uv": [0, 0, 16, 16], "texture": "#4"},
				"south": {"uv": [0, 0, 16, 16], "texture": "#4"},
				"west": {"uv": [0, 0, 16, 16], "texture": "#4"},
				"up": {"uv": [0, 0, 16, 16], "texture": "#4"},
				"down": {"uv": [0, 0, 16, 16], "texture": "#4"}
			}
		},
		{
			"from": [23, 23.77164, -8.85195],
			"to": [24, 26.77164, -7.85195],
			"rotation": {"angle": 0, "axis": "x", "origin": [18.5, 25.27164, -8.35195]},
			"faces": {
				"north": {"uv": [0, 0, 16, 16], "texture": "#4"},
				"east": {"uv": [0, 0, 16, 16], "texture": "#4"},
				"south": {"uv": [0, 0, 16, 16], "texture": "#4"},
				"west": {"uv": [0, 0, 16, 16], "texture": "#4"},
				"up": {"uv": [0, 0, 16, 16], "texture": "#4"},
				"down": {"uv": [0, 0, 16, 16], "texture": "#4"}
			}
		},
		{
			"from": [22, 23.69448, -8.23986],
			"to": [24, 26.69448, -7.23986],
			"rotation": {"angle": -22.5, "axis": "x", "origin": [18.5, 25.19448, -7.73986]},
			"faces": {
				"north": {"uv": [0, 0, 16, 16], "texture": "#4"},
				"east": {"uv": [0, 0, 16, 16], "texture": "#4"},
				"south": {"uv": [0, 0, 16, 16], "texture": "#4"},
				"west": {"uv": [0, 0, 16, 16], "texture": "#4"},
				"up": {"uv": [0, 0, 16, 16], "texture": "#4"},
				"down": {"uv": [0, 0, 16, 16], "texture": "#4"}
			}
		},
		{
			"from": [-8, 23.69448, -8.23986],
			"to": [-6, 26.69448, -7.23986],
			"rotation": {"angle": -22.5, "axis": "x", "origin": [18.5, 25.19448, -7.73986]},
			"faces": {
				"north": {"uv": [0, 0, 16, 16], "texture": "#4"},
				"east": {"uv": [0, 0, 16, 16], "texture": "#4"},
				"south": {"uv": [0, 0, 16, 16], "texture": "#4"},
				"west": {"uv": [0, 0, 16, 16], "texture": "#4"},
				"up": {"uv": [0, 0, 16, 16], "texture": "#4"},
				"down": {"uv": [0, 0, 16, 16], "texture": "#4"}
			}
		},
		{
			"from": [-8, 24.49895, -9.99896],
			"to": [-7, 27.49895, -8.99896],
			"rotation": {"angle": 22.5, "axis": "x", "origin": [-12.75, 24.25209, -11.25366]},
			"faces": {
				"north": {"uv": [0, 0, 16, 16], "texture": "#4"},
				"east": {"uv": [0, 0, 16, 16], "texture": "#4"},
				"south": {"uv": [0, 0, 16, 16], "texture": "#4"},
				"west": {"uv": [0, 0, 16, 16], "texture": "#4"},
				"up": {"uv": [0, 0, 16, 16], "texture": "#4"},
				"down": {"uv": [0, 0, 16, 16], "texture": "#4"}
			}
		},
		{
			"from": [-7, 26.49895, -9.99896],
			"to": [3, 27.49895, -8.99896],
			"rotation": {"angle": 22.5, "axis": "x", "origin": [-12.75, 24.25209, -11.25366]},
			"faces": {
				"north": {"uv": [0, 0, 16, 16], "texture": "#4"},
				"east": {"uv": [0, 0, 16, 16], "texture": "#4"},
				"south": {"uv": [0, 0, 16, 16], "texture": "#4"},
				"west": {"uv": [0, 0, 16, 16], "texture": "#4"},
				"up": {"uv": [0, 0, 16, 16], "texture": "#4"},
				"down": {"uv": [0, 0, 16, 16], "texture": "#4"}
			}
		},
		{
			"from": [-7, 24.72302, -9.60754],
			"to": [3, 24.97302, -8.60754],
			"rotation": {"angle": 0, "axis": "x", "origin": [-2.5, 24.84802, -9.10754]},
			"faces": {
				"north": {"uv": [0, 0, 16, 16], "texture": "#4"},
				"east": {"uv": [0, 0, 16, 16], "texture": "#4"},
				"south": {"uv": [0, 0, 16, 16], "texture": "#4"},
				"west": {"uv": [0, 0, 16, 16], "texture": "#4"},
				"up": {"uv": [0, 0, 16, 16], "texture": "#4"},
				"down": {"uv": [0, 0, 16, 16], "texture": "#4"}
			}
		},
		{
			"from": [-7, 25.22302, -9.35754],
			"to": [3, 25.47302, -8.35754],
			"rotation": {"angle": 0, "axis": "x", "origin": [-2.5, 24.84802, -9.10754]},
			"faces": {
				"north": {"uv": [0, 0, 16, 16], "texture": "#4"},
				"east": {"uv": [0, 0, 16, 16], "texture": "#4"},
				"south": {"uv": [0, 0, 16, 16], "texture": "#4"},
				"west": {"uv": [0, 0, 16, 16], "texture": "#4"},
				"up": {"uv": [0, 0, 16, 16], "texture": "#4"},
				"down": {"uv": [0, 0, 16, 16], "texture": "#4"}
			}
		},
		{
			"from": [-7, 24.22302, -9.85754],
			"to": [3, 24.47302, -8.85754],
			"rotation": {"angle": 0, "axis": "x", "origin": [-2.5, 24.84802, -9.10754]},
			"faces": {
				"north": {"uv": [0, 0, 16, 16], "texture": "#4"},
				"east": {"uv": [0, 0, 16, 16], "texture": "#4"},
				"south": {"uv": [0, 0, 16, 16], "texture": "#4"},
				"west": {"uv": [0, 0, 16, 16], "texture": "#4"},
				"up": {"uv": [0, 0, 16, 16], "texture": "#4"},
				"down": {"uv": [0, 0, 16, 16], "texture": "#4"}
			}
		},
		{
			"from": [3, 24.49895, -9.99896],
			"to": [5, 27.49895, -8.99896],
			"rotation": {"angle": 22.5, "axis": "x", "origin": [-12.75, 24.25209, -11.25366]},
			"faces": {
				"north": {"uv": [0, 0, 16, 16], "texture": "#4"},
				"east": {"uv": [0, 0, 16, 16], "texture": "#4"},
				"south": {"uv": [0, 0, 16, 16], "texture": "#4"},
				"west": {"uv": [0, 0, 16, 16], "texture": "#4"},
				"up": {"uv": [0, 0, 16, 16], "texture": "#4"},
				"down": {"uv": [0, 0, 16, 16], "texture": "#4"}
			}
		},
		{
			"from": [-8, 25.77164, -8.85195],
			"to": [5, 26.77164, -7.85195],
			"rotation": {"angle": 0, "axis": "x", "origin": [-2.5, 25.27164, -8.35195]},
			"faces": {
				"north": {"uv": [0, 0, 16, 16], "texture": "#4"},
				"east": {"uv": [0, 0, 16, 16], "texture": "#4"},
				"south": {"uv": [0, 0, 16, 16], "texture": "#4"},
				"west": {"uv": [0, 0, 16, 16], "texture": "#4"},
				"up": {"uv": [0, 0, 16, 16], "texture": "#4"},
				"down": {"uv": [0, 0, 16, 16], "texture": "#4"}
			}
		},
		{
			"from": [-8, 23.77164, -8.85195],
			"to": [-7, 26.77164, -7.85195],
			"rotation": {"angle": 0, "axis": "x", "origin": [-2.5, 25.27164, -8.35195]},
			"faces": {
				"north": {"uv": [0, 0, 16, 16], "texture": "#4"},
				"east": {"uv": [0, 0, 16, 16], "texture": "#4"},
				"south": {"uv": [0, 0, 16, 16], "texture": "#4"},
				"west": {"uv": [0, 0, 16, 16], "texture": "#4"},
				"up": {"uv": [0, 0, 16, 16], "texture": "#4"},
				"down": {"uv": [0, 0, 16, 16], "texture": "#4"}
			}
		},
		{
			"from": [3, 23.69448, -8.23986],
			"to": [5, 26.69448, -7.23986],
			"rotation": {"angle": -22.5, "axis": "x", "origin": [-2.5, 25.19448, -7.73986]},
			"faces": {
				"north": {"uv": [0, 0, 16, 16], "texture": "#4"},
				"east": {"uv": [0, 0, 16, 16], "texture": "#4"},
				"south": {"uv": [0, 0, 16, 16], "texture": "#4"},
				"west": {"uv": [0, 0, 16, 16], "texture": "#4"},
				"up": {"uv": [0, 0, 16, 16], "texture": "#4"},
				"down": {"uv": [0, 0, 16, 16], "texture": "#4"}
			}
		},
		{
			"from": [2.67157, 20, -7.5],
			"to": [13.67157, 26, -3.5],
			"rotation": {"angle": 0, "axis": "y", "origin": [9.67157, 30, -1]},
			"faces": {
				"north": {"uv": [1, 9, 15, 13], "texture": "#7"},
				"east": {"uv": [7, 9, 12, 13], "texture": "#7"},
				"south": {"uv": [1, 12, 15, 16], "texture": "#7"},
				"west": {"uv": [4, 6, 9, 10], "texture": "#7"},
				"up": {"uv": [2, 6, 13, 11], "texture": "#7"},
				"down": {"uv": [2, 6, 13, 11], "texture": "#7"}
			}
		},
		{
			"from": [-2.32843, 20, -3.5],
			"to": [18.67157, 23, 15.5],
			"rotation": {"angle": 0, "axis": "y", "origin": [9.67157, 30, -1]},
			"faces": {
				"north": {"uv": [0, 9, 16, 12], "texture": "#7"},
				"east": {"uv": [0, 9, 16, 12], "texture": "#7"},
				"south": {"uv": [0, 4, 16, 7], "texture": "#7"},
				"west": {"uv": [0, 4, 16, 7], "texture": "#7"},
				"up": {"uv": [0, 0, 16, 16], "texture": "#7"},
				"down": {"uv": [0, 0, 16, 16], "texture": "#7"}
			}
		},
		{
			"from": [7, 23, -12],
			"to": [9, 25, -7],
			"rotation": {"angle": 0, "axis": "y", "origin": [8.25, 24.25209, -11.25366]},
			"faces": {
				"north": {"uv": [0, 0, 16, 16], "texture": "#3"},
				"east": {"uv": [0, 0, 16, 16], "texture": "#3"},
				"south": {"uv": [0, 0, 16, 16], "texture": "#3"},
				"west": {"uv": [0, 0, 16, 16], "texture": "#3"},
				"up": {"uv": [0, 0, 16, 16], "texture": "#3"},
				"down": {"uv": [0, 0, 16, 16], "texture": "#3"}
			}
		},
		{
			"from": [-8, 20, -10],
			"to": [24, 22, -9],
			"rotation": {"angle": 0, "axis": "y", "origin": [8.25, 24.25209, -11.25366]},
			"faces": {
				"north": {"uv": [0, 0, 16, 16], "texture": "#4"},
				"east": {"uv": [0, 0, 16, 16], "texture": "#4"},
				"south": {"uv": [0, 0, 16, 16], "texture": "#4"},
				"west": {"uv": [0, 0, 16, 16], "texture": "#4"},
				"up": {"uv": [0, 0, 16, 16], "texture": "#4"},
				"down": {"uv": [0, 0, 16, 16], "texture": "#4"}
			}
		},
		{
			"from": [-7.9, -12, -9.08579],
			"to": [23.9, -9.20711, -7.08579],
			"rotation": {"angle": -45, "axis": "x", "origin": [8.6, -10.70711, -8.58579]},
			"faces": {
				"north": {"uv": [0, 0, 16, 16], "texture": "#4"},
				"east": {"uv": [0, 0, 16, 16], "texture": "#4"},
				"south": {"uv": [0, 0, 16, 16], "texture": "#4"},
				"west": {"uv": [0, 0, 16, 16], "texture": "#4"},
				"up": {"uv": [0, 0, 16, 16], "texture": "#4"},
				"down": {"uv": [0, 0, 16, 16], "texture": "#4"}
			}
		},
		{
			"from": [-8, -12, -8],
			"to": [24, -10, 32],
			"rotation": {"angle": 0, "axis": "y", "origin": [8.5, -11, 6]},
			"faces": {
				"north": {"uv": [0, 0, 16, 16], "texture": "#4"},
				"east": {"uv": [0, 0, 16, 16], "texture": "#4"},
				"south": {"uv": [0, 0, 16, 16], "texture": "#4"},
				"west": {"uv": [0, 0, 16, 16], "texture": "#4"},
				"up": {"uv": [0, 0, 16, 16], "texture": "#4"},
				"down": {"uv": [0, 0, 16, 16], "texture": "#4"}
			}
		},
		{
			"from": [23, 20, -9],
			"to": [24, 24, 32],
			"rotation": {"angle": 0, "axis": "y", "origin": [6.25, 24.25209, -11.25366]},
			"faces": {
				"north": {"uv": [0, 0, 16, 16], "texture": "#4"},
				"east": {"uv": [0, 0, 16, 16], "texture": "#4"},
				"south": {"uv": [0, 0, 16, 16], "texture": "#4"},
				"west": {"uv": [0, 0, 16, 16], "texture": "#4"},
				"up": {"uv": [0, 0, 16, 16], "texture": "#4"},
				"down": {"uv": [0, 0, 16, 16], "texture": "#4"}
			}
		},
		{
			"from": [-8, 20, -9],
			"to": [-7, 24, 32],
			"rotation": {"angle": 0, "axis": "y", "origin": [10.25, 24.25209, -11.25366]},
			"faces": {
				"north": {"uv": [0, 0, 16, 16], "texture": "#4"},
				"east": {"uv": [0, 0, 16, 16], "texture": "#4"},
				"south": {"uv": [0, 0, 16, 16], "texture": "#4"},
				"west": {"uv": [0, 0, 16, 16], "texture": "#4"},
				"up": {"uv": [0, 0, 16, 16], "texture": "#4"},
				"down": {"uv": [0, 0, 16, 16], "texture": "#4"}
			}
		},
		{
			"from": [-7.27269, 23.65642, -9],
			"to": [-6.27269, 25.65642, 32],
			"rotation": {"angle": -22.5, "axis": "z", "origin": [-6.77269, 25.65642, 5.5]},
			"faces": {
				"north": {"uv": [0, 0, 16, 16], "texture": "#4"},
				"east": {"uv": [0, 0, 16, 16], "texture": "#4"},
				"south": {"uv": [0, 0, 16, 16], "texture": "#4"},
				"west": {"uv": [0, 0, 16, 16], "texture": "#4"},
				"up": {"uv": [0, 0, 16, 16], "texture": "#4"},
				"down": {"uv": [0, 0, 16, 16], "texture": "#4"}
			}
		},
		{
			"from": [22.46404, 23.69448, -9],
			"to": [23.46404, 25.69448, 32],
			"rotation": {"angle": 22.5, "axis": "z", "origin": [22.96404, 25.19448, 5.5]},
			"faces": {
				"north": {"uv": [0, 0, 16, 16], "texture": "#4"},
				"east": {"uv": [0, 0, 16, 16], "texture": "#4"},
				"south": {"uv": [0, 0, 16, 16], "texture": "#4"},
				"west": {"uv": [0, 0, 16, 16], "texture": "#4"},
				"up": {"uv": [0, 0, 16, 16], "texture": "#4"},
				"down": {"uv": [0, 0, 16, 16], "texture": "#4"}
			}
		},
		{
			"from": [11, 22, -10],
			"to": [24, 24, -9],
			"rotation": {"angle": 0, "axis": "y", "origin": [8.25, 24.25209, -11.25366]},
			"faces": {
				"north": {"uv": [0, 0, 16, 16], "texture": "#4"},
				"east": {"uv": [0, 0, 16, 16], "texture": "#4"},
				"south": {"uv": [0, 0, 16, 16], "texture": "#4"},
				"west": {"uv": [0, 0, 16, 16], "texture": "#4"},
				"up": {"uv": [0, 0, 16, 16], "texture": "#4"},
				"down": {"uv": [0, 0, 16, 16], "texture": "#4"}
			}
		},
		{
			"from": [-8, 22, -10],
			"to": [5, 24, -9],
			"rotation": {"angle": 0, "axis": "y", "origin": [8.25, 24.25209, -11.25366]},
			"faces": {
				"north": {"uv": [0, 0, 16, 16], "texture": "#4"},
				"east": {"uv": [0, 0, 16, 16], "texture": "#4"},
				"south": {"uv": [0, 0, 16, 16], "texture": "#4"},
				"west": {"uv": [0, 0, 16, 16], "texture": "#4"},
				"up": {"uv": [0, 0, 16, 16], "texture": "#4"},
				"down": {"uv": [0, 0, 16, 16], "texture": "#4"}
			}
		},
		{
			"from": [6, 23, -14],
			"to": [7, 25, -13],
			"rotation": {"angle": 0, "axis": "y", "origin": [8.25, 24.25209, -11.25366]},
			"faces": {
				"north": {"uv": [10, 2, 11, 4], "texture": "#7"},
				"east": {"uv": [0, 0, 1, 2], "texture": "#7"},
				"south": {"uv": [0, 0, 1, 2], "texture": "#7"},
				"west": {"uv": [6, 5, 7, 7], "texture": "#7"},
				"up": {"uv": [0, 0, 1, 1], "texture": "#7"},
				"down": {"uv": [0, 0, 1, 1], "texture": "#7"}
			}
		},
		{
			"from": [9, 23, -15],
			"to": [10, 25, -13],
			"rotation": {"angle": 0, "axis": "y", "origin": [8.25, 24.25209, -11.25366]},
			"faces": {
				"north": {"uv": [6, 1, 7, 3], "texture": "#7"},
				"east": {"uv": [0, 0, 2, 2], "texture": "#7"},
				"south": {"uv": [0, 0, 1, 2], "texture": "#7"},
				"west": {"uv": [0, 0, 2, 2], "texture": "#7"},
				"up": {"uv": [0, 0, 1, 2], "texture": "#7"},
				"down": {"uv": [14, 1, 15, 3], "texture": "#7"}
			}
		},
		{
			"from": [6, 23, -13],
			"to": [10, 25, -12],
			"rotation": {"angle": 0, "axis": "y", "origin": [8.25, 24.25209, -11.25366]},
			"faces": {
				"north": {"uv": [0, 0, 4, 2], "texture": "#7"},
				"east": {"uv": [0, 0, 1, 2], "texture": "#7"},
				"south": {"uv": [0, 0, 4, 2], "texture": "#7"},
				"west": {"uv": [0, 0, 1, 2], "texture": "#7"},
				"up": {"uv": [0, 0, 4, 1], "texture": "#7"},
				"down": {"uv": [0, 0, 4, 1], "texture": "#7"}
			}
		},
		{
			"from": [8, 23, -15],
			"to": [9, 25, -14],
			"rotation": {"angle": 0, "axis": "y", "origin": [8.25, 24.25209, -11.25366]},
			"faces": {
				"north": {"uv": [12, 6, 13, 8], "texture": "#7"},
				"east": {"uv": [0, 0, 1, 2], "texture": "#7"},
				"south": {"uv": [0, 0, 1, 2], "texture": "#7"},
				"west": {"uv": [0, 0, 1, 2], "texture": "#7"},
				"up": {"uv": [0, 0, 1, 1], "texture": "#7"},
				"down": {"uv": [0, 0, 1, 1], "texture": "#7"}
			}
		},
		{
			"name": "shaft",
			"from": [10.42157, 27, -1.5],
			"to": [11.42157, 31.25, -0.5],
			"rotation": {"angle": 0, "axis": "y", "origin": [9.67157, 30, -1]},
			"faces": {
				"north": {"uv": [0, 0, 16, 16], "texture": "#4"},
				"east": {"uv": [0, 0, 16, 16], "texture": "#4"},
				"south": {"uv": [0, 0, 16, 16], "texture": "#4"},
				"west": {"uv": [0, 0, 16, 16], "texture": "#4"},
				"up": {"uv": [0, 0, 16, 16], "texture": "#4"},
				"down": {"uv": [0, 0, 16, 16], "texture": "#4"}
			}
		},
		{
			"from": [8.83579, 28, -3],
			"to": [10.83579, 31, -1],
			"rotation": {"angle": 45, "axis": "y", "origin": [9.83579, 30, -2]},
			"faces": {
				"north": {"uv": [0, 0, 16, 16], "texture": "#3"},
				"east": {"uv": [0, 0, 16, 16], "texture": "#3"},
				"south": {"uv": [0, 0, 16, 16], "texture": "#3"},
				"west": {"uv": [0, 0, 16, 16], "texture": "#3"},
				"up": {"uv": [0, 0, 16, 16], "texture": "#3"},
				"down": {"uv": [0, 0, 16, 16], "texture": "#3"}
			}
		},
		{
			"from": [9.83579, 28, -0.58579],
			"to": [11.83579, 31, 1.41421],
			"rotation": {"angle": 0, "axis": "y", "origin": [10.83579, 30, 0.41421]},
			"faces": {
				"north": {"uv": [0, 0, 16, 16], "texture": "#3"},
				"east": {"uv": [0, 0, 16, 16], "texture": "#3"},
				"south": {"uv": [0, 0, 16, 16], "texture": "#3"},
				"west": {"uv": [0, 0, 16, 16], "texture": "#3"},
				"up": {"uv": [0, 0, 16, 16], "texture": "#3"},
				"down": {"uv": [0, 0, 16, 16], "texture": "#3"}
			}
		},
		{
			"from": [10.83579, 28, -3],
			"to": [12.83579, 31, -1],
			"rotation": {"angle": 45, "axis": "y", "origin": [11.83579, 30, -2]},
			"faces": {
				"north": {"uv": [0, 0, 16, 16], "texture": "#3"},
				"east": {"uv": [0, 0, 16, 16], "texture": "#3"},
				"south": {"uv": [0, 0, 16, 16], "texture": "#3"},
				"west": {"uv": [0, 0, 16, 16], "texture": "#3"},
				"up": {"uv": [0, 0, 16, 16], "texture": "#3"},
				"down": {"uv": [0, 0, 16, 16], "texture": "#3"}
			}
		},
		{
			"from": [10.83579, 28, -1],
			"to": [12.83579, 31, 1],
			"rotation": {"angle": 45, "axis": "y", "origin": [11.83579, 30, 0]},
			"faces": {
				"north": {"uv": [0, 0, 16, 16], "texture": "#3"},
				"east": {"uv": [0, 0, 16, 16], "texture": "#3"},
				"south": {"uv": [0, 0, 16, 16], "texture": "#3"},
				"west": {"uv": [0, 0, 16, 16], "texture": "#3"},
				"up": {"uv": [0, 0, 16, 16], "texture": "#3"},
				"down": {"uv": [0, 0, 16, 16], "texture": "#3"}
			}
		},
		{
			"from": [8.83579, 28, -1],
			"to": [10.83579, 31, 1],
			"rotation": {"angle": 45, "axis": "y", "origin": [9.83579, 30, 0]},
			"faces": {
				"north": {"uv": [0, 0, 16, 16], "texture": "#3"},
				"east": {"uv": [0, 0, 16, 16], "texture": "#3"},
				"south": {"uv": [0, 0, 16, 16], "texture": "#3"},
				"west": {"uv": [0, 0, 16, 16], "texture": "#3"},
				"up": {"uv": [0, 0, 16, 16], "texture": "#3"},
				"down": {"uv": [0, 0, 16, 16], "texture": "#3"}
			}
		},
		{
			"from": [9.83579, 28, -3.41421],
			"to": [11.83579, 31, -1.41421],
			"rotation": {"angle": 0, "axis": "y", "origin": [10.83579, 30, -2.41421]},
			"faces": {
				"north": {"uv": [0, 0, 16, 16], "texture": "#3"},
				"east": {"uv": [0, 0, 16, 16], "texture": "#3"},
				"south": {"uv": [0, 0, 16, 16], "texture": "#3"},
				"west": {"uv": [0, 0, 16, 16], "texture": "#3"},
				"up": {"uv": [0, 0, 16, 16], "texture": "#3"},
				"down": {"uv": [0, 0, 16, 16], "texture": "#3"}
			}
		},
		{
			"from": [8.42157, 28, -2],
			"to": [10.42157, 31, 0],
			"rotation": {"angle": 0, "axis": "y", "origin": [9.42157, 30, -1]},
			"faces": {
				"north": {"uv": [0, 0, 16, 16], "texture": "#3"},
				"east": {"uv": [0, 0, 16, 16], "texture": "#3"},
				"south": {"uv": [0, 0, 16, 16], "texture": "#3"},
				"west": {"uv": [0, 0, 16, 16], "texture": "#3"},
				"up": {"uv": [0, 0, 16, 16], "texture": "#3"},
				"down": {"uv": [0, 0, 16, 16], "texture": "#3"}
			}
		},
		{
			"from": [11.25, 28, -2],
			"to": [13.25, 31, 0],
			"rotation": {"angle": 0, "axis": "y", "origin": [12.25, 30, -1]},
			"faces": {
				"north": {"uv": [0, 0, 16, 16], "texture": "#3"},
				"east": {"uv": [0, 0, 16, 16], "texture": "#3"},
				"south": {"uv": [0, 0, 16, 16], "texture": "#3"},
				"west": {"uv": [0, 0, 16, 16], "texture": "#3"},
				"up": {"uv": [0, 0, 16, 16], "texture": "#3"},
				"down": {"uv": [0, 0, 16, 16], "texture": "#3"}
			}
		},
		{
			"name": "shaft",
			"from": [4.92157, 27, -1.5],
			"to": [5.92157, 31.25, -0.5],
			"rotation": {"angle": 0, "axis": "y", "origin": [9.67157, 30, -1]},
			"faces": {
				"north": {"uv": [0, 0, 16, 16], "texture": "#4"},
				"east": {"uv": [0, 0, 16, 16], "texture": "#4"},
				"south": {"uv": [0, 0, 16, 16], "texture": "#4"},
				"west": {"uv": [0, 0, 16, 16], "texture": "#4"},
				"up": {"uv": [0, 0, 16, 16], "texture": "#4"},
				"down": {"uv": [0, 0, 16, 16], "texture": "#4"}
			}
		},
		{
			"from": [3.33579, 28, -3],
			"to": [5.33579, 31, -1],
			"rotation": {"angle": 45, "axis": "y", "origin": [4.33579, 30, -2]},
			"faces": {
				"north": {"uv": [0, 0, 16, 16], "texture": "#3"},
				"east": {"uv": [0, 0, 16, 16], "texture": "#3"},
				"south": {"uv": [0, 0, 16, 16], "texture": "#3"},
				"west": {"uv": [0, 0, 16, 16], "texture": "#3"},
				"up": {"uv": [0, 0, 16, 16], "texture": "#3"},
				"down": {"uv": [0, 0, 16, 16], "texture": "#3"}
			}
		},
		{
			"from": [4.33579, 28, -0.58579],
			"to": [6.33579, 31, 1.41421],
			"rotation": {"angle": 0, "axis": "y", "origin": [5.33579, 30, 0.41421]},
			"faces": {
				"north": {"uv": [0, 0, 16, 16], "texture": "#3"},
				"east": {"uv": [0, 0, 16, 16], "texture": "#3"},
				"south": {"uv": [0, 0, 16, 16], "texture": "#3"},
				"west": {"uv": [0, 0, 16, 16], "texture": "#3"},
				"up": {"uv": [0, 0, 16, 16], "texture": "#3"},
				"down": {"uv": [0, 0, 16, 16], "texture": "#3"}
			}
		},
		{
			"from": [5.33579, 28, -3],
			"to": [7.33579, 31, -1],
			"rotation": {"angle": 45, "axis": "y", "origin": [6.33579, 30, -2]},
			"faces": {
				"north": {"uv": [0, 0, 16, 16], "texture": "#3"},
				"east": {"uv": [0, 0, 16, 16], "texture": "#3"},
				"south": {"uv": [0, 0, 16, 16], "texture": "#3"},
				"west": {"uv": [0, 0, 16, 16], "texture": "#3"},
				"up": {"uv": [0, 0, 16, 16], "texture": "#3"},
				"down": {"uv": [0, 0, 16, 16], "texture": "#3"}
			}
		},
		{
			"from": [5.33579, 28, -1],
			"to": [7.33579, 31, 1],
			"rotation": {"angle": 45, "axis": "y", "origin": [6.33579, 30, 0]},
			"faces": {
				"north": {"uv": [0, 0, 16, 16], "texture": "#3"},
				"east": {"uv": [0, 0, 16, 16], "texture": "#3"},
				"south": {"uv": [0, 0, 16, 16], "texture": "#3"},
				"west": {"uv": [0, 0, 16, 16], "texture": "#3"},
				"up": {"uv": [0, 0, 16, 16], "texture": "#3"},
				"down": {"uv": [0, 0, 16, 16], "texture": "#3"}
			}
		},
		{
			"from": [3.33579, 28, -1],
			"to": [5.33579, 31, 1],
			"rotation": {"angle": 45, "axis": "y", "origin": [4.33579, 30, 0]},
			"faces": {
				"north": {"uv": [0, 0, 16, 16], "texture": "#3"},
				"east": {"uv": [0, 0, 16, 16], "texture": "#3"},
				"south": {"uv": [0, 0, 16, 16], "texture": "#3"},
				"west": {"uv": [0, 0, 16, 16], "texture": "#3"},
				"up": {"uv": [0, 0, 16, 16], "texture": "#3"},
				"down": {"uv": [0, 0, 16, 16], "texture": "#3"}
			}
		},
		{
			"from": [4.33579, 28, -3.41421],
			"to": [6.33579, 31, -1.41421],
			"rotation": {"angle": 0, "axis": "y", "origin": [5.33579, 30, -2.41421]},
			"faces": {
				"north": {"uv": [0, 0, 16, 16], "texture": "#3"},
				"east": {"uv": [0, 0, 16, 16], "texture": "#3"},
				"south": {"uv": [0, 0, 16, 16], "texture": "#3"},
				"west": {"uv": [0, 0, 16, 16], "texture": "#3"},
				"up": {"uv": [0, 0, 16, 16], "texture": "#3"},
				"down": {"uv": [0, 0, 16, 16], "texture": "#3"}
			}
		},
		{
			"from": [2.92157, 28, -2],
			"to": [4.92157, 31, 0],
			"rotation": {"angle": 0, "axis": "y", "origin": [3.92157, 30, -1]},
			"faces": {
				"north": {"uv": [0, 0, 16, 16], "texture": "#3"},
				"east": {"uv": [0, 0, 16, 16], "texture": "#3"},
				"south": {"uv": [0, 0, 16, 16], "texture": "#3"},
				"west": {"uv": [0, 0, 16, 16], "texture": "#3"},
				"up": {"uv": [0, 0, 16, 16], "texture": "#3"},
				"down": {"uv": [0, 0, 16, 16], "texture": "#3"}
			}
		},
		{
			"from": [5.75, 28, -2],
			"to": [7.75, 31, 0],
			"rotation": {"angle": 0, "axis": "y", "origin": [6.75, 30, -1]},
			"faces": {
				"north": {"uv": [0, 0, 16, 16], "texture": "#3"},
				"east": {"uv": [0, 0, 16, 16], "texture": "#3"},
				"south": {"uv": [0, 0, 16, 16], "texture": "#3"},
				"west": {"uv": [0, 0, 16, 16], "texture": "#3"},
				"up": {"uv": [0, 0, 16, 16], "texture": "#3"},
				"down": {"uv": [0, 0, 16, 16], "texture": "#3"}
			}
		},
		{
			"name": "wheelbox",
			"from": [2.67157, 23, -3.5],
			"to": [13.67157, 27, 1.5],
			"rotation": {"angle": 0, "axis": "y", "origin": [9.67157, 30, -1]},
			"faces": {
				"north": {"uv": [1, 9, 15, 13], "texture": "#6"},
				"east": {"uv": [7, 9, 12, 13], "texture": "#6"},
				"south": {"uv": [1, 12, 15, 16], "texture": "#6"},
				"west": {"uv": [4, 6, 9, 10], "texture": "#6"},
				"up": {"uv": [2, 6, 13, 11], "texture": "#6"},
				"down": {"uv": [2, 6, 13, 11], "texture": "#6"}
			}
		},
		{
			"name": "shaft",
			"from": [10.42157, 27, 7.5],
			"to": [11.42157, 31.25, 8.5],
			"rotation": {"angle": 0, "axis": "y", "origin": [9.67157, 30, 8]},
			"faces": {
				"north": {"uv": [0, 0, 16, 16], "texture": "#4"},
				"east": {"uv": [0, 0, 16, 16], "texture": "#4"},
				"south": {"uv": [0, 0, 16, 16], "texture": "#4"},
				"west": {"uv": [0, 0, 16, 16], "texture": "#4"},
				"up": {"uv": [0, 0, 16, 16], "texture": "#4"},
				"down": {"uv": [0, 0, 16, 16], "texture": "#4"}
			}
		},
		{
			"from": [8.83579, 28, 6],
			"to": [10.83579, 31, 8],
			"rotation": {"angle": 45, "axis": "y", "origin": [9.83579, 30, 7]},
			"faces": {
				"north": {"uv": [0, 0, 16, 16], "texture": "#3"},
				"east": {"uv": [0, 0, 16, 16], "texture": "#3"},
				"south": {"uv": [0, 0, 16, 16], "texture": "#3"},
				"west": {"uv": [0, 0, 16, 16], "texture": "#3"},
				"up": {"uv": [0, 0, 16, 16], "texture": "#3"},
				"down": {"uv": [0, 0, 16, 16], "texture": "#3"}
			}
		},
		{
			"from": [9.83579, 28, 8.41421],
			"to": [11.83579, 31, 10.41421],
			"rotation": {"angle": 0, "axis": "y", "origin": [10.83579, 30, 9.41421]},
			"faces": {
				"north": {"uv": [0, 0, 16, 16], "texture": "#3"},
				"east": {"uv": [0, 0, 16, 16], "texture": "#3"},
				"south": {"uv": [0, 0, 16, 16], "texture": "#3"},
				"west": {"uv": [0, 0, 16, 16], "texture": "#3"},
				"up": {"uv": [0, 0, 16, 16], "texture": "#3"},
				"down": {"uv": [0, 0, 16, 16], "texture": "#3"}
			}
		},
		{
			"from": [10.83579, 28, 6],
			"to": [12.83579, 31, 8],
			"rotation": {"angle": 45, "axis": "y", "origin": [11.83579, 30, 7]},
			"faces": {
				"north": {"uv": [0, 0, 16, 16], "texture": "#3"},
				"east": {"uv": [0, 0, 16, 16], "texture": "#3"},
				"south": {"uv": [0, 0, 16, 16], "texture": "#3"},
				"west": {"uv": [0, 0, 16, 16], "texture": "#3"},
				"up": {"uv": [0, 0, 16, 16], "texture": "#3"},
				"down": {"uv": [0, 0, 16, 16], "texture": "#3"}
			}
		},
		{
			"from": [10.83579, 28, 8],
			"to": [12.83579, 31, 10],
			"rotation": {"angle": 45, "axis": "y", "origin": [11.83579, 30, 9]},
			"faces": {
				"north": {"uv": [0, 0, 16, 16], "texture": "#3"},
				"east": {"uv": [0, 0, 16, 16], "texture": "#3"},
				"south": {"uv": [0, 0, 16, 16], "texture": "#3"},
				"west": {"uv": [0, 0, 16, 16], "texture": "#3"},
				"up": {"uv": [0, 0, 16, 16], "texture": "#3"},
				"down": {"uv": [0, 0, 16, 16], "texture": "#3"}
			}
		},
		{
			"from": [8.83579, 28, 8],
			"to": [10.83579, 31, 10],
			"rotation": {"angle": 45, "axis": "y", "origin": [9.83579, 30, 9]},
			"faces": {
				"north": {"uv": [0, 0, 16, 16], "texture": "#3"},
				"east": {"uv": [0, 0, 16, 16], "texture": "#3"},
				"south": {"uv": [0, 0, 16, 16], "texture": "#3"},
				"west": {"uv": [0, 0, 16, 16], "texture": "#3"},
				"up": {"uv": [0, 0, 16, 16], "texture": "#3"},
				"down": {"uv": [0, 0, 16, 16], "texture": "#3"}
			}
		},
		{
			"from": [9.83579, 28, 5.58579],
			"to": [11.83579, 31, 7.58579],
			"rotation": {"angle": 0, "axis": "y", "origin": [10.83579, 30, 6.58579]},
			"faces": {
				"north": {"uv": [0, 0, 16, 16], "texture": "#3"},
				"east": {"uv": [0, 0, 16, 16], "texture": "#3"},
				"south": {"uv": [0, 0, 16, 16], "texture": "#3"},
				"west": {"uv": [0, 0, 16, 16], "texture": "#3"},
				"up": {"uv": [0, 0, 16, 16], "texture": "#3"},
				"down": {"uv": [0, 0, 16, 16], "texture": "#3"}
			}
		},
		{
			"from": [8.42157, 28, 7],
			"to": [10.42157, 31, 9],
			"rotation": {"angle": 0, "axis": "y", "origin": [9.42157, 30, 8]},
			"faces": {
				"north": {"uv": [0, 0, 16, 16], "texture": "#3"},
				"east": {"uv": [0, 0, 16, 16], "texture": "#3"},
				"south": {"uv": [0, 0, 16, 16], "texture": "#3"},
				"west": {"uv": [0, 0, 16, 16], "texture": "#3"},
				"up": {"uv": [0, 0, 16, 16], "texture": "#3"},
				"down": {"uv": [0, 0, 16, 16], "texture": "#3"}
			}
		},
		{
			"from": [11.25, 28, 7],
			"to": [13.25, 31, 9],
			"rotation": {"angle": 0, "axis": "y", "origin": [12.25, 30, 8]},
			"faces": {
				"north": {"uv": [0, 0, 16, 16], "texture": "#3"},
				"east": {"uv": [0, 0, 16, 16], "texture": "#3"},
				"south": {"uv": [0, 0, 16, 16], "texture": "#3"},
				"west": {"uv": [0, 0, 16, 16], "texture": "#3"},
				"up": {"uv": [0, 0, 16, 16], "texture": "#3"},
				"down": {"uv": [0, 0, 16, 16], "texture": "#3"}
			}
		},
		{
			"name": "shaft",
			"from": [4.92157, 27, 7.5],
			"to": [5.92157, 31.25, 8.5],
			"rotation": {"angle": 0, "axis": "y", "origin": [9.67157, 30, 8]},
			"faces": {
				"north": {"uv": [0, 0, 16, 16], "texture": "#4"},
				"east": {"uv": [0, 0, 16, 16], "texture": "#4"},
				"south": {"uv": [0, 0, 16, 16], "texture": "#4"},
				"west": {"uv": [0, 0, 16, 16], "texture": "#4"},
				"up": {"uv": [0, 0, 16, 16], "texture": "#4"},
				"down": {"uv": [0, 0, 16, 16], "texture": "#4"}
			}
		},
		{
			"from": [3.33579, 28, 6],
			"to": [5.33579, 31, 8],
			"rotation": {"angle": 45, "axis": "y", "origin": [4.33579, 30, 7]},
			"faces": {
				"north": {"uv": [0, 0, 16, 16], "texture": "#3"},
				"east": {"uv": [0, 0, 16, 16], "texture": "#3"},
				"south": {"uv": [0, 0, 16, 16], "texture": "#3"},
				"west": {"uv": [0, 0, 16, 16], "texture": "#3"},
				"up": {"uv": [0, 0, 16, 16], "texture": "#3"},
				"down": {"uv": [0, 0, 16, 16], "texture": "#3"}
			}
		},
		{
			"from": [4.33579, 28, 8.41421],
			"to": [6.33579, 31, 10.41421],
			"rotation": {"angle": 0, "axis": "y", "origin": [5.33579, 30, 9.41421]},
			"faces": {
				"north": {"uv": [0, 0, 16, 16], "texture": "#3"},
				"east": {"uv": [0, 0, 16, 16], "texture": "#3"},
				"south": {"uv": [0, 0, 16, 16], "texture": "#3"},
				"west": {"uv": [0, 0, 16, 16], "texture": "#3"},
				"up": {"uv": [0, 0, 16, 16], "texture": "#3"},
				"down": {"uv": [0, 0, 16, 16], "texture": "#3"}
			}
		},
		{
			"from": [5.33579, 28, 6],
			"to": [7.33579, 31, 8],
			"rotation": {"angle": 45, "axis": "y", "origin": [6.33579, 30, 7]},
			"faces": {
				"north": {"uv": [0, 0, 16, 16], "texture": "#3"},
				"east": {"uv": [0, 0, 16, 16], "texture": "#3"},
				"south": {"uv": [0, 0, 16, 16], "texture": "#3"},
				"west": {"uv": [0, 0, 16, 16], "texture": "#3"},
				"up": {"uv": [0, 0, 16, 16], "texture": "#3"},
				"down": {"uv": [0, 0, 16, 16], "texture": "#3"}
			}
		},
		{
			"from": [5.33579, 28, 8],
			"to": [7.33579, 31, 10],
			"rotation": {"angle": 45, "axis": "y", "origin": [6.33579, 30, 9]},
			"faces": {
				"north": {"uv": [0, 0, 16, 16], "texture": "#3"},
				"east": {"uv": [0, 0, 16, 16], "texture": "#3"},
				"south": {"uv": [0, 0, 16, 16], "texture": "#3"},
				"west": {"uv": [0, 0, 16, 16], "texture": "#3"},
				"up": {"uv": [0, 0, 16, 16], "texture": "#3"},
				"down": {"uv": [0, 0, 16, 16], "texture": "#3"}
			}
		},
		{
			"from": [3.33579, 28, 8],
			"to": [5.33579, 31, 10],
			"rotation": {"angle": 45, "axis": "y", "origin": [4.33579, 30, 9]},
			"faces": {
				"north": {"uv": [0, 0, 16, 16], "texture": "#3"},
				"east": {"uv": [0, 0, 16, 16], "texture": "#3"},
				"south": {"uv": [0, 0, 16, 16], "texture": "#3"},
				"west": {"uv": [0, 0, 16, 16], "texture": "#3"},
				"up": {"uv": [0, 0, 16, 16], "texture": "#3"},
				"down": {"uv": [0, 0, 16, 16], "texture": "#3"}
			}
		},
		{
			"from": [4.33579, 28, 5.58579],
			"to": [6.33579, 31, 7.58579],
			"rotation": {"angle": 0, "axis": "y", "origin": [5.33579, 30, 6.58579]},
			"faces": {
				"north": {"uv": [0, 0, 16, 16], "texture": "#3"},
				"east": {"uv": [0, 0, 16, 16], "texture": "#3"},
				"south": {"uv": [0, 0, 16, 16], "texture": "#3"},
				"west": {"uv": [0, 0, 16, 16], "texture": "#3"},
				"up": {"uv": [0, 0, 16, 16], "texture": "#3"},
				"down": {"uv": [0, 0, 16, 16], "texture": "#3"}
			}
		},
		{
			"from": [2.92157, 28, 7],
			"to": [4.92157, 31, 9],
			"rotation": {"angle": 0, "axis": "y", "origin": [3.92157, 30, 8]},
			"faces": {
				"north": {"uv": [0, 0, 16, 16], "texture": "#3"},
				"east": {"uv": [0, 0, 16, 16], "texture": "#3"},
				"south": {"uv": [0, 0, 16, 16], "texture": "#3"},
				"west": {"uv": [0, 0, 16, 16], "texture": "#3"},
				"up": {"uv": [0, 0, 16, 16], "texture": "#3"},
				"down": {"uv": [0, 0, 16, 16], "texture": "#3"}
			}
		},
		{
			"from": [5.75, 28, 7],
			"to": [7.75, 31, 9],
			"rotation": {"angle": 0, "axis": "y", "origin": [6.75, 30, 8]},
			"faces": {
				"north": {"uv": [0, 0, 16, 16], "texture": "#3"},
				"east": {"uv": [0, 0, 16, 16], "texture": "#3"},
				"south": {"uv": [0, 0, 16, 16], "texture": "#3"},
				"west": {"uv": [0, 0, 16, 16], "texture": "#3"},
				"up": {"uv": [0, 0, 16, 16], "texture": "#3"},
				"down": {"uv": [0, 0, 16, 16], "texture": "#3"}
			}
		},
		{
			"name": "wheelbox",
			"from": [2.67157, 23, 5.5],
			"to": [13.67157, 27, 10.5],
			"rotation": {"angle": 0, "axis": "y", "origin": [9.67157, 30, 8]},
			"faces": {
				"north": {"uv": [1, 9, 15, 13], "texture": "#6"},
				"east": {"uv": [7, 9, 12, 13], "texture": "#6"},
				"south": {"uv": [1, 12, 15, 16], "texture": "#6"},
				"west": {"uv": [4, 6, 9, 10], "texture": "#6"},
				"up": {"uv": [2, 6, 13, 11], "texture": "#6"},
				"down": {"uv": [2, 6, 13, 11], "texture": "#6"}
			}
		},
		{
			"from": [12.25, -4, 0.25],
			"to": [22.25, -3, 8.25],
			"rotation": {"angle": 0, "axis": "y", "origin": [7.25, -1.75, 0]},
			"faces": {
				"north": {"uv": [0, 0, 8, 1], "texture": "#9"},
				"east": {"uv": [0, 0, 8, 1], "texture": "#9"},
				"south": {"uv": [0, 0, 8, 1], "texture": "#9"},
				"west": {"uv": [0, 0, 8, 1], "texture": "#9"},
				"up": {"uv": [0, 0, 8, 8], "rotation": 270, "texture": "#9"},
				"down": {"uv": [0, 0, 8, 8], "rotation": 90, "texture": "#9"}
			}
		},
		{
			"from": [16.25, -8, 4.25],
			"to": [18.25, -4, 6.25],
			"rotation": {"angle": 0, "axis": "y", "origin": [7.25, -1.75, 0]},
			"faces": {
				"north": {"uv": [0, 0, 8, 6], "texture": "#3"},
				"east": {"uv": [0, 0, 8, 1], "rotation": 270, "texture": "#3"},
				"south": {"uv": [0, 0, 8, 6], "texture": "#3"},
				"west": {"uv": [0, 0, 8, 1], "rotation": 90, "texture": "#3"},
				"up": {"uv": [0, 0, 8, 1], "rotation": 180, "texture": "#3"},
				"down": {"uv": [0, 0, 8, 1], "texture": "#3"}
			}
		},
		{
			"from": [12.25, -3, 7.25],
			"to": [22.25, 3, 8.25],
			"rotation": {"angle": 0, "axis": "y", "origin": [7.25, -1.75, 0]},
			"faces": {
				"north": {"uv": [0, 0, 8, 6], "texture": "#9"},
				"east": {"uv": [0, 0, 8, 1], "rotation": 270, "texture": "#9"},
				"south": {"uv": [0, 0, 8, 6], "texture": "#9"},
				"west": {"uv": [0, 0, 8, 1], "rotation": 90, "texture": "#9"},
				"up": {"uv": [0, 0, 8, 1], "rotation": 180, "texture": "#9"},
				"down": {"uv": [0, 0, 8, 1], "texture": "#9"}
			}
		},
		{
			"from": [-9, 18, -3],
			"to": [-8, 19, 32],
			"rotation": {"angle": 0, "axis": "y", "origin": [8.25, 24.25209, -11.25366]},
			"faces": {
				"north": {"uv": [0, 0, 16, 16], "texture": "#4"},
				"east": {"uv": [0, 0, 16, 16], "texture": "#4"},
				"south": {"uv": [0, 0, 16, 16], "texture": "#4"},
				"west": {"uv": [0, 0, 16, 16], "texture": "#4"},
				"up": {"uv": [0, 0, 16, 16], "texture": "#4"},
				"down": {"uv": [0, 0, 16, 16], "texture": "#4"}
			}
		},
		{
			"from": [-9, -10, -3],
			"to": [-8, -9, 32],
			"rotation": {"angle": 0, "axis": "y", "origin": [8.25, 24.25209, -11.25366]},
			"faces": {
				"north": {"uv": [0, 0, 16, 16], "texture": "#4"},
				"east": {"uv": [0, 0, 16, 16], "texture": "#4"},
				"south": {"uv": [0, 0, 16, 16], "texture": "#4"},
				"west": {"uv": [0, 0, 16, 16], "texture": "#4"},
				"up": {"uv": [0, 0, 16, 16], "texture": "#4"},
				"down": {"uv": [0, 0, 16, 16], "texture": "#4"}
			}
		},
		{
			"from": [24, 18, -3],
			"to": [25, 19, 32],
			"rotation": {"angle": 0, "axis": "y", "origin": [8.25, 24.25209, -11.25366]},
			"faces": {
				"north": {"uv": [0, 0, 16, 16], "texture": "#4"},
				"east": {"uv": [0, 0, 16, 16], "texture": "#4"},
				"south": {"uv": [0, 0, 16, 16], "texture": "#4"},
				"west": {"uv": [0, 0, 16, 16], "texture": "#4"},
				"up": {"uv": [0, 0, 16, 16], "texture": "#4"},
				"down": {"uv": [0, 0, 16, 16], "texture": "#4"}
			}
		},
		{
			"from": [24, -10, -3],
			"to": [25, -9, 32],
			"rotation": {"angle": 0, "axis": "y", "origin": [8.25, 24.25209, -11.25366]},
			"faces": {
				"north": {"uv": [0, 0, 16, 16], "texture": "#4"},
				"east": {"uv": [0, 0, 16, 16], "texture": "#4"},
				"south": {"uv": [0, 0, 16, 16], "texture": "#4"},
				"west": {"uv": [0, 0, 16, 16], "texture": "#4"},
				"up": {"uv": [0, 0, 16, 16], "texture": "#4"},
				"down": {"uv": [0, 0, 16, 16], "texture": "#4"}
			}
		},
		{
			"name": "tactilefloor",
			"from": [-7, -8, 9],
			"to": [-1, -7.8, 32],
			"rotation": {"angle": 0, "axis": "y", "origin": [-5, -3.5, 21]},
			"faces": {
				"north": {"uv": [0, 0, 1, 1], "texture": "#10"},
				"east": {"uv": [0, 0, 1, 1], "texture": "#10"},
				"south": {"uv": [0, 0, 1, 1], "texture": "#10"},
				"west": {"uv": [0, 0, 1, 1], "texture": "#10"},
				"up": {"uv": [16, 16, 0, 0], "texture": "#10"},
				"down": {"uv": [16, 0, 0, 16], "texture": "#10"}
			}
		},
		{
			"name": "tactilefloor",
			"from": [17, -8, 9],
			"to": [23, -7.8, 32],
			"rotation": {"angle": 0, "axis": "y", "origin": [-5, -3.5, 21]},
			"faces": {
				"north": {"uv": [0, 0, 1, 1], "texture": "#10"},
				"east": {"uv": [0, 0, 1, 1], "texture": "#10"},
				"south": {"uv": [0, 0, 1, 1], "texture": "#10"},
				"west": {"uv": [0, 0, 1, 1], "texture": "#10"},
				"up": {"uv": [16, 16, 0, 0], "texture": "#10"},
				"down": {"uv": [16, 0, 0, 16], "texture": "#10"}
			}
		},
		{
			"from": [-6, 0, 7],
			"to": [-5, 10, 8],
			"rotation": {"angle": 0, "axis": "y", "origin": [8.25, 24.25209, -11.25366]},
			"faces": {
				"north": {"uv": [10, 2, 11, 11], "texture": "#11"},
				"east": {"uv": [0, 0, 1, 9], "texture": "#11"},
				"south": {"uv": [7, 4, 8, 13], "texture": "#11"},
				"west": {"uv": [0, 0, 1, 9], "texture": "#11"},
				"up": {"uv": [0, 0, 1, 1], "texture": "#11"},
				"down": {"uv": [0, 0, 1, 1], "texture": "#11"}
			}
		},
		{
			"from": [-7.87536, 9.42806, 7],
			"to": [-6.87536, 10.42806, 8],
			"rotation": {"angle": 22.5, "axis": "z", "origin": [-7.37536, 14.42806, 7.5]},
			"faces": {
				"north": {"uv": [10, 2, 11, 3], "texture": "#11"},
				"east": {"uv": [2, 7, 3, 8], "texture": "#11"},
				"south": {"uv": [1, 8, 2, 9], "texture": "#11"},
				"west": {"uv": [3, 6, 4, 7], "texture": "#11"},
				"up": {"uv": [5, 2, 6, 3], "texture": "#11"},
				"down": {"uv": [8, 5, 9, 6], "texture": "#11"}
			}
		},
		{
			"from": [-6.15328, -0.7706, 7],
			"to": [-5.15328, 0.2294, 8],
			"rotation": {"angle": -22.5, "axis": "z", "origin": [-5.65328, -0.2706, 7.5]},
			"faces": {
				"north": {"uv": [10, 10, 11, 11], "texture": "#11"},
				"east": {"uv": [2, 7, 3, 8], "texture": "#11"},
				"south": {"uv": [7, 12, 8, 13], "texture": "#11"},
				"west": {"uv": [3, 6, 4, 7], "texture": "#11"},
				"up": {"uv": [5, 2, 6, 3], "texture": "#11"},
				"down": {"uv": [8, 5, 9, 6], "texture": "#11"}
			}
		},
		{
			"from": [-6.58979, -1.42388, 7],
			"to": [-5.58979, -0.42388, 8],
			"rotation": {"angle": -45, "axis": "z", "origin": [-6.08979, -0.92388, 7.5]},
			"faces": {
				"north": {"uv": [10, 10, 11, 11], "texture": "#11"},
				"east": {"uv": [2, 7, 3, 8], "texture": "#11"},
				"south": {"uv": [7, 12, 8, 13], "texture": "#11"},
				"west": {"uv": [3, 6, 4, 7], "texture": "#11"},
				"up": {"uv": [5, 2, 6, 3], "texture": "#11"},
				"down": {"uv": [8, 5, 9, 6], "texture": "#11"}
			}
		},
		{
			"from": [-7.24307, -1.86039, 7],
			"to": [-6.24307, -0.86039, 8],
			"rotation": {"angle": 22.5, "axis": "z", "origin": [-6.74307, -1.36039, 7.5]},
			"faces": {
				"north": {"uv": [10, 10, 11, 11], "rotation": 270, "texture": "#11"},
				"east": {"uv": [5, 2, 6, 3], "rotation": 90, "texture": "#11"},
				"south": {"uv": [7, 12, 8, 13], "rotation": 90, "texture": "#11"},
				"west": {"uv": [8, 5, 9, 6], "rotation": 90, "texture": "#11"},
				"up": {"uv": [3, 6, 4, 7], "rotation": 90, "texture": "#11"},
				"down": {"uv": [2, 7, 3, 8], "rotation": 90, "texture": "#11"}
			}
		},
		{
			"from": [-6.58979, 10.42388, 7],
			"to": [-5.58979, 11.42388, 8],
			"rotation": {"angle": -45, "axis": "z", "origin": [-6.08979, 10.92388, 7.5]},
			"faces": {
				"north": {"uv": [10, 2, 11, 3], "rotation": 90, "texture": "#11"},
				"east": {"uv": [8, 4, 9, 5], "rotation": 270, "texture": "#11"},
				"south": {"uv": [1, 8, 2, 9], "rotation": 270, "texture": "#11"},
				"west": {"uv": [9, 11, 10, 12], "rotation": 270, "texture": "#11"},
				"up": {"uv": [4, 3, 5, 4], "rotation": 270, "texture": "#11"},
				"down": {"uv": [6, 7, 7, 8], "rotation": 270, "texture": "#11"}
			}
		},
		{
			"from": [-7.24307, 10.86039, 7],
			"to": [-6.24307, 11.86039, 8],
			"rotation": {"angle": -22.5, "axis": "z", "origin": [-6.74307, 11.36039, 7.5]},
			"faces": {
				"north": {"uv": [10, 2, 11, 3], "rotation": 90, "texture": "#11"},
				"east": {"uv": [10, 5, 11, 6], "rotation": 270, "texture": "#11"},
				"south": {"uv": [1, 8, 2, 9], "rotation": 270, "texture": "#11"},
				"west": {"uv": [6, 8, 7, 9], "rotation": 270, "texture": "#11"},
				"up": {"uv": [11, 3, 12, 4], "rotation": 270, "texture": "#11"},
				"down": {"uv": [4, 9, 5, 10], "rotation": 270, "texture": "#11"}
			}
		},
		{
			"from": [-8.1, -4, -5],
			"to": [-8, -3, 5],
			"rotation": {"angle": 0, "axis": "y", "origin": [8.5, 23, 5]},
			"faces": {
				"north": {"uv": [0, 0, 16, 16], "texture": "#5"},
				"east": {"uv": [0, 0, 16, 16], "texture": "#5"},
				"south": {"uv": [0, 0, 16, 16], "texture": "#5"},
				"west": {"uv": [0, 0, 16, 16], "texture": "#5"},
				"up": {"uv": [0, 0, 16, 16], "texture": "#5"},
				"down": {"uv": [0, 0, 16, 16], "texture": "#5"}
			}
		},
		{
			"from": [-8.1, -3.91421, -5.5],
			"to": [-8, -3.20711, -4.79289],
			"rotation": {"angle": 45, "axis": "x", "origin": [-8.05, -3.70711, -5]},
			"faces": {
				"north": {"uv": [0, 0, 16, 16], "texture": "#5"},
				"east": {"uv": [0, 0, 16, 16], "texture": "#5"},
				"south": {"uv": [0, 0, 16, 16], "texture": "#5"},
				"west": {"uv": [0, 0, 16, 16], "texture": "#5"},
				"up": {"uv": [0, 0, 16, 16], "texture": "#5"},
				"down": {"uv": [0, 0, 16, 16], "texture": "#5"}
			}
		},
		{
			"from": [-8.1, -3.91421, 4.5],
			"to": [-8, -3.20711, 5.20711],
			"rotation": {"angle": 45, "axis": "x", "origin": [-8.05, -3.70711, 5]},
			"faces": {
				"north": {"uv": [0, 0, 16, 16], "texture": "#5"},
				"east": {"uv": [0, 0, 16, 16], "texture": "#5"},
				"south": {"uv": [0, 0, 16, 16], "texture": "#5"},
				"west": {"uv": [0, 0, 16, 16], "texture": "#5"},
				"up": {"uv": [0, 0, 16, 16], "texture": "#5"},
				"down": {"uv": [0, 0, 16, 16], "texture": "#5"}
			}
		},
		{
			"from": [-8.1, -6, -5],
			"to": [-8, -5, 0],
			"rotation": {"angle": 0, "axis": "y", "origin": [8.5, 21, 5]},
			"faces": {
				"north": {"uv": [0, 0, 16, 16], "texture": "#5"},
				"east": {"uv": [0, 0, 16, 16], "texture": "#5"},
				"south": {"uv": [0, 0, 16, 16], "texture": "#5"},
				"west": {"uv": [0, 0, 16, 16], "texture": "#5"},
				"up": {"uv": [0, 0, 16, 16], "texture": "#5"},
				"down": {"uv": [0, 0, 16, 16], "texture": "#5"}
			}
		},
		{
			"from": [-8.1, -5.91421, -5.5],
			"to": [-8, -5.20711, -4.79289],
			"rotation": {"angle": 45, "axis": "x", "origin": [-8.05, -5.70711, -5]},
			"faces": {
				"north": {"uv": [0, 0, 16, 16], "texture": "#5"},
				"east": {"uv": [0, 0, 16, 16], "texture": "#5"},
				"south": {"uv": [0, 0, 16, 16], "texture": "#5"},
				"west": {"uv": [0, 0, 16, 16], "texture": "#5"},
				"up": {"uv": [0, 0, 16, 16], "texture": "#5"},
				"down": {"uv": [0, 0, 16, 16], "texture": "#5"}
			}
		},
		{
			"from": [-8.1, -5.91421, -0.5],
			"to": [-8, -5.20711, 0.20711],
			"rotation": {"angle": 45, "axis": "x", "origin": [-8.05, -5.70711, 0]},
			"faces": {
				"north": {"uv": [0, 0, 16, 16], "texture": "#5"},
				"east": {"uv": [0, 0, 16, 16], "texture": "#5"},
				"south": {"uv": [0, 0, 16, 16], "texture": "#5"},
				"west": {"uv": [0, 0, 16, 16], "texture": "#5"},
				"up": {"uv": [0, 0, 16, 16], "texture": "#5"},
				"down": {"uv": [0, 0, 16, 16], "texture": "#5"}
			}
		},
		{
			"from": [24, -4, -5],
			"to": [24.1, -3, 5],
			"rotation": {"angle": 0, "axis": "y", "origin": [40.6, 23, 5]},
			"faces": {
				"north": {"uv": [0, 0, 16, 16], "texture": "#5"},
				"east": {"uv": [0, 0, 16, 16], "texture": "#5"},
				"south": {"uv": [0, 0, 16, 16], "texture": "#5"},
				"west": {"uv": [0, 0, 16, 16], "texture": "#5"},
				"up": {"uv": [0, 0, 16, 16], "texture": "#5"},
				"down": {"uv": [0, 0, 16, 16], "texture": "#5"}
			}
		},
		{
			"from": [24, -3.91421, -5.5],
			"to": [24.1, -3.20711, -4.79289],
			"rotation": {"angle": 45, "axis": "x", "origin": [24.05, -3.70711, -5]},
			"faces": {
				"north": {"uv": [0, 0, 16, 16], "texture": "#5"},
				"east": {"uv": [0, 0, 16, 16], "texture": "#5"},
				"south": {"uv": [0, 0, 16, 16], "texture": "#5"},
				"west": {"uv": [0, 0, 16, 16], "texture": "#5"},
				"up": {"uv": [0, 0, 16, 16], "texture": "#5"},
				"down": {"uv": [0, 0, 16, 16], "texture": "#5"}
			}
		},
		{
			"from": [24, -3.91421, 4.5],
			"to": [24.1, -3.20711, 5.20711],
			"rotation": {"angle": 45, "axis": "x", "origin": [24.05, -3.70711, 5]},
			"faces": {
				"north": {"uv": [0, 0, 16, 16], "texture": "#5"},
				"east": {"uv": [0, 0, 16, 16], "texture": "#5"},
				"south": {"uv": [0, 0, 16, 16], "texture": "#5"},
				"west": {"uv": [0, 0, 16, 16], "texture": "#5"},
				"up": {"uv": [0, 0, 16, 16], "texture": "#5"},
				"down": {"uv": [0, 0, 16, 16], "texture": "#5"}
			}
		},
		{
			"from": [24, -6, -5],
			"to": [24.1, -5, 0],
			"rotation": {"angle": 0, "axis": "y", "origin": [40.6, 21, 5]},
			"faces": {
				"north": {"uv": [0, 0, 16, 16], "texture": "#5"},
				"east": {"uv": [0, 0, 16, 16], "texture": "#5"},
				"south": {"uv": [0, 0, 16, 16], "texture": "#5"},
				"west": {"uv": [0, 0, 16, 16], "texture": "#5"},
				"up": {"uv": [0, 0, 16, 16], "texture": "#5"},
				"down": {"uv": [0, 0, 16, 16], "texture": "#5"}
			}
		},
		{
			"from": [24, -5.91421, -5.5],
			"to": [24.1, -5.20711, -4.79289],
			"rotation": {"angle": 45, "axis": "x", "origin": [24.05, -5.70711, -5]},
			"faces": {
				"north": {"uv": [0, 0, 16, 16], "texture": "#5"},
				"east": {"uv": [0, 0, 16, 16], "texture": "#5"},
				"south": {"uv": [0, 0, 16, 16], "texture": "#5"},
				"west": {"uv": [0, 0, 16, 16], "texture": "#5"},
				"up": {"uv": [0, 0, 16, 16], "texture": "#5"},
				"down": {"uv": [0, 0, 16, 16], "texture": "#5"}
			}
		},
		{
			"from": [24, -5.91421, -0.5],
			"to": [24.1, -5.20711, 0.20711],
			"rotation": {"angle": 45, "axis": "x", "origin": [24.05, -5.70711, 0]},
			"faces": {
				"north": {"uv": [0, 0, 16, 16], "texture": "#5"},
				"east": {"uv": [0, 0, 16, 16], "texture": "#5"},
				"south": {"uv": [0, 0, 16, 16], "texture": "#5"},
				"west": {"uv": [0, 0, 16, 16], "texture": "#5"},
				"up": {"uv": [0, 0, 16, 16], "texture": "#5"},
				"down": {"uv": [0, 0, 16, 16], "texture": "#5"}
			}
		}
	],
	"display": {
		"head": {
			"scale": [2, 2.2, 2]
		}
	},
	"groups": [
		0,
		1,
		2,
		3,
		4,
		5,
		{
			"name": "frontwindow",
			"origin": [8.25, 24.25209, -2.25366],
			"color": 0,
			"children": [6, 7, 8, 9, 10, 11, 12, 13, 14]
		},
		{
			"name": "wall",
			"origin": [8.25, 24.25209, -9.25366],
			"color": 0,
			"children": [15, 16, 17, 18, 19]
		},
		{
			"name": "wall",
			"origin": [8.25, 24.25209, -9.25366],
			"color": 0,
			"children": [
				20,
				21,
				22,
				23,
				24,
				25,
				26,
				27,
				28,
				29,
				30,
				{
					"name": "door",
					"origin": [6.25242, 9.5, -1.35402],
					"color": 0,
					"children": [31, 32, 33, 34, 35, 36, 37]
				},
				38
			]
		},
		{
			"name": "topflap",
			"origin": [18.5, 25.19448, 1.26014],
			"color": 0,
			"children": [39, 40, 41, 42, 43, 44, 45, 46, 47, 48]
		},
		{
			"name": "topflap",
			"origin": [18.5, 25.19448, 1.26014],
			"color": 0,
			"children": [49, 50, 51, 52, 53, 54, 55, 56, 57]
		},
		{
			"name": "Coupler",
			"origin": [0, 17, 0],
			"color": 0,
			"children": [58, 59, 60, 61, 62, 63, 64, 65, 66, 67, 68, 69, 70, 71, 72, 73]
		},
		{
			"name": "wheelset",
			"origin": [8, 8, 8],
			"color": 0,
			"children": [
				{
					"name": "wheel",
					"origin": [11, 25, 8],
					"color": 0,
					"children": [74, 75, 76, 77, 78, 79, 80, 81, 82]
				},
				{
					"name": "wheel",
					"origin": [11, 25, 8],
					"color": 0,
					"children": [83, 84, 85, 86, 87, 88, 89, 90, 91]
				},
				92
			]
		},
		{
			"name": "wheelset",
			"origin": [8, 8, 8],
			"color": 0,
			"children": [
				{
					"name": "wheel",
					"origin": [11, 25, 8],
					"color": 0,
					"children": [93, 94, 95, 96, 97, 98, 99, 100, 101]
				},
				{
					"name": "wheel",
					"origin": [11, 25, 8],
					"color": 0,
					"children": [102, 103, 104, 105, 106, 107, 108, 109, 110]
				},
				111
			]
		},
		{
			"name": "seat",
			"origin": [-8.5, 1, -3],
			"color": 0,
			"children": [112, 113, 114]
		},
		{
			"name": "doorrail",
			"origin": [8.25, 24.25209, -11.25366],
			"color": 0,
			"children": [115, 116, 117, 118]
		},
		119,
		120,
		{
			"name": "grabpole",
			"origin": [8.25, 24.25209, -11.25366],
			"color": 0,
			"children": [121, 122, 123, 124, 125, 126, 127]
		},
		{
			"name": "sidedecor",
			"origin": [8.5, 24, 5],
			"color": 0,
			"children": [128, 129, 130, 131, 132, 133]
		},
		{
			"name": "sidedecor",
			"origin": [8.5, 24, 5],
			"color": 0,
			"children": [134, 135, 136, 137, 138, 139]
		}
	]
}