{
	"format_version": "1.21.6",
	"credit": "Made with Blockbench",
	"textures": {
		"0": "block/bus_autonomous/gray_concrete",
		"13": "block/bus_autonomous/cyan_concrete",
		"15": "block/bus_autonomous/iciwi_display",
		"21": "block/bus_autonomous/display_interior/hybus/4705",
		"particle": "block/bus_autonomous/gray_concrete"
	},
	"elements": [
		{
			"from": [10.45, 12.15, -6.9],
			"to": [14.25, 14.5, -6.8],
			"rotation": {"angle": 0, "axis": "y", "origin": [5.4, 3.05, -35.9]},
			"faces": {
				"north": {"uv": [0, 0, 14, 1], "texture": "#0"},
				"east": {"uv": [0, 0, 16, 1], "texture": "#13"},
				"south": {"uv": [0, 0, 16, 16], "texture": "#21"},
				"west": {"uv": [0, 0, 16, 1], "texture": "#13"},
				"up": {"uv": [0, 0, 16, 16], "texture": "#13"},
				"down": {"uv": [0, 0, 14, 16], "texture": "#13"}
			}
		},
		{
			"from": [1.6, 12.6, 4.85],
			"to": [5.4, 14.95, 4.95],
			"rotation": {"angle": 0, "axis": "y", "origin": [-3.45, 3.5, -24.15]},
			"faces": {
				"north": {"uv": [0, 0, 14, 1], "texture": "#0"},
				"east": {"uv": [0, 0, 16, 1], "texture": "#13"},
				"south": {"uv": [0, 0, 16, 16], "texture": "#21"},
				"west": {"uv": [0, 0, 16, 1], "texture": "#13"},
				"up": {"uv": [0, 0, 16, 16], "texture": "#13"},
				"down": {"uv": [0, 0, 14, 16], "texture": "#13"}
			}
		},
		{
			"from": [5.45, 10.85, 5],
			"to": [6.75, 11.9, 5.05],
			"rotation": {"angle": 0, "axis": "y", "origin": [-0.85, 0.6, -24]},
			"faces": {
				"north": {"uv": [0, 0, 14, 1], "texture": "#0"},
				"east": {"uv": [0, 0, 16, 1], "texture": "#13"},
				"south": {"uv": [0, 0, 16, 16], "texture": "#15"},
				"west": {"uv": [0, 0, 16, 1], "texture": "#13"},
				"up": {"uv": [0, 0, 16, 16], "texture": "#13"},
				"down": {"uv": [0, 0, 14, 16], "texture": "#13"}
			}
		},
		{
			"from": [9.25, 11.25, 13.8],
			"to": [10.55, 12.3, 13.85],
			"rotation": {"angle": 0, "axis": "y", "origin": [16.85, 1, 42.85]},
			"faces": {
				"north": {"uv": [0, 0, 16, 16], "texture": "#15"},
				"east": {"uv": [0, 0, 16, 1], "texture": "#13"},
				"south": {"uv": [0, 0, 14, 1], "texture": "#0"},
				"west": {"uv": [0, 0, 16, 1], "texture": "#13"},
				"up": {"uv": [16, 16, 0, 0], "texture": "#13"},
				"down": {"uv": [14, 16, 0, 0], "texture": "#13"}
			}
		}
	],
	"display": {
		"head": {
			"scale": [4, 4, 4]
		}
	}
}