{
	"credit": "Made with Blockbench by melonapple (https://www.youtube.com/@melonapple5)",
	"texture_size": [64, 64],
	"textures": {
		"0": "tce:engines/engine_v8_1",
		"particle": "tce:engines/engine_v8_1"
	},
	"elements": [
		{
			"from": [4.5, 4.75, 0.745],
			"to": [9, 10.75, 13.255],
			"rotation": {"angle": 45, "axis": "z", "origin": [7, 4.75, 3.75]},
			"faces": {
				"north": {"uv": [10.5, 4.25, 11.625, 5.75], "texture": "#0"},
				"east": {"uv": [3.5, 2.5, 6.625, 4], "texture": "#0"},
				"south": {"uv": [7.25, 10.5, 8.375, 12], "texture": "#0"},
				"west": {"uv": [3.5, 4, 6.625, 5.5], "texture": "#0"},
				"up": {"uv": [5.375, 10.125, 4.25, 7], "texture": "#0"},
				"down": {"uv": [6.625, 7, 5.5, 10.125], "texture": "#0"}
			}
		},
		{
			"from": [0.75, 9, 1.245],
			"to": [4.25, 10.5, 12.755],
			"rotation": {"angle": 45, "axis": "z", "origin": [2.75, 9, 3.75]},
			"faces": {
				"north": {"uv": [10.5, 6.25, 11.375, 6.625], "texture": "#0"},
				"east": {"uv": [11.5, 7.75, 14.375, 8.125], "texture": "#0"},
				"south": {"uv": [6.5, 12.5, 7.375, 12.875], "texture": "#0"},
				"west": {"uv": [11, 11.5, 13.875, 11.875], "texture": "#0"},
				"up": {"uv": [2.125, 12.375, 1.25, 9.5], "texture": "#0"},
				"down": {"uv": [10.375, 3.75, 9.5, 6.625], "texture": "#0"}
			}
		},
		{
			"from": [11.75, 9, 1.245],
			"to": [15.25, 10.5, 12.755],
			"rotation": {"angle": -45, "axis": "z", "origin": [13.25, 9, 3.75]},
			"faces": {
				"north": {"uv": [7.5, 12.5, 8.375, 12.875], "texture": "#0"},
				"east": {"uv": [4.25, 11.75, 7.125, 12.125], "texture": "#0"},
				"south": {"uv": [8.5, 12.5, 9.375, 12.875], "texture": "#0"},
				"west": {"uv": [11.75, 4.25, 14.625, 4.625], "texture": "#0"},
				"up": {"uv": [3.125, 12.875, 2.25, 10], "texture": "#0"},
				"down": {"uv": [4.125, 10, 3.25, 12.875], "texture": "#0"}
			}
		},
		{
			"from": [5, 1.75, 0.75],
			"to": [11, 5.75, 13.25],
			"rotation": {"angle": 0, "axis": "y", "origin": [7, 1.75, 11.25]},
			"faces": {
				"north": {"uv": [11, 10.5, 12.5, 11.5], "texture": "#0"},
				"east": {"uv": [7.5, 0, 10.625, 1], "texture": "#0"},
				"south": {"uv": [11.5, 6.25, 13, 7.25], "texture": "#0"},
				"west": {"uv": [7.5, 1, 10.625, 2], "texture": "#0"},
				"up": {"uv": [1.5, 7.625, 0, 4.5], "texture": "#0"},
				"down": {"uv": [3, 4.5, 1.5, 7.625], "texture": "#0"}
			}
		},
		{
			"from": [4.5, 0, 13.25],
			"to": [11.5, 7, 15.25],
			"rotation": {"angle": 0, "axis": "y", "origin": [7.81016, 7.5, 5.245]},
			"faces": {
				"north": {"uv": [1.25, 7.75, 3, 9.5], "texture": "#0"},
				"east": {"uv": [0, 11, 0.5, 12.75], "texture": "#0"},
				"south": {"uv": [8, 2, 9.75, 3.75], "texture": "#0"},
				"west": {"uv": [0.5, 11, 1, 12.75], "texture": "#0"},
				"up": {"uv": [13.5, 5.25, 11.75, 4.75], "texture": "#0"},
				"down": {"uv": [13.5, 5.25, 11.75, 5.75], "texture": "#0"}
			}
		},
		{
			"from": [5.5, 0.25, 1.25],
			"to": [10.5, 2, 13.25],
			"rotation": {"angle": 0, "axis": "y", "origin": [7.81016, 7.5, 5.245]},
			"faces": {
				"north": {"uv": [11.75, 12, 13, 12.5], "texture": "#0"},
				"east": {"uv": [10.75, 1.5, 13.75, 2], "texture": "#0"},
				"south": {"uv": [4.25, 12.25, 5.5, 12.75], "texture": "#0"},
				"west": {"uv": [11.5, 7.25, 14.5, 7.75], "texture": "#0"},
				"up": {"uv": [8, 5.5, 6.75, 2.5], "texture": "#0"},
				"down": {"uv": [4.25, 7, 3, 10], "texture": "#0"}
			}
		},
		{
			"from": [14.5, 5, 0.75],
			"to": [14.5, 7, 13.25],
			"rotation": {"angle": 22.5, "axis": "z", "origin": [16.5, 5, 6]},
			"faces": {
				"north": {"uv": [0, 0, 0, 0.5], "texture": "#0"},
				"east": {"uv": [13.125, 9.5, 10, 10], "texture": "#0"},
				"south": {"uv": [0, 0, 0, 0.5], "texture": "#0"},
				"west": {"uv": [10, 9.5, 13.125, 10], "texture": "#0"},
				"up": {"uv": [0, 3.125, 0, 0], "texture": "#0"},
				"down": {"uv": [0, 0, 0, 3.125], "texture": "#0"}
			}
		},
		{
			"from": [13.73556, -1.37811, 0.75],
			"to": [13.73556, 3.62189, 16.25],
			"rotation": {"angle": -22.5, "axis": "z", "origin": [15.73556, 1.62189, 6]},
			"faces": {
				"north": {"uv": [0, 0, 0, 1.25], "texture": "#0"},
				"east": {"uv": [7.375, 0, 3.5, 1.25], "texture": "#0"},
				"south": {"uv": [0, 0, 0, 1.25], "texture": "#0"},
				"west": {"uv": [3.5, 0, 7.375, 1.25], "texture": "#0"},
				"up": {"uv": [0, 3.875, 0, 0], "texture": "#0"},
				"down": {"uv": [0, 0, 0, 3.875], "texture": "#0"}
			}
		},
		{
			"from": [1.5, 5, 0.75],
			"to": [1.5, 7, 13.25],
			"rotation": {"angle": -22.5, "axis": "z", "origin": [-0.5, 5, 6]},
			"faces": {
				"north": {"uv": [0, 0, 0, 0.5], "texture": "#missing"},
				"east": {"uv": [13.125, 9.5, 10, 10], "texture": "#0"},
				"south": {"uv": [0, 0, 0, 0.5], "texture": "#missing"},
				"west": {"uv": [10, 9.5, 13.125, 10], "texture": "#0"},
				"up": {"uv": [0, 2.375, 0, 0], "texture": "#missing"},
				"down": {"uv": [0, 0, 0, 2.375], "texture": "#missing"}
			}
		},
		{
			"from": [6, 6.25, 1],
			"to": [10, 8.75, 13],
			"rotation": {"angle": 0, "axis": "y", "origin": [7, 6.25, 7.5]},
			"faces": {
				"north": {"uv": [5.5, 12.25, 6.5, 12.875], "texture": "#0"},
				"east": {"uv": [10, 8.75, 13, 9.375], "texture": "#0"},
				"south": {"uv": [1, 12.5, 2, 13.125], "texture": "#0"},
				"west": {"uv": [10.5, 3.5, 13.5, 4.125], "texture": "#0"},
				"up": {"uv": [9, 10, 8, 7], "texture": "#0"},
				"down": {"uv": [10, 7, 9, 10], "texture": "#0"}
			}
		},
		{
			"from": [5.25, 11, 4.25],
			"to": [10.75, 12.75, 9.75],
			"rotation": {"angle": 0, "axis": "y", "origin": [5.5, 10.75, 4.5]},
			"faces": {
				"north": {"uv": [7.25, 12, 8.625, 12.5], "texture": "#0"},
				"east": {"uv": [8.75, 12, 10.125, 12.5], "texture": "#0"},
				"south": {"uv": [12, 10, 13.375, 10.5], "texture": "#0"},
				"west": {"uv": [10.25, 12, 11.625, 12.5], "texture": "#0"},
				"up": {"uv": [5.625, 11.625, 4.25, 10.25], "texture": "#0"},
				"down": {"uv": [7.125, 10.25, 5.75, 11.625], "texture": "#0"}
			}
		},
		{
			"from": [6.5, 8.75, 1],
			"to": [6.5, 11.75, 13],
			"rotation": {"angle": -22.5, "axis": "z", "origin": [6.5, 8.75, 10]},
			"faces": {
				"north": {"uv": [0, 0, 0, 0.75], "texture": "#missing"},
				"east": {"uv": [12.75, 2, 9.75, 2.75], "texture": "#0"},
				"south": {"uv": [0, 0, 0, 0.75], "texture": "#missing"},
				"west": {"uv": [9.75, 2, 12.75, 2.75], "texture": "#0"},
				"up": {"uv": [0, 0, 0, 2.25], "texture": "#missing"},
				"down": {"uv": [0, 0, 0, 2.25], "texture": "#missing"}
			}
		},
		{
			"from": [9.5, 8.75, 1],
			"to": [9.5, 11.75, 13],
			"rotation": {"angle": 22.5, "axis": "z", "origin": [9.5, 8.75, 10]},
			"faces": {
				"north": {"uv": [0, 0, 0, 0.75], "texture": "#0"},
				"east": {"uv": [12.75, 2, 9.75, 2.75], "texture": "#0"},
				"south": {"uv": [0, 0, 0, 0.75], "texture": "#0"},
				"west": {"uv": [9.75, 2, 12.75, 2.75], "texture": "#0"},
				"up": {"uv": [0, 3, 0, 0], "texture": "#0"},
				"down": {"uv": [0, 0, 0, 3], "texture": "#0"}
			}
		},
		{
			"from": [0.25, 5.5, 0.75],
			"to": [0.25, 7.5, 16.25],
			"rotation": {"angle": -45, "axis": "z", "origin": [0.25, 5.5, 3.75]},
			"faces": {
				"north": {"uv": [0, 0, 0, 0.5], "texture": "#missing"},
				"east": {"uv": [11.875, 10, 8, 10.5], "texture": "#0"},
				"south": {"uv": [0, 0, 0, 0.5], "texture": "#missing"},
				"west": {"uv": [8, 10, 11.875, 10.5], "texture": "#0"},
				"up": {"uv": [0, 3.125, 0, 0], "texture": "#missing"},
				"down": {"uv": [0, 0, 0, 3.125], "texture": "#missing"}
			}
		},
		{
			"from": [15.75, 5.5, 0.75],
			"to": [15.75, 7.5, 16.25],
			"rotation": {"angle": 45, "axis": "z", "origin": [15.75, 5.5, 3.75]},
			"faces": {
				"north": {"uv": [0, 0, 0, 0.5], "texture": "#0"},
				"east": {"uv": [11.875, 10, 8, 10.5], "texture": "#0"},
				"south": {"uv": [0, 0, 0, 0.5], "texture": "#0"},
				"west": {"uv": [8, 10, 11.875, 10.5], "texture": "#0"},
				"up": {"uv": [0, 3.875, 0, 0], "texture": "#0"},
				"down": {"uv": [0, 0, 0, 3.875], "texture": "#0"}
			}
		},
		{
			"from": [2.26444, -1.37811, 0.75],
			"to": [2.26444, 3.62189, 16.25],
			"rotation": {"angle": 22.5, "axis": "z", "origin": [0.26444, 1.62189, 6]},
			"faces": {
				"north": {"uv": [0, 0, 0, 1], "texture": "#missing"},
				"east": {"uv": [7.375, 0, 3.5, 1.25], "texture": "#0"},
				"south": {"uv": [0, 0, 0, 1], "texture": "#missing"},
				"west": {"uv": [3.5, 0, 7.375, 1.25], "texture": "#0"},
				"up": {"uv": [0, 3.125, 0, 0], "texture": "#missing"},
				"down": {"uv": [0, 0, 0, 3.125], "texture": "#missing"}
			}
		},
		{
			"from": [7, 4.75, 0.744],
			"to": [11.5, 10.75, 13.254],
			"rotation": {"angle": -45, "axis": "z", "origin": [9, 4.75, 3.75]},
			"faces": {
				"north": {"uv": [8.5, 10.5, 9.625, 12], "texture": "#0"},
				"east": {"uv": [3, 5.5, 6.125, 7], "texture": "#0"},
				"south": {"uv": [9.75, 10.5, 10.875, 12], "texture": "#0"},
				"west": {"uv": [6.25, 5.5, 9.375, 7], "texture": "#0"},
				"up": {"uv": [7.875, 10.125, 6.75, 7], "texture": "#0"},
				"down": {"uv": [1.125, 7.75, 0, 10.875], "texture": "#0"}
			}
		},
		{
			"from": [5, 0.25, 0],
			"to": [11, 6.25, 0],
			"rotation": {"angle": 0, "axis": "z", "origin": [8, 3.25, 0]},
			"faces": {
				"north": {"uv": [8, 3.75, 9.5, 5.25], "texture": "#0"},
				"east": {"uv": [0, 0, 0, 1.5], "texture": "#0"},
				"south": {"uv": [9.5, 3.75, 8, 5.25], "texture": "#0"},
				"west": {"uv": [0, 0, 0, 1.5], "texture": "#0"},
				"up": {"uv": [1.5, 0, 0, 0], "texture": "#0"},
				"down": {"uv": [1.5, 0, 0, 0], "texture": "#0"}
			}
		},
		{
			"from": [1, 1.75, 0.5],
			"to": [15, 10.75, 0.5],
			"rotation": {"angle": 0, "axis": "y", "origin": [7, 1.75, 1]},
			"faces": {
				"north": {"uv": [0, 0, 3.5, 2.25], "texture": "#0"},
				"east": {"uv": [0, 0, 0, 2.25], "texture": "#0"},
				"south": {"uv": [3.5, 0, 0, 2.25], "texture": "#0"},
				"west": {"uv": [0, 0, 0, 2.25], "texture": "#0"},
				"up": {"uv": [3.5, 0, 0, 0], "texture": "#0"},
				"down": {"uv": [3.5, 0, 0, 0], "texture": "#0"}
			}
		},
		{
			"from": [7, 2.25, 0],
			"to": [9, 4.25, 0.75],
			"rotation": {"angle": 0, "axis": "y", "origin": [7, 2.25, -1.25]},
			"faces": {
				"north": {"uv": [3, 4.5, 3.5, 5], "texture": "#0"},
				"east": {"uv": [2.75, 9.5, 3, 10], "texture": "#0"},
				"south": {"uv": [3, 5, 3.5, 5.5], "texture": "#0"},
				"west": {"uv": [1, 11, 1.25, 11.5], "texture": "#0"},
				"up": {"uv": [8.5, 5.5, 8, 5.25], "texture": "#0"},
				"down": {"uv": [9, 5.25, 8.5, 5.5], "texture": "#0"}
			}
		},
		{
			"from": [3, 6.25, 0.5],
			"to": [5, 8.25, 0.75],
			"rotation": {"angle": 0, "axis": "y", "origin": [3, 6.25, -1.25]},
			"faces": {
				"north": {"uv": [7.5, 2, 8, 2.5], "texture": "#0"},
				"east": {"uv": [1, 11.5, 1.125, 12], "texture": "#0"},
				"south": {"uv": [2.25, 9.5, 2.75, 10], "texture": "#0"},
				"west": {"uv": [1, 12, 1.125, 12.5], "texture": "#0"},
				"up": {"uv": [9.5, 5.375, 9, 5.25], "texture": "#0"},
				"down": {"uv": [10, 6.75, 9.5, 6.875], "texture": "#0"}
			}
		},
		{
			"from": [11, 6.25, 0.5],
			"to": [13, 8.25, 0.75],
			"rotation": {"angle": 0, "axis": "y", "origin": [13, 6.25, -1.25]},
			"faces": {
				"north": {"uv": [9.5, 12.5, 10, 13], "texture": "#0"},
				"east": {"uv": [2, 12.5, 2.125, 13], "texture": "#0"},
				"south": {"uv": [10, 12.5, 10.5, 13], "texture": "#0"},
				"west": {"uv": [10.5, 12.5, 10.625, 13], "texture": "#0"},
				"up": {"uv": [10.25, 3.625, 9.75, 3.5], "texture": "#0"},
				"down": {"uv": [7.75, 10.25, 7.25, 10.375], "texture": "#0"}
			}
		},
		{
			"from": [3, 8.75, 5.5],
			"to": [13, 11.25, 5.5],
			"rotation": {"angle": 0, "axis": "y", "origin": [7, 8.75, 5.5]},
			"faces": {
				"north": {"uv": [10.75, 0, 13.25, 0.625], "texture": "#0"},
				"east": {"uv": [0, 0, 0, 0.625], "texture": "#missing"},
				"south": {"uv": [10.75, 0, 13.25, 0.625], "texture": "#0"},
				"west": {"uv": [0, 0, 0, 0.625], "texture": "#missing"},
				"up": {"uv": [2.5, 0, 0, 0], "texture": "#missing"},
				"down": {"uv": [2.5, 0, 0, 0], "texture": "#missing"}
			}
		},
		{
			"from": [3, 8.75, 2.5],
			"to": [13, 11.25, 2.5],
			"rotation": {"angle": 0, "axis": "y", "origin": [7, 8.75, 2.5]},
			"faces": {
				"north": {"uv": [10.75, 0, 13.25, 0.625], "texture": "#0"},
				"east": {"uv": [0, 0, 0, 0.625], "texture": "#0"},
				"south": {"uv": [10.75, 0, 13.25, 0.625], "texture": "#0"},
				"west": {"uv": [0, 0, 0, 0.625], "texture": "#0"},
				"up": {"uv": [2.5, 0, 0, 0], "texture": "#0"},
				"down": {"uv": [2.5, 0, 0, 0], "texture": "#0"}
			}
		},
		{
			"from": [3, 8.75, 8.5],
			"to": [13, 11.25, 8.5],
			"rotation": {"angle": 0, "axis": "y", "origin": [7, 8.75, 8.5]},
			"faces": {
				"north": {"uv": [10.75, 0, 13.25, 0.625], "texture": "#0"},
				"east": {"uv": [0, 0, 0, 0.625], "texture": "#missing"},
				"south": {"uv": [10.75, 0, 13.25, 0.625], "texture": "#0"},
				"west": {"uv": [0, 0, 0, 0.625], "texture": "#missing"},
				"up": {"uv": [0, 0, 2.5, 0], "texture": "#missing"},
				"down": {"uv": [0, 0, 2.5, 0], "texture": "#missing"}
			}
		},
		{
			"from": [3, 8.75, 11.5],
			"to": [13, 11.25, 11.5],
			"rotation": {"angle": 0, "axis": "y", "origin": [7, 8.75, 11.5]},
			"faces": {
				"north": {"uv": [10.75, 0, 13.25, 0.625], "texture": "#0"},
				"east": {"uv": [0, 0, 0, 0.625], "texture": "#missing"},
				"south": {"uv": [10.75, 0, 13.25, 0.625], "texture": "#0"},
				"west": {"uv": [0, 0, 0, 0.625], "texture": "#missing"},
				"up": {"uv": [0, 0, 2.5, 0], "texture": "#missing"},
				"down": {"uv": [0, 0, 2.5, 0], "texture": "#missing"}
			}
		}
	],
	"display": {
		"thirdperson_righthand": {
			"translation": [0, 3.75, 0],
			"scale": [0.5, 0.5, 0.5]
		},
		"thirdperson_lefthand": {
			"translation": [0, 3.75, 0],
			"scale": [0.5, 0.5, 0.5]
		},
		"firstperson_righthand": {
			"rotation": [0, 45, 0],
			"translation": [0, 3.75, 0],
			"scale": [0.4, 0.4, 0.4]
		},
		"firstperson_lefthand": {
			"rotation": [0, 225, 0],
			"translation": [0, 3.75, 0],
			"scale": [0.4, 0.4, 0.4]
		},
		"ground": {
			"translation": [0, 3, 0],
			"scale": [0.3, 0.3, 0.3]
		},
		"gui": {
			"rotation": [30, 135, 0],
			"translation": [0, 1.5, 0],
			"scale": [0.625, 0.625, 0.625]
		},
		"head": {
			"translation": [0, 14, 0]
		},
		"fixed": {
			"translation": [0, 0, -6.25]
		}
	},
	"groups": [
		{
			"name": "engine",
			"origin": [7, 8.75, 11.5],
			"color": 0,
			"children": [0, 1, 2, 3, 4, 5, 6, 7, 8, 9, 10, 11, 12, 13, 14, 15, 16, 17, 18, 19, 20, 21, 22, 23, 24, 25]
		}
	]
}