{
	"credit": "Made with Blockbench by melonapple (https://www.youtube.com/@melonapple5)",
	"texture_size": [64, 64],
	"textures": {
		"0": "tce:engines/engine_i4_1",
		"particle": "tce:engines/engine_i4_1"
	},
	"elements": [
		{
			"from": [4.75, 0, 13.25],
			"to": [11.75, 7, 15.25],
			"rotation": {"angle": 0, "axis": "y", "origin": [7.75, 3.5, 13.25]},
			"faces": {
				"north": {"uv": [0, 5.25, 1.75, 7], "texture": "#0"},
				"east": {"uv": [4, 9, 4.5, 10.75], "texture": "#0"},
				"south": {"uv": [1.75, 5.25, 3.5, 7], "texture": "#0"},
				"west": {"uv": [4.5, 9.25, 5, 11], "texture": "#0"},
				"up": {"uv": [11, 0.5, 9.25, 0], "texture": "#0"},
				"down": {"uv": [11, 0.5, 9.25, 1], "texture": "#0"}
			}
		},
		{
			"from": [5.75, 2, 1.75],
			"to": [10.75, 5, 13.75],
			"rotation": {"angle": 0, "axis": "y", "origin": [7.25, 2, 11.75]},
			"faces": {
				"north": {"uv": [8, 8.75, 9.25, 9.5], "texture": "#0"},
				"east": {"uv": [4.5, 7.25, 7.5, 8], "texture": "#0"},
				"south": {"uv": [9, 6, 10.25, 6.75], "texture": "#0"},
				"west": {"uv": [7.25, 5.25, 10.25, 6], "texture": "#0"},
				"up": {"uv": [5, 3, 3.75, 0], "texture": "#0"},
				"down": {"uv": [5, 3, 3.75, 6], "texture": "#0"}
			}
		},
		{
			"from": [6, 0.5, 2],
			"to": [10.5, 2, 13.75],
			"rotation": {"angle": 0, "axis": "y", "origin": [7.25, -1.5, 11.75]},
			"faces": {
				"north": {"uv": [9.25, 8.75, 10.375, 9.125], "texture": "#0"},
				"east": {"uv": [8, 7.25, 11, 7.625], "texture": "#0"},
				"south": {"uv": [9.25, 9.25, 10.375, 9.625], "texture": "#0"},
				"west": {"uv": [8, 7.75, 11, 8.125], "texture": "#0"},
				"up": {"uv": [6.125, 4.25, 5, 1.25], "texture": "#0"},
				"down": {"uv": [6.125, 4.25, 5, 7.25], "texture": "#0"}
			}
		},
		{
			"from": [6.25, 5, 1.75],
			"to": [10.25, 10, 13.75],
			"rotation": {"angle": 0, "axis": "y", "origin": [7.25, 5, 11.75]},
			"faces": {
				"north": {"uv": [5.75, 8, 6.75, 9.25], "texture": "#0"},
				"east": {"uv": [0, 4, 3, 5.25], "texture": "#0"},
				"south": {"uv": [8, 6, 9, 7.25], "texture": "#0"},
				"west": {"uv": [5, 0, 8, 1.25], "texture": "#0"},
				"up": {"uv": [4.5, 9, 3.5, 6], "texture": "#0"},
				"down": {"uv": [7.25, 1.25, 6.25, 4.25], "texture": "#0"}
			}
		},
		{
			"from": [6.5, 10, 2],
			"to": [10, 11.5, 13.5],
			"rotation": {"angle": 0, "axis": "y", "origin": [7.25, 10, 11.75]},
			"faces": {
				"north": {"uv": [8, 9.5, 8.875, 9.875], "texture": "#0"},
				"east": {"uv": [8, 8.25, 10.875, 8.625], "texture": "#0"},
				"south": {"uv": [9, 9.75, 9.875, 10.125], "texture": "#0"},
				"west": {"uv": [8.5, 1.25, 11.375, 1.625], "texture": "#0"},
				"up": {"uv": [1.875, 9.875, 1, 7], "texture": "#0"},
				"down": {"uv": [2.875, 7, 2, 9.875], "texture": "#0"}
			}
		},
		{
			"from": [6.25, 11.75, 3.25],
			"to": [10.25, 13.25, 7.25],
			"rotation": {"angle": 0, "axis": "y", "origin": [7.25, 11.75, 12]},
			"faces": {
				"north": {"uv": [9.5, 2.75, 10.5, 3.125], "texture": "#0"},
				"east": {"uv": [9.5, 3.25, 10.5, 3.625], "texture": "#0"},
				"south": {"uv": [9.5, 3.75, 10.5, 4.125], "texture": "#0"},
				"west": {"uv": [9.5, 4.25, 10.5, 4.625], "texture": "#0"},
				"up": {"uv": [9.5, 3.75, 8.5, 2.75], "texture": "#0"},
				"down": {"uv": [9.5, 3.75, 8.5, 4.75], "texture": "#0"}
			}
		},
		{
			"from": [10.24929, 9.24929, 1.75],
			"to": [13.74929, 9.24929, 13.75],
			"rotation": {"angle": -45, "axis": "z", "origin": [10.24929, 9.24929, 1.75]},
			"faces": {
				"north": {"uv": [0, 0, 0.875, 0], "texture": "#0"},
				"east": {"uv": [0, 0, 3, 0], "texture": "#0"},
				"south": {"uv": [0, 0, 0.875, 0], "texture": "#0"},
				"west": {"uv": [0, 0, 3, 0], "texture": "#0"},
				"up": {"uv": [7.125, 7.25, 6.25, 4.25], "texture": "#0"},
				"down": {"uv": [7.125, 4.25, 6.25, 7.25], "texture": "#0"}
			}
		},
		{
			"from": [12.72387, -0.72487, 1.75],
			"to": [12.72387, 6.77513, 16.75],
			"rotation": {"angle": 0, "axis": "z", "origin": [12.72387, 7.27513, 1.75]},
			"faces": {
				"north": {"uv": [0, 0, 0, 1.875], "texture": "#0"},
				"east": {"uv": [0, 0, 3.75, 1.875], "texture": "#0"},
				"south": {"uv": [0, 0, 0, 1.875], "texture": "#0"},
				"west": {"uv": [3.75, 0, 0, 1.875], "texture": "#0"},
				"up": {"uv": [0, 3.75, 0, 0], "texture": "#0"},
				"down": {"uv": [0, 0, 0, 3.75], "texture": "#0"}
			}
		},
		{
			"from": [4.25, 2, 1.24],
			"to": [10.75, 10, 1.24],
			"rotation": {"angle": 0, "axis": "y", "origin": [6.75, 2, 1.25]},
			"faces": {
				"north": {"uv": [0, 2, 1.625, 4], "texture": "#0"},
				"east": {"uv": [0, 0, 0, 2], "texture": "#0"},
				"south": {"uv": [1.625, 2, 0, 4], "texture": "#0"},
				"west": {"uv": [0, 0, 0, 2], "texture": "#0"},
				"up": {"uv": [1.25, 0, 0, 0], "texture": "#0"},
				"down": {"uv": [1.25, 0, 0, 0], "texture": "#0"}
			}
		},
		{
			"from": [8.25, 11.5, 2],
			"to": [8.25, 13, 13.5],
			"rotation": {"angle": 0, "axis": "z", "origin": [8.25, 13.5, 3.75]},
			"faces": {
				"north": {"uv": [0, 0, 0, 0.375], "texture": "#0"},
				"east": {"uv": [8.5, 1.75, 11.375, 2.125], "texture": "#0"},
				"south": {"uv": [0, 0, 0, 0.375], "texture": "#0"},
				"west": {"uv": [11.375, 1.75, 8.5, 2.125], "texture": "#0"},
				"up": {"uv": [0, 2.875, 0, 0], "texture": "#0"},
				"down": {"uv": [0, 0, 0, 2.875], "texture": "#0"}
			}
		},
		{
			"from": [4.5, 5.5, 1.25],
			"to": [6.25, 7.25, 8.75],
			"rotation": {"angle": 0, "axis": "y", "origin": [4.25, 5.5, 3.25]},
			"faces": {
				"north": {"uv": [3, 4, 3.5, 4.5], "texture": "#0"},
				"east": {"uv": [8.5, 4.75, 10.375, 5.25], "texture": "#0"},
				"south": {"uv": [3, 4.5, 3.5, 5], "texture": "#0"},
				"west": {"uv": [9, 6.75, 10.875, 7.25], "texture": "#0"},
				"up": {"uv": [7.25, 9.875, 6.75, 8], "texture": "#0"},
				"down": {"uv": [4, 9, 3.5, 10.875], "texture": "#0"}
			}
		},
		{
			"from": [4.82393, 7.17607, 1.75],
			"to": [6.57393, 7.17607, 8.75],
			"rotation": {"angle": 45, "axis": "z", "origin": [4.82393, 7.42607, 3.25]},
			"faces": {
				"north": {"uv": [0, 0, 0.5, 0], "texture": "#0"},
				"east": {"uv": [0, 0, 1.75, 0], "texture": "#0"},
				"south": {"uv": [0, 0, 0.5, 0], "texture": "#0"},
				"west": {"uv": [0, 0, 1.75, 0], "texture": "#0"},
				"up": {"uv": [5.5, 11, 5, 9.25], "texture": "#0"},
				"down": {"uv": [5.5, 9.25, 5, 11], "texture": "#0"}
			}
		},
		{
			"from": [4.25, 9.25, 1.75],
			"to": [6.25, 9.25, 16.75],
			"rotation": {"angle": 0, "axis": "y", "origin": [4.25, 9.25, 6.25]},
			"faces": {
				"north": {"uv": [0, 0, 0.5, 0], "texture": "#0"},
				"east": {"uv": [0, 0, 3.75, 0], "texture": "#0"},
				"south": {"uv": [0, 0, 0.5, 0], "texture": "#0"},
				"west": {"uv": [0, 0, 3.75, 0], "texture": "#0"},
				"up": {"uv": [3.5, 10.75, 3, 7], "texture": "#0"},
				"down": {"uv": [3.5, 7, 3, 10.75], "texture": "#0"}
			}
		},
		{
			"from": [7.25, 7.5, 1.25],
			"to": [9.25, 9.5, 1.75],
			"rotation": {"angle": 0, "axis": "y", "origin": [7.25, 7.5, -0.25]},
			"faces": {
				"north": {"uv": [4.5, 6, 5, 6.5], "texture": "#0"},
				"east": {"uv": [3.5, 5, 3.625, 5.5], "texture": "#0"},
				"south": {"uv": [4.5, 6.5, 5, 7], "texture": "#0"},
				"west": {"uv": [3.5, 5.5, 3.625, 6], "texture": "#0"},
				"up": {"uv": [9.75, 1.125, 9.25, 1], "texture": "#0"},
				"down": {"uv": [10.25, 1, 9.75, 1.125], "texture": "#0"}
			}
		},
		{
			"from": [7.25, 2.5, 0.75],
			"to": [9.25, 4.5, 1.75],
			"rotation": {"angle": 0, "axis": "y", "origin": [7.25, 2.5, -0.25]},
			"faces": {
				"north": {"uv": [6, 9.25, 6.5, 9.75], "texture": "#0"},
				"east": {"uv": [3.5, 4, 3.75, 4.5], "texture": "#0"},
				"south": {"uv": [6, 9.75, 6.5, 10.25], "texture": "#0"},
				"west": {"uv": [3.5, 4.5, 3.75, 5], "texture": "#0"},
				"up": {"uv": [3.5, 5.25, 3, 5], "texture": "#0"},
				"down": {"uv": [5, 7, 4.5, 7.25], "texture": "#0"}
			}
		},
		{
			"from": [5.75, 1, 0.74],
			"to": [10.75, 6, 0.74],
			"rotation": {"angle": 0, "axis": "y", "origin": [7.25, 1, -1.25]},
			"faces": {
				"north": {"uv": [8, 0, 9.25, 1.25], "texture": "#0"},
				"east": {"uv": [0, 0, 0, 1.25], "texture": "#0"},
				"south": {"uv": [9.25, 0, 8, 1.25], "texture": "#0"},
				"west": {"uv": [0, 0, 0, 1.25], "texture": "#0"},
				"up": {"uv": [1.25, 0, 0, 0], "texture": "#0"},
				"down": {"uv": [1.25, 0, 0, 0], "texture": "#0"}
			}
		}
	],
	"display": {
		"thirdperson_righthand": {
			"translation": [0, 3.75, 0],
			"scale": [0.5, 0.5, 0.5]
		},
		"thirdperson_lefthand": {
			"translation": [0, 3.75, 0],
			"scale": [0.5, 0.5, 0.5]
		},
		"firstperson_righthand": {
			"rotation": [0, 45, 0],
			"translation": [0, 3.75, 0],
			"scale": [0.4, 0.4, 0.4]
		},
		"firstperson_lefthand": {
			"rotation": [0, 225, 0],
			"translation": [0, 3.75, 0],
			"scale": [0.4, 0.4, 0.4]
		},
		"ground": {
			"translation": [0, 3, 0],
			"scale": [0.3, 0.3, 0.3]
		},
		"gui": {
			"rotation": [30, 135, 0],
			"translation": [0, 0.25, 0],
			"scale": [0.625, 0.625, 0.625]
		},
		"head": {
			"translation": [0, 14, 0]
		},
		"fixed": {
			"translation": [0, 0, -6.25]
		}
	},
	"groups": [
		{
			"name": "engine",
			"origin": [7, 4, 2.5],
			"color": 0,
			"children": [0, 1, 2, 3, 4, 5, 6, 7, 8, 9, 10, 11, 12, 13, 14, 15]
		}
	]
}