{
	"credit": "Made with Blockbench",
	"textures": {
		"0": "block/lipan/lili/lili_hsp_head",
		"particle": "block/lipan/lili/lili_hsp_head"
	},
	"elements": [
		{
			"from": [6.5, 0.05, 7.25],
			"to": [7, 0.175, 8.5],
			"rotation": {"angle": 0, "axis": "y", "origin": [5.25, -1.325, 6]},
			"faces": {
				"north": {"uv": [2, 11, 2.5, 11.125], "texture": "#0"},
				"east": {"uv": [1, 9, 2.25, 9.125], "texture": "#0"},
				"south": {"uv": [11, 2, 11.5, 2.125], "texture": "#0"},
				"west": {"uv": [9, 1, 10.25, 1.125], "texture": "#0"},
				"up": {"uv": [7.5, 1.25, 7, 0], "texture": "#0"},
				"down": {"uv": [7.5, 2, 7, 3.25], "texture": "#0"}
			}
		},
		{
			"from": [5.75, 0.175, 7.75],
			"to": [10.25, 0.3, 8],
			"rotation": {"angle": 0, "axis": "y", "origin": [6, -1.325, 6]},
			"faces": {
				"north": {"uv": [8, 0, 12.5, 0.125], "texture": "#0"},
				"east": {"uv": [6, 12, 6.25, 12.125], "texture": "#0"},
				"south": {"uv": [1, 8, 5.5, 8.125], "texture": "#0"},
				"west": {"uv": [12, 6, 12.25, 6.125], "texture": "#0"},
				"up": {"uv": [4.5, 4.25, 0, 4], "texture": "#0"},
				"down": {"uv": [4.5, 5, 0, 5.25], "texture": "#0"}
			}
		},
		{
			"from": [9, 0.05, 7.25],
			"to": [9.5, 0.175, 8.5],
			"rotation": {"angle": 0, "axis": "y", "origin": [6.75, -1.325, 6]},
			"faces": {
				"north": {"uv": [7, 11, 7.5, 11.125], "texture": "#0"},
				"east": {"uv": [9, 2, 10.25, 2.125], "texture": "#0"},
				"south": {"uv": [11, 7, 11.5, 7.125], "texture": "#0"},
				"west": {"uv": [3, 9, 4.25, 9.125], "texture": "#0"},
				"up": {"uv": [7.5, 7.25, 7, 6], "texture": "#0"},
				"down": {"uv": [0.5, 8, 0, 9.25], "texture": "#0"}
			}
		},
		{
			"from": [10.25, 0.175, 7.75],
			"to": [10.75, 0.3, 8],
			"rotation": {"angle": -45, "axis": "z", "origin": [10.25, 0.3, 7.875]},
			"faces": {
				"north": {"uv": [10, 11, 10.5, 11.125], "texture": "#0"},
				"east": {"uv": [8, 12, 8.25, 12.125], "texture": "#0"},
				"south": {"uv": [11, 10, 11.5, 10.125], "texture": "#0"},
				"west": {"uv": [12, 8, 12.25, 8.125], "texture": "#0"},
				"up": {"uv": [7.5, 10.25, 7, 10], "texture": "#0"},
				"down": {"uv": [10.5, 7, 10, 7.25], "texture": "#0"}
			}
		},
		{
			"from": [5.25, 0.175, 7.75],
			"to": [5.75, 0.3, 8],
			"rotation": {"angle": 45, "axis": "z", "origin": [5.75, 0.3, 7.875]},
			"faces": {
				"north": {"uv": [9, 11, 9.5, 11.125], "texture": "#0"},
				"east": {"uv": [7, 12, 7.25, 12.125], "texture": "#0"},
				"south": {"uv": [11, 9, 11.5, 9.125], "texture": "#0"},
				"west": {"uv": [12, 7, 12.25, 7.125], "texture": "#0"},
				"up": {"uv": [6.5, 10.25, 6, 10], "texture": "#0"},
				"down": {"uv": [10.5, 6, 10, 6.25], "texture": "#0"}
			}
		},
		{
			"from": [4.75, 0.425, 8.25],
			"to": [11.25, 0.55, 8.5],
			"rotation": {"angle": 0, "axis": "y", "origin": [6, -1.325, 6]},
			"faces": {
				"north": {"uv": [5, 4, 11.5, 4.125], "texture": "#0"},
				"east": {"uv": [11, 11, 11.25, 11.125], "texture": "#0"},
				"south": {"uv": [5, 5, 11.5, 5.125], "texture": "#0"},
				"west": {"uv": [0, 12, 0.25, 12.125], "texture": "#0"},
				"up": {"uv": [6.5, 0.25, 0, 0], "texture": "#0"},
				"down": {"uv": [6.5, 1, 0, 1.25], "texture": "#0"}
			}
		},
		{
			"from": [4, 0.425, 8.25],
			"to": [4.75, 0.55, 8.5],
			"rotation": {"angle": 22.5, "axis": "z", "origin": [4.75, 0.55, 7.875]},
			"faces": {
				"north": {"uv": [9, 10, 9.75, 10.125], "texture": "#0"},
				"east": {"uv": [2, 12, 2.25, 12.125], "texture": "#0"},
				"south": {"uv": [10, 9, 10.75, 9.125], "texture": "#0"},
				"west": {"uv": [12, 2, 12.25, 2.125], "texture": "#0"},
				"up": {"uv": [8.75, 3.25, 8, 3], "texture": "#0"},
				"down": {"uv": [6.75, 8, 6, 8.25], "texture": "#0"}
			}
		},
		{
			"from": [11.25, 0.425, 8.25],
			"to": [12, 0.55, 8.5],
			"rotation": {"angle": -22.5, "axis": "z", "origin": [11.25, 0.55, 7.875]},
			"faces": {
				"north": {"uv": [1, 11, 1.75, 11.125], "texture": "#0"},
				"east": {"uv": [4, 12, 4.25, 12.125], "texture": "#0"},
				"south": {"uv": [11, 1, 11.75, 1.125], "texture": "#0"},
				"west": {"uv": [12, 4, 12.25, 4.125], "texture": "#0"},
				"up": {"uv": [8.75, 7.25, 8, 7], "texture": "#0"},
				"down": {"uv": [8.75, 8, 8, 8.25], "texture": "#0"}
			}
		},
		{
			"from": [6.5, 0.175, 8.25],
			"to": [7, 0.425, 8.5],
			"rotation": {"angle": 0, "axis": "y", "origin": [5.25, -1.325, 6]},
			"faces": {
				"north": {"uv": [7, 9, 7.5, 9.25], "texture": "#0"},
				"east": {"uv": [4, 11, 4.25, 11.25], "texture": "#0"},
				"south": {"uv": [9, 7, 9.5, 7.25], "texture": "#0"},
				"west": {"uv": [5, 11, 5.25, 11.25], "texture": "#0"},
				"up": {"uv": [8.5, 9.25, 8, 9], "texture": "#0"},
				"down": {"uv": [9.5, 8, 9, 8.25], "texture": "#0"}
			}
		},
		{
			"from": [9, 0.175, 8.25],
			"to": [9.5, 0.425, 8.5],
			"rotation": {"angle": 0, "axis": "y", "origin": [6.75, -1.325, 6]},
			"faces": {
				"north": {"uv": [3, 10, 3.5, 10.25], "texture": "#0"},
				"east": {"uv": [8, 11, 8.25, 11.25], "texture": "#0"},
				"south": {"uv": [10, 3, 10.5, 3.25], "texture": "#0"},
				"west": {"uv": [11, 8, 11.25, 8.25], "texture": "#0"},
				"up": {"uv": [4.5, 10.25, 4, 10], "texture": "#0"},
				"down": {"uv": [5.5, 10, 5, 10.25], "texture": "#0"}
			}
		},
		{
			"from": [4.75, 0.425, 7.25],
			"to": [11.25, 0.55, 7.5],
			"rotation": {"angle": 0, "axis": "y", "origin": [6, -1.325, 6]},
			"faces": {
				"north": {"uv": [0, 6, 6.5, 6.125], "texture": "#0"},
				"east": {"uv": [5, 12, 5.25, 12.125], "texture": "#0"},
				"south": {"uv": [0, 7, 6.5, 7.125], "texture": "#0"},
				"west": {"uv": [12, 5, 12.25, 5.125], "texture": "#0"},
				"up": {"uv": [6.5, 2.25, 0, 2], "texture": "#0"},
				"down": {"uv": [6.5, 3, 0, 3.25], "texture": "#0"}
			}
		},
		{
			"from": [4, 0.425, 7.25],
			"to": [4.75, 0.55, 7.5],
			"rotation": {"angle": 22.5, "axis": "z", "origin": [4.75, 0.55, 7.875]},
			"faces": {
				"north": {"uv": [8, 10, 8.75, 10.125], "texture": "#0"},
				"east": {"uv": [1, 12, 1.25, 12.125], "texture": "#0"},
				"south": {"uv": [10, 8, 10.75, 8.125], "texture": "#0"},
				"west": {"uv": [12, 1, 12.25, 1.125], "texture": "#0"},
				"up": {"uv": [8.75, 1.25, 8, 1], "texture": "#0"},
				"down": {"uv": [8.75, 2, 8, 2.25], "texture": "#0"}
			}
		},
		{
			"from": [11.25, 0.425, 7.25],
			"to": [12, 0.55, 7.5],
			"rotation": {"angle": -22.5, "axis": "z", "origin": [11.25, 0.55, 7.875]},
			"faces": {
				"north": {"uv": [10, 10, 10.75, 10.125], "texture": "#0"},
				"east": {"uv": [3, 12, 3.25, 12.125], "texture": "#0"},
				"south": {"uv": [0, 11, 0.75, 11.125], "texture": "#0"},
				"west": {"uv": [12, 3, 12.25, 3.125], "texture": "#0"},
				"up": {"uv": [8.75, 6.25, 8, 6], "texture": "#0"},
				"down": {"uv": [7.75, 8, 7, 8.25], "texture": "#0"}
			}
		},
		{
			"from": [6.5, 0.175, 7.25],
			"to": [7, 0.425, 7.5],
			"rotation": {"angle": 0, "axis": "y", "origin": [5.25, -1.325, 6]},
			"faces": {
				"north": {"uv": [9, 3, 9.5, 3.25], "texture": "#0"},
				"east": {"uv": [3, 11, 3.25, 11.25], "texture": "#0"},
				"south": {"uv": [5, 9, 5.5, 9.25], "texture": "#0"},
				"west": {"uv": [11, 3, 11.25, 3.25], "texture": "#0"},
				"up": {"uv": [6.5, 9.25, 6, 9], "texture": "#0"},
				"down": {"uv": [9.5, 6, 9, 6.25], "texture": "#0"}
			}
		},
		{
			"from": [9, 0.175, 7.25],
			"to": [9.5, 0.425, 7.5],
			"rotation": {"angle": 0, "axis": "y", "origin": [6.75, -1.325, 6]},
			"faces": {
				"north": {"uv": [9, 9, 9.5, 9.25], "texture": "#0"},
				"east": {"uv": [6, 11, 6.25, 11.25], "texture": "#0"},
				"south": {"uv": [0, 10, 0.5, 10.25], "texture": "#0"},
				"west": {"uv": [11, 6, 11.25, 6.25], "texture": "#0"},
				"up": {"uv": [1.5, 10.25, 1, 10], "texture": "#0"},
				"down": {"uv": [2.5, 10, 2, 10.25], "texture": "#0"}
			}
		}
	],
	"groups": [
		{
			"name": "Panto",
			"origin": [0, 0, 0],
			"color": 0,
			"children": [
				{
					"name": "Head Assembly",
					"origin": [8, 8, 8],
					"color": 0,
					"children": [
						{
							"name": "Supports",
							"origin": [0, 0, 0],
							"color": 0,
							"children": [0, 1, 2, 3, 4]
						},
						{
							"name": "Head",
							"origin": [0, 0, 0],
							"color": 0,
							"children": [5, 6, 7, 8, 9]
						},
						{
							"name": "Head",
							"origin": [0, 0, 0],
							"color": 0,
							"children": [10, 11, 12, 13, 14]
						}
					]
				}
			]
		}
	]
}