{
	"credit": "Made with Blockbench",
	"textures": {
		"0": "LipanLocoTextures/LipanMetroLineRollsign",
		"particle": "LipanLocoTextures/LipanMetroLineRollsign"
	},
	"elements": [
		{
			"from": [6, 0, 8],
			"to": [10, 16, 8],
			"rotation": {"angle": 0, "axis": "y", "origin": [8, 8, 2]},
			"faces": {
				"north": {"uv": [0, 0, 16, 16], "texture": "#0"},
				"east": {"uv": [0, 0, 0, 0], "texture": "#0"},
				"west": {"uv": [0, 0, 0, 0], "texture": "#0"},
				"up": {"uv": [0, 0, 0, 0], "rotation": 270, "texture": "#0"},
				"down": {"uv": [0, 0, 0, 0], "rotation": 90, "texture": "#0"}
			}
		}
	],
	"display": {
		"head": {
			"scale": [2, 2, 2]
		}
	},
	"groups": [
		{
			"name": "Test Signs",
			"origin": [0, 0, 0],
			"color": 0,
			"children": [0]
		}
	]
}